run_id,study,kind,config_hash,git_commit,git_dirty,git_diff_sha256,source_config_hash,L,U,g,q,lambda,chi,status,message,field_residual,density_residual,number_residual,s_min,max_density_imaginary,total_density_imaginary,mu_evaluations,total_scf_iterations,wall_seconds,accepted,requested,reason,raw_directory,biorthogonality_error,bulk_pair_product_imag,bulk_pair_product_real,complex_fraction,gamma_max_over_t,global_conjugacy_K,global_conjugacy_violation,max_pair_product_imaginary,metric_K_real,metric_epsilon,metric_phase_stable,metric_violation,minimum_eigenvalue_separation,mu,occupied_unoccupied_separation,projector_idempotency,projector_norm,projector_trace_error,real_line_gap,real_part_occupied_rank,real_part_projector_difference,right_condition,delta_P_bulk,delta_P_bulk_one_third,delta_P_bulk_two_thirds,delta_P_full,seed_method,trial_index,audit_index,audit_location,audit_maximum_density_imaginary,audit_minimum_branch_overlap,audit_monotone,audit_target_crossings,branch_message,branch_terminated,density_error_to_endpoint,pair_product_error_to_endpoint,projector_error_to_endpoint,spectrum_error_to_endpoint,mp_similarity_error,covariance_error,similarity_condition,spectrum_error,map_error,component_error,density_error,pair_product_error,scale_imag,scale_real,pair_product_error_to_nh,density_uniformity,momentum_spectrum_error,pair_uniformity,green_covariance_max
branch_audit_branch_trial_022e049630cc,branch_audit,branch_trial,fad38ae4cee1bd744751bfb0ca3a75545fb1a759045ad4e6c01d3b230936bb19,dd7df74cc39d8e3e42ab1c4169c16fdc190b787e,False,e3b0c44298fc1c149afbf4c8996fb92427ae41e4649b934ca495991b7852b855,fad38ae4cee1bd744751bfb0ca3a75545fb1a759045ad4e6c01d3b230936bb19,24,2.0,0.1,2.3000000000000003,2.6826957952797275e-09,2.9571828926974037e-08,SUCCESS,SUCCESS,3.2311126542283415e-11,2.293141002445443e-11,3.1272540113036484e-11,0.9999999999999996,2.2259744222832125e-27,1.3992073638967735e-29,1,3,0.0053336249984567985,True,True,SUCCESS,data/raw/branch_audit/branch_audit_branch_trial_022e049630cc,3.480655605762308e-16,-3.212448368740833e-29,0.12415580291189894,0.0,5.120500715692588e-29,0.08882841197974299,0.9147877960613036,3.205547751674018e-28,1.0000000000345348,1e-30,True,3.802681046293717e-11,0.0191207433567242,-1.3743468849439684,0.7184264409665141,3.9421263043560383e-16,2.727550064234651,5.3926038442842604e-33,0.35921322048325677,24.0,0.0,9.974182453661292,4.1755132595974843e-11,2.9868200027886014e-11,9.147771466274048e-11,2.0160180995903546e-10,direct_obc,4.0,,,,,,,,,,,,,,,,,,,,,,,,,,,
branch_audit_branch_trial_04043f58483b,branch_audit,branch_trial,fad38ae4cee1bd744751bfb0ca3a75545fb1a759045ad4e6c01d3b230936bb19,dd7df74cc39d8e3e42ab1c4169c16fdc190b787e,False,e3b0c44298fc1c149afbf4c8996fb92427ae41e4649b934ca495991b7852b855,fad38ae4cee1bd744751bfb0ca3a75545fb1a759045ad4e6c01d3b230936bb19,24,2.0,0.1,2.3000000000000003,7.1968567300115285e-12,7.933222112112466e-11,SUCCESS,SUCCESS,7.209725603246552e-11,2.3150068985988113e-11,4.083589022485512e-11,0.9999999999999997,7.149230679864259e-27,4.762381788582419e-29,1,3,0.00533541600452736,True,True,SUCCESS,data/raw/branch_audit/branch_audit_branch_trial_04043f58483b,3.4074821964508536e-16,6.786412491662487e-29,0.1241558029075448,0.0,5.914349242187553e-29,0.08882841197169089,0.9147877960687282,2.534072449119379e-28,1.0000000000000913,1e-30,True,1.0140492798359778e-13,0.019120740121169266,-1.3743468849439684,0.7184264411117469,5.359124665037068e-16,2.7275500640781565,3.552713678800501e-15,0.35921322055587346,24.0,0.0,9.974182454811674,2.7679935481733332e-11,1.5281858077990925e-11,4.7682066066513885e-11,1.0112577091295334e-10,direct_obc,1.0,,,,,,,,,,,,,,,,,,,,,,,,,,,
branch_audit_branch_trial_044330ef618e,branch_audit,branch_trial,fad38ae4cee1bd744751bfb0ca3a75545fb1a759045ad4e6c01d3b230936bb19,dd7df74cc39d8e3e42ab1c4169c16fdc190b787e,False,e3b0c44298fc1c149afbf4c8996fb92427ae41e4649b934ca495991b7852b855,fad38ae4cee1bd744751bfb0ca3a75545fb1a759045ad4e6c01d3b230936bb19,24,2.0,0.05,1.1500000000000001,1.0,3.320116922736548,SUCCESS,SUCCESS,8.664318573768273e-12,6.22569877164452e-11,5.37921929222307e-10,0.8224709756088224,2.667879307507916e-16,8.301599885332095e-18,27,2520,4.754863583002589,True,True,SUCCESS,data/raw/branch_audit/branch_audit_branch_trial_044330ef618e,3.7226048741032226e-16,-2.8783099830045396e-17,0.12819196083590656,0.9166666666666666,0.10004167187531014,0.9999999999999352,7.233658162398898e-16,1.2360577938998818e-16,0.18085544775919543,1e-30,True,0.46751153246239324,0.04934677692196879,-1.3994662782008915,0.7342542241321304,3.594477087693481e-16,1.0000000000000004,3.728717334548355e-16,0.3671271120660645,24.0,0.0,1.0000000000002147,0.04440334381862203,0.03567562748412024,0.1044905474790934,0.2023100625227332,direct_obc,14.0,,,,,,,,,,,,,,,,,,,,,,,,,,,
branch_audit_branch_trial_04db1eb5a032,branch_audit,branch_trial,fad38ae4cee1bd744751bfb0ca3a75545fb1a759045ad4e6c01d3b230936bb19,dd7df74cc39d8e3e42ab1c4169c16fdc190b787e,False,e3b0c44298fc1c149afbf4c8996fb92427ae41e4649b934ca495991b7852b855,fad38ae4cee1bd744751bfb0ca3a75545fb1a759045ad4e6c01d3b230936bb19,40,2.0,0.05,1.9500000000000002,2.6826957952797275e-09,1.9822589727687282e-08,SUCCESS,SUCCESS,5.243174510064057e-11,1.935376056989321e-11,8.434831721970681e-10,0.9999999999999994,1.852712168892798e-17,3.926238978928531e-20,1,3,0.022824500003480352,True,True,SUCCESS,data/raw/branch_audit/branch_audit_branch_trial_04db1eb5a032,4.060175922428187e-16,1.4789652730450967e-18,0.12616890281462798,0.0,4.378601878904148e-16,0.15818859124414286,0.8525458846519118,1.7615430576726548e-17,0.999999999987553,1e-30,True,1.9082018866013617e-12,0.001819177095239155,-1.3855207939585132,0.7211747381809361,6.131147313220712e-16,2.3590275000601513,2.289545517887546e-29,0.3605873690904677,40.0,0.0,7.028687577032337,4.706552471849111e-11,4.0091068265836995e-11,6.30415994734423e-11,2.156699063507816e-10,direct_obc,4.0,,,,,,,,,,,,,,,,,,,,,,,,,,,
branch_audit_branch_trial_09ec20aa139e,branch_audit,branch_trial,fad38ae4cee1bd744751bfb0ca3a75545fb1a759045ad4e6c01d3b230936bb19,dd7df74cc39d8e3e42ab1c4169c16fdc190b787e,False,e3b0c44298fc1c149afbf4c8996fb92427ae41e4649b934ca495991b7852b855,fad38ae4cee1bd744751bfb0ca3a75545fb1a759045ad4e6c01d3b230936bb19,24,2.0,0.05,1.1500000000000001,1.389495494373136e-07,4.6132875049344347e-07,SUCCESS,SUCCESS,9.696016581778116e-11,1.8220166401643427e-12,4.3283410189332017e-10,0.9999999999999992,9.983667616151629e-27,2.826524076567284e-29,1,63,0.11118533300759736,True,True,SUCCESS,data/raw/branch_audit/branch_audit_branch_trial_09ec20aa139e,3.632957914534451e-16,2.1162429952391376e-29,0.12415580343957018,0.0,5.518066063430163e-29,0.4634086111609274,0.6055347153458442,5.426911055088306e-28,1.0000000047727113,1e-30,True,2.0683888378625263e-09,0.01912079493461194,-1.3743468846512323,0.7184264399401554,3.699555528764119e-16,1.3134272136919483,1.4059288594026822e-32,0.35921321997007694,24.0,0.0,3.158192903709566,4.713223921682198e-09,4.6179937628800906e-09,4.667732383388488e-09,4.990299422534163e-09,direct_obc,6.0,,,,,,,,,,,,,,,,,,,,,,,,,,,
branch_audit_branch_trial_0c788f6c3af7,branch_audit,branch_trial,fad38ae4cee1bd744751bfb0ca3a75545fb1a759045ad4e6c01d3b230936bb19,dd7df74cc39d8e3e42ab1c4169c16fdc190b787e,False,e3b0c44298fc1c149afbf4c8996fb92427ae41e4649b934ca495991b7852b855,fad38ae4cee1bd744751bfb0ca3a75545fb1a759045ad4e6c01d3b230936bb19,40,2.0,0.05,1.9500000000000002,1e-12,7.38905609893065e-12,SUCCESS,SUCCESS,7.881908697444083e-11,3.3941160842521354e-11,8.37081515214777e-10,0.9999999999999993,4.260884031548207e-17,5.378827926738574e-19,1,3,0.022762458989745937,True,True,SUCCESS,data/raw/branch_audit/branch_audit_branch_trial_0c788f6c3af7,4.0758115823501395e-16,-6.731850997438871e-19,0.12616890281139725,0.0,4.818752226871518e-16,0.1581885912645201,0.8525458846340935,1.7416423256797372e-17,0.9999999999863322,1e-30,True,1.9806635560429334e-12,0.0018191756794589953,-1.3855207939585132,0.7211747383791272,5.462313133651146e-16,2.3590274999320098,4.8810768510550105e-30,0.3605873691895636,40.0,0.0,7.028687580587038,1.262397585587378e-11,1.0946338309725839e-11,1.6724074803233208e-11,5.327629727816615e-11,direct_obc,0.0,,,,,,,,,,,,,,,,,,,,,,,,,,,
branch_audit_branch_trial_0eb3eef6f121,branch_audit,branch_trial,fad38ae4cee1bd744751bfb0ca3a75545fb1a759045ad4e6c01d3b230936bb19,dd7df74cc39d8e3e42ab1c4169c16fdc190b787e,False,e3b0c44298fc1c149afbf4c8996fb92427ae41e4649b934ca495991b7852b855,fad38ae4cee1bd744751bfb0ca3a75545fb1a759045ad4e6c01d3b230936bb19,24,2.0,0.1,2.3000000000000003,3.727593720314938e-10,4.108992305440359e-09,SUCCESS,SUCCESS,5.2354459977291335e-11,1.7802569134945036e-11,4.1914693937883385e-11,0.9999999999999997,2.48552506754048e-27,2.604435063794859e-29,1,3,0.005328833998646587,True,True,SUCCESS,data/raw/branch_audit/branch_audit_branch_trial_0eb3eef6f121,3.367386536787673e-16,3.349778006774564e-29,0.1241558029066771,0.0,2.802500309448161e-29,0.08882841197863237,0.9147877960623276,2.7925207620883676e-28,1.0000000000047973,1e-30,True,5.283470704569614e-12,0.019120740558423943,-1.3743468849439684,0.7184264410851482,5.70971193620243e-16,2.727550064019121,2.311115933264683e-33,0.3592132205425741,24.0,0.0,9.974182454654464,4.3499347002365326e-11,1.9776133856196214e-11,8.167340430402667e-11,1.7924757226744085e-10,direct_obc,3.0,,,,,,,,,,,,,,,,,,,,,,,,,,,
branch_audit_branch_trial_14fcd141f367,branch_audit,branch_trial,fad38ae4cee1bd744751bfb0ca3a75545fb1a759045ad4e6c01d3b230936bb19,dd7df74cc39d8e3e42ab1c4169c16fdc190b787e,False,e3b0c44298fc1c149afbf4c8996fb92427ae41e4649b934ca495991b7852b855,fad38ae4cee1bd744751bfb0ca3a75545fb1a759045ad4e6c01d3b230936bb19,24,2.0,0.05,1.1500000000000001,2.6826957952797275e-09,8.906863708462406e-09,SUCCESS,SUCCESS,6.346749402625477e-11,2.865341009480373e-11,2.193683013018699e-10,0.9999999999999996,6.369620401352127e-27,7.11938902130321e-29,1,3,0.0053191250044619665,True,True,SUCCESS,data/raw/branch_audit/branch_audit_branch_trial_14fcd141f367,3.394355643028337e-16,-2.280607031990441e-28,0.12415580287108244,0.0,1.6350320028273918e-28,0.4634086133632181,0.6055347136475836,9.80946907872783e-28,1.0000000000057407,1e-30,True,9.833755026023147e-12,0.019120740253729673,-1.3743468846512323,0.7184264410624798,3.8273197318114614e-16,1.3134272099488244,3.659266894335748e-33,0.3592132205312393,24.0,0.0,3.158192909588914,1.2988818177872795e-10,9.218562998614923e-11,1.84867280904976e-10,2.933884693545839e-10,direct_obc,4.0,,,,,,,,,,,,,,,,,,,,,,,,,,,
branch_audit_branch_trial_1675b466a371,branch_audit,branch_trial,fad38ae4cee1bd744751bfb0ca3a75545fb1a759045ad4e6c01d3b230936bb19,dd7df74cc39d8e3e42ab1c4169c16fdc190b787e,False,e3b0c44298fc1c149afbf4c8996fb92427ae41e4649b934ca495991b7852b855,fad38ae4cee1bd744751bfb0ca3a75545fb1a759045ad4e6c01d3b230936bb19,20,2.0,0.1,1.9000000000000001,1.9306977288832496e-08,1.426603382879633e-07,SUCCESS,SUCCESS,9.566120069729557e-11,8.476436189702467e-13,7.062128659640621e-10,0.9999999999999994,2.5623120484975944e-26,1.540259006349795e-28,1,69,0.08100525000190828,True,True,SUCCESS,data/raw/branch_audit/branch_audit_branch_trial_1675b466a371,3.160789986973316e-16,3.5672342275553014e-27,0.1256688903962355,0.0,6.700002592197114e-27,0.16272416889879424,0.8485861270346643,1.4999792273330339e-26,1.000000007406201,1e-30,True,1.3713746192382073e-09,0.007932657823163991,-1.367933109632757,0.7617874958477455,4.2350432836540027e-16,1.953542298788986,3.543711097672514e-32,0.3808937479238726,20.0,0.0,6.685894404685076,4.819394606299958e-09,4.787472709418574e-09,4.736258142318722e-09,4.556028135286684e-09,direct_obc,5.0,,,,,,,,,,,,,,,,,,,,,,,,,,,
branch_audit_branch_trial_1d65f8010f88,branch_audit,branch_trial,fad38ae4cee1bd744751bfb0ca3a75545fb1a759045ad4e6c01d3b230936bb19,dd7df74cc39d8e3e42ab1c4169c16fdc190b787e,False,e3b0c44298fc1c149afbf4c8996fb92427ae41e4649b934ca495991b7852b855,fad38ae4cee1bd744751bfb0ca3a75545fb1a759045ad4e6c01d3b230936bb19,20,2.0,0.1,1.9000000000000001,1e-12,7.38905609893065e-12,SUCCESS,SUCCESS,7.953631802205784e-11,3.392526157230552e-11,5.779324796506558e-10,0.9999999999999996,4.1500992277549806e-22,1.7142800848855386e-24,1,3,0.0037125839880900458,True,True,SUCCESS,data/raw/branch_audit/branch_audit_branch_trial_1d65f8010f88,3.29850428183011e-16,-2.577544089884118e-25,0.12566888979328852,0.0,2.1148469891315928e-24,0.16272417004948794,0.8485861260316404,2.1695431804445674e-23,1.0000000000000222,1e-30,True,1.2650852239802562e-14,0.007932655816739631,-1.367933109632757,0.761787500823728,4.462537608188314e-16,1.9535422896344687,4.391120273202898e-32,0.38089375041186374,20.0,0.0,6.685894442277424,2.8931523731351077e-11,2.294369072346956e-11,3.556428517349427e-11,6.103178664953849e-11,direct_obc,0.0,,,,,,,,,,,,,,,,,,,,,,,,,,,
branch_audit_branch_trial_213eacb4dfc5,branch_audit,branch_trial,fad38ae4cee1bd744751bfb0ca3a75545fb1a759045ad4e6c01d3b230936bb19,dd7df74cc39d8e3e42ab1c4169c16fdc190b787e,False,e3b0c44298fc1c149afbf4c8996fb92427ae41e4649b934ca495991b7852b855,fad38ae4cee1bd744751bfb0ca3a75545fb1a759045ad4e6c01d3b230936bb19,24,2.0,0.05,1.1500000000000001,1.9306977288832496e-08,6.410142202354297e-08,SUCCESS,SUCCESS,8.751279218432475e-11,2.191658901311547e-11,1.433579921439332e-10,0.9999999999999996,4.542149580918805e-27,3.9057538283849826e-30,1,10,0.017516791995149106,True,True,SUCCESS,data/raw/branch_audit/branch_audit_branch_trial_213eacb4dfc5,3.312736839010577e-16,-1.7985644859268998e-28,0.12415580292134254,0.0,1.7048727876581546e-28,0.4634086132772999,0.6055347137138379,1.114053056166868e-27,1.000000000149355,1e-30,True,1.6463546223643732e-10,0.01912074691682797,-1.3743468846512323,0.7184264408821618,4.362470155584e-16,1.313427210215459,1.396299209680746e-32,0.35921322044108,24.0,0.0,3.158192908919084,5.285606021181366e-10,4.904600458088549e-10,5.560939418171459e-10,7.167101788753865e-10,direct_obc,5.0,,,,,,,,,,,,,,,,,,,,,,,,,,,
branch_audit_branch_trial_25e629dbb21a,branch_audit,branch_trial,fad38ae4cee1bd744751bfb0ca3a75545fb1a759045ad4e6c01d3b230936bb19,dd7df74cc39d8e3e42ab1c4169c16fdc190b787e,False,e3b0c44298fc1c149afbf4c8996fb92427ae41e4649b934ca495991b7852b855,fad38ae4cee1bd744751bfb0ca3a75545fb1a759045ad4e6c01d3b230936bb19,20,2.0,0.1,1.9000000000000001,0.019306977288832457,0.142660338287963,SUCCESS,SUCCESS,9.025717325232932e-11,4.8164701678636576e-11,2.39752773190105e-10,0.99996793051235,3.048518033444375e-22,8.767744557048739e-25,19,4864,5.994413957989309,True,True,SUCCESS,data/raw/branch_audit/branch_audit_branch_trial_25e629dbb21a,3.487636841489045e-16,-1.2022880197944845e-23,0.12631966819878168,0.0,9.077032768562222e-24,0.16566741046907632,0.84602320759364,9.37995423938436e-23,0.9777969520940566,1e-30,True,0.004669625799135215,0.007852015444197669,-1.368164410642069,0.7633606277578785,5.06915724445752e-16,1.9439918116206365,7.318533788671496e-32,0.38168031387893886,20.0,0.0,7.9140779366481535,0.0051764568230422,0.005244085704939774,0.005616530969103512,0.008521176057483973,direct_obc,12.0,,,,,,,,,,,,,,,,,,,,,,,,,,,
branch_audit_branch_trial_2a3f0cdff62a,branch_audit,branch_trial,fad38ae4cee1bd744751bfb0ca3a75545fb1a759045ad4e6c01d3b230936bb19,dd7df74cc39d8e3e42ab1c4169c16fdc190b787e,False,e3b0c44298fc1c149afbf4c8996fb92427ae41e4649b934ca495991b7852b855,fad38ae4cee1bd744751bfb0ca3a75545fb1a759045ad4e6c01d3b230936bb19,40,2.0,0.1,3.9000000000000004,5.179474679231202e-11,2.8278973562953678e-09,SUCCESS,SUCCESS,6.385163902853724e-11,2.2012617699566518e-11,4.0535275136477367e-10,0.9999999999999996,2.801024412015315e-17,2.2686463244624866e-19,1,3,0.02271041600033641,True,True,SUCCESS,data/raw/branch_audit/branch_audit_branch_trial_2a3f0cdff62a,4.3305332655309964e-16,1.4307196046332418e-18,0.1261689027736878,0.0,7.150239575449658e-16,0.006182803084555157,0.9938361928118821,1.49574760865603e-17,0.9999999999891317,1e-30,True,4.701182533525457e-13,0.0018191734395720527,-1.3855207930946145,0.7211747378476724,5.847450474730783e-16,12.746726519744369,2.705546385875189e-30,0.3605873689238353,40.0,0.0,49.40244910189445,2.7846741097144697e-11,2.3868424748038833e-11,3.6969467846695676e-11,1.1581997789806699e-10,direct_obc,2.0,,,,,,,,,,,,,,,,,,,,,,,,,,,
branch_audit_branch_trial_2f1cae4895ea,branch_audit,branch_trial,fad38ae4cee1bd744751bfb0ca3a75545fb1a759045ad4e6c01d3b230936bb19,dd7df74cc39d8e3e42ab1c4169c16fdc190b787e,False,e3b0c44298fc1c149afbf4c8996fb92427ae41e4649b934ca495991b7852b855,fad38ae4cee1bd744751bfb0ca3a75545fb1a759045ad4e6c01d3b230936bb19,24,2.0,0.05,1.1500000000000001,0.0003727593720314938,0.0012376046991904113,SUCCESS,SUCCESS,8.968360099197994e-11,6.340045575066266e-11,1.6839352134923047e-10,0.999999992847323,3.630322239957414e-24,1.0894498643765073e-26,13,1944,3.473086042009527,True,True,SUCCESS,data/raw/branch_audit/branch_audit_branch_trial_2f1cae4895ea,3.9917309265340837e-16,2.363198082386785e-25,0.12415707933614702,0.0,1.5853978352956135e-25,0.4633993221380906,0.6055418784284505,9.394334569551505e-25,1.0000207555903375,1e-30,True,7.565665694196504e-06,0.019260628610679786,-1.3743436374151785,0.7184242276616555,3.889811326312777e-16,1.313439879686814,6.933347799794049e-33,0.35921211383082763,24.0,0.0,3.15818249686947,1.0303639344046412e-05,1.0241462096149344e-05,1.0431026925450726e-05,1.0074641308995052e-05,direct_obc,10.0,,,,,,,,,,,,,,,,,,,,,,,,,,,
branch_audit_branch_trial_2f311a283bf2,branch_audit,branch_trial,fad38ae4cee1bd744751bfb0ca3a75545fb1a759045ad4e6c01d3b230936bb19,dd7df74cc39d8e3e42ab1c4169c16fdc190b787e,False,e3b0c44298fc1c149afbf4c8996fb92427ae41e4649b934ca495991b7852b855,fad38ae4cee1bd744751bfb0ca3a75545fb1a759045ad4e6c01d3b230936bb19,40,2.0,0.05,1.9500000000000002,0.019306977288832457,0.142660338287963,SUCCESS,SUCCESS,8.704848348334307e-11,3.0813900812652423e-11,8.124817485466451e-10,0.9998675371395283,1.800821077498082e-17,5.63912630644916e-20,14,6231,48.35355979199812,True,True,SUCCESS,data/raw/branch_audit/branch_audit_branch_trial_2f311a283bf2,5.266192261032417e-16,8.005574731962942e-19,0.12617993800846405,0.0,5.181082677777207e-16,0.1672048107374519,0.8446865315323991,1.2715326630702395e-17,0.943108604180672,1e-30,True,0.01048064999510307,0.0021512428095229463,-1.3855365646734894,0.7252364835965643,6.215705608925997e-16,2.2958861313725967,2.0353227652284308e-29,0.3626182417982814,40.0,0.0,14.24290036347002,0.00010032210587001797,8.723732657700358e-05,0.00025375689473456823,0.0029728621061302957,direct_obc,12.0,,,,,,,,,,,,,,,,,,,,,,,,,,,
branch_audit_branch_trial_31bcedba97db,branch_audit,branch_trial,fad38ae4cee1bd744751bfb0ca3a75545fb1a759045ad4e6c01d3b230936bb19,dd7df74cc39d8e3e42ab1c4169c16fdc190b787e,False,e3b0c44298fc1c149afbf4c8996fb92427ae41e4649b934ca495991b7852b855,fad38ae4cee1bd744751bfb0ca3a75545fb1a759045ad4e6c01d3b230936bb19,40,2.0,0.1,3.9000000000000004,7.1968567300115285e-12,3.9293506351221323e-10,SUCCESS,SUCCESS,7.107116621248041e-11,2.5308278698053973e-11,4.068946291013731e-10,0.9999999999999997,2.2934594998276853e-17,2.1114663758685248e-19,1,3,0.022677583008771762,True,True,SUCCESS,data/raw/branch_audit/branch_audit_branch_trial_31bcedba97db,3.7848918268446404e-16,8.139088644596751e-19,0.12616890277436352,0.0,6.682518961021052e-16,0.006182803084248092,0.9938361928121875,1.319263142564945e-17,0.9999999999889032,1e-30,True,4.797976355279116e-13,0.0018191732736236865,-1.3855207930946145,0.7211747378797795,5.460386705558457e-16,12.74672652001049,8.101231718070469e-30,0.36058736893988963,40.0,0.0,49.40244910502092,2.0342562500062204e-11,1.7651348352025875e-11,2.6789159831721057e-11,8.163458602060693e-11,direct_obc,1.0,,,,,,,,,,,,,,,,,,,,,,,,,,,
branch_audit_branch_trial_3481fe4cfbc0,branch_audit,branch_trial,fad38ae4cee1bd744751bfb0ca3a75545fb1a759045ad4e6c01d3b230936bb19,dd7df74cc39d8e3e42ab1c4169c16fdc190b787e,False,e3b0c44298fc1c149afbf4c8996fb92427ae41e4649b934ca495991b7852b855,fad38ae4cee1bd744751bfb0ca3a75545fb1a759045ad4e6c01d3b230936bb19,20,2.0,0.1,1.9000000000000001,3.727593720314938e-10,2.7543399113428686e-09,SUCCESS,SUCCESS,4.418535968479487e-11,2.4262890082092212e-11,5.851714668381192e-10,0.9999999999999996,3.0994158659374454e-24,4.793070569355442e-25,1,3,0.003549458007910289,True,True,SUCCESS,data/raw/branch_audit/branch_audit_branch_trial_3481fe4cfbc0,3.4112975300763123e-16,2.063939210489585e-24,0.12566888979657806,0.0,1.06034528498064e-23,0.16272417006733517,0.848586126016085,5.624042224469777e-23,1.0000000000093503,1e-30,True,5.164558833816025e-12,0.007932655855424686,-1.367933109632757,0.7617875006797661,4.963404706222597e-16,1.953542289609291,3.552713678800501e-15,0.38089375033988293,20.0,0.0,6.685894441576094,1.0006028771406054e-10,7.635747696743212e-11,1.1693584419500423e-10,1.9998101053126018e-10,direct_obc,3.0,,,,,,,,,,,,,,,,,,,,,,,,,,,
branch_audit_branch_trial_35a30ac6da06,branch_audit,branch_trial,fad38ae4cee1bd744751bfb0ca3a75545fb1a759045ad4e6c01d3b230936bb19,dd7df74cc39d8e3e42ab1c4169c16fdc190b787e,False,e3b0c44298fc1c149afbf4c8996fb92427ae41e4649b934ca495991b7852b855,fad38ae4cee1bd744751bfb0ca3a75545fb1a759045ad4e6c01d3b230936bb19,20,2.0,0.1,1.9000000000000001,0.1389495494373136,1.026706015713448,SUCCESS,SUCCESS,8.125349652459963e-11,8.093367166632232e-11,7.413394342847823e-10,0.9889730196445624,1.7372150292870162e-16,1.8429448689663664e-17,23,5529,7.056271790992469,True,True,SUCCESS,data/raw/branch_audit/branch_audit_branch_trial_35a30ac6da06,4.526062628702903e-16,-1.398910282791316e-17,0.12961741985707098,0.4,0.08905003368435949,0.316761539895321,0.7203317972215906,9.169442186781632e-17,0.43252413785063326,1e-30,True,0.1413621935209897,0.036525565362951706,-1.3703523363482515,0.7779281823972644,7.261321671097418e-16,1.5313861810228444,1.1249783503530475e-16,0.38896409119863173,20.0,0.0,14.903262513405172,0.032021487147723404,0.0328822411636785,0.044360102067446845,0.12889147775647838,direct_obc,13.0,,,,,,,,,,,,,,,,,,,,,,,,,,,
branch_audit_branch_trial_3851531edd20,branch_audit,branch_trial,fad38ae4cee1bd744751bfb0ca3a75545fb1a759045ad4e6c01d3b230936bb19,dd7df74cc39d8e3e42ab1c4169c16fdc190b787e,False,e3b0c44298fc1c149afbf4c8996fb92427ae41e4649b934ca495991b7852b855,fad38ae4cee1bd744751bfb0ca3a75545fb1a759045ad4e6c01d3b230936bb19,24,2.0,0.05,1.1500000000000001,0.002682695795279727,0.008906863708462404,SUCCESS,SUCCESS,8.559770887925984e-11,3.03973991037265e-11,6.824526499471517e-10,0.9999996299952222,1.2601868071631002e-27,6.549445764212785e-31,13,2745,4.937847209002939,True,True,SUCCESS,data/raw/branch_audit/branch_audit_branch_trial_3851531edd20,3.9918518267756496e-16,-2.8957514138346833e-30,0.12416511931175685,0.0,2.2017463362274916e-29,0.46338495616784925,0.6055529565307259,1.6309646815058876e-28,1.000048801195882,1e-30,True,2.8064401197065642e-05,0.02012743643236825,-1.3743236845417455,0.7184166558711536,4.0986794024874783e-16,1.3134747795697796,6.837051302574687e-33,0.3592083279355758,24.0,0.0,3.1584120788067116,7.518330812411104e-05,7.416470974667744e-05,7.670401267804994e-05,7.867582560171045e-05,direct_obc,11.0,,,,,,,,,,,,,,,,,,,,,,,,,,,
branch_audit_branch_trial_392fd8c725e2,branch_audit,branch_trial,fad38ae4cee1bd744751bfb0ca3a75545fb1a759045ad4e6c01d3b230936bb19,dd7df74cc39d8e3e42ab1c4169c16fdc190b787e,False,e3b0c44298fc1c149afbf4c8996fb92427ae41e4649b934ca495991b7852b855,fad38ae4cee1bd744751bfb0ca3a75545fb1a759045ad4e6c01d3b230936bb19,24,2.0,0.05,1.1500000000000001,5.179474679231202e-11,1.7196461533400967e-10,SUCCESS,SUCCESS,6.478114696400048e-11,3.5708822991324624e-11,2.2878920979962913e-10,0.9999999999999994,1.6280173746431994e-27,1.7765981513242955e-30,1,3,0.005318125011399388,True,True,SUCCESS,data/raw/branch_audit/branch_audit_branch_trial_392fd8c725e2,3.5355176834704006e-16,-1.3933020471301495e-28,0.12415580286569342,0.0,8.081453422044094e-29,0.4634086133832236,0.6055347136321564,4.903543435416413e-28,1.0000000000001104,1e-30,True,1.8973458623351556e-13,0.019120739204646187,-1.3743468846512323,0.7184264410969883,4.192628483453272e-16,1.3134272099030984,1.925929944387236e-34,0.3592132205484941,24.0,0.0,3.1581929096878243,7.973343516234021e-11,5.232418338235634e-11,1.201656105213554e-10,1.8897936929257983e-10,direct_obc,2.0,,,,,,,,,,,,,,,,,,,,,,,,,,,
branch_audit_branch_trial_405c42c55fa3,branch_audit,branch_trial,fad38ae4cee1bd744751bfb0ca3a75545fb1a759045ad4e6c01d3b230936bb19,dd7df74cc39d8e3e42ab1c4169c16fdc190b787e,False,e3b0c44298fc1c149afbf4c8996fb92427ae41e4649b934ca495991b7852b855,fad38ae4cee1bd744751bfb0ca3a75545fb1a759045ad4e6c01d3b230936bb19,40,2.0,0.05,1.9500000000000002,1e-06,7.38905609893065e-06,SUCCESS,SUCCESS,9.83646277745201e-11,1.5906494810754193e-13,6.564878640702432e-10,0.9999999999999338,7.441549069054986e-18,1.4949161100769015e-19,1,90,0.688185249993694,True,True,SUCCESS,data/raw/branch_audit/branch_audit_branch_trial_405c42c55fa3,4.750537363484047e-16,3.967637383134092e-18,0.12616890329094474,0.0,4.443095363053411e-16,0.15818859008449804,0.8525458856659376,2.1297636255695375e-17,1.0000000069698118,1e-30,True,1.596896171894664e-09,0.0018196981204294804,-1.3855207939585132,0.7211746564674375,5.862297740439091e-16,2.3590275139307786,7.105427357601002e-15,0.3605873282337187,40.0,0.0,7.02868625836763,3.810732737792352e-09,3.818933873788128e-09,3.842947821394928e-09,4.047985616394388e-09,direct_obc,7.0,,,,,,,,,,,,,,,,,,,,,,,,,,,
branch_audit_branch_trial_4431d782047f,branch_audit,branch_trial,fad38ae4cee1bd744751bfb0ca3a75545fb1a759045ad4e6c01d3b230936bb19,dd7df74cc39d8e3e42ab1c4169c16fdc190b787e,False,e3b0c44298fc1c149afbf4c8996fb92427ae41e4649b934ca495991b7852b855,fad38ae4cee1bd744751bfb0ca3a75545fb1a759045ad4e6c01d3b230936bb19,24,2.0,0.1,2.3000000000000003,7.196856730011514e-06,7.93322211211245e-05,SUCCESS,SUCCESS,8.700029429541446e-11,3.875001999687258e-11,1.2905954083208826e-10,0.9999999999950707,2.9318832136835324e-27,2.980151897112402e-30,12,1717,3.027993209005217,True,True,SUCCESS,data/raw/branch_audit/branch_audit_branch_trial_4431d782047f,3.3161524638126933e-16,2.8606920754623907e-29,0.12415587837089759,0.0,6.206515450856143e-29,0.08882822966648339,0.914787964165686,2.846034148995803e-28,1.0000021760188613,1e-30,True,3.966384050902873e-07,0.019129028454049957,-1.3743466920728749,0.718426302567626,4.1160835057128015e-16,2.7275532353284295,7.780756975324433e-32,0.35921315128381215,24.0,0.0,9.974178775383539,6.091579018092233e-07,6.061692896934571e-07,6.160597205778578e-07,5.910565504658103e-07,direct_obc,8.0,,,,,,,,,,,,,,,,,,,,,,,,,,,
branch_audit_branch_trial_4a3bba6e6aa6,branch_audit,branch_trial,fad38ae4cee1bd744751bfb0ca3a75545fb1a759045ad4e6c01d3b230936bb19,dd7df74cc39d8e3e42ab1c4169c16fdc190b787e,False,e3b0c44298fc1c149afbf4c8996fb92427ae41e4649b934ca495991b7852b855,fad38ae4cee1bd744751bfb0ca3a75545fb1a759045ad4e6c01d3b230936bb19,24,2.0,0.1,2.3000000000000003,1.9306977288832496e-08,2.1282421603184226e-07,SUCCESS,SUCCESS,9.531579239320345e-11,3.157943172461353e-12,2.1744761546926838e-10,0.9999999999999997,7.290701789859167e-27,5.453267427649212e-29,1,29,0.05115479200321715,True,True,SUCCESS,data/raw/branch_audit/branch_audit_branch_trial_4a3bba6e6aa6,3.369595253171091e-16,2.8224997003275427e-28,0.12415580312751041,0.0,2.376088764548578e-28,0.08882841185057513,0.9147877961804043,8.371645003934854e-28,1.0000000019998794,1e-30,True,7.920157369122468e-10,0.019120763837759736,-1.3743468849439684,0.7184264405290601,5.220633879850492e-16,2.727550068228398,1.1555579666323415e-32,0.3592132202645298,24.0,0.0,9.974182445623363,1.7566331039319657e-09,1.7664906528346373e-09,1.7113780747835191e-09,1.7230221135118083e-09,direct_obc,5.0,,,,,,,,,,,,,,,,,,,,,,,,,,,
branch_audit_branch_trial_4e184871023a,branch_audit,branch_trial,fad38ae4cee1bd744751bfb0ca3a75545fb1a759045ad4e6c01d3b230936bb19,dd7df74cc39d8e3e42ab1c4169c16fdc190b787e,False,e3b0c44298fc1c149afbf4c8996fb92427ae41e4649b934ca495991b7852b855,fad38ae4cee1bd744751bfb0ca3a75545fb1a759045ad4e6c01d3b230936bb19,24,2.0,0.05,1.1500000000000001,7.196856730011514e-06,2.3894405819821644e-05,SUCCESS,SUCCESS,8.729734821241252e-11,4.926317130981953e-11,6.045700606804871e-10,0.999999999997338,7.015359674615891e-27,1.520359993225475e-29,13,1601,2.8038862090033945,True,True,SUCCESS,data/raw/branch_audit/branch_audit_branch_trial_4e184871023a,3.987177028557732e-16,-8.471089567969461e-29,0.12415582739770026,0.0,1.5054823220235154e-28,0.4634084157888655,0.6055348660038463,8.42903310057105e-28,1.0000004432791643,1e-30,True,1.592097789089186e-07,0.019123437957792033,-1.3743468211746697,0.718426395945009,3.994683327953336e-16,1.3134274727678985,1.0496318196910435e-32,0.3592131979725044,24.0,0.0,3.1581925841971024,1.981215913140797e-07,1.9715300487602054e-07,2.004323026550686e-07,1.9206329382974055e-07,direct_obc,8.0,,,,,,,,,,,,,,,,,,,,,,,,,,,
branch_audit_branch_trial_507e48dd66c8,branch_audit,branch_trial,fad38ae4cee1bd744751bfb0ca3a75545fb1a759045ad4e6c01d3b230936bb19,dd7df74cc39d8e3e42ab1c4169c16fdc190b787e,False,e3b0c44298fc1c149afbf4c8996fb92427ae41e4649b934ca495991b7852b855,fad38ae4cee1bd744751bfb0ca3a75545fb1a759045ad4e6c01d3b230936bb19,24,2.0,0.1,2.3000000000000003,0.1389495494373136,1.5316653914581884,SUCCESS,SUCCESS,6.859737043336802e-11,8.065235317497467e-11,2.2775659136442528e-10,0.9635454058472843,1.8400828967115694e-16,6.965810551488525e-18,19,3893,7.496310667003854,True,True,SUCCESS,data/raw/branch_audit/branch_audit_branch_trial_507e48dd66c8,6.825467899319277e-16,2.774930690421353e-17,0.1257685670740597,0.5833333333333334,0.10069264719723264,0.27877779257406626,0.750994925665876,1.165704277375569e-16,0.24456274039893464,1e-30,True,0.18827573050190402,0.015346182614646597,-1.3736916309839255,0.7769084154119579,1.2445929074336515e-15,1.6744026678784176,2.0231120272038898e-16,0.38845420770597877,24.0,0.0,45.27999998790771,0.01633382374503785,0.011023444810891125,0.03168634541737167,0.12629071153074806,direct_obc,13.0,,,,,,,,,,,,,,,,,,,,,,,,,,,
branch_audit_branch_trial_55d7263e4031,branch_audit,branch_trial,fad38ae4cee1bd744751bfb0ca3a75545fb1a759045ad4e6c01d3b230936bb19,dd7df74cc39d8e3e42ab1c4169c16fdc190b787e,False,e3b0c44298fc1c149afbf4c8996fb92427ae41e4649b934ca495991b7852b855,fad38ae4cee1bd744751bfb0ca3a75545fb1a759045ad4e6c01d3b230936bb19,40,2.0,0.1,3.9000000000000004,0.0003727593720314938,0.020351972120436126,SUCCESS,SUCCESS,9.022240952343449e-11,2.5397680729541188e-11,7.698562898283967e-10,0.9999999640908072,3.765348769303061e-17,1.1448450060069896e-18,13,3802,29.11737091599207,True,True,SUCCESS,data/raw/branch_audit/branch_audit_branch_trial_55d7263e4031,4.2423397103661324e-16,-3.486571458823797e-18,0.12617027716694543,0.0,2.6935986039626956e-16,0.0061911240368420755,0.9938279228661863,1.9144415423231248e-17,0.9985406991641166,1e-30,True,0.00012590356516754115,0.0032378160587687166,-1.3855218453407083,0.7210144176921405,6.146116500755912e-16,12.738214459671585,3.217073379104439e-29,0.3605072088460693,40.0,0.0,49.44176888346604,1.0950434861181666e-05,1.0843732285085527e-05,1.3335086903272629e-05,6.875645300608203e-05,direct_obc,10.0,,,,,,,,,,,,,,,,,,,,,,,,,,,
branch_audit_branch_trial_606c53583e77,branch_audit,branch_trial,fad38ae4cee1bd744751bfb0ca3a75545fb1a759045ad4e6c01d3b230936bb19,dd7df74cc39d8e3e42ab1c4169c16fdc190b787e,False,e3b0c44298fc1c149afbf4c8996fb92427ae41e4649b934ca495991b7852b855,fad38ae4cee1bd744751bfb0ca3a75545fb1a759045ad4e6c01d3b230936bb19,24,2.0,0.1,2.3000000000000003,5.179474679231202e-11,5.709426294823264e-10,SUCCESS,SUCCESS,6.401039336115474e-11,2.030463477971974e-11,4.2185255288984536e-11,0.9999999999999996,3.525286881452528e-27,2.091749302715736e-29,1,3,0.005323624995071441,True,True,SUCCESS,data/raw/branch_audit/branch_audit_branch_trial_606c53583e77,3.4422591931759737e-16,1.7880288868649687e-28,0.12415580290669244,0.0,1.3873255288586111e-28,0.0888284119754705,0.9147877960652431,5.4512005534861915e-28,1.0000000000006655,1e-30,True,7.339197908916164e-13,0.019120740172052342,-1.3743468849439684,0.7184264411051244,5.409808176663974e-16,2.7275500640304875,3.552713678800501e-15,0.35921322055256194,24.0,0.0,9.974182454792484,3.826497289123369e-11,2.055040513449143e-11,6.69098429150976e-11,1.435449607395343e-10,direct_obc,2.0,,,,,,,,,,,,,,,,,,,,,,,,,,,
branch_audit_branch_trial_620ef7a29893,branch_audit,branch_trial,fad38ae4cee1bd744751bfb0ca3a75545fb1a759045ad4e6c01d3b230936bb19,dd7df74cc39d8e3e42ab1c4169c16fdc190b787e,False,e3b0c44298fc1c149afbf4c8996fb92427ae41e4649b934ca495991b7852b855,fad38ae4cee1bd744751bfb0ca3a75545fb1a759045ad4e6c01d3b230936bb19,20,2.0,0.1,1.9000000000000001,5.179474679231202e-05,0.0003827142896783019,SUCCESS,SUCCESS,8.848896105045385e-11,7.446069039184898e-11,5.703135741441656e-10,0.9999999997533005,8.622807443377555e-27,1.4693219990801533e-28,13,1769,2.0861061660107225,True,True,SUCCESS,data/raw/branch_audit/branch_audit_branch_trial_620ef7a29893,3.526913864206861e-16,-5.180708752564073e-27,0.12567052320084723,0.0,8.119292514346682e-27,0.1627195686081527,0.8485901369632239,2.5986052725434066e-26,1.0000278815598485,1e-30,True,4.7881304945368374e-06,0.007939341802070787,-1.3679336735976007,0.7617752324953913,5.663393728741269e-16,1.9535739193594,3.552713678800501e-15,0.3808876162476952,20.0,0.0,6.685799983766,1.2984899123602306e-05,1.309458841786678e-05,1.3106685547323627e-05,1.3274303339996276e-05,direct_obc,9.0,,,,,,,,,,,,,,,,,,,,,,,,,,,
branch_audit_branch_trial_681bafc35fbb,branch_audit,branch_trial,fad38ae4cee1bd744751bfb0ca3a75545fb1a759045ad4e6c01d3b230936bb19,dd7df74cc39d8e3e42ab1c4169c16fdc190b787e,False,e3b0c44298fc1c149afbf4c8996fb92427ae41e4649b934ca495991b7852b855,fad38ae4cee1bd744751bfb0ca3a75545fb1a759045ad4e6c01d3b230936bb19,40,2.0,0.1,3.9000000000000004,3.727593720314938e-10,2.0351972120436128e-08,SUCCESS,SUCCESS,5.5989700676379835e-11,1.9273377290702664e-11,4.0387271305064587e-10,0.9999999999999997,2.1697602079086674e-17,9.431138523371964e-20,1,3,0.02273395800148137,True,True,SUCCESS,data/raw/branch_audit/branch_audit_branch_trial_681bafc35fbb,4.490401598739772e-16,-2.5457146310721777e-18,0.12616890277336176,0.0,4.630669687299981e-16,0.00618280308482895,0.9938361928116098,1.3718801477394562e-17,0.9999999999901611,1e-30,True,7.962560624196968e-13,0.0018191746543947396,-1.3855207930946145,0.7211747376498392,7.18746417558025e-16,12.74672651956008,1.5808032983530432e-29,0.3605873688249182,40.0,0.0,49.40244907939333,3.287383650368508e-11,2.7312752372301052e-11,4.4488453449359514e-11,1.4553487577360675e-10,direct_obc,3.0,,,,,,,,,,,,,,,,,,,,,,,,,,,
branch_audit_branch_trial_689fb8689f81,branch_audit,branch_trial,fad38ae4cee1bd744751bfb0ca3a75545fb1a759045ad4e6c01d3b230936bb19,dd7df74cc39d8e3e42ab1c4169c16fdc190b787e,False,e3b0c44298fc1c149afbf4c8996fb92427ae41e4649b934ca495991b7852b855,fad38ae4cee1bd744751bfb0ca3a75545fb1a759045ad4e6c01d3b230936bb19,40,2.0,0.1,3.9000000000000004,0.002682695795279727,0.14647022752396774,SUCCESS,SUCCESS,8.545848614799507e-11,3.508595130317166e-11,5.038699457671214e-10,0.9999080180353181,2.484777359928241e-17,1.6193271647072378e-20,14,5810,44.99425049999263,True,True,SUCCESS,data/raw/branch_audit/branch_audit_branch_trial_689fb8689f81,5.863193564587918e-16,2.256650773204048e-18,0.1261797923625971,0.0,4.458269069304826e-16,0.0066156960033176134,0.9934060436510876,1.7469420218288388e-17,0.9292983837653058,1e-30,True,0.006216399744347771,0.0015873023438478517,-1.3855306741285411,0.7261622362858209,1.4775925138146793e-15,12.322010699279938,6.013523658354705e-30,0.36308111814291005,40.0,0.0,106.30737008209617,0.00010034773225127094,8.58339987548985e-05,0.00026329526866724506,0.0030982844857967927,direct_obc,11.0,,,,,,,,,,,,,,,,,,,,,,,,,,,
branch_audit_branch_trial_6e5345ce1006,branch_audit,branch_trial,fad38ae4cee1bd744751bfb0ca3a75545fb1a759045ad4e6c01d3b230936bb19,dd7df74cc39d8e3e42ab1c4169c16fdc190b787e,False,e3b0c44298fc1c149afbf4c8996fb92427ae41e4649b934ca495991b7852b855,fad38ae4cee1bd744751bfb0ca3a75545fb1a759045ad4e6c01d3b230936bb19,24,2.0,0.1,2.3000000000000003,1e-06,1.1023176380641605e-05,SUCCESS,SUCCESS,8.671610712102965e-11,7.35244677261582e-11,4.570599454467583e-11,0.9999999999999117,8.960797363409825e-27,2.652326521745288e-31,14,1607,2.8124429159943247,True,True,SUCCESS,data/raw/branch_audit/branch_audit_branch_trial_6e5345ce1006,3.76233515672823e-16,3.4862336631165005e-29,0.12415581341018933,0.0,7.997491032213859e-29,0.08882838664576524,0.9147878194208348,3.6956480216416893e-28,1.0000003022355777,1e-30,True,5.5164840687822656e-08,0.019121891688074433,-1.3743468580884999,0.7184264218300092,5.007764082594645e-16,2.727550504786234,3.0814879110195774e-33,0.35921321091500386,24.0,0.0,9.974181935416764,8.475620062435002e-08,8.43409038714892e-08,8.568985422921525e-08,8.220951435201209e-08,direct_obc,7.0,,,,,,,,,,,,,,,,,,,,,,,,,,,
branch_audit_branch_trial_777b912a87c6,branch_audit,branch_trial,fad38ae4cee1bd744751bfb0ca3a75545fb1a759045ad4e6c01d3b230936bb19,dd7df74cc39d8e3e42ab1c4169c16fdc190b787e,False,e3b0c44298fc1c149afbf4c8996fb92427ae41e4649b934ca495991b7852b855,fad38ae4cee1bd744751bfb0ca3a75545fb1a759045ad4e6c01d3b230936bb19,40,2.0,0.1,3.9000000000000004,1e-12,5.459815003314424e-11,SUCCESS,SUCCESS,7.879286016533765e-11,2.9139211894940365e-11,4.0867953465806295e-10,0.9999999999999993,8.569086856398192e-18,7.833801884307661e-19,1,3,0.022774375000153668,True,True,SUCCESS,data/raw/branch_audit/branch_audit_branch_trial_777b912a87c6,4.2352012689260417e-16,1.0108306977334183e-18,0.1261689027752405,0.0,1.0676052362593469e-16,0.006182803083910362,0.993836192812523,1.5257809544619335e-17,0.9999999999887853,1e-30,True,4.862124887377263e-13,0.001819173253918116,-1.3855207930946145,0.7211747378895716,5.907613810224592e-16,12.746726520314981,1.3620176566706532e-30,0.3605873689447858,40.0,0.0,49.40244910545535,1.1122538411720868e-11,9.745577675240833e-12,1.4550007193363486e-11,4.317033734696276e-11,direct_obc,0.0,,,,,,,,,,,,,,,,,,,,,,,,,,,
branch_audit_branch_trial_78dd70ba0ffb,branch_audit,branch_trial,fad38ae4cee1bd744751bfb0ca3a75545fb1a759045ad4e6c01d3b230936bb19,dd7df74cc39d8e3e42ab1c4169c16fdc190b787e,False,e3b0c44298fc1c149afbf4c8996fb92427ae41e4649b934ca495991b7852b855,fad38ae4cee1bd744751bfb0ca3a75545fb1a759045ad4e6c01d3b230936bb19,40,2.0,0.05,1.9500000000000002,0.002682695795279727,0.01982258972768728,SUCCESS,SUCCESS,8.497807575911869e-11,2.988385047568394e-11,7.566934856484409e-10,0.9999994668796716,4.1980424711983596e-17,8.681267238002913e-20,9,3509,26.903150915997685,True,True,SUCCESS,data/raw/branch_audit/branch_audit_branch_trial_78dd70ba0ffb,4.623180896539314e-16,1.4701089138680112e-18,0.12617026880572843,0.0,4.466232847882932e-16,0.1583627495909198,0.8523936051479686,9.084199032463352e-18,0.9988436920590938,1e-30,True,0.00020909076721812333,0.0032259640713214743,-1.3855219487436694,0.7210112634553977,6.409370190081677e-16,2.357767611742847,1.619321897240788e-29,0.3605056317276982,40.0,0.0,7.037486689070456,1.087949638588406e-05,1.0787282952487246e-05,1.3109129755282414e-05,6.586465816398027e-05,direct_obc,11.0,,,,,,,,,,,,,,,,,,,,,,,,,,,
branch_audit_branch_trial_796f4d9dc8f5,branch_audit,branch_trial,fad38ae4cee1bd744751bfb0ca3a75545fb1a759045ad4e6c01d3b230936bb19,dd7df74cc39d8e3e42ab1c4169c16fdc190b787e,False,e3b0c44298fc1c149afbf4c8996fb92427ae41e4649b934ca495991b7852b855,fad38ae4cee1bd744751bfb0ca3a75545fb1a759045ad4e6c01d3b230936bb19,24,2.0,0.1,2.3000000000000003,0.019306977288832457,0.21282421603184182,SUCCESS,SUCCESS,8.917568442111833e-11,2.6549711704399328e-11,5.405987879569807e-10,0.9998373399940629,1.7535800932940681e-23,2.006671186928314e-27,18,8455,15.52071091599646,True,True,SUCCESS,data/raw/branch_audit/branch_audit_branch_trial_796f4d9dc8f5,3.7203680994410394e-16,5.7183819862574225e-25,0.12442868004396919,0.0,5.5007822351151885e-25,0.09532407669666135,0.9088143986345494,5.218913065778705e-24,0.9224888140029927,1e-30,True,0.012317732133911132,0.01637834138190608,-1.3738660139590833,0.7236220270828988,4.817510619476063e-16,2.6461511317961146,6.471124613141112e-32,0.3618110135414488,24.0,0.0,10.666616164938766,0.0022844489339193435,0.0018837308166734165,0.0031306044200418433,0.009389931514688239,direct_obc,12.0,,,,,,,,,,,,,,,,,,,,,,,,,,,
branch_audit_branch_trial_7e80ff20c3f6,branch_audit,branch_trial,fad38ae4cee1bd744751bfb0ca3a75545fb1a759045ad4e6c01d3b230936bb19,dd7df74cc39d8e3e42ab1c4169c16fdc190b787e,False,e3b0c44298fc1c149afbf4c8996fb92427ae41e4649b934ca495991b7852b855,fad38ae4cee1bd744751bfb0ca3a75545fb1a759045ad4e6c01d3b230936bb19,20,2.0,0.1,1.9000000000000001,1e-06,7.38905609893065e-06,SUCCESS,SUCCESS,8.914016106162119e-11,2.4730936605352255e-11,7.505351895531476e-11,0.9999999999999152,1.2786737347435635e-24,9.266866150171844e-27,12,1541,1.8164234170108102,True,True,SUCCESS,data/raw/branch_audit/branch_audit_branch_trial_7e80ff20c3f6,3.3672842918288973e-16,8.72253561820922e-24,0.12566892136406924,0.0,1.2569323556578666e-23,0.16272408085182277,0.848586203782319,6.82393039018569e-23,1.0000005416216904,1e-30,True,9.306388382520088e-08,0.007932788502234112,-1.367933121839788,0.7617872650559839,4.464614907322676e-16,1.9535429026389335,8.088905766426391e-32,0.3808936325279917,20.0,0.0,6.68589250153698,2.5097134322070177e-07,2.531912858287635e-07,2.5342524848787836e-07,2.562407302438186e-07,direct_obc,7.0,,,,,,,,,,,,,,,,,,,,,,,,,,,
branch_audit_branch_trial_848440dd4732,branch_audit,branch_trial,fad38ae4cee1bd744751bfb0ca3a75545fb1a759045ad4e6c01d3b230936bb19,dd7df74cc39d8e3e42ab1c4169c16fdc190b787e,False,e3b0c44298fc1c149afbf4c8996fb92427ae41e4649b934ca495991b7852b855,fad38ae4cee1bd744751bfb0ca3a75545fb1a759045ad4e6c01d3b230936bb19,20,2.0,0.1,1.9000000000000001,1.389495494373136e-07,1.026706015713448e-06,SUCCESS,SUCCESS,9.182145870922081e-11,2.7929047082519173e-11,1.3158285572245632e-10,0.9999999999999988,3.827246411640566e-25,3.758175830783754e-26,14,1510,1.7788839589920826,True,True,SUCCESS,data/raw/branch_audit/branch_audit_branch_trial_848440dd4732,3.274525926292766e-16,1.2305404385532785e-24,0.12566889420384747,0.0,1.6029488474640455e-24,0.16272415798452813,0.8485861365482711,8.716525067236237e-24,1.0000000736793082,1e-30,True,1.270623311031974e-08,0.007932675979798298,-1.3679331120741631,0.7617874689557007,4.313244333612858e-16,1.9535423737036288,5.3926038442842604e-33,0.38089373447785035,20.0,0.0,6.685894172294949,3.506486489421479e-08,3.540795044012665e-08,3.544994554556519e-08,3.568658211963322e-08,direct_obc,6.0,,,,,,,,,,,,,,,,,,,,,,,,,,,
branch_audit_branch_trial_86060190e4f7,branch_audit,branch_trial,fad38ae4cee1bd744751bfb0ca3a75545fb1a759045ad4e6c01d3b230936bb19,dd7df74cc39d8e3e42ab1c4169c16fdc190b787e,False,e3b0c44298fc1c149afbf4c8996fb92427ae41e4649b934ca495991b7852b855,fad38ae4cee1bd744751bfb0ca3a75545fb1a759045ad4e6c01d3b230936bb19,40,2.0,0.05,1.9500000000000002,1.0,7.38905609893065,SUCCESS,SUCCESS,7.353683749819735e-11,2.152883430563332e-11,8.289195996269427e-10,0.8016196149104828,3.6721578036639675e-16,4.480051316226078e-18,25,3611,32.81631812499836,True,True,SUCCESS,data/raw/branch_audit/branch_audit_branch_trial_86060190e4f7,5.693270361402079e-16,2.3656115287061906e-17,0.1264994781391756,0.95,0.10004167187531068,0.9999999999998287,3.3493721703738134e-15,2.1741524705533773e-16,0.03680224107105704,1e-30,True,0.5768390418513786,0.013622136695750832,-1.403718616587536,0.7119750786079959,5.237208141764311e-16,1.0000000000000004,4.652383338382108e-16,0.35598753930399596,40.0,0.0,1.000000000000526,0.00805773613215727,0.004884180279116291,0.01936406476097395,0.14525578917752868,direct_obc,14.0,,,,,,,,,,,,,,,,,,,,,,,,,,,
branch_audit_branch_trial_88ab85d91ce7,branch_audit,branch_trial,fad38ae4cee1bd744751bfb0ca3a75545fb1a759045ad4e6c01d3b230936bb19,dd7df74cc39d8e3e42ab1c4169c16fdc190b787e,False,e3b0c44298fc1c149afbf4c8996fb92427ae41e4649b934ca495991b7852b855,fad38ae4cee1bd744751bfb0ca3a75545fb1a759045ad4e6c01d3b230936bb19,24,2.0,0.05,1.1500000000000001,1e-12,3.320116922736548e-12,SUCCESS,SUCCESS,7.918980662921524e-11,4.7155228587574746e-11,2.357223305438083e-10,0.9999999999999997,1.783974655604308e-27,2.2394552899172745e-30,1,3,0.00540516700129956,True,True,SUCCESS,data/raw/branch_audit/branch_audit_branch_trial_88ab85d91ce7,3.2750700252614597e-16,-3.911920627575623e-29,0.1241558028612329,0.0,2.7555044133822695e-29,0.4634086134044927,0.6055347136157551,2.950518135586964e-28,1.0000000000000018,1e-30,True,3.2083629450524622e-15,0.019120739171428314,-1.3743468846512323,0.718426441088005,3.6519851653365783e-16,1.3134272098797781,2.792598419361492e-33,0.35921322054400223,24.0,0.0,3.1581929096897423,3.0757797179617785e-11,2.0461303760645182e-11,4.580391258155939e-11,6.993080159506969e-11,direct_obc,0.0,,,,,,,,,,,,,,,,,,,,,,,,,,,
branch_audit_branch_trial_8e3f194bcd17,branch_audit,branch_trial,fad38ae4cee1bd744751bfb0ca3a75545fb1a759045ad4e6c01d3b230936bb19,dd7df74cc39d8e3e42ab1c4169c16fdc190b787e,False,e3b0c44298fc1c149afbf4c8996fb92427ae41e4649b934ca495991b7852b855,fad38ae4cee1bd744751bfb0ca3a75545fb1a759045ad4e6c01d3b230936bb19,24,2.0,0.1,2.3000000000000003,0.002682695795279727,0.029571828926974034,SUCCESS,SUCCESS,8.689497514669446e-11,2.6617962776605614e-11,9.544220969104344e-10,0.9999993716103023,1.883004817786733e-28,8.246190045218014e-32,15,4576,8.162659334004275,True,True,SUCCESS,data/raw/branch_audit/branch_audit_branch_trial_8e3f194bcd17,3.6716164708962586e-16,-1.890250577707413e-30,0.12418554783542031,0.0,3.558317863705766e-30,0.08890016250328799,0.9147216395021958,1.3174428231804517e-29,0.9990326994796215,1e-30,True,0.000179987088559397,0.02220486536783728,-1.3742753677630666,0.718465053275893,4.3627294203520217e-16,2.7268484457420596,5.161492250957792e-32,0.35923252663794636,24.0,0.0,9.982778971302428,0.00024009867561104463,0.0002315542699432775,0.0002521329876628536,0.00032809227228022597,direct_obc,11.0,,,,,,,,,,,,,,,,,,,,,,,,,,,
branch_audit_branch_trial_8fc2548f7bcc,branch_audit,branch_trial,fad38ae4cee1bd744751bfb0ca3a75545fb1a759045ad4e6c01d3b230936bb19,dd7df74cc39d8e3e42ab1c4169c16fdc190b787e,False,e3b0c44298fc1c149afbf4c8996fb92427ae41e4649b934ca495991b7852b855,fad38ae4cee1bd744751bfb0ca3a75545fb1a759045ad4e6c01d3b230936bb19,40,2.0,0.05,1.9500000000000002,1.9306977288832496e-08,1.426603382879633e-07,SUCCESS,SUCCESS,5.6347200940953254e-11,1.6060366528470344e-11,8.432746723130435e-10,0.9999999999999994,4.509650564504695e-17,1.0045266033238949e-20,1,3,0.022760749998269603,True,True,SUCCESS,data/raw/branch_audit/branch_audit_branch_trial_8fc2548f7bcc,3.946127035553931e-16,2.287631665264221e-18,0.12616890281679613,0.0,2.7872849238370314e-16,0.15818859123947074,0.8525458846559975,1.956559106997352e-17,0.999999999992283,1e-30,True,5.626198601095687e-12,0.0018191857859000127,-1.3855207939585132,0.7211747368060828,5.574644645362864e-16,2.359027500165393,2.762245763437949e-29,0.36058736840304123,40.0,0.0,7.028687554996356,6.314843681211234e-11,5.739716514584698e-11,8.027140784321272e-11,2.5242764421245833e-10,direct_obc,5.0,,,,,,,,,,,,,,,,,,,,,,,,,,,
branch_audit_branch_trial_9200e7286015,branch_audit,branch_trial,fad38ae4cee1bd744751bfb0ca3a75545fb1a759045ad4e6c01d3b230936bb19,dd7df74cc39d8e3e42ab1c4169c16fdc190b787e,False,e3b0c44298fc1c149afbf4c8996fb92427ae41e4649b934ca495991b7852b855,fad38ae4cee1bd744751bfb0ca3a75545fb1a759045ad4e6c01d3b230936bb19,20,2.0,0.1,1.9000000000000001,7.1968567300115285e-12,5.317797811402178e-11,SUCCESS,SUCCESS,7.121381012048951e-11,2.972981132441949e-11,5.803758584832508e-10,0.9999999999999994,3.516566963768011e-22,3.8413257564838237e-25,1,3,0.003578791001928039,True,True,SUCCESS,data/raw/branch_audit/branch_audit_branch_trial_9200e7286015,3.126280033803003e-16,6.608860423901705e-24,0.12566888979362797,0.0,1.592584697173334e-23,0.1627241700566133,0.8485861260254302,7.104322769230463e-23,1.0000000000001779,1e-30,True,9.906608706603169e-14,0.007932655816685785,-1.367933109632757,0.761787500811093,4.750192814878357e-16,1.9535422896016355,6.317050217590134e-32,0.38089375040554624,20.0,0.0,6.685894442265725,5.414328298044537e-11,4.285747523517761e-11,6.665134235870615e-11,1.1543254775109694e-10,direct_obc,1.0,,,,,,,,,,,,,,,,,,,,,,,,,,,
branch_audit_branch_trial_9217b7f7ce3d,branch_audit,branch_trial,fad38ae4cee1bd744751bfb0ca3a75545fb1a759045ad4e6c01d3b230936bb19,dd7df74cc39d8e3e42ab1c4169c16fdc190b787e,False,e3b0c44298fc1c149afbf4c8996fb92427ae41e4649b934ca495991b7852b855,fad38ae4cee1bd744751bfb0ca3a75545fb1a759045ad4e6c01d3b230936bb19,20,2.0,0.1,1.9000000000000001,0.002682695795279727,0.01982258972768728,SUCCESS,SUCCESS,9.044827298433037e-11,5.972066645566735e-11,2.9294033865312485e-10,0.9999993722819778,8.110038610520163e-27,1.6750414386850418e-27,17,2863,3.4826970829890342,True,True,SUCCESS,data/raw/branch_audit/branch_audit_branch_trial_9217b7f7ce3d,3.592780749318673e-16,4.053373897448034e-29,0.12575445402666577,0.0,1.6310381605713187e-27,0.16257483481578722,0.8487163033828204,4.004128254866467e-27,1.0008141376340658,1e-30,True,0.00014630023203579315,0.008210059870754072,-1.3679627605278473,0.7612346224390973,3.8425194779732624e-16,1.9547723974975302,7.626682579773454e-32,0.3806173112195486,20.0,0.0,6.696200457400066,0.0006801334818678611,0.0006863915486351204,0.0006931308226584818,0.0007428925210838718,direct_obc,11.0,,,,,,,,,,,,,,,,,,,,,,,,,,,
branch_audit_branch_trial_94004143e66f,branch_audit,branch_trial,fad38ae4cee1bd744751bfb0ca3a75545fb1a759045ad4e6c01d3b230936bb19,dd7df74cc39d8e3e42ab1c4169c16fdc190b787e,False,e3b0c44298fc1c149afbf4c8996fb92427ae41e4649b934ca495991b7852b855,fad38ae4cee1bd744751bfb0ca3a75545fb1a759045ad4e6c01d3b230936bb19,20,2.0,0.1,1.9000000000000001,7.196856730011514e-06,5.317797811402167e-05,SUCCESS,SUCCESS,8.842308790369201e-11,4.379253201945596e-11,5.802660574261154e-10,0.9999999999952337,1.0593350367598413e-21,1.5449472288191962e-24,12,1631,1.938411166993319,True,True,SUCCESS,data/raw/branch_audit/branch_audit_branch_trial_94004143e66f,3.784897238369525e-16,1.2394366407989711e-23,0.12566911677445053,0.0,1.358351178300595e-23,0.16272352658567749,0.8485866869180242,1.452389564621979e-22,1.0000039026361383,1e-30,True,6.703050703702777e-07,0.007933593372609904,-1.3679331901991632,0.7617857956418359,4.755735608754455e-16,1.9535467044550057,3.0814879110195774e-33,0.3808928978209177,20.0,0.0,6.685880578159008,1.8043902988528917e-06,1.8198974743933455e-06,1.8215042901043586e-06,1.843445182712747e-06,direct_obc,8.0,,,,,,,,,,,,,,,,,,,,,,,,,,,
branch_audit_branch_trial_983942fb5909,branch_audit,branch_trial,fad38ae4cee1bd744751bfb0ca3a75545fb1a759045ad4e6c01d3b230936bb19,dd7df74cc39d8e3e42ab1c4169c16fdc190b787e,False,e3b0c44298fc1c149afbf4c8996fb92427ae41e4649b934ca495991b7852b855,fad38ae4cee1bd744751bfb0ca3a75545fb1a759045ad4e6c01d3b230936bb19,20,2.0,0.1,1.9000000000000001,1.0,7.38905609893065,SUCCESS,SUCCESS,5.032389760352978e-11,6.133393789427375e-11,4.530589237106142e-10,0.810437559339235,4.906292532190601e-16,1.173627164410399e-18,28,2883,3.7860725409991574,True,True,SUCCESS,data/raw/branch_audit/branch_audit_branch_trial_983942fb5909,4.2509565673020186e-16,1.1590629345035479e-17,0.13176017288778566,0.9,0.20033350003968894,0.9999999999999126,6.744090580168064e-16,2.393579322290226e-16,0.03735381786673627,1e-30,True,0.5749294793948682,0.04843309988929105,-1.408155919519389,0.7264390268861589,3.816601735465632e-16,1.0000000000000004,3.7335771225117763e-16,0.36321951344307934,20.0,0.0,1.0000000000001272,0.06966821957745549,0.07064903376383777,0.1404722472349555,0.24390138432830027,direct_obc,14.0,,,,,,,,,,,,,,,,,,,,,,,,,,,
branch_audit_branch_trial_9aa5ff1610c8,branch_audit,branch_trial,fad38ae4cee1bd744751bfb0ca3a75545fb1a759045ad4e6c01d3b230936bb19,dd7df74cc39d8e3e42ab1c4169c16fdc190b787e,False,e3b0c44298fc1c149afbf4c8996fb92427ae41e4649b934ca495991b7852b855,fad38ae4cee1bd744751bfb0ca3a75545fb1a759045ad4e6c01d3b230936bb19,40,2.0,0.05,1.9500000000000002,0.1389495494373136,1.026706015713448,SUCCESS,SUCCESS,8.317536455206929e-11,7.650025981570521e-11,5.931930502356408e-10,0.9688662924494038,1.197746914969798e-16,2.0801311495286005e-17,20,8986,80.92797775000508,True,True,SUCCESS,data/raw/branch_audit/branch_audit_branch_trial_9aa5ff1610c8,6.516296024397218e-16,6.771607636315192e-18,0.12618151909343572,0.45,0.04714503573500166,0.3922446294135861,0.6607035297692024,1.2943247494540736e-16,0.33850352467000033,1e-30,True,0.1819212302554923,0.018300835197385013,-1.38605461635253,0.7320472168827525,1.1488632960578537e-15,1.5273774281467642,9.991195212198991e-17,0.3660236084413758,40.0,0.0,16.24096549370571,0.0009154067720495121,0.0004382207555706884,0.003531094302048402,0.04874144017357272,direct_obc,13.0,,,,,,,,,,,,,,,,,,,,,,,,,,,
branch_audit_branch_trial_9f36afad285d,branch_audit,branch_trial,fad38ae4cee1bd744751bfb0ca3a75545fb1a759045ad4e6c01d3b230936bb19,dd7df74cc39d8e3e42ab1c4169c16fdc190b787e,False,e3b0c44298fc1c149afbf4c8996fb92427ae41e4649b934ca495991b7852b855,fad38ae4cee1bd744751bfb0ca3a75545fb1a759045ad4e6c01d3b230936bb19,40,2.0,0.05,1.9500000000000002,5.179474679231202e-05,0.0003827142896783019,SUCCESS,SUCCESS,6.15111225198779e-11,7.973100562254406e-11,2.1375856640304391e-10,0.9999999998215235,1.8806852283040747e-17,2.3316620400281772e-18,14,2131,15.825147042007302,True,True,SUCCESS,data/raw/branch_audit/branch_audit_branch_trial_9f36afad285d,4.3158074648063026e-16,-1.1890888882502256e-18,0.12616892833880541,0.0,2.2205157250197796e-16,0.1581884999172784,0.8525459645106065,1.1440780849236081e-17,1.0000005468809658,1e-30,True,9.309251336885619e-08,0.0018462837985440128,-1.385520811048357,0.7211705235948134,5.087619992842125e-16,2.359028426899423,1.2572470676959876e-30,0.3605852617974065,40.0,0.0,7.0286235760401246,2.0234131549718325e-07,2.0269980715343443e-07,2.0403293577876433e-07,2.1659343086710692e-07,direct_obc,9.0,,,,,,,,,,,,,,,,,,,,,,,,,,,
branch_audit_branch_trial_a1f4b03d3d82,branch_audit,branch_trial,fad38ae4cee1bd744751bfb0ca3a75545fb1a759045ad4e6c01d3b230936bb19,dd7df74cc39d8e3e42ab1c4169c16fdc190b787e,False,e3b0c44298fc1c149afbf4c8996fb92427ae41e4649b934ca495991b7852b855,fad38ae4cee1bd744751bfb0ca3a75545fb1a759045ad4e6c01d3b230936bb19,24,2.0,0.05,1.1500000000000001,7.1968567300115285e-12,2.3894405819821692e-11,SUCCESS,SUCCESS,7.156967930532692e-11,4.1007819999766804e-11,2.320186265336588e-10,0.9999999999999997,1.5945602159458014e-27,2.0051426405290726e-29,1,3,0.005337875001714565,True,True,SUCCESS,data/raw/branch_audit/branch_audit_branch_trial_a1f4b03d3d82,3.386104625421426e-16,-9.644570037196678e-30,0.12415580286363122,0.0,2.8059683755797856e-29,0.4634086133934251,0.6055347136242897,2.463064865223207e-28,1.0000000000000149,1e-30,True,2.6076608018269504e-14,0.01912073918096535,-1.3743468846512323,0.7184264410930308,4.023951824743231e-16,1.3134272098918323,5.488900341503622e-33,0.359213220546515,24.0,0.0,3.1581929096895025,5.7042713038565377e-11,3.764056597820965e-11,8.554110824789559e-11,1.3263597293204516e-10,direct_obc,1.0,,,,,,,,,,,,,,,,,,,,,,,,,,,
branch_audit_branch_trial_a3a8b28455cb,branch_audit,branch_trial,fad38ae4cee1bd744751bfb0ca3a75545fb1a759045ad4e6c01d3b230936bb19,dd7df74cc39d8e3e42ab1c4169c16fdc190b787e,False,e3b0c44298fc1c149afbf4c8996fb92427ae41e4649b934ca495991b7852b855,fad38ae4cee1bd744751bfb0ca3a75545fb1a759045ad4e6c01d3b230936bb19,40,2.0,0.1,3.9000000000000004,1.0,54.598150033144236,SUCCESS,SUCCESS,7.60961799412812e-11,4.460345324029992e-12,7.910144761424931e-10,0.77088181636996,4.536559892532807e-16,2.4869195204301885e-17,22,3531,33.297681292009656,True,True,SUCCESS,data/raw/branch_audit/branch_audit_branch_trial_a3a8b28455cb,5.11930141030535e-16,1.246219105205831e-18,0.12471237308545331,0.95,0.20033350003968894,0.9999999999999815,2.3947211566069927e-15,3.232393701573344e-16,0.0006843884719341394,1e-30,True,0.6892307341402516,0.02153885373317993,-1.4061889243996142,0.7069243560253676,5.298676317668285e-16,1.000000000000001,8.108646655854838e-16,0.3534621780126829,40.0,0.0,1.000000000000454,0.013832040403401106,0.010637141923168243,0.019826892760908873,0.1416003967521584,direct_obc,14.0,,,,,,,,,,,,,,,,,,,,,,,,,,,
branch_audit_branch_trial_acc646a507ee,branch_audit,branch_trial,fad38ae4cee1bd744751bfb0ca3a75545fb1a759045ad4e6c01d3b230936bb19,dd7df74cc39d8e3e42ab1c4169c16fdc190b787e,False,e3b0c44298fc1c149afbf4c8996fb92427ae41e4649b934ca495991b7852b855,fad38ae4cee1bd744751bfb0ca3a75545fb1a759045ad4e6c01d3b230936bb19,24,2.0,0.1,2.3000000000000003,1.0,11.023176380641605,SUCCESS,SUCCESS,4.951202739413091e-12,5.5974021673386633e-11,5.911192646479435e-10,0.8004838240547756,4.786406220984613e-16,1.2913446125741465e-17,26,2459,4.814950166008202,True,True,SUCCESS,data/raw/branch_audit/branch_audit_branch_trial_acc646a507ee,4.0299657757551284e-16,8.057714953768181e-18,0.12645728740884515,0.9166666666666666,0.20033350003968847,0.9999999999999969,1.0011285622592353e-15,2.4283883068531717e-16,0.016788645669960352,1e-30,True,0.6086040059686575,0.08417007803318888,-1.4017258982064236,0.7296550508285704,3.66903576886592e-16,1.0000000000000002,4.339924801139305e-17,0.36482752541428504,24.0,0.0,1.0000000000001976,0.035483939057174944,0.030164327161456943,0.09879368732287394,0.19603481267126593,direct_obc,14.0,,,,,,,,,,,,,,,,,,,,,,,,,,,
branch_audit_branch_trial_aebac00aadf7,branch_audit,branch_trial,fad38ae4cee1bd744751bfb0ca3a75545fb1a759045ad4e6c01d3b230936bb19,dd7df74cc39d8e3e42ab1c4169c16fdc190b787e,False,e3b0c44298fc1c149afbf4c8996fb92427ae41e4649b934ca495991b7852b855,fad38ae4cee1bd744751bfb0ca3a75545fb1a759045ad4e6c01d3b230936bb19,24,2.0,0.1,2.3000000000000003,1e-12,1.1023176380641605e-11,SUCCESS,SUCCESS,8.036162828775455e-11,2.6379074527676884e-11,3.905420431493667e-11,0.9999999999999997,3.160719128187713e-27,1.6071050816268885e-29,1,3,0.005440041990368627,True,True,SUCCESS,data/raw/branch_audit/branch_audit_branch_trial_aebac00aadf7,3.8086211736898446e-16,-2.638275031416461e-29,0.12415580290864105,0.0,1.9744885619374563e-29,0.08882841196745922,0.91478779607263,1.7551889559598145e-28,1.0000000000000113,1e-30,True,1.3029164084169235e-14,0.01912074011730036,-1.3743468849439684,0.7184264411169082,5.688816437053649e-16,2.727550064136173,5.315566646508771e-32,0.359213220558454,24.0,0.0,9.974182454814354,1.4847245576312196e-11,8.275866234670063e-12,2.5417782185483953e-11,5.3373547216527215e-11,direct_obc,0.0,,,,,,,,,,,,,,,,,,,,,,,,,,,
branch_audit_branch_trial_b12de13fc51a,branch_audit,branch_trial,fad38ae4cee1bd744751bfb0ca3a75545fb1a759045ad4e6c01d3b230936bb19,dd7df74cc39d8e3e42ab1c4169c16fdc190b787e,False,e3b0c44298fc1c149afbf4c8996fb92427ae41e4649b934ca495991b7852b855,fad38ae4cee1bd744751bfb0ca3a75545fb1a759045ad4e6c01d3b230936bb19,24,2.0,0.05,1.1500000000000001,5.179474679231202e-05,0.0001719646153340097,SUCCESS,SUCCESS,8.689544385244333e-11,6.267629924616282e-11,1.044584418963268e-10,0.9999999998618786,3.946451475769864e-26,2.91140663021831e-28,14,1778,3.1522277500043856,True,True,SUCCESS,data/raw/branch_audit/branch_audit_branch_trial_b12de13fc51a,3.449310213230409e-16,-3.886770545889059e-28,0.12415597992062173,0.0,6.193947797440172e-28,0.4634072062481582,0.6055357987216408,7.694551127462754e-27,1.0000031536995617,1e-30,True,1.1344208042006568e-06,0.01914017711421745,-1.374346432991076,0.718426117282822,4.0971737743765263e-16,1.3134290875446077,2.792598419361492e-33,0.35921305864141073,24.0,0.0,3.1581906763200625,1.4292814950299925e-06,1.4221215493089218e-06,1.44549064108941e-06,1.3878320609016593e-06,direct_obc,9.0,,,,,,,,,,,,,,,,,,,,,,,,,,,
branch_audit_branch_trial_b21006c6de79,branch_audit,branch_trial,fad38ae4cee1bd744751bfb0ca3a75545fb1a759045ad4e6c01d3b230936bb19,dd7df74cc39d8e3e42ab1c4169c16fdc190b787e,False,e3b0c44298fc1c149afbf4c8996fb92427ae41e4649b934ca495991b7852b855,fad38ae4cee1bd744751bfb0ca3a75545fb1a759045ad4e6c01d3b230936bb19,24,2.0,0.05,1.1500000000000001,1e-06,3.320116922736548e-06,SUCCESS,SUCCESS,8.687915953790207e-11,7.450812235886485e-11,7.175015026561482e-10,0.9999999999999508,3.879512968694967e-27,1.9465422096170402e-29,12,1384,2.4263176250096876,True,True,SUCCESS,data/raw/branch_audit/branch_audit_branch_trial_b21006c6de79,3.685750718219979e-16,7.427863019947942e-29,0.12415580624645661,0.0,5.492863373761828e-29,0.46340858679956937,0.6055347341317107,6.238764389292322e-28,1.0000000592157015,1e-30,True,2.1454251638279906e-08,0.019121111523088485,-1.3743468748856074,0.7184264352107568,3.752524496404854e-16,1.3134272454467775,1.7333369499485123e-33,0.3592132176053773,24.0,0.0,3.1581928643977455,2.736819872919976e-08,2.7170349598398287e-08,2.777825773271823e-08,2.672821805935181e-08,direct_obc,7.0,,,,,,,,,,,,,,,,,,,,,,,,,,,
branch_audit_branch_trial_b6019c7ed7ca,branch_audit,branch_trial,fad38ae4cee1bd744751bfb0ca3a75545fb1a759045ad4e6c01d3b230936bb19,dd7df74cc39d8e3e42ab1c4169c16fdc190b787e,False,e3b0c44298fc1c149afbf4c8996fb92427ae41e4649b934ca495991b7852b855,fad38ae4cee1bd744751bfb0ca3a75545fb1a759045ad4e6c01d3b230936bb19,24,2.0,0.1,2.3000000000000003,5.179474679231202e-05,0.0005709426294823265,SUCCESS,SUCCESS,7.421420824227323e-11,8.004075976107843e-11,1.684941075552615e-11,0.9999999997452695,1.1409914651281609e-25,4.668899396000137e-28,14,1939,3.463811917012208,True,True,SUCCESS,data/raw/branch_audit/branch_audit_branch_trial_b6019c7ed7ca,3.617797783048027e-16,-5.229543271119756e-27,0.12415634661120695,0.0,4.2189546010314196e-27,0.08882714451556534,0.9147889647441502,1.875590716952888e-26,1.0000150934915162,1e-30,True,2.785367786321152e-06,0.019180391515213113,-1.3743454982252183,0.7184254719743339,4.54884859804743e-16,2.7275722874357666,4.930380657631324e-32,0.35921273598716685,24.0,0.0,9.974159146653788,4.3888370729982495e-06,4.3650424142417225e-06,4.440593214731762e-06,4.2736134026969965e-06,direct_obc,9.0,,,,,,,,,,,,,,,,,,,,,,,,,,,
branch_audit_branch_trial_b93556b72515,branch_audit,branch_trial,fad38ae4cee1bd744751bfb0ca3a75545fb1a759045ad4e6c01d3b230936bb19,dd7df74cc39d8e3e42ab1c4169c16fdc190b787e,False,e3b0c44298fc1c149afbf4c8996fb92427ae41e4649b934ca495991b7852b855,fad38ae4cee1bd744751bfb0ca3a75545fb1a759045ad4e6c01d3b230936bb19,40,2.0,0.05,1.9500000000000002,7.1968567300115285e-12,5.317797811402178e-11,SUCCESS,SUCCESS,7.078854388380988e-11,2.95163415868585e-11,8.39145863906765e-10,0.9999999999999993,2.043704663165017e-17,8.76311467327563e-19,1,3,0.022742000001017004,True,True,SUCCESS,data/raw/branch_audit/branch_audit_branch_trial_b93556b72515,4.1839290551638376e-16,-2.058197726610064e-18,0.12616890281238785,0.0,4.346348995036105e-16,0.1581885912586913,0.8525458846391905,2.3463319093233038e-17,0.9999999999864544,1e-30,True,1.9627239225950642e-12,0.0018191756871570597,-1.3855207939585132,0.7211747383860081,5.800052196480548e-16,2.3590274999654914,1.9746174533813452e-29,0.36058736919300327,40.0,0.0,7.02868758057886,2.313946910251649e-11,1.987486701382259e-11,3.084795047118118e-11,1.0078300621676965e-10,direct_obc,1.0,,,,,,,,,,,,,,,,,,,,,,,,,,,
branch_audit_branch_trial_c094e0d9af33,branch_audit,branch_trial,fad38ae4cee1bd744751bfb0ca3a75545fb1a759045ad4e6c01d3b230936bb19,dd7df74cc39d8e3e42ab1c4169c16fdc190b787e,False,e3b0c44298fc1c149afbf4c8996fb92427ae41e4649b934ca495991b7852b855,fad38ae4cee1bd744751bfb0ca3a75545fb1a759045ad4e6c01d3b230936bb19,40,2.0,0.1,3.9000000000000004,2.6826957952797275e-09,1.4647022752396777e-07,SUCCESS,SUCCESS,4.059566569163035e-11,1.7800668639453715e-11,4.014349963554764e-10,0.9999999999999991,2.7192858677108098e-17,1.9295906386498816e-18,1,3,0.022753334007575177,True,True,SUCCESS,data/raw/branch_audit/branch_audit_branch_trial_c094e0d9af33,4.096484599208204e-16,-3.83890643347423e-18,0.12616890277466739,0.0,4.440892592678651e-16,0.006182803085038535,0.9938361928114016,1.518878813331832e-17,0.9999999999969598,1e-30,True,5.204419553133298e-12,0.0018191834148209018,-1.3855207930946145,0.7211747362549137,6.037691619767432e-16,12.746726519788458,2.070759876205156e-30,0.36058736812745684,40.0,0.0,49.40244891745934,3.0061165334814146e-11,1.9071624033812444e-11,4.449180069798653e-11,1.6704299111841918e-10,direct_obc,4.0,,,,,,,,,,,,,,,,,,,,,,,,,,,
branch_audit_branch_trial_c1e0e55c2770,branch_audit,branch_trial,fad38ae4cee1bd744751bfb0ca3a75545fb1a759045ad4e6c01d3b230936bb19,dd7df74cc39d8e3e42ab1c4169c16fdc190b787e,False,e3b0c44298fc1c149afbf4c8996fb92427ae41e4649b934ca495991b7852b855,fad38ae4cee1bd744751bfb0ca3a75545fb1a759045ad4e6c01d3b230936bb19,40,2.0,0.1,3.9000000000000004,7.196856730011514e-06,0.00039293506351221243,SUCCESS,SUCCESS,8.567270447926104e-11,7.69366442422259e-11,7.584333161503309e-10,0.999999999994579,5.920395840613576e-17,1.9118697118501356e-19,13,2193,16.288562500005355,True,True,SUCCESS,data/raw/branch_audit/branch_audit_branch_trial_c1e0e55c2770,4.517592974753196e-16,2.3212419175254478e-18,0.12616892849824082,0.0,3.9810367856969704e-16,0.0061827987118962075,0.9938361971577551,1.0650633409455269e-17,1.0000006465977513,1e-30,True,4.795457272184295e-08,0.001846513384784254,-1.3855208101844583,0.7211704883192234,6.479777844586052e-16,12.746732522339311,8.150535524646782e-31,0.3605852441596115,40.0,0.0,49.401969531189,2.0387225721849818e-07,2.0422004110599291e-07,2.055799009602621e-07,2.1840758229137695e-07,direct_obc,8.0,,,,,,,,,,,,,,,,,,,,,,,,,,,
branch_audit_branch_trial_c2c34bb167aa,branch_audit,branch_trial,fad38ae4cee1bd744751bfb0ca3a75545fb1a759045ad4e6c01d3b230936bb19,dd7df74cc39d8e3e42ab1c4169c16fdc190b787e,False,e3b0c44298fc1c149afbf4c8996fb92427ae41e4649b934ca495991b7852b855,fad38ae4cee1bd744751bfb0ca3a75545fb1a759045ad4e6c01d3b230936bb19,20,2.0,0.1,1.9000000000000001,5.179474679231202e-11,3.8271428967830186e-10,SUCCESS,SUCCESS,6.215411695389032e-11,2.6216103048543915e-11,5.825908644396804e-10,0.9999999999999993,3.0379788524593647e-22,1.105576254517131e-24,1,3,0.0035523340047802776,True,True,SUCCESS,data/raw/branch_audit/branch_audit_branch_trial_c2c34bb167aa,3.3248160028119794e-16,2.4252692059627762e-24,0.12566888979419008,0.0,7.262945305687809e-24,0.16272417006286982,0.8485861260199768,2.934895765638863e-23,1.0000000000012965,1e-30,True,7.170727778113446e-13,0.007932655820916734,-1.367933109632757,0.7617875007877655,4.136442852023616e-16,1.9535422895791568,4.5451946687538766e-32,0.3808937503938825,20.0,0.0,6.685894442181594,7.644498530432511e-11,6.006238294129712e-11,9.363912172345179e-11,1.6313935250427e-10,direct_obc,2.0,,,,,,,,,,,,,,,,,,,,,,,,,,,
branch_audit_branch_trial_c6b371635fec,branch_audit,branch_trial,fad38ae4cee1bd744751bfb0ca3a75545fb1a759045ad4e6c01d3b230936bb19,dd7df74cc39d8e3e42ab1c4169c16fdc190b787e,False,e3b0c44298fc1c149afbf4c8996fb92427ae41e4649b934ca495991b7852b855,fad38ae4cee1bd744751bfb0ca3a75545fb1a759045ad4e6c01d3b230936bb19,40,2.0,0.1,3.9000000000000004,1e-06,5.4598150033144235e-05,SUCCESS,SUCCESS,9.689002245829765e-11,6.463776124464532e-12,2.6301938405026704e-10,0.9999999999998959,7.444805745652713e-18,9.694661058770723e-19,14,1993,15.109142625005916,True,True,SUCCESS,data/raw/branch_audit/branch_audit_branch_trial_c6b371635fec,4.3803249241813816e-16,1.290112362032798e-18,0.126168906343473,0.0,4.440810181008183e-16,0.006182802150271278,0.9938361937404429,1.1025962872801203e-17,1.000000148427035,1e-30,True,1.0476329642487454e-08,0.0018229722148659366,-1.3855207955360207,0.7211741448749358,6.820164776071902e-16,12.746727693565235,7.105427357601002e-15,0.36058707243746696,40.0,0.0,49.40237959473509,2.827246989402013e-08,2.831957473484349e-08,2.8414337948160297e-08,2.8830588011517854e-08,direct_obc,7.0,,,,,,,,,,,,,,,,,,,,,,,,,,,
branch_audit_branch_trial_ca35fedf50de,branch_audit,branch_trial,fad38ae4cee1bd744751bfb0ca3a75545fb1a759045ad4e6c01d3b230936bb19,dd7df74cc39d8e3e42ab1c4169c16fdc190b787e,False,e3b0c44298fc1c149afbf4c8996fb92427ae41e4649b934ca495991b7852b855,fad38ae4cee1bd744751bfb0ca3a75545fb1a759045ad4e6c01d3b230936bb19,40,2.0,0.1,3.9000000000000004,5.179474679231202e-05,0.002827897356295368,SUCCESS,SUCCESS,8.497596955003965e-11,6.538089259690564e-11,1.662399107260626e-10,0.9999999997143347,3.75221042484094e-17,1.273893208822841e-19,13,2843,21.20632879200275,True,True,SUCCESS,data/raw/branch_audit/branch_audit_branch_trial_ca35fedf50de,4.3151211285820714e-16,-4.568198656401101e-19,0.12616908919778497,0.0,5.181991589209739e-16,0.006182916255442966,0.9938360803342644,1.3848612582442049e-17,0.9999793543360822,1e-30,True,2.0022979625473682e-06,0.0020160143917939966,-1.3855209322547708,0.7211451114961562,6.423987405198155e-16,12.746620327347618,1.495137934426699e-29,0.3605725557480774,40.0,0.0,49.40006682148526,1.4778469441468887e-06,1.478887203339589e-06,1.5207351438393243e-06,2.293456268407494e-06,direct_obc,9.0,,,,,,,,,,,,,,,,,,,,,,,,,,,
branch_audit_branch_trial_cc4d52430390,branch_audit,branch_trial,fad38ae4cee1bd744751bfb0ca3a75545fb1a759045ad4e6c01d3b230936bb19,dd7df74cc39d8e3e42ab1c4169c16fdc190b787e,False,e3b0c44298fc1c149afbf4c8996fb92427ae41e4649b934ca495991b7852b855,fad38ae4cee1bd744751bfb0ca3a75545fb1a759045ad4e6c01d3b230936bb19,24,2.0,0.05,1.1500000000000001,0.019306977288832457,0.06410142202354284,SUCCESS,SUCCESS,8.527038897454198e-11,8.419312906963546e-11,6.666867058413573e-11,0.9999804750935063,1.1966235597232897e-24,2.0945076184586285e-25,20,6041,11.009606249994249,True,True,SUCCESS,data/raw/branch_audit/branch_audit_branch_trial_cc4d52430390,4.204474911181302e-16,-2.425635974615304e-24,0.12422939552636686,0.0,3.323892233178927e-24,0.465466782376719,0.6039477394218385,3.338132144285135e-23,0.9951760492096356,1e-30,True,0.0016651123247559485,0.0233700047657176,-1.3741895526532488,0.7186913669795569,4.2523206326609407e-16,1.3115258323127332,1.925929944387236e-33,0.35934568348977836,24.0,0.0,3.1756258715886125,0.000595974684283586,0.0005578815365853458,0.0006562331887949597,0.001157773887703106,direct_obc,12.0,,,,,,,,,,,,,,,,,,,,,,,,,,,
branch_audit_branch_trial_cc79203a121e,branch_audit,branch_trial,fad38ae4cee1bd744751bfb0ca3a75545fb1a759045ad4e6c01d3b230936bb19,dd7df74cc39d8e3e42ab1c4169c16fdc190b787e,False,e3b0c44298fc1c149afbf4c8996fb92427ae41e4649b934ca495991b7852b855,fad38ae4cee1bd744751bfb0ca3a75545fb1a759045ad4e6c01d3b230936bb19,20,2.0,0.1,1.9000000000000001,2.6826957952797275e-09,1.9822589727687282e-08,SUCCESS,SUCCESS,7.084512514316347e-11,2.381759486401611e-11,5.987295104148416e-10,0.9999999999999996,1.3305640806426283e-24,2.0152907726760348e-25,1,6,0.007148624994442798,True,True,SUCCESS,data/raw/branch_audit/branch_audit_branch_trial_cc79203a121e,3.0768985749095187e-16,2.1529010939159416e-24,0.12566888983032407,0.0,5.8671497659627596e-24,0.1627241700573633,0.8485861260247775,2.69119100607826e-23,1.00000000014657,1e-30,True,6.673403221092011e-11,0.007932656098870727,-1.367933109632757,0.7617874999869487,4.1800745942455114e-16,1.9535422900533066,4.6992690643048555e-32,0.3808937499934734,20.0,0.0,6.68589443714155,3.3160421376022313e-10,2.9541202067253756e-10,3.071262366063451e-10,3.073471475854406e-10,direct_obc,4.0,,,,,,,,,,,,,,,,,,,,,,,,,,,
branch_audit_branch_trial_d49881538a16,branch_audit,branch_trial,fad38ae4cee1bd744751bfb0ca3a75545fb1a759045ad4e6c01d3b230936bb19,dd7df74cc39d8e3e42ab1c4169c16fdc190b787e,False,e3b0c44298fc1c149afbf4c8996fb92427ae41e4649b934ca495991b7852b855,fad38ae4cee1bd744751bfb0ca3a75545fb1a759045ad4e6c01d3b230936bb19,40,2.0,0.05,1.9500000000000002,5.179474679231202e-11,3.8271428967830186e-10,SUCCESS,SUCCESS,6.355786153677465e-11,2.5685693966338696e-11,8.409004603748826e-10,0.9999999999999996,1.8709500743031394e-17,1.2817303503808623e-18,1,3,0.022806915992987342,True,True,SUCCESS,data/raw/branch_audit/branch_audit_branch_trial_d49881538a16,4.0952927129504687e-16,1.0547323931407756e-18,0.12616890281319015,0.0,8.876001441466366e-16,0.15818859125339754,0.8525458846438195,2.7156638875583514e-17,0.9999999999865865,1e-30,True,1.9425122215053296e-12,0.0018191757142516085,-1.3855207939585132,0.7211747383887326,6.12185669266964e-16,2.359027499995752,3.4451034845198875e-30,0.3605873691943659,40.0,0.0,7.028687580519731,3.194209603241462e-11,2.7192226923041828e-11,4.282393484556732e-11,1.4316624399645464e-10,direct_obc,2.0,,,,,,,,,,,,,,,,,,,,,,,,,,,
branch_audit_branch_trial_d8ffdd1fc712,branch_audit,branch_trial,fad38ae4cee1bd744751bfb0ca3a75545fb1a759045ad4e6c01d3b230936bb19,dd7df74cc39d8e3e42ab1c4169c16fdc190b787e,False,e3b0c44298fc1c149afbf4c8996fb92427ae41e4649b934ca495991b7852b855,fad38ae4cee1bd744751bfb0ca3a75545fb1a759045ad4e6c01d3b230936bb19,24,2.0,0.05,1.1500000000000001,0.1389495494373136,0.4613287504934435,SUCCESS,SUCCESS,5.834930609534743e-11,7.626437580277028e-11,2.3433988083354507e-10,0.9977345563915434,1.8112693132332532e-17,7.584505403294571e-19,21,7410,13.872978083993075,True,True,SUCCESS,data/raw/branch_audit/branch_audit_branch_trial_d8ffdd1fc712,5.115234571443456e-16,-1.3547596073218397e-18,0.12487255312384848,0.0,1.3744939722355832e-16,0.5677351326976666,0.5250958962616795,5.586632926884216e-18,0.7840403808492318,1e-30,True,0.07736617007842568,0.0027918796297619064,-1.3738746739680745,0.7547470798924044,5.775970878061564e-16,1.2237216988971193,4.460453751200838e-30,0.37737353994620176,24.0,0.0,8.600175611900188,0.0062908977049340505,0.004805331495575521,0.010003178628107972,0.03610339748741691,direct_obc,13.0,,,,,,,,,,,,,,,,,,,,,,,,,,,
branch_audit_branch_trial_dad49259acdf,branch_audit,branch_trial,fad38ae4cee1bd744751bfb0ca3a75545fb1a759045ad4e6c01d3b230936bb19,dd7df74cc39d8e3e42ab1c4169c16fdc190b787e,False,e3b0c44298fc1c149afbf4c8996fb92427ae41e4649b934ca495991b7852b855,fad38ae4cee1bd744751bfb0ca3a75545fb1a759045ad4e6c01d3b230936bb19,24,2.0,0.1,2.3000000000000003,1.389495494373136e-07,1.5316653914581883e-06,SUCCESS,SUCCESS,7.265403816144176e-11,8.172407486093054e-11,6.179513567516892e-10,0.9999999999999989,6.333428325837202e-27,4.09093199253774e-30,13,1413,2.4765322910097893,True,True,SUCCESS,data/raw/branch_audit/branch_audit_branch_trial_dad49259acdf,3.6203341211317236e-16,7.850415279376068e-29,0.1241558043050991,0.0,6.593203455329139e-29,0.08882840871723462,0.9147877990695427,4.924104354559565e-28,1.0000000389750834,1e-30,True,7.421914972284126e-09,0.019120896799518672,-1.374346880061156,0.7184264387664216,4.4549985858732965e-16,2.727550120821706,3.004450713244088e-32,0.3592132193832106,24.0,0.0,9.974182383160265,1.1314855259435838e-08,1.1226746831256815e-08,1.1557560076169799e-08,1.085603623403e-08,direct_obc,6.0,,,,,,,,,,,,,,,,,,,,,,,,,,,
branch_audit_branch_trial_e1330311af14,branch_audit,branch_trial,fad38ae4cee1bd744751bfb0ca3a75545fb1a759045ad4e6c01d3b230936bb19,dd7df74cc39d8e3e42ab1c4169c16fdc190b787e,False,e3b0c44298fc1c149afbf4c8996fb92427ae41e4649b934ca495991b7852b855,fad38ae4cee1bd744751bfb0ca3a75545fb1a759045ad4e6c01d3b230936bb19,24,2.0,0.1,2.3000000000000003,0.0003727593720314938,0.004108992305440359,SUCCESS,SUCCESS,8.644487589120242e-11,2.8127853635975658e-11,3.112836655105866e-10,0.9999999869937695,2.3398138301800083e-27,8.372980433223508e-31,13,2371,4.271559290995356,True,True,SUCCESS,data/raw/branch_audit/branch_audit_branch_trial_e1330311af14,3.731790962612892e-16,-9.5284693977923e-29,0.12415974292038118,0.0,3.825489634657025e-29,0.08882162011740467,0.9147940586060971,5.47290490077724e-28,1.0000789581408538,1e-30,True,1.670738086579244e-05,0.019549929295112678,-1.374336910345495,0.7184209417584596,3.9757352461441576e-16,2.727678587176265,7.164459393120517e-32,0.3592104708792291,24.0,0.0,9.974179254521589,3.179848490888637e-05,3.1506286604489456e-05,3.229431182509841e-05,3.189681185779142e-05,direct_obc,10.0,,,,,,,,,,,,,,,,,,,,,,,,,,,
branch_audit_branch_trial_e28f7db03823,branch_audit,branch_trial,fad38ae4cee1bd744751bfb0ca3a75545fb1a759045ad4e6c01d3b230936bb19,dd7df74cc39d8e3e42ab1c4169c16fdc190b787e,False,e3b0c44298fc1c149afbf4c8996fb92427ae41e4649b934ca495991b7852b855,fad38ae4cee1bd744751bfb0ca3a75545fb1a759045ad4e6c01d3b230936bb19,40,2.0,0.1,3.9000000000000004,0.1389495494373136,7.586388347216241,SUCCESS,SUCCESS,8.369297208213535e-11,6.31678865694855e-11,6.123552775960661e-10,0.8083742163534776,3.2773429486139277e-16,3.5534824081807796e-18,22,11090,104.04321120900568,True,True,SUCCESS,data/raw/branch_audit/branch_audit_branch_trial_e28f7db03823,5.747261834896405e-16,-5.4869408653391274e-17,0.1255372594412843,0.95,0.13760115838039483,0.22244996838250256,0.7975329314979102,1.597412544538919e-16,0.015054556597757776,1e-30,True,0.3176694012274653,0.018221058623643538,-1.3874751874320426,0.7361416812729937,8.384972671683475e-16,2.0782169217270043,1.2809858532790402e-16,0.36807084063649503,40.0,0.0,16.13579730202527,0.005868254960702719,0.00517851805991347,0.009785560364051092,0.13415693524158373,direct_obc,13.0,,,,,,,,,,,,,,,,,,,,,,,,,,,
branch_audit_branch_trial_e9b7adec2f28,branch_audit,branch_trial,fad38ae4cee1bd744751bfb0ca3a75545fb1a759045ad4e6c01d3b230936bb19,dd7df74cc39d8e3e42ab1c4169c16fdc190b787e,False,e3b0c44298fc1c149afbf4c8996fb92427ae41e4649b934ca495991b7852b855,fad38ae4cee1bd744751bfb0ca3a75545fb1a759045ad4e6c01d3b230936bb19,40,2.0,0.05,1.9500000000000002,3.727593720314938e-10,2.7543399113428686e-09,SUCCESS,SUCCESS,5.7172515083070724e-11,2.2352315917972113e-11,8.423777231314489e-10,0.9999999999999993,2.378694503281056e-17,5.0349864818619954e-20,1,3,0.022720458000549115,True,True,SUCCESS,data/raw/branch_audit/branch_audit_branch_trial_e9b7adec2f28,4.1139423473340386e-16,1.4321510521779073e-18,0.1261689028138667,0.0,8.840199136614843e-16,0.15818859124858697,0.8525458846480259,2.352393756440785e-17,0.9999999999867946,1e-30,True,1.9079925751670405e-12,0.0018191758852275086,-1.3855207939585132,0.721174738367692,5.555047290015451e-16,2.3590275000243364,2.859004483843964e-29,0.36058736918384493,40.0,0.0,7.028687580094282,3.948332110855937e-11,3.3395902911758895e-11,5.314006926549995e-11,1.810766917438892e-10,direct_obc,3.0,,,,,,,,,,,,,,,,,,,,,,,,,,,
branch_audit_branch_trial_eb72efc0aa4e,branch_audit,branch_trial,fad38ae4cee1bd744751bfb0ca3a75545fb1a759045ad4e6c01d3b230936bb19,dd7df74cc39d8e3e42ab1c4169c16fdc190b787e,False,e3b0c44298fc1c149afbf4c8996fb92427ae41e4649b934ca495991b7852b855,fad38ae4cee1bd744751bfb0ca3a75545fb1a759045ad4e6c01d3b230936bb19,40,2.0,0.1,3.9000000000000004,0.019306977288832457,1.0541252427021828,SUCCESS,SUCCESS,8.85823291890372e-11,4.8701232818370704e-11,3.027240680353316e-10,0.9711044537090364,1.1943883223765527e-16,3.1262134773334993e-18,19,6414,57.03075679199537,True,True,SUCCESS,data/raw/branch_audit/branch_audit_branch_trial_eb72efc0aa4e,6.90012074605661e-16,3.946158292153032e-18,0.12616315674634832,0.45,0.049886492121015494,0.019282737287973802,0.9808996406597851,4.772227585321219e-17,0.2840019678525903,1e-30,True,0.09910760507452115,0.018310054282021593,-1.38572914588642,0.732949232990739,1.6882837277745958e-15,7.185358137297954,2.8513117376070563e-16,0.36647461649536883,40.0,0.0,88.41626759057421,0.0009011282315738166,0.0004342469130915951,0.0035328573300851323,0.048500936821435976,direct_obc,12.0,,,,,,,,,,,,,,,,,,,,,,,,,,,
branch_audit_branch_trial_ee125b59d3f9,branch_audit,branch_trial,fad38ae4cee1bd744751bfb0ca3a75545fb1a759045ad4e6c01d3b230936bb19,dd7df74cc39d8e3e42ab1c4169c16fdc190b787e,False,e3b0c44298fc1c149afbf4c8996fb92427ae41e4649b934ca495991b7852b855,fad38ae4cee1bd744751bfb0ca3a75545fb1a759045ad4e6c01d3b230936bb19,40,2.0,0.05,1.9500000000000002,7.196856730011514e-06,5.317797811402167e-05,SUCCESS,SUCCESS,9.867309159665585e-11,6.63904506039636e-16,5.556317628219176e-10,0.9999999999965483,2.54203935928988e-17,8.011148846970224e-20,1,501,3.79712066600041,True,True,SUCCESS,data/raw/branch_audit/branch_audit_branch_trial_ee125b59d3f9,4.666918822692854e-16,9.16216620078908e-19,0.12616890623120863,0.0,2.2204222670807955e-16,0.15818857229516672,0.8525459012214103,2.161333302777969e-17,1.0000001183741976,1e-30,True,2.026538245804623e-08,0.0018229354256600327,-1.3855207939585132,0.7211741488195346,5.992140001267415e-16,2.3590276740741247,7.105427357601002e-15,0.3605870744097671,40.0,0.0,7.028678145518258,2.7114540344948484e-08,2.7142900156451424e-08,2.7244943496644354e-08,2.7753443020032865e-08,direct_obc,8.0,,,,,,,,,,,,,,,,,,,,,,,,,,,
branch_audit_branch_trial_f0228b606bc6,branch_audit,branch_trial,fad38ae4cee1bd744751bfb0ca3a75545fb1a759045ad4e6c01d3b230936bb19,dd7df74cc39d8e3e42ab1c4169c16fdc190b787e,False,e3b0c44298fc1c149afbf4c8996fb92427ae41e4649b934ca495991b7852b855,fad38ae4cee1bd744751bfb0ca3a75545fb1a759045ad4e6c01d3b230936bb19,40,2.0,0.05,1.9500000000000002,0.0003727593720314938,0.0027543399113428685,SUCCESS,SUCCESS,8.568213293774167e-11,8.142381066536818e-11,2.6740665237667827e-10,0.9999999907089505,1.5846856745023925e-17,2.244386698517747e-19,13,2765,20.63800983299734,True,True,SUCCESS,data/raw/branch_audit/branch_audit_branch_trial_f0228b606bc6,4.454873815845043e-16,1.8873162858901807e-18,0.12616908766138688,0.0,8.882687357048852e-16,0.15819095973645017,0.852543813579464,9.713606814963407e-18,0.9999838782534556,1e-30,True,3.052985694569484e-06,0.0020143448804854636,-1.3855209331186695,0.7211452826069527,6.339392231737635e-16,2.3590120335601985,1.3082456926233616e-29,0.3605726413034762,40.0,0.0,7.028428140455039,1.4653833931162877e-06,1.4666247825544934e-06,1.5060699154755837e-06,2.236745431047124e-06,direct_obc,10.0,,,,,,,,,,,,,,,,,,,,,,,,,,,
branch_audit_branch_trial_f6e08e136b26,branch_audit,branch_trial,fad38ae4cee1bd744751bfb0ca3a75545fb1a759045ad4e6c01d3b230936bb19,dd7df74cc39d8e3e42ab1c4169c16fdc190b787e,False,e3b0c44298fc1c149afbf4c8996fb92427ae41e4649b934ca495991b7852b855,fad38ae4cee1bd744751bfb0ca3a75545fb1a759045ad4e6c01d3b230936bb19,40,2.0,0.05,1.9500000000000002,1.389495494373136e-07,1.026706015713448e-06,SUCCESS,SUCCESS,8.597836143315505e-11,7.167691088640371e-12,8.246342497741921e-10,0.9999999999999993,3.129932559526562e-17,1.5453392217771642e-19,1,9,0.0687388749938691,True,True,SUCCESS,data/raw/branch_audit/branch_audit_branch_trial_f6e08e136b26,4.594129327020361e-16,6.388845729922783e-18,0.1261689028550394,0.0,6.661328683951228e-16,0.15818859120756887,0.8525458846838934,1.7763198999372153e-17,1.0000000001178078,1e-30,True,9.156795834266699e-11,0.0018192482983081515,-1.3855207939585132,0.7211747269564779,5.858519846753399e-16,2.3590275010052717,2.5268200870360534e-30,0.36058736347823755,40.0,0.0,7.028687396538765,3.584938334146191e-10,3.60321374175156e-10,3.738017774836117e-10,5.49043914117708e-10,direct_obc,6.0,,,,,,,,,,,,,,,,,,,,,,,,,,,
branch_audit_branch_trial_f84a900c46a8,branch_audit,branch_trial,fad38ae4cee1bd744751bfb0ca3a75545fb1a759045ad4e6c01d3b230936bb19,dd7df74cc39d8e3e42ab1c4169c16fdc190b787e,False,e3b0c44298fc1c149afbf4c8996fb92427ae41e4649b934ca495991b7852b855,fad38ae4cee1bd744751bfb0ca3a75545fb1a759045ad4e6c01d3b230936bb19,40,2.0,0.1,3.9000000000000004,1.389495494373136e-07,7.58638834721624e-06,SUCCESS,SUCCESS,9.88419865710426e-11,2.155541380146741e-14,1.986348863169951e-10,0.9999999999999987,1.8732066266436936e-17,2.7301447730755667e-19,1,114,0.869349875007174,True,True,SUCCESS,data/raw/branch_audit/branch_audit_branch_trial_f84a900c46a8,5.050411331784929e-16,7.585723341663538e-19,0.1261689032491878,0.0,8.819739301752479e-16,0.006182803021292785,0.9938361928747569,1.9555632622483436e-17,1.0000000104236573,1e-30,True,1.1298152078327505e-09,0.0018197001125486167,-1.3855207930946145,0.7211746551662448,7.05536829601258e-16,12.746726614443336,1.2079432611196743e-29,0.3605873275831208,40.0,0.0,49.40243938634649,3.748506191719424e-09,3.7465847138430946e-09,3.7497741367085315e-09,3.6723201990481166e-09,direct_obc,6.0,,,,,,,,,,,,,,,,,,,,,,,,,,,
branch_audit_branch_trial_faaaf22a49e0,branch_audit,branch_trial,fad38ae4cee1bd744751bfb0ca3a75545fb1a759045ad4e6c01d3b230936bb19,dd7df74cc39d8e3e42ab1c4169c16fdc190b787e,False,e3b0c44298fc1c149afbf4c8996fb92427ae41e4649b934ca495991b7852b855,fad38ae4cee1bd744751bfb0ca3a75545fb1a759045ad4e6c01d3b230936bb19,40,2.0,0.1,3.9000000000000004,1.9306977288832496e-08,1.0541252427021849e-06,SUCCESS,SUCCESS,7.349911867511771e-11,2.3040782101485175e-11,3.871187814752375e-10,0.9999999999999994,2.6049079407568485e-17,6.160052102798393e-19,1,4,0.030377500006579794,True,True,SUCCESS,data/raw/branch_audit/branch_audit_branch_trial_faaaf22a49e0,4.3999867610045667e-16,-4.235620405714571e-18,0.12616890279221257,0.0,4.041403944382882e-16,0.006182803084909957,0.9938361928115296,1.2985143588631203e-17,1.000000000068274,1e-30,True,4.9592355433505167e-11,0.001819246470343483,-1.3855207930946145,0.7211747262531578,7.936120090286988e-16,12.746726522967693,5.888723397958412e-30,0.3605873631265776,40.0,0.0,49.40244775238616,1.3004164118111924e-10,1.2352991846908886e-10,1.2842593865745642e-10,1.9795906330408187e-10,direct_obc,5.0,,,,,,,,,,,,,,,,,,,,,,,,,,,
branch_audit_branch_trial_fc9a38644b00,branch_audit,branch_trial,fad38ae4cee1bd744751bfb0ca3a75545fb1a759045ad4e6c01d3b230936bb19,dd7df74cc39d8e3e42ab1c4169c16fdc190b787e,False,e3b0c44298fc1c149afbf4c8996fb92427ae41e4649b934ca495991b7852b855,fad38ae4cee1bd744751bfb0ca3a75545fb1a759045ad4e6c01d3b230936bb19,24,2.0,0.05,1.1500000000000001,3.727593720314938e-10,1.2376046991904112e-09,SUCCESS,SUCCESS,5.965466002996229e-11,3.1235422169482225e-11,2.2554946799147046e-10,0.9999999999999996,2.8744477456960274e-27,1.243798459388492e-29,1,3,0.0053238750115269795,True,True,SUCCESS,data/raw/branch_audit/branch_audit_branch_trial_fc9a38644b00,3.363129413859241e-16,-2.1070842909412005e-28,0.12415580286768055,0.0,1.058183587341116e-28,0.4634086133736453,0.6055347136395427,7.834328344679059e-28,1.000000000000797,1e-30,True,1.3662579528695016e-12,0.019120739336663917,-1.3743468846512323,0.7184264410960538,3.8021469890042957e-16,1.3134272099161526,3.552713678800501e-15,0.3592132205480266,24.0,0.0,3.1581929096757575,1.0068566522614834e-10,6.655780737014592e-11,1.5113825411176804e-10,2.403977554483197e-10,direct_obc,3.0,,,,,,,,,,,,,,,,,,,,,,,,,,,
branch_audit_branch_trial_febae015e09c,branch_audit,branch_trial,fad38ae4cee1bd744751bfb0ca3a75545fb1a759045ad4e6c01d3b230936bb19,dd7df74cc39d8e3e42ab1c4169c16fdc190b787e,False,e3b0c44298fc1c149afbf4c8996fb92427ae41e4649b934ca495991b7852b855,fad38ae4cee1bd744751bfb0ca3a75545fb1a759045ad4e6c01d3b230936bb19,20,2.0,0.1,1.9000000000000001,0.0003727593720314938,0.0027543399113428685,SUCCESS,SUCCESS,9.091501271133603e-11,5.879384449789148e-11,8.568306064660192e-10,0.9999999873128321,8.083259556127029e-26,3.6721391552678516e-27,13,1967,2.3629148330073804,True,True,SUCCESS,data/raw/branch_audit/branch_audit_branch_trial_febae015e09c,3.179734080156499e-16,1.9559437490248268e-27,0.12568066192274469,0.0,1.641892595904628e-27,0.1626925612794575,0.8486136786594055,1.3907843947995273e-26,1.000190008216923,1e-30,True,3.2605470766006774e-05,0.007979540777674932,-1.3679371790881762,0.7617005591582852,4.571170948091214e-16,1.9537630291237154,3.851859888774472e-33,0.3808502795791422,20.0,0.0,6.685486823852717,9.358199005941574e-05,9.43813483125406e-05,9.456927221395633e-05,9.641577734318096e-05,direct_obc,10.0,,,,,,,,,,,,,,,,,,,,,,,,,,,
branch_audit_filling_audit_00477770b84b,branch_audit,filling_audit,fad38ae4cee1bd744751bfb0ca3a75545fb1a759045ad4e6c01d3b230936bb19,dd7df74cc39d8e3e42ab1c4169c16fdc190b787e,False,e3b0c44298fc1c149afbf4c8996fb92427ae41e4649b934ca495991b7852b855,fad38ae4cee1bd744751bfb0ca3a75545fb1a759045ad4e6c01d3b230936bb19,40,2.0,0.05,1.9500000000000002,1.0,7.38905609893065,SUCCESS,SUCCESS,7.8643104661468e-11,1.9389445530684556e-12,0.013099898016275091,0.9999999999999984,2.809986220152251e-16,8.374740256939242e-18,1,0,0.0,True,True,,data/raw/branch_audit/branch_audit_filling_audit_00477770b84b,5.918840709207437e-16,-5.691449211867379e-17,0.12505799335672393,0.95,0.10004167187531078,0.999999999999836,1.6499483636051559e-15,1.902252534201338e-16,0.036802241071057076,1e-30,True,0.5768390418513796,0.02859128058541128,-1.3787186165875358,0.7152257095346026,4.996897707000442e-16,1.0000000000000007,1.129885658579343e-15,0.35761285476730126,40.0,0.0,1.0000000000006157,,,,,,,3.0,pbc,3.7514293239289693e-16,0.9999999999999984,True,1.0,,,,,,,,,,,,,,,,,,,,,
branch_audit_filling_audit_0136ef575521,branch_audit,filling_audit,fad38ae4cee1bd744751bfb0ca3a75545fb1a759045ad4e6c01d3b230936bb19,dd7df74cc39d8e3e42ab1c4169c16fdc190b787e,False,e3b0c44298fc1c149afbf4c8996fb92427ae41e4649b934ca495991b7852b855,fad38ae4cee1bd744751bfb0ca3a75545fb1a759045ad4e6c01d3b230936bb19,40,2.0,0.1,3.9000000000000004,1.0,54.598150033144236,SUCCESS,SUCCESS,7.611415963255985e-11,1.856097361259727e-12,0.013025288948679048,0.9999999999999992,5.956215673400736e-16,4.849427555701296e-19,1,0,0.0,True,True,,data/raw/branch_audit/branch_audit_filling_audit_0136ef575521,5.975102642134546e-16,-7.572943768623266e-17,0.12327475802222887,0.95,0.20033350003968953,0.9999999999999866,3.2071857663123497e-15,3.438814189411602e-16,0.0006843884719341416,1e-30,True,0.689230734140252,0.039492822933855365,-1.381188924399614,0.7101544843299317,6.013565138353635e-16,1.0000000000000004,6.189133434314246e-16,0.3550772421649653,40.0,0.0,1.0000000000006168,,,,,,,3.0,pbc,5.956215673400736e-16,0.9999999999999977,True,1.0,,,,,,,,,,,,,,,,,,,,,
branch_audit_filling_audit_018e2edf9251,branch_audit,filling_audit,fad38ae4cee1bd744751bfb0ca3a75545fb1a759045ad4e6c01d3b230936bb19,dd7df74cc39d8e3e42ab1c4169c16fdc190b787e,False,e3b0c44298fc1c149afbf4c8996fb92427ae41e4649b934ca495991b7852b855,fad38ae4cee1bd744751bfb0ca3a75545fb1a759045ad4e6c01d3b230936bb19,40,2.0,0.05,1.9500000000000002,0.0,0.0,SUCCESS,SUCCESS,8.407660743134257e-11,1.7890523515799118e-11,0.026723919257768403,0.9999999999999999,1.9284171992387606e-17,1.171178309045352e-19,1,0,0.0,True,True,,data/raw/branch_audit/branch_audit_filling_audit_018e2edf9251,4.043776957888526e-16,-4.2531254164925635e-18,0.12896894178923904,0.0,1.3702101315156085e-15,0.15663349724936876,0.8539064438141666,1.5455534651948272e-17,0.9999999999958219,1e-30,True,5.942072310025416e-13,0.009084166092256929,-1.4355207939585133,0.7221318765047202,5.858020571314037e-16,2.393231211019749,6.810088283353266e-31,0.36106593825236,40.0,0.0,7.028687580589914,,,,,,,0.0,obc,4.181114987400092e-17,0.9999999999999996,True,1.0,,,,,,,,,,,,,,,,,,,,,
branch_audit_filling_audit_07b88932ccda,branch_audit,filling_audit,fad38ae4cee1bd744751bfb0ca3a75545fb1a759045ad4e6c01d3b230936bb19,dd7df74cc39d8e3e42ab1c4169c16fdc190b787e,False,e3b0c44298fc1c149afbf4c8996fb92427ae41e4649b934ca495991b7852b855,fad38ae4cee1bd744751bfb0ca3a75545fb1a759045ad4e6c01d3b230936bb19,40,2.0,0.05,1.9500000000000002,0.0,0.0,SUCCESS,SUCCESS,7.88185615423407e-11,3.3941026014978644e-11,8.406628726476129e-10,1.0000000000000007,2.4748937289428618e-17,1.1775904207004584e-19,1,0,0.0,True,True,,data/raw/branch_audit/branch_audit_filling_audit_07b88932ccda,4.2173828305681716e-16,7.172498637302834e-19,0.12616890281139717,0.0,8.837313549198066e-16,0.15818859126452003,0.8525458846340938,1.521681350612535e-17,0.9999999999863322,1e-30,True,1.9806615711773414e-12,0.001819175678939855,-1.3855207939585132,0.7211747383792081,5.893593369159111e-16,2.3590274999320093,1.639351568662415e-30,0.3605873691896019,40.0,0.0,7.0286875805883895,,,,,,,2.0,obc,4.181114987400092e-17,0.9999999999999996,True,1.0,,,,,,,,,,,,,,,,,,,,,
branch_audit_filling_audit_14f7553a9693,branch_audit,filling_audit,fad38ae4cee1bd744751bfb0ca3a75545fb1a759045ad4e6c01d3b230936bb19,dd7df74cc39d8e3e42ab1c4169c16fdc190b787e,False,e3b0c44298fc1c149afbf4c8996fb92427ae41e4649b934ca495991b7852b855,fad38ae4cee1bd744751bfb0ca3a75545fb1a759045ad4e6c01d3b230936bb19,40,2.0,0.05,1.9500000000000002,0.0,0.0,SUCCESS,SUCCESS,8.794986818019401e-11,1.90492583224804e-11,0.02611578455622121,0.9999999999999998,0.0,0.0,1,0,0.0,True,True,,data/raw/branch_audit/branch_audit_filling_audit_14f7553a9693,2.7545551539968133e-14,1.5401838771113756e-22,0.1236313381770646,0.0,0.0,0.15997259995048166,0.8509868726349302,1.4372461434684e-21,0.9999999999999997,1e-30,True,1.6444496237921744e-16,0.004393971461959856,-1.3355207939585132,0.7046953807342655,5.0288886158391725e-14,2.321277345012075,7.105427357601002e-15,0.3523476903671323,40.0,0.0,7.0286875805893105,,,,,,,4.0,obc,4.181114987400092e-17,0.9999999999999996,True,1.0,,,,,,,,,,,,,,,,,,,,,
branch_audit_filling_audit_17ce4b6a74af,branch_audit,filling_audit,fad38ae4cee1bd744751bfb0ca3a75545fb1a759045ad4e6c01d3b230936bb19,dd7df74cc39d8e3e42ab1c4169c16fdc190b787e,False,e3b0c44298fc1c149afbf4c8996fb92427ae41e4649b934ca495991b7852b855,fad38ae4cee1bd744751bfb0ca3a75545fb1a759045ad4e6c01d3b230936bb19,24,2.0,0.05,1.1500000000000001,0.0,0.0,SUCCESS,SUCCESS,8.389867298374362e-11,2.271111804092006e-11,0.026931117638661406,0.9999999999999999,0.0,0.0,1,0,0.0,True,True,,data/raw/branch_audit/branch_audit_filling_audit_17ce4b6a74af,9.760982642923259e-15,2.1992653761037096e-34,0.12785401901203486,0.0,0.0,0.4605565430974903,0.6077343410142187,1.9766811906986844e-33,0.9999999999999999,1e-30,True,1.5257721945455042e-16,0.0016068796678359032,-1.4243468846512324,0.724410967912851,1.4540946568885745e-14,1.3244509652362695,6.162975822031475e-33,0.36220548395642505,24.0,0.0,3.1581929096897685,,,,,,,0.0,obc,0.0,0.9999999999999996,True,1.0,,,,,,,,,,,,,,,,,,,,,
branch_audit_filling_audit_1aee80cb7630,branch_audit,filling_audit,fad38ae4cee1bd744751bfb0ca3a75545fb1a759045ad4e6c01d3b230936bb19,dd7df74cc39d8e3e42ab1c4169c16fdc190b787e,False,e3b0c44298fc1c149afbf4c8996fb92427ae41e4649b934ca495991b7852b855,fad38ae4cee1bd744751bfb0ca3a75545fb1a759045ad4e6c01d3b230936bb19,20,2.0,0.1,1.9000000000000001,1.0,7.38905609893065,SUCCESS,SUCCESS,7.969617334703722e-11,5.883454130073615e-12,0.03038668896575447,0.9999999999999996,4.3748082698851044e-16,1.7871608086941533e-17,1,0,0.0,True,True,,data/raw/branch_audit/branch_audit_filling_audit_1aee80cb7630,3.726288471952223e-16,-1.2489287046886685e-17,0.1259167625076256,0.9,0.20033350003968864,0.9999999999999106,8.796538242025717e-16,1.7729089479168124e-16,0.03735381786673613,1e-30,True,0.5749294793948683,0.0872827908419557,-1.3581559195193889,0.7338457224403344,4.0308788340145995e-16,1.0000000000000004,2.279717662061502e-16,0.3669228612201666,20.0,0.0,1.0000000000001856,,,,,,,4.0,pbc,4.514158332641575e-16,0.9999999999999988,True,1.0,,,,,,,,,,,,,,,,,,,,,
branch_audit_filling_audit_20c07041b957,branch_audit,filling_audit,fad38ae4cee1bd744751bfb0ca3a75545fb1a759045ad4e6c01d3b230936bb19,dd7df74cc39d8e3e42ab1c4169c16fdc190b787e,False,e3b0c44298fc1c149afbf4c8996fb92427ae41e4649b934ca495991b7852b855,fad38ae4cee1bd744751bfb0ca3a75545fb1a759045ad4e6c01d3b230936bb19,40,2.0,0.1,3.9000000000000004,1.0,54.598150033144236,SUCCESS,SUCCESS,7.45824491251137e-11,1.6394702165337885e-12,0.02585647520268841,0.9999999999999977,3.77231816685467e-16,5.254105163668746e-18,1,0,0.0,True,True,,data/raw/branch_audit/branch_audit_filling_audit_20c07041b957,5.781361043527338e-16,9.063477493632895e-17,0.12189143706287978,0.95,0.20033350003968947,0.9999999999999843,3.0603063210047024e-15,3.34497053896256e-16,0.0006843884719341408,1e-30,True,0.6892307341402519,0.03951851452498458,-1.3561889243996141,0.7214846896269391,5.231842020849847e-16,1.0000000000000004,1.8611246301753686e-16,0.3607423448134692,40.0,0.0,1.0000000000004796,,,,,,,4.0,pbc,5.956215673400736e-16,0.9999999999999977,True,1.0,,,,,,,,,,,,,,,,,,,,,
branch_audit_filling_audit_237e80c66feb,branch_audit,filling_audit,fad38ae4cee1bd744751bfb0ca3a75545fb1a759045ad4e6c01d3b230936bb19,dd7df74cc39d8e3e42ab1c4169c16fdc190b787e,False,e3b0c44298fc1c149afbf4c8996fb92427ae41e4649b934ca495991b7852b855,fad38ae4cee1bd744751bfb0ca3a75545fb1a759045ad4e6c01d3b230936bb19,20,2.0,0.1,1.9000000000000001,1.0,7.38905609893065,SUCCESS,SUCCESS,4.1091518139544537e-11,4.100939725002008e-11,5.126210567141243e-10,0.9999999999999997,2.765210246305184e-16,3.997209817143877e-17,1,0,0.0,True,True,,data/raw/branch_audit/branch_audit_filling_audit_237e80c66feb,3.8134980996144635e-16,-5.4068401417202484e-18,0.13176017288020858,0.9,0.20033350003968842,0.9999999999999121,9.774531629238204e-16,1.8413155468802702e-16,0.037353817866736305,1e-30,True,0.5749294793948678,0.04843309986148597,-1.408155919519389,0.7264390268672101,3.556740857376239e-16,1.0000000000000004,4.78807452219798e-16,0.3632195134336047,20.0,0.0,1.0000000000001328,,,,,,,2.0,pbc,4.514158332641575e-16,0.9999999999999988,True,1.0,,,,,,,,,,,,,,,,,,,,,
branch_audit_filling_audit_2aace22af439,branch_audit,filling_audit,fad38ae4cee1bd744751bfb0ca3a75545fb1a759045ad4e6c01d3b230936bb19,dd7df74cc39d8e3e42ab1c4169c16fdc190b787e,False,e3b0c44298fc1c149afbf4c8996fb92427ae41e4649b934ca495991b7852b855,fad38ae4cee1bd744751bfb0ca3a75545fb1a759045ad4e6c01d3b230936bb19,40,2.0,0.1,3.9000000000000004,0.0,0.0,SUCCESS,SUCCESS,8.822117508002954e-11,1.4403151651700281e-11,0.013128665375734205,0.9999999999999997,0.0,0.0,1,0,0.0,True,True,,data/raw/branch_audit/branch_audit_filling_audit_2aace22af439,3.4312950495321155e-14,7.018193727847823e-28,0.12487227680552278,0.0,0.0,0.006231798262962756,0.9937874989469861,8.494986417549812e-27,1.0000000000000002,1e-30,True,1.3013330881079783e-16,0.007796494146375288,-1.3605207930946146,0.7083136651477577,8.674749117574878e-14,12.581503250492577,3.341488453511854e-32,0.3541568325738784,40.0,0.0,49.40244910553038,,,,,,,3.0,obc,3.2101862051646816e-17,0.9999999999999996,True,1.0,,,,,,,,,,,,,,,,,,,,,
branch_audit_filling_audit_2c36d3ff2ffe,branch_audit,filling_audit,fad38ae4cee1bd744751bfb0ca3a75545fb1a759045ad4e6c01d3b230936bb19,dd7df74cc39d8e3e42ab1c4169c16fdc190b787e,False,e3b0c44298fc1c149afbf4c8996fb92427ae41e4649b934ca495991b7852b855,fad38ae4cee1bd744751bfb0ca3a75545fb1a759045ad4e6c01d3b230936bb19,40,2.0,0.05,1.9500000000000002,0.1389495494373136,1.026706015713448,SUCCESS,SUCCESS,9.740248150182043e-11,2.398136540479542e-12,0.026128286271787315,0.9999999999999991,1.2186860464476884e-16,1.062219529897854e-17,1,0,0.0,True,True,,data/raw/branch_audit/branch_audit_filling_audit_2c36d3ff2ffe,6.541135292761931e-16,-3.393727598727525e-19,0.12358743342672432,0.35,0.049922885242725805,0.3953213640955385,0.6583020240602971,6.506000959407072e-17,0.33577996833377455,1e-30,True,0.1847044578419779,0.018351202074269102,-1.33605461635253,0.7440500701080491,1.2428834765619591e-15,1.5136038629609643,5.802057424285926e-17,0.3720250350540239,40.0,0.0,15.479446099400242,,,,,,,4.0,middle,2.3735838502427386e-16,0.9999999999999991,True,1.0,,,,,,,,,,,,,,,,,,,,,
branch_audit_filling_audit_2fea88959fb4,branch_audit,filling_audit,fad38ae4cee1bd744751bfb0ca3a75545fb1a759045ad4e6c01d3b230936bb19,dd7df74cc39d8e3e42ab1c4169c16fdc190b787e,False,e3b0c44298fc1c149afbf4c8996fb92427ae41e4649b934ca495991b7852b855,fad38ae4cee1bd744751bfb0ca3a75545fb1a759045ad4e6c01d3b230936bb19,24,2.0,0.05,1.1500000000000001,0.1389495494373136,0.4613287504934435,SUCCESS,SUCCESS,4.996917202759196e-11,6.407827532689254e-11,2.666473708501371e-10,0.9999999999999989,1.7881364466491368e-17,1.533047679329062e-18,1,0,0.0,True,True,,data/raw/branch_audit/branch_audit_filling_audit_2fea88959fb4,4.902014443872876e-16,-6.251884280127833e-19,0.12487255312851882,0.0,1.73307248797782e-16,0.5677351326942848,0.5250958962643,8.089046207696718e-18,0.7840403808567529,1e-30,True,0.07736617007490286,0.002791879629909344,-1.3738746739680745,0.7547470798785969,5.827723088342764e-16,1.2237216989036226,3.552713678800501e-15,0.3773735399392978,24.0,0.0,8.600175600202038,,,,,,,2.0,middle,5.304787407976144e-17,0.9999999999999989,True,1.0,,,,,,,,,,,,,,,,,,,,,
branch_audit_filling_audit_3296b6e062e5,branch_audit,filling_audit,fad38ae4cee1bd744751bfb0ca3a75545fb1a759045ad4e6c01d3b230936bb19,dd7df74cc39d8e3e42ab1c4169c16fdc190b787e,False,e3b0c44298fc1c149afbf4c8996fb92427ae41e4649b934ca495991b7852b855,fad38ae4cee1bd744751bfb0ca3a75545fb1a759045ad4e6c01d3b230936bb19,24,2.0,0.1,2.3000000000000003,0.1389495494373136,1.5316653914581884,SUCCESS,SUCCESS,9.284660359814547e-11,7.284041251629066e-12,0.027062935033772217,0.9999999999999991,3.4026720165730103e-16,1.5016012678830104e-17,1,0,0.0,True,True,,data/raw/branch_audit/branch_audit_filling_audit_3296b6e062e5,5.088981756049912e-16,-4.355216763085845e-18,0.12354780315916494,0.5833333333333334,0.10561137676182976,0.2808167469558992,0.7493354590607396,2.229149087892606e-16,0.2391778371394292,1e-30,True,0.191789911904202,0.030943057363771898,-1.3236916309839255,0.7557228487250323,1.6507028059907607e-15,1.6589613245261152,1.8912404850603724e-16,0.3778614243625156,24.0,0.0,22.710811731249724,,,,,,,4.0,middle,3.4026720165730103e-16,0.9999999999999991,True,1.0,,,,,,,,,,,,,,,,,,,,,
branch_audit_filling_audit_3ef3dd978f45,branch_audit,filling_audit,fad38ae4cee1bd744751bfb0ca3a75545fb1a759045ad4e6c01d3b230936bb19,dd7df74cc39d8e3e42ab1c4169c16fdc190b787e,False,e3b0c44298fc1c149afbf4c8996fb92427ae41e4649b934ca495991b7852b855,fad38ae4cee1bd744751bfb0ca3a75545fb1a759045ad4e6c01d3b230936bb19,20,2.0,0.1,1.9000000000000001,1.0,7.38905609893065,SUCCESS,SUCCESS,7.172069931751923e-11,2.858645669460093e-13,0.031015698216292797,0.9999999999999996,3.1474508234602725e-16,4.6732751397952916e-17,1,0,0.0,True,True,,data/raw/branch_audit/branch_audit_filling_audit_3ef3dd978f45,3.4188873493742144e-16,2.5445924608264626e-17,0.13332456298314402,0.9,0.20033350003968894,0.9999999999999097,6.683092531856069e-16,2.5234311414099546e-16,0.03735381786673613,1e-30,True,0.5749294793948682,0.11301466889492086,-1.458155919519389,0.7428449881135555,3.9059386441459983e-16,1.0000000000000007,2.015844826607804e-16,0.3714224940567776,20.0,0.0,1.000000000000338,,,,,,,0.0,pbc,4.514158332641575e-16,0.9999999999999988,True,1.0,,,,,,,,,,,,,,,,,,,,,
branch_audit_filling_audit_40c4c4b55f26,branch_audit,filling_audit,fad38ae4cee1bd744751bfb0ca3a75545fb1a759045ad4e6c01d3b230936bb19,dd7df74cc39d8e3e42ab1c4169c16fdc190b787e,False,e3b0c44298fc1c149afbf4c8996fb92427ae41e4649b934ca495991b7852b855,fad38ae4cee1bd744751bfb0ca3a75545fb1a759045ad4e6c01d3b230936bb19,40,2.0,0.05,1.9500000000000002,1.0,7.38905609893065,SUCCESS,SUCCESS,5.958477517135455e-11,1.4200741318237644e-11,8.081980640284314e-10,0.9999999999999991,3.7514293239289693e-16,2.9566125175515216e-17,1,0,0.0,True,True,,data/raw/branch_audit/branch_audit_filling_audit_40c4c4b55f26,6.126745069619712e-16,3.603443535699654e-17,0.12649947812856915,0.95,0.10004167187531085,0.9999999999998284,3.584353008413803e-15,2.0548775201293243e-16,0.03680224107105709,1e-30,True,0.5768390418513781,0.013622136704379893,-1.403718616587536,0.7119750785789974,4.47055277366134e-16,1.0000000000000007,1.7080611383862696e-16,0.3559875392894972,40.0,0.0,1.0000000000006022,,,,,,,2.0,pbc,3.7514293239289693e-16,0.9999999999999984,True,1.0,,,,,,,,,,,,,,,,,,,,,
branch_audit_filling_audit_4500dbbf9830,branch_audit,filling_audit,fad38ae4cee1bd744751bfb0ca3a75545fb1a759045ad4e6c01d3b230936bb19,dd7df74cc39d8e3e42ab1c4169c16fdc190b787e,False,e3b0c44298fc1c149afbf4c8996fb92427ae41e4649b934ca495991b7852b855,fad38ae4cee1bd744751bfb0ca3a75545fb1a759045ad4e6c01d3b230936bb19,40,2.0,0.1,3.9000000000000004,0.0,0.0,SUCCESS,SUCCESS,7.879782147646229e-11,2.913883750011456e-11,4.05590228069741e-10,1.0000000000000009,3.2101862051646816e-17,2.5178121179201556e-19,1,0,0.0,True,True,,data/raw/branch_audit/branch_audit_filling_audit_4500dbbf9830,4.1700458163163733e-16,1.7224849800401746e-18,0.1261689027752398,0.0,2.2204580392491447e-16,0.006182803083910375,0.993836192812523,1.914968694608663e-17,0.9999999999887834,1e-30,True,4.86343963848373e-13,0.0018191732501291469,-1.3855207930946145,0.7211747378901716,6.3991789648397e-16,12.746726520314818,8.073498326871293e-30,0.3605873689450852,40.0,0.0,49.40244910552523,,,,,,,2.0,obc,3.2101862051646816e-17,0.9999999999999996,True,1.0,,,,,,,,,,,,,,,,,,,,,
branch_audit_filling_audit_475a4140ac02,branch_audit,filling_audit,fad38ae4cee1bd744751bfb0ca3a75545fb1a759045ad4e6c01d3b230936bb19,dd7df74cc39d8e3e42ab1c4169c16fdc190b787e,False,e3b0c44298fc1c149afbf4c8996fb92427ae41e4649b934ca495991b7852b855,fad38ae4cee1bd744751bfb0ca3a75545fb1a759045ad4e6c01d3b230936bb19,24,2.0,0.1,2.3000000000000003,0.1389495494373136,1.5316653914581884,SUCCESS,SUCCESS,9.357115053855689e-11,5.224332294930175e-12,0.026884691156891405,0.9999999999999992,2.6702337920537196e-16,7.26199330489876e-18,1,0,0.0,True,True,,data/raw/branch_audit/branch_audit_filling_audit_475a4140ac02,5.566866494277553e-16,-2.383134808189136e-17,0.12781643542488985,0.6666666666666666,0.09772685356712515,0.27838658914447595,0.751313504011991,1.6233515627185152e-16,0.24726237796793213,1e-30,True,0.18601041507164398,0.039253356615324,-1.4236916309839256,0.8226587217978512,1.005805267542579e-15,1.6828434217583892,3.576414890522694e-15,0.41132936089892536,24.0,0.0,24.840333564174873,,,,,,,0.0,middle,3.4026720165730103e-16,0.9999999999999991,True,1.0,,,,,,,,,,,,,,,,,,,,,
branch_audit_filling_audit_51409ad36b79,branch_audit,filling_audit,fad38ae4cee1bd744751bfb0ca3a75545fb1a759045ad4e6c01d3b230936bb19,dd7df74cc39d8e3e42ab1c4169c16fdc190b787e,False,e3b0c44298fc1c149afbf4c8996fb92427ae41e4649b934ca495991b7852b855,fad38ae4cee1bd744751bfb0ca3a75545fb1a759045ad4e6c01d3b230936bb19,24,2.0,0.05,1.1500000000000001,0.0,0.0,SUCCESS,SUCCESS,8.83729004677817e-11,2.4000643023887087e-11,0.026017002855979965,0.9999999999999996,0.0,0.0,1,0,0.0,True,True,,data/raw/branch_audit/branch_audit_filling_audit_51409ad36b79,3.723171919079023e-14,-4.112813897864179e-34,0.12090006034518559,0.0,0.0,0.46650687932847806,0.6031458716025796,1.920917204371185e-33,1.0,1e-30,True,1.2378341812581742e-16,0.0024091996095574886,-1.3243468846512323,0.7499944770411635,2.1973380299370098e-14,1.3012889401943262,7.703719777549105e-33,0.37499723852058153,24.0,0.0,3.158192909689785,,,,,,,4.0,obc,0.0,0.9999999999999996,True,1.0,,,,,,,,,,,,,,,,,,,,,
branch_audit_filling_audit_5168181d6218,branch_audit,filling_audit,fad38ae4cee1bd744751bfb0ca3a75545fb1a759045ad4e6c01d3b230936bb19,dd7df74cc39d8e3e42ab1c4169c16fdc190b787e,False,e3b0c44298fc1c149afbf4c8996fb92427ae41e4649b934ca495991b7852b855,fad38ae4cee1bd744751bfb0ca3a75545fb1a759045ad4e6c01d3b230936bb19,24,2.0,0.1,2.3000000000000003,0.0,0.0,SUCCESS,SUCCESS,8.630774326601215e-11,1.8045411287644428e-11,0.013120922263714418,0.9999999999999997,0.0,0.0,1,0,0.0,True,True,,data/raw/branch_audit/branch_audit_filling_audit_5168181d6218,9.876444746500101e-15,-2.594062848610276e-33,0.12241311382024925,0.0,0.0,0.08931750479699328,0.9143369128790656,1.3154959624726185e-32,1.0,1e-30,True,9.919582050553603e-17,0.022449751035184207,-1.3493468849439685,0.7297520262396904,1.635280480752983e-14,2.6956678901366815,3.552713678800501e-15,0.3648760131198445,24.0,0.0,9.974182454814727,,,,,,,3.0,obc,0.0,0.9999999999999997,True,1.0,,,,,,,,,,,,,,,,,,,,,
branch_audit_filling_audit_55f47265021a,branch_audit,filling_audit,fad38ae4cee1bd744751bfb0ca3a75545fb1a759045ad4e6c01d3b230936bb19,dd7df74cc39d8e3e42ab1c4169c16fdc190b787e,False,e3b0c44298fc1c149afbf4c8996fb92427ae41e4649b934ca495991b7852b855,fad38ae4cee1bd744751bfb0ca3a75545fb1a759045ad4e6c01d3b230936bb19,40,2.0,0.05,1.9500000000000002,1.0,7.38905609893065,SUCCESS,SUCCESS,7.633096165598049e-11,1.6937507841046433e-12,0.02600727128945135,0.9999999999999994,2.1322483852708838e-16,4.80199075445026e-17,1,0,0.0,True,True,,data/raw/branch_audit/branch_audit_filling_audit_55f47265021a,5.180150164847923e-16,2.837272245183805e-17,0.12367474506249715,0.95,0.10004167187531016,0.9999999999998275,1.1206924675418394e-15,1.6331758196223125e-16,0.03680224107105683,1e-30,True,0.5768390418513792,0.028627229710760378,-1.353718616587536,0.7265620614610148,5.505536889910831e-16,1.0000000000000009,6.833322170486714e-17,0.36328103073050694,40.0,0.0,1.0000000000004572,,,,,,,4.0,pbc,3.7514293239289693e-16,0.9999999999999984,True,1.0,,,,,,,,,,,,,,,,,,,,,
branch_audit_filling_audit_5728b56f0db2,branch_audit,filling_audit,fad38ae4cee1bd744751bfb0ca3a75545fb1a759045ad4e6c01d3b230936bb19,dd7df74cc39d8e3e42ab1c4169c16fdc190b787e,False,e3b0c44298fc1c149afbf4c8996fb92427ae41e4649b934ca495991b7852b855,fad38ae4cee1bd744751bfb0ca3a75545fb1a759045ad4e6c01d3b230936bb19,24,2.0,0.1,2.3000000000000003,0.0,0.0,SUCCESS,SUCCESS,8.038051910935216e-11,2.6380300237269927e-11,4.2187919824243636e-11,0.9999999999999998,0.0,0.0,1,0,0.0,True,True,,data/raw/branch_audit/branch_audit_filling_audit_5728b56f0db2,1.3105118787971762e-14,-1.3925172059039274e-33,0.12415580290863881,0.0,0.0,0.0888284119674602,0.9147877960726295,1.806031166133891e-32,0.9999999999999999,1e-30,True,1.2868781868995671e-16,0.019120740116087553,-1.3743468849439684,0.7184264411169585,2.5635241001971184e-14,2.727550064136063,2.465190328815624e-32,0.3592132205584786,24.0,0.0,9.974182454814732,,,,,,,2.0,obc,0.0,0.9999999999999997,True,1.0,,,,,,,,,,,,,,,,,,,,,
branch_audit_filling_audit_57c8208b4d32,branch_audit,filling_audit,fad38ae4cee1bd744751bfb0ca3a75545fb1a759045ad4e6c01d3b230936bb19,dd7df74cc39d8e3e42ab1c4169c16fdc190b787e,False,e3b0c44298fc1c149afbf4c8996fb92427ae41e4649b934ca495991b7852b855,fad38ae4cee1bd744751bfb0ca3a75545fb1a759045ad4e6c01d3b230936bb19,40,2.0,0.1,3.9000000000000004,0.1389495494373136,7.586388347216241,SUCCESS,SUCCESS,9.648959551103905e-11,4.309478381141458e-12,0.026754491536862157,0.9999999999999993,4.344801549285646e-16,2.893032131309655e-18,1,0,0.0,True,True,,data/raw/branch_audit/branch_audit_filling_audit_57c8208b4d32,5.526062226088787e-16,2.1394985290980072e-17,0.12833572397708412,0.95,0.1361575679847487,0.21923352505173407,0.8002342414350742,2.5775267605776033e-16,0.015548916517115579,1e-30,True,0.31459607128170347,0.018020914845378058,-1.4374751874320426,0.7518719980378341,1.1049393438276293e-15,2.106840966723407,5.532899535237147e-16,0.3759359990189165,40.0,0.0,16.169887947960227,,,,,,,0.0,middle,4.344801549285646e-16,0.9999999999999992,True,1.0,,,,,,,,,,,,,,,,,,,,,
branch_audit_filling_audit_5af9e073e231,branch_audit,filling_audit,fad38ae4cee1bd744751bfb0ca3a75545fb1a759045ad4e6c01d3b230936bb19,dd7df74cc39d8e3e42ab1c4169c16fdc190b787e,False,e3b0c44298fc1c149afbf4c8996fb92427ae41e4649b934ca495991b7852b855,fad38ae4cee1bd744751bfb0ca3a75545fb1a759045ad4e6c01d3b230936bb19,20,2.0,0.1,1.9000000000000001,1.0,7.38905609893065,SUCCESS,SUCCESS,7.823448349292661e-11,5.167636997341945e-12,0.015465398660598928,0.9999999999999988,4.514158332641575e-16,7.74080746996185e-18,1,0,0.0,True,True,,data/raw/branch_audit/branch_audit_filling_audit_5af9e073e231,4.13616162290245e-16,1.294216017245598e-17,0.12934671542104154,0.9,0.20033350003968872,0.9999999999999126,6.747027210123489e-16,1.4043892208766545e-16,0.03735381786673627,1e-30,True,0.5749294793948678,0.05488179715154041,-1.383155919519389,0.727192256200826,4.88955088555628e-16,1.0000000000000002,1.6467180692537192e-16,0.3635961281004126,20.0,0.0,1.0000000000001585,,,,,,,3.0,pbc,4.514158332641575e-16,0.9999999999999988,True,1.0,,,,,,,,,,,,,,,,,,,,,
branch_audit_filling_audit_61036087e6fc,branch_audit,filling_audit,fad38ae4cee1bd744751bfb0ca3a75545fb1a759045ad4e6c01d3b230936bb19,dd7df74cc39d8e3e42ab1c4169c16fdc190b787e,False,e3b0c44298fc1c149afbf4c8996fb92427ae41e4649b934ca495991b7852b855,fad38ae4cee1bd744751bfb0ca3a75545fb1a759045ad4e6c01d3b230936bb19,20,2.0,0.1,1.9000000000000001,0.1389495494373136,1.026706015713448,SUCCESS,SUCCESS,9.339905007437821e-11,5.061506264514525e-12,0.028359432050799493,0.9999999999999992,1.491568165845645e-16,3.1720113240246574e-17,1,0,0.0,True,True,,data/raw/branch_audit/branch_audit_filling_audit_61036087e6fc,4.861253115567187e-16,5.957814178263073e-18,0.13132150601730117,0.3,0.08423446258080075,0.315311209524674,0.7214933760263148,6.210293627897255e-17,0.4382526715693315,1e-30,True,0.13822400140741692,0.037196333310360874,-1.4203523363482515,0.7930896305264485,6.987496034553291e-16,1.5440218045680845,2.5145464366165485e-16,0.3965448152632241,20.0,0.0,14.82792156069816,,,,,,,0.0,middle,1.9596414010873442e-16,0.9999999999999989,True,1.0,,,,,,,,,,,,,,,,,,,,,
branch_audit_filling_audit_641d8358dcc2,branch_audit,filling_audit,fad38ae4cee1bd744751bfb0ca3a75545fb1a759045ad4e6c01d3b230936bb19,dd7df74cc39d8e3e42ab1c4169c16fdc190b787e,False,e3b0c44298fc1c149afbf4c8996fb92427ae41e4649b934ca495991b7852b855,fad38ae4cee1bd744751bfb0ca3a75545fb1a759045ad4e6c01d3b230936bb19,40,2.0,0.1,3.9000000000000004,0.0,0.0,SUCCESS,SUCCESS,8.470167732142895e-11,1.382929857895513e-11,0.026723918791143997,0.9999999999999997,0.0,0.0,1,0,0.0,True,True,,data/raw/branch_audit/branch_audit_filling_audit_641d8358dcc2,3.4974892604980746e-14,3.311412923171975e-20,0.12896894173829462,0.0,0.0,0.006090079510985747,0.9939283525982678,3.295167987524109e-19,0.9999999999999315,1e-30,True,2.9060172191906847e-15,0.00908416735552997,-1.4355207930946146,0.7221318764810327,5.0693967488581123e-14,13.068727080866655,9.889650264428456e-32,0.36106593824051547,40.0,0.0,49.40244910553029,,,,,,,0.0,obc,3.2101862051646816e-17,0.9999999999999996,True,1.0,,,,,,,,,,,,,,,,,,,,,
branch_audit_filling_audit_69d5fc9f0b1c,branch_audit,filling_audit,fad38ae4cee1bd744751bfb0ca3a75545fb1a759045ad4e6c01d3b230936bb19,dd7df74cc39d8e3e42ab1c4169c16fdc190b787e,False,e3b0c44298fc1c149afbf4c8996fb92427ae41e4649b934ca495991b7852b855,fad38ae4cee1bd744751bfb0ca3a75545fb1a759045ad4e6c01d3b230936bb19,40,2.0,0.1,3.9000000000000004,0.0,0.0,SUCCESS,SUCCESS,8.418454107683898e-11,1.3568497229819748e-11,0.0132797726660977,0.9999999999999996,0.0,0.0,1,0,0.0,True,True,,data/raw/branch_audit/branch_audit_filling_audit_69d5fc9f0b1c,4.137345362854938e-14,4.427409232667712e-21,0.12753050362765825,0.0,0.0,0.006135910855357656,0.993882798867272,2.3298518074497854e-20,0.9999999999999946,1e-30,True,2.540736985999639e-16,0.008520228256454043,-1.4105207930946144,0.725695555679418,8.84110627046312e-14,12.90815487982598,9.67779797054586e-32,0.3628477778397081,40.0,0.0,49.402449105530394,,,,,,,1.0,obc,3.2101862051646816e-17,0.9999999999999996,True,1.0,,,,,,,,,,,,,,,,,,,,,
branch_audit_filling_audit_6ff1b57af429,branch_audit,filling_audit,fad38ae4cee1bd744751bfb0ca3a75545fb1a759045ad4e6c01d3b230936bb19,dd7df74cc39d8e3e42ab1c4169c16fdc190b787e,False,e3b0c44298fc1c149afbf4c8996fb92427ae41e4649b934ca495991b7852b855,fad38ae4cee1bd744751bfb0ca3a75545fb1a759045ad4e6c01d3b230936bb19,40,2.0,0.05,1.9500000000000002,0.1389495494373136,1.026706015713448,SUCCESS,SUCCESS,9.795570190710897e-11,1.9669450882015596e-12,0.026760989389605694,0.9999999999999992,2.1888586651434618e-16,6.88852269905697e-18,1,0,0.0,True,True,,data/raw/branch_audit/branch_audit_filling_audit_6ff1b57af429,8.724006183408518e-16,2.5190963972160275e-18,0.12897124571479154,0.4,0.047091807828427264,0.39016940335526573,0.6623243808860427,1.0190063823813822e-16,0.33992160803608235,1e-30,True,0.17996429419506776,0.009094778033084408,-1.43605461635253,0.7485967408717774,1.4414774211943527e-15,1.5384266384291263,3.618375310105234e-16,0.3742983704358883,40.0,0.0,44.832567924696164,,,,,,,0.0,middle,2.3735838502427386e-16,0.9999999999999991,True,1.0,,,,,,,,,,,,,,,,,,,,,
branch_audit_filling_audit_734f61ff5260,branch_audit,filling_audit,fad38ae4cee1bd744751bfb0ca3a75545fb1a759045ad4e6c01d3b230936bb19,dd7df74cc39d8e3e42ab1c4169c16fdc190b787e,False,e3b0c44298fc1c149afbf4c8996fb92427ae41e4649b934ca495991b7852b855,fad38ae4cee1bd744751bfb0ca3a75545fb1a759045ad4e6c01d3b230936bb19,20,2.0,0.1,1.9000000000000001,0.1389495494373136,1.026706015713448,SUCCESS,SUCCESS,9.322704461334183e-11,6.540457565383508e-12,0.01405427194762865,0.9999999999999996,1.5596468324021192e-16,1.865726138011656e-18,1,0,0.0,True,True,,data/raw/branch_audit/branch_audit_filling_audit_734f61ff5260,4.956992873218806e-16,4.644587997689858e-18,0.1283957041921889,0.4,0.09132532336790303,0.3191623677968206,0.7184104642399683,6.02194546592201e-17,0.42656079710729217,1e-30,True,0.14391948974109384,0.01964038731570339,-1.3453523363482516,0.7803855300081355,7.133052697960169e-16,1.5202772552439507,2.5635626194275193e-16,0.3901927650040671,20.0,0.0,15.123190192568659,,,,,,,3.0,middle,1.9596414010873442e-16,0.9999999999999989,True,1.0,,,,,,,,,,,,,,,,,,,,,
branch_audit_filling_audit_73bd14edd2b8,branch_audit,filling_audit,fad38ae4cee1bd744751bfb0ca3a75545fb1a759045ad4e6c01d3b230936bb19,dd7df74cc39d8e3e42ab1c4169c16fdc190b787e,False,e3b0c44298fc1c149afbf4c8996fb92427ae41e4649b934ca495991b7852b855,fad38ae4cee1bd744751bfb0ca3a75545fb1a759045ad4e6c01d3b230936bb19,40,2.0,0.1,3.9000000000000004,1.0,54.598150033144236,SUCCESS,SUCCESS,7.735207927196197e-11,2.22222106089953e-12,0.026504507314168535,0.9999999999999994,2.80739070938868e-16,1.3823013433142018e-17,1,0,0.0,True,True,,data/raw/branch_audit/branch_audit_filling_audit_73bd14edd2b8,4.955342813604841e-16,1.7207722963093686e-17,0.12764172295962883,0.95,0.20033350003968872,0.9999999999999838,2.951619709583098e-15,2.1424650087530403e-16,0.0006843884719341422,1e-30,True,0.6892307341402513,0.03940082941657464,-1.4561889243996142,0.7250715306543718,4.684017614927634e-16,1.0000000000000004,6.577640947446057e-16,0.36253576532718534,40.0,0.0,1.000000000000655,,,,,,,0.0,pbc,5.956215673400736e-16,0.9999999999999977,True,1.0,,,,,,,,,,,,,,,,,,,,,
branch_audit_filling_audit_7469d7cc6b09,branch_audit,filling_audit,fad38ae4cee1bd744751bfb0ca3a75545fb1a759045ad4e6c01d3b230936bb19,dd7df74cc39d8e3e42ab1c4169c16fdc190b787e,False,e3b0c44298fc1c149afbf4c8996fb92427ae41e4649b934ca495991b7852b855,fad38ae4cee1bd744751bfb0ca3a75545fb1a759045ad4e6c01d3b230936bb19,24,2.0,0.1,2.3000000000000003,0.0,0.0,SUCCESS,SUCCESS,8.757949031756584e-11,1.8506561088609013e-11,0.013367351845291808,0.9999999999999997,0.0,0.0,1,0,0.0,True,True,,data/raw/branch_audit/branch_audit_filling_audit_7469d7cc6b09,1.3840381342607875e-14,4.3764060475192526e-33,0.12599959533824293,0.0,0.0,0.08834612106814928,0.9152325877545375,1.6100863513335251e-32,1.0,1e-30,True,1.121018870688204e-16,0.00806385426304379,-1.3993468849439683,0.7165884781988692,3.214306939878594e-14,2.758458134236262,2.218671295934097e-31,0.35829423909943436,24.0,0.0,9.974182454814738,,,,,,,1.0,obc,0.0,0.9999999999999997,True,1.0,,,,,,,,,,,,,,,,,,,,,
branch_audit_filling_audit_74b1fcf75cbf,branch_audit,filling_audit,fad38ae4cee1bd744751bfb0ca3a75545fb1a759045ad4e6c01d3b230936bb19,dd7df74cc39d8e3e42ab1c4169c16fdc190b787e,False,e3b0c44298fc1c149afbf4c8996fb92427ae41e4649b934ca495991b7852b855,fad38ae4cee1bd744751bfb0ca3a75545fb1a759045ad4e6c01d3b230936bb19,24,2.0,0.05,1.1500000000000001,1.0,3.320116922736548,SUCCESS,SUCCESS,7.643451833232768e-11,8.469038133522591e-13,0.013939423252272154,0.9999999999999987,3.504232939113832e-16,6.779847146430813e-19,1,0,0.0,True,True,,data/raw/branch_audit/branch_audit_filling_audit_74b1fcf75cbf,4.2810178668139097e-16,2.2060710294077093e-17,0.12788381385496805,0.9166666666666666,0.1000416718753105,0.9999999999999316,5.949079117742128e-16,9.212567836469773e-17,0.18085544775919468,1e-30,True,0.4675115324623933,0.051785379970454175,-1.3744662782008916,0.720189322697177,5.12538609349314e-16,1.0000000000000004,7.447064091434547e-16,0.36009466134858825,24.0,0.0,1.000000000000201,,,,,,,3.0,pbc,3.5635798831042955e-16,0.9999999999999982,True,1.0,,,,,,,,,,,,,,,,,,,,,
branch_audit_filling_audit_75ca0c3cc677,branch_audit,filling_audit,fad38ae4cee1bd744751bfb0ca3a75545fb1a759045ad4e6c01d3b230936bb19,dd7df74cc39d8e3e42ab1c4169c16fdc190b787e,False,e3b0c44298fc1c149afbf4c8996fb92427ae41e4649b934ca495991b7852b855,fad38ae4cee1bd744751bfb0ca3a75545fb1a759045ad4e6c01d3b230936bb19,20,2.0,0.1,1.9000000000000001,0.0,0.0,SUCCESS,SUCCESS,7.957540607914654e-11,3.392189578222735e-11,5.821205739664492e-10,0.9999999999999999,0.0,0.0,1,0,0.0,True,True,,data/raw/branch_audit/branch_audit_filling_audit_75ca0c3cc677,1.3231479750780437e-14,1.125672107415407e-33,0.12566888979328267,0.0,0.0,0.16272417004949105,0.8485861260316373,1.4095686162362606e-32,1.0000000000000002,1e-30,True,1.0021529047658846e-16,0.007932655816631051,-1.367933109632757,0.7617875008240396,2.3958412884934793e-14,1.953542289634329,3.552713678800501e-15,0.38089375041201956,20.0,0.0,6.685894442279284,,,,,,,2.0,obc,0.0,0.9999999999999993,True,1.0,,,,,,,,,,,,,,,,,,,,,
branch_audit_filling_audit_763f03097666,branch_audit,filling_audit,fad38ae4cee1bd744751bfb0ca3a75545fb1a759045ad4e6c01d3b230936bb19,dd7df74cc39d8e3e42ab1c4169c16fdc190b787e,False,e3b0c44298fc1c149afbf4c8996fb92427ae41e4649b934ca495991b7852b855,fad38ae4cee1bd744751bfb0ca3a75545fb1a759045ad4e6c01d3b230936bb19,40,2.0,0.1,3.9000000000000004,0.1389495494373136,7.586388347216241,SUCCESS,SUCCESS,9.721792268477041e-11,4.526886206433835e-12,0.013303495930938825,0.9999999999999993,4.0899999542808103e-16,1.9157429787872853e-17,1,0,0.0,True,True,,data/raw/branch_audit/branch_audit_filling_audit_763f03097666,5.48257643284232e-16,-4.493312550239683e-17,0.1269135459803146,0.95,0.1369187066073796,0.22076508097470776,0.7989473376379033,2.7683733013046933e-16,0.015310688170382435,1e-30,True,0.31610658308238326,0.018236854098676123,-1.4124751874320425,0.7406158823371983,9.23090349215698e-16,2.092943878586074,5.479786208967543e-16,0.3703079411685986,40.0,0.0,16.006359331914087,,,,,,,1.0,middle,4.344801549285646e-16,0.9999999999999992,True,1.0,,,,,,,,,,,,,,,,,,,,,
branch_audit_filling_audit_78955df46e2e,branch_audit,filling_audit,fad38ae4cee1bd744751bfb0ca3a75545fb1a759045ad4e6c01d3b230936bb19,dd7df74cc39d8e3e42ab1c4169c16fdc190b787e,False,e3b0c44298fc1c149afbf4c8996fb92427ae41e4649b934ca495991b7852b855,fad38ae4cee1bd744751bfb0ca3a75545fb1a759045ad4e6c01d3b230936bb19,24,2.0,0.05,1.1500000000000001,0.1389495494373136,0.4613287504934435,SUCCESS,SUCCESS,9.554195962381308e-11,1.9314543926160268e-12,0.02655589059891139,0.9999999999999994,5.304787407976144e-17,7.495331431519911e-19,1,0,0.0,True,True,,data/raw/branch_audit/branch_audit_filling_audit_78955df46e2e,4.1838451718532164e-16,-6.4402100993238676e-18,0.1221161241570315,0.08333333333333333,0.021980426950275547,0.5685600978158283,0.5244566215091391,1.4185293502837283e-17,0.7853170944255101,1e-30,True,0.07769150349367736,0.020717401501519905,-1.3238746739680745,0.7480597216157707,4.708616203398706e-16,1.2182650424571786,1.0001639958946804e-16,0.37402986080788503,24.0,0.0,5.274358377072507,,,,,,,4.0,middle,5.304787407976144e-17,0.9999999999999989,True,1.0,,,,,,,,,,,,,,,,,,,,,
branch_audit_filling_audit_7aa35f3e7eb8,branch_audit,filling_audit,fad38ae4cee1bd744751bfb0ca3a75545fb1a759045ad4e6c01d3b230936bb19,dd7df74cc39d8e3e42ab1c4169c16fdc190b787e,False,e3b0c44298fc1c149afbf4c8996fb92427ae41e4649b934ca495991b7852b855,fad38ae4cee1bd744751bfb0ca3a75545fb1a759045ad4e6c01d3b230936bb19,24,2.0,0.1,2.3000000000000003,1.0,11.023176380641605,SUCCESS,SUCCESS,7.58612475016843e-11,1.0260686359459205e-13,0.013481074691623074,0.9999999999999996,2.9454559669029446e-16,2.0458897208026357e-17,1,0,0.0,True,True,,data/raw/branch_audit/branch_audit_filling_audit_7aa35f3e7eb8,4.3428236302157994e-16,-4.174641513227573e-17,0.12642709277777642,0.9166666666666666,0.20033350003968856,0.999999999999995,1.0911336933545679e-15,1.6835723121512835e-16,0.016788645669960318,1e-30,True,0.6086040059686577,0.0840748489035028,-1.4267258982064237,0.7505249937634951,3.610799597452641e-16,1.0000000000000004,3.140037478851568e-16,0.3752624968817475,24.0,0.0,1.0000000000001663,,,,,,,1.0,pbc,5.282920308356509e-16,0.999999999999999,True,1.0,,,,,,,,,,,,,,,,,,,,,
branch_audit_filling_audit_7d62c737ce49,branch_audit,filling_audit,fad38ae4cee1bd744751bfb0ca3a75545fb1a759045ad4e6c01d3b230936bb19,dd7df74cc39d8e3e42ab1c4169c16fdc190b787e,False,e3b0c44298fc1c149afbf4c8996fb92427ae41e4649b934ca495991b7852b855,fad38ae4cee1bd744751bfb0ca3a75545fb1a759045ad4e6c01d3b230936bb19,40,2.0,0.05,1.9500000000000002,0.1389495494373136,1.026706015713448,SUCCESS,SUCCESS,7.44602366611974e-11,6.556812413645784e-11,5.77800030043818e-10,0.9999999999999997,1.0012669370286193e-16,8.004755086259376e-18,1,0,0.0,True,True,,data/raw/branch_audit/branch_audit_filling_audit_7d62c737ce49,6.378326220441036e-16,1.3384109822389262e-17,0.12618151909792724,0.45,0.04714503572798684,0.3922446294304122,0.6607035297560637,8.754836105271173e-17,0.3385035246434573,1e-30,True,0.18192123025579152,0.018300835197994303,-1.38605461635253,0.7320472168951626,9.664624482963522e-16,1.5273774281206514,1.064360889370809e-16,0.3660236084475799,40.0,0.0,16.240965492936642,,,,,,,2.0,middle,2.3735838502427386e-16,0.9999999999999991,True,1.0,,,,,,,,,,,,,,,,,,,,,
branch_audit_filling_audit_8223790e2b16,branch_audit,filling_audit,fad38ae4cee1bd744751bfb0ca3a75545fb1a759045ad4e6c01d3b230936bb19,dd7df74cc39d8e3e42ab1c4169c16fdc190b787e,False,e3b0c44298fc1c149afbf4c8996fb92427ae41e4649b934ca495991b7852b855,fad38ae4cee1bd744751bfb0ca3a75545fb1a759045ad4e6c01d3b230936bb19,24,2.0,0.1,2.3000000000000003,0.0,0.0,SUCCESS,SUCCESS,8.371734237163328e-11,1.7612772397782967e-11,0.026931117800018223,0.9999999999999998,0.0,0.0,1,0,0.0,True,True,,data/raw/branch_audit/branch_audit_filling_audit_8223790e2b16,8.90532872020426e-15,3.963129646108061e-33,0.12785401903550947,0.0,0.0,0.08787209339214722,0.9156699321867455,1.6231421421724204e-32,1.0000000000000002,1e-30,True,1.0018697019584095e-16,0.0016068788911971499,-1.4243468849439684,0.7244109680807691,1.6843972325530412e-14,2.7878484273188877,7.105427357601002e-15,0.3622054840403841,24.0,0.0,9.974182454814732,,,,,,,0.0,obc,0.0,0.9999999999999997,True,1.0,,,,,,,,,,,,,,,,,,,,,
branch_audit_filling_audit_82da808844e2,branch_audit,filling_audit,fad38ae4cee1bd744751bfb0ca3a75545fb1a759045ad4e6c01d3b230936bb19,dd7df74cc39d8e3e42ab1c4169c16fdc190b787e,False,e3b0c44298fc1c149afbf4c8996fb92427ae41e4649b934ca495991b7852b855,fad38ae4cee1bd744751bfb0ca3a75545fb1a759045ad4e6c01d3b230936bb19,24,2.0,0.05,1.1500000000000001,1.0,3.320116922736548,SUCCESS,SUCCESS,7.626893834181442e-11,1.8101974340526115e-12,0.02809928612298196,0.9999999999999982,2.887671712526548e-16,3.661312782644033e-18,1,0,0.0,True,True,,data/raw/branch_audit/branch_audit_filling_audit_82da808844e2,3.555543206919192e-16,1.5090030711485074e-18,0.1270294760535853,0.9166666666666666,0.1000416718753104,0.9999999999999298,9.401848595528164e-16,1.5500692057001937e-16,0.1808554477591943,1e-30,True,0.4675115324623934,0.03634906926188142,-1.3494662782008915,0.7128505398703054,3.5074065036102154e-16,1.0000000000000002,1.1086595408334146e-16,0.35642526993515217,24.0,0.0,1.0000000000004983,,,,,,,4.0,pbc,3.5635798831042955e-16,0.9999999999999982,True,1.0,,,,,,,,,,,,,,,,,,,,,
branch_audit_filling_audit_83fa352aa56b,branch_audit,filling_audit,fad38ae4cee1bd744751bfb0ca3a75545fb1a759045ad4e6c01d3b230936bb19,dd7df74cc39d8e3e42ab1c4169c16fdc190b787e,False,e3b0c44298fc1c149afbf4c8996fb92427ae41e4649b934ca495991b7852b855,fad38ae4cee1bd744751bfb0ca3a75545fb1a759045ad4e6c01d3b230936bb19,40,2.0,0.05,1.9500000000000002,0.0,0.0,SUCCESS,SUCCESS,8.805826285437814e-11,1.85147827447872e-11,0.0132797731265204,0.9999999999999996,4.181114987400092e-17,2.3234079251234093e-19,1,0,0.0,True,True,,data/raw/branch_audit/branch_audit_filling_audit_83fa352aa56b,4.0887703345035773e-16,-4.205626812298564e-18,0.12753050367573762,0.0,3.342039748233587e-16,0.15739279826285058,0.853241942013661,1.8845371964995127e-17,0.9999999999959145,1e-30,True,5.80870572152804e-13,0.00852022883721315,-1.4105207939585132,0.7256955553880726,5.672364216659509e-16,2.3763747690232546,1.719470254348924e-30,0.3628477776940352,40.0,0.0,7.028687580590439,,,,,,,1.0,obc,4.181114987400092e-17,0.9999999999999996,True,1.0,,,,,,,,,,,,,,,,,,,,,
branch_audit_filling_audit_8453d0d32c33,branch_audit,filling_audit,fad38ae4cee1bd744751bfb0ca3a75545fb1a759045ad4e6c01d3b230936bb19,dd7df74cc39d8e3e42ab1c4169c16fdc190b787e,False,e3b0c44298fc1c149afbf4c8996fb92427ae41e4649b934ca495991b7852b855,fad38ae4cee1bd744751bfb0ca3a75545fb1a759045ad4e6c01d3b230936bb19,40,2.0,0.1,3.9000000000000004,0.0,0.0,SUCCESS,SUCCESS,8.782285005781855e-11,1.4582189896855664e-11,0.02611578500396372,0.9999999999999996,0.0,0.0,1,0,0.0,True,True,,data/raw/branch_audit/branch_audit_filling_audit_8453d0d32c33,3.76931774368918e-14,-4.641215800608355e-34,0.12363133813486205,0.0,0.0,0.006283708083466881,0.9937359109350996,1.4182449567897962e-32,1.0,1e-30,True,1.6108349935828794e-16,0.004393973845723265,-1.3355207930946145,0.7046953807583738,1.013828328317573e-13,12.410067058084037,9.67779797054586e-32,0.3523476903791867,40.0,0.0,49.40244910553027,,,,,,,4.0,obc,3.2101862051646816e-17,0.9999999999999996,True,1.0,,,,,,,,,,,,,,,,,,,,,
branch_audit_filling_audit_85d6a107a113,branch_audit,filling_audit,fad38ae4cee1bd744751bfb0ca3a75545fb1a759045ad4e6c01d3b230936bb19,dd7df74cc39d8e3e42ab1c4169c16fdc190b787e,False,e3b0c44298fc1c149afbf4c8996fb92427ae41e4649b934ca495991b7852b855,fad38ae4cee1bd744751bfb0ca3a75545fb1a759045ad4e6c01d3b230936bb19,20,2.0,0.1,1.9000000000000001,0.0,0.0,SUCCESS,SUCCESS,8.405071806535021e-11,1.9261650049289052e-11,0.026291183793619055,0.9999999999999998,0.0,0.0,1,0,0.0,True,True,,data/raw/branch_audit/branch_audit_filling_audit_85d6a107a113,2.3008370939772213e-14,-8.878363028389761e-34,0.1279347561959767,0.0,0.0,0.16137769174886055,0.8497603552390238,1.7629012021201646e-32,1.0000000000000002,1e-30,True,7.389537363767598e-17,0.00912346972822009,-1.417933109632757,0.7482392757471201,5.08834472793645e-14,1.988910009810953,3.552713678800501e-15,0.3741196378735596,20.0,0.0,6.6858944422792925,,,,,,,0.0,obc,0.0,0.9999999999999993,True,1.0,,,,,,,,,,,,,,,,,,,,,
branch_audit_filling_audit_88094d88a4e8,branch_audit,filling_audit,fad38ae4cee1bd744751bfb0ca3a75545fb1a759045ad4e6c01d3b230936bb19,dd7df74cc39d8e3e42ab1c4169c16fdc190b787e,False,e3b0c44298fc1c149afbf4c8996fb92427ae41e4649b934ca495991b7852b855,fad38ae4cee1bd744751bfb0ca3a75545fb1a759045ad4e6c01d3b230936bb19,24,2.0,0.05,1.1500000000000001,1.0,3.320116922736548,SUCCESS,SUCCESS,7.410621186009654e-11,3.074825859442286e-13,0.026664577009477997,0.999999999999999,2.822870305000042e-16,2.502711729576291e-17,1,0,0.0,True,True,,data/raw/branch_audit/branch_audit_filling_audit_88094d88a4e8,4.652047619646463e-16,-6.464225541922203e-19,0.1283040866672424,0.9166666666666666,0.10004167187530992,0.9999999999999375,5.550219756224253e-16,1.2008867071067615e-16,0.18085544775919538,1e-30,True,0.46751153246239363,0.05178537997045312,-1.4494662782008916,0.7828647765919954,4.018535752483776e-16,1.0000000000000004,2.428951573769338e-16,0.3914323882959971,24.0,0.0,1.0000000000002085,,,,,,,0.0,pbc,3.5635798831042955e-16,0.9999999999999982,True,1.0,,,,,,,,,,,,,,,,,,,,,
branch_audit_filling_audit_922746a8d1b0,branch_audit,filling_audit,fad38ae4cee1bd744751bfb0ca3a75545fb1a759045ad4e6c01d3b230936bb19,dd7df74cc39d8e3e42ab1c4169c16fdc190b787e,False,e3b0c44298fc1c149afbf4c8996fb92427ae41e4649b934ca495991b7852b855,fad38ae4cee1bd744751bfb0ca3a75545fb1a759045ad4e6c01d3b230936bb19,24,2.0,0.05,1.1500000000000001,0.0,0.0,SUCCESS,SUCCESS,7.918686192043975e-11,4.715428862280363e-11,2.293230050298689e-10,0.9999999999999996,0.0,0.0,1,0,0.0,True,True,,data/raw/branch_audit/branch_audit_filling_audit_922746a8d1b0,1.2506203493648247e-14,4.753674475481819e-34,0.12415580286123215,0.0,0.0,0.4634086134044934,0.6055347136157545,1.585193990335943e-33,0.9999999999999999,1e-30,True,1.281886020819744e-16,0.0191207391710293,-1.3743468846512323,0.718426441088019,1.6236770714209915e-14,1.3134272098797666,3.552713678800501e-15,0.3592132205440093,24.0,0.0,3.158192909689771,,,,,,,2.0,obc,0.0,0.9999999999999996,True,1.0,,,,,,,,,,,,,,,,,,,,,
branch_audit_filling_audit_98166737155f,branch_audit,filling_audit,fad38ae4cee1bd744751bfb0ca3a75545fb1a759045ad4e6c01d3b230936bb19,dd7df74cc39d8e3e42ab1c4169c16fdc190b787e,False,e3b0c44298fc1c149afbf4c8996fb92427ae41e4649b934ca495991b7852b855,fad38ae4cee1bd744751bfb0ca3a75545fb1a759045ad4e6c01d3b230936bb19,24,2.0,0.05,1.1500000000000001,0.0,0.0,SUCCESS,SUCCESS,8.823356791456899e-11,2.3772925411088884e-11,0.013120922413862202,0.9999999999999996,0.0,0.0,1,0,0.0,True,True,,data/raw/branch_audit/branch_audit_filling_audit_98166737155f,1.0800571444474812e-14,-6.249339887653805e-35,0.12241311380380021,0.0,0.0,0.46493231492635506,0.6043598181791414,1.7275860059463062e-33,0.9999999999999999,1e-30,True,1.2371260432860203e-16,0.02244975152851092,-1.3493468846512324,0.7297520264442938,1.2663409068207938e-14,1.307389366679046,3.552713678800501e-15,0.36487601322214624,24.0,0.0,3.1581929096897747,,,,,,,3.0,obc,0.0,0.9999999999999996,True,1.0,,,,,,,,,,,,,,,,,,,,,
branch_audit_filling_audit_a43e4009af61,branch_audit,filling_audit,fad38ae4cee1bd744751bfb0ca3a75545fb1a759045ad4e6c01d3b230936bb19,dd7df74cc39d8e3e42ab1c4169c16fdc190b787e,False,e3b0c44298fc1c149afbf4c8996fb92427ae41e4649b934ca495991b7852b855,fad38ae4cee1bd744751bfb0ca3a75545fb1a759045ad4e6c01d3b230936bb19,24,2.0,0.1,2.3000000000000003,1.0,11.023176380641605,SUCCESS,SUCCESS,7.834816978796323e-11,8.026334930222231e-13,0.01389015217852907,0.9999999999999993,4.795643712919753e-16,2.5439487862827465e-17,1,0,0.0,True,True,,data/raw/branch_audit/branch_audit_filling_audit_a43e4009af61,3.8987059446267775e-16,1.0796626911186378e-17,0.12619578615551835,0.9166666666666666,0.20033350003968833,0.9999999999999967,8.74111669999708e-16,2.18636681647195e-16,0.016788645669960345,1e-30,True,0.608604005968658,0.08426266045515093,-1.3767258982064234,0.7155729699642683,4.376528544312068e-16,1.0000000000000004,1.0781338538355034e-17,0.35778648498213383,24.0,0.0,1.0000000000002875,,,,,,,3.0,pbc,5.282920308356509e-16,0.999999999999999,True,1.0,,,,,,,,,,,,,,,,,,,,,
branch_audit_filling_audit_a593277deaf8,branch_audit,filling_audit,fad38ae4cee1bd744751bfb0ca3a75545fb1a759045ad4e6c01d3b230936bb19,dd7df74cc39d8e3e42ab1c4169c16fdc190b787e,False,e3b0c44298fc1c149afbf4c8996fb92427ae41e4649b934ca495991b7852b855,fad38ae4cee1bd744751bfb0ca3a75545fb1a759045ad4e6c01d3b230936bb19,24,2.0,0.05,1.1500000000000001,0.1389495494373136,0.4613287504934435,SUCCESS,SUCCESS,9.672328533044886e-11,1.5798300026613829e-12,0.013430547946945981,0.9999999999999996,1.0707890212572106e-17,1.788087989832439e-19,1,0,0.0,True,True,,data/raw/branch_audit/branch_audit_filling_audit_a593277deaf8,4.0667822843225926e-16,-2.3653874572884167e-19,0.12630281848073635,0.0,5.714984775881178e-18,0.5683603610137686,0.5246114095540965,1.0968987758273106e-18,0.7815060082881591,1e-30,True,0.077953181602925,0.03459692555718219,-1.3988746739680744,0.7419446527664776,5.165736587067133e-16,1.2251793315981612,9.244463733058732e-33,0.3709723263832388,24.0,0.0,4.536423427174218,,,,,,,1.0,middle,5.304787407976144e-17,0.9999999999999989,True,1.0,,,,,,,,,,,,,,,,,,,,,
branch_audit_filling_audit_a781eedd5c33,branch_audit,filling_audit,fad38ae4cee1bd744751bfb0ca3a75545fb1a759045ad4e6c01d3b230936bb19,dd7df74cc39d8e3e42ab1c4169c16fdc190b787e,False,e3b0c44298fc1c149afbf4c8996fb92427ae41e4649b934ca495991b7852b855,fad38ae4cee1bd744751bfb0ca3a75545fb1a759045ad4e6c01d3b230936bb19,40,2.0,0.1,3.9000000000000004,0.1389495494373136,7.586388347216241,SUCCESS,SUCCESS,9.633550808397799e-11,4.939522283752853e-12,0.013143887821513545,0.9999999999999994,3.328365043712549e-16,3.950752418937725e-17,1,0,0.0,True,True,,data/raw/branch_audit/branch_audit_filling_audit_a781eedd5c33,5.668757145652343e-16,-7.260324873796071e-17,0.12419756769023933,0.95,0.13807872571119856,0.22431504108739744,0.795968887666529,1.5572258322212603e-16,0.01477895369547969,1e-30,True,0.3192790908338429,0.01815964043986896,-1.3624751874320427,0.7384209974266212,8.790630403735687e-16,2.0624781542531583,7.107235602531673e-16,0.3692104987133088,40.0,0.0,16.505701656158475,,,,,,,3.0,middle,4.344801549285646e-16,0.9999999999999992,True,1.0,,,,,,,,,,,,,,,,,,,,,
branch_audit_filling_audit_a7eb307b5119,branch_audit,filling_audit,fad38ae4cee1bd744751bfb0ca3a75545fb1a759045ad4e6c01d3b230936bb19,dd7df74cc39d8e3e42ab1c4169c16fdc190b787e,False,e3b0c44298fc1c149afbf4c8996fb92427ae41e4649b934ca495991b7852b855,fad38ae4cee1bd744751bfb0ca3a75545fb1a759045ad4e6c01d3b230936bb19,24,2.0,0.1,2.3000000000000003,1.0,11.023176380641605,SUCCESS,SUCCESS,4.006128953105719e-12,3.638407859446375e-11,6.444910161107487e-10,0.9999999999999994,5.282920308356509e-16,4.9528960793488564e-17,1,0,0.0,True,True,,data/raw/branch_audit/branch_audit_filling_audit_a7eb307b5119,3.7641941704081306e-16,-6.795022437256593e-18,0.12645728740813147,0.9166666666666666,0.2003335000396888,0.9999999999999973,1.1824922155893777e-15,2.1466954115000289e-16,0.016788645669960356,1e-30,True,0.6086040059686576,0.08417007803325463,-1.4017258982064236,0.7296550508157713,4.160320863362549e-16,1.0000000000000004,2.7639362399988124e-17,0.36482752540788554,24.0,0.0,1.0000000000002576,,,,,,,2.0,pbc,5.282920308356509e-16,0.999999999999999,True,1.0,,,,,,,,,,,,,,,,,,,,,
branch_audit_filling_audit_a99f829d6a33,branch_audit,filling_audit,fad38ae4cee1bd744751bfb0ca3a75545fb1a759045ad4e6c01d3b230936bb19,dd7df74cc39d8e3e42ab1c4169c16fdc190b787e,False,e3b0c44298fc1c149afbf4c8996fb92427ae41e4649b934ca495991b7852b855,fad38ae4cee1bd744751bfb0ca3a75545fb1a759045ad4e6c01d3b230936bb19,20,2.0,0.1,1.9000000000000001,0.0,0.0,SUCCESS,SUCCESS,8.73543004586906e-11,2.170329773639157e-11,0.026188485483699564,0.9999999999999993,0.0,0.0,1,0,0.0,True,True,,data/raw/branch_audit/branch_audit_filling_audit_a99f829d6a33,6.90538103240822e-15,-1.4171248921277249e-34,0.12452951644239425,0.0,0.0,0.16383452192946785,0.8476186406472527,2.0800281971532408e-32,1.0,1e-30,True,1.0094038197002372e-16,0.0032808764672909163,-1.317933109632757,0.7092342789353387,1.3873265359982515e-14,1.922929158768528,7.006492321624085e-46,0.35461713946766915,20.0,0.0,6.685894442279278,,,,,,,4.0,obc,0.0,0.9999999999999993,True,1.0,,,,,,,,,,,,,,,,,,,,,
branch_audit_filling_audit_ac4cedea0b61,branch_audit,filling_audit,fad38ae4cee1bd744751bfb0ca3a75545fb1a759045ad4e6c01d3b230936bb19,dd7df74cc39d8e3e42ab1c4169c16fdc190b787e,False,e3b0c44298fc1c149afbf4c8996fb92427ae41e4649b934ca495991b7852b855,fad38ae4cee1bd744751bfb0ca3a75545fb1a759045ad4e6c01d3b230936bb19,40,2.0,0.05,1.9500000000000002,0.1389495494373136,1.026706015713448,SUCCESS,SUCCESS,9.789527888951695e-11,2.2658205234225286e-12,0.013144733705526268,0.9999999999999991,2.3735838502427386e-16,4.560161006351223e-18,1,0,0.0,True,True,,data/raw/branch_audit/branch_audit_filling_audit_ac4cedea0b61,1.5809064452802294e-15,-1.4254381601575316e-17,0.12485919460808646,0.35,0.04817033866094821,0.3936677695873586,0.6595924850130033,6.306835436633247e-17,0.3372941993026066,1e-30,True,0.18320771189488416,0.004461944160005005,-1.3610546163525301,0.7351212402411336,3.591850657559456e-15,1.5208216447052978,5.260547733429169e-17,0.3675606201205666,40.0,0.0,86.03476620551075,,,,,,,3.0,middle,2.3735838502427386e-16,0.9999999999999991,True,1.0,,,,,,,,,,,,,,,,,,,,,
branch_audit_filling_audit_b5b459a472a7,branch_audit,filling_audit,fad38ae4cee1bd744751bfb0ca3a75545fb1a759045ad4e6c01d3b230936bb19,dd7df74cc39d8e3e42ab1c4169c16fdc190b787e,False,e3b0c44298fc1c149afbf4c8996fb92427ae41e4649b934ca495991b7852b855,fad38ae4cee1bd744751bfb0ca3a75545fb1a759045ad4e6c01d3b230936bb19,20,2.0,0.1,1.9000000000000001,0.1389495494373136,1.026706015713448,SUCCESS,SUCCESS,9.30505855015267e-11,5.442537185103715e-12,0.014145034918904065,0.9999999999999989,1.885212006810568e-16,8.723538664933969e-18,1,0,0.0,True,True,,data/raw/branch_audit/branch_audit_filling_audit_b5b459a472a7,5.659556617528232e-16,4.1308456943844426e-18,0.13056889310172304,0.3,0.08645088937572885,0.3154899349739905,0.721350196443328,5.677931449177014e-17,0.43643873374725056,1e-30,True,0.13944902049336655,0.03700071297935503,-1.3953523363482514,0.7821565495795557,9.263570381021577e-16,1.5392395983431417,3.975914014106848e-18,0.39107827478977764,20.0,0.0,15.270943781654521,,,,,,,1.0,middle,1.9596414010873442e-16,0.9999999999999989,True,1.0,,,,,,,,,,,,,,,,,,,,,
branch_audit_filling_audit_b6d0c6145a19,branch_audit,filling_audit,fad38ae4cee1bd744751bfb0ca3a75545fb1a759045ad4e6c01d3b230936bb19,dd7df74cc39d8e3e42ab1c4169c16fdc190b787e,False,e3b0c44298fc1c149afbf4c8996fb92427ae41e4649b934ca495991b7852b855,fad38ae4cee1bd744751bfb0ca3a75545fb1a759045ad4e6c01d3b230936bb19,40,2.0,0.1,3.9000000000000004,0.1389495494373136,7.586388347216241,SUCCESS,SUCCESS,7.188201888474857e-11,5.2474010972857893e-11,5.925137047668727e-10,0.9999999999999992,4.0742935874340435e-16,3.278719515350906e-17,1,0,0.0,True,True,,data/raw/branch_audit/branch_audit_filling_audit_b6d0c6145a19,5.610178405084814e-16,-3.174382562353051e-17,0.12553725944775604,0.95,0.13760115837744827,0.22244996838318268,0.7975329314973393,1.4514109413678454e-16,0.015054556598670651,1e-30,True,0.31766940120726916,0.01822105861980495,-1.3874751874320426,0.7361416812881592,8.361073647054868e-16,2.078216921744757,9.943232373586083e-16,0.3680708406440786,40.0,0.0,16.135797303976418,,,,,,,2.0,middle,4.344801549285646e-16,0.9999999999999992,True,1.0,,,,,,,,,,,,,,,,,,,,,
branch_audit_filling_audit_b85c1f3d5d25,branch_audit,filling_audit,fad38ae4cee1bd744751bfb0ca3a75545fb1a759045ad4e6c01d3b230936bb19,dd7df74cc39d8e3e42ab1c4169c16fdc190b787e,False,e3b0c44298fc1c149afbf4c8996fb92427ae41e4649b934ca495991b7852b855,fad38ae4cee1bd744751bfb0ca3a75545fb1a759045ad4e6c01d3b230936bb19,20,2.0,0.1,1.9000000000000001,0.0,0.0,SUCCESS,SUCCESS,8.484158121261945e-11,1.9414547548283168e-11,0.013014429147146789,0.9999999999999998,0.0,0.0,1,0,0.0,True,True,,data/raw/branch_audit/branch_audit_filling_audit_b85c1f3d5d25,9.389254760384486e-15,3.292611348775246e-33,0.12507828902811832,0.0,0.0,0.16329873368205547,0.8480853974258515,1.551595365898432e-32,0.9999999999999999,1e-30,True,1.0186542540245386e-16,0.016536766990945306,-1.342933109632757,0.7311707020253495,1.637586032359621e-14,1.9384126342670729,8.758115402030107e-47,0.3655853510126734,20.0,0.0,6.685894442279278,,,,,,,3.0,obc,0.0,0.9999999999999993,True,1.0,,,,,,,,,,,,,,,,,,,,,
branch_audit_filling_audit_c337449637ce,branch_audit,filling_audit,fad38ae4cee1bd744751bfb0ca3a75545fb1a759045ad4e6c01d3b230936bb19,dd7df74cc39d8e3e42ab1c4169c16fdc190b787e,False,e3b0c44298fc1c149afbf4c8996fb92427ae41e4649b934ca495991b7852b855,fad38ae4cee1bd744751bfb0ca3a75545fb1a759045ad4e6c01d3b230936bb19,20,2.0,0.1,1.9000000000000001,1.0,7.38905609893065,SUCCESS,SUCCESS,7.710772017246003e-11,1.495224075243449e-12,0.015620531021744322,0.9999999999999993,4.446645910976475e-16,4.8907818403156005e-17,1,0,0.0,True,True,,data/raw/branch_audit/branch_audit_filling_audit_c337449637ce,3.895677115131292e-16,-3.482306118869891e-17,0.13305390905464926,0.9,0.2003335000396889,0.9999999999999157,1.0740248204590375e-15,2.8142319930040217e-16,0.0373538178667363,1e-30,True,0.5749294793948683,0.10584576714785095,-1.4331559195193888,0.7316239904241055,4.541526211465706e-16,1.0000000000000002,2.2339173544496414e-16,0.36581199521205204,20.0,0.0,1.0000000000001443,,,,,,,1.0,pbc,4.514158332641575e-16,0.9999999999999988,True,1.0,,,,,,,,,,,,,,,,,,,,,
branch_audit_filling_audit_cb8157a28d5b,branch_audit,filling_audit,fad38ae4cee1bd744751bfb0ca3a75545fb1a759045ad4e6c01d3b230936bb19,dd7df74cc39d8e3e42ab1c4169c16fdc190b787e,False,e3b0c44298fc1c149afbf4c8996fb92427ae41e4649b934ca495991b7852b855,fad38ae4cee1bd744751bfb0ca3a75545fb1a759045ad4e6c01d3b230936bb19,40,2.0,0.05,1.9500000000000002,1.0,7.38905609893065,SUCCESS,SUCCESS,7.56525282546934e-11,2.081450682216296e-12,0.013264384720896971,0.9999999999999992,2.902179267798859e-16,4.849515155690393e-17,1,0,0.0,True,True,,data/raw/branch_audit/branch_audit_filling_audit_cb8157a28d5b,5.533531668600892e-16,-5.366425253293988e-17,0.12796133495629602,0.95,0.10004167187531078,0.9999999999998254,1.541401507282556e-15,1.4756879938904354e-16,0.03680224107105674,1e-30,True,0.5768390418513798,0.028509060494728698,-1.428718616587536,0.7169336824569293,4.727276930442714e-16,1.0000000000000007,5.845570669491409e-16,0.35846684122846406,40.0,0.0,1.0000000000007114,,,,,,,1.0,pbc,3.7514293239289693e-16,0.9999999999999984,True,1.0,,,,,,,,,,,,,,,,,,,,,
branch_audit_filling_audit_cbe954e3d984,branch_audit,filling_audit,fad38ae4cee1bd744751bfb0ca3a75545fb1a759045ad4e6c01d3b230936bb19,dd7df74cc39d8e3e42ab1c4169c16fdc190b787e,False,e3b0c44298fc1c149afbf4c8996fb92427ae41e4649b934ca495991b7852b855,fad38ae4cee1bd744751bfb0ca3a75545fb1a759045ad4e6c01d3b230936bb19,24,2.0,0.1,2.3000000000000003,0.0,0.0,SUCCESS,SUCCESS,8.773978775206126e-11,1.8504648465099614e-11,0.026017002707965475,0.9999999999999999,0.0,0.0,1,0,0.0,True,True,,data/raw/branch_audit/branch_audit_filling_audit_cbe954e3d984,5.2099309264124097e-14,4.663181674901909e-34,0.12090006035861846,0.0,0.0,0.08980080296780774,0.9138915509650882,9.885088343061333e-33,1.0000000000000002,1e-30,True,1.0596326272354399e-16,0.0024091999532914743,-1.3243468849439683,0.7499944767403173,3.1226793712873386e-14,2.6640420801530302,4.930380657631235e-32,0.374997238370158,24.0,0.0,9.974182454814818,,,,,,,4.0,obc,0.0,0.9999999999999997,True,1.0,,,,,,,,,,,,,,,,,,,,,
branch_audit_filling_audit_d154fd64f7b9,branch_audit,filling_audit,fad38ae4cee1bd744751bfb0ca3a75545fb1a759045ad4e6c01d3b230936bb19,dd7df74cc39d8e3e42ab1c4169c16fdc190b787e,False,e3b0c44298fc1c149afbf4c8996fb92427ae41e4649b934ca495991b7852b855,fad38ae4cee1bd744751bfb0ca3a75545fb1a759045ad4e6c01d3b230936bb19,40,2.0,0.1,3.9000000000000004,1.0,54.598150033144236,SUCCESS,SUCCESS,6.13361185461628e-11,3.1919086569417295e-12,7.955424097261243e-10,0.9999999999999993,4.135890910513499e-16,4.94478677278052e-19,1,0,0.0,True,True,,data/raw/branch_audit/branch_audit_filling_audit_d154fd64f7b9,5.466405389139861e-16,-5.9974462192218e-17,0.1247123730746471,0.95,0.20033350003968797,0.9999999999999795,1.8768808239279358e-15,3.5201916775194797e-16,0.0006843884719341387,1e-30,True,0.6892307341402517,0.02153885373439943,-1.4061889243996142,0.7069243559949632,4.863077880145646e-16,1.0000000000000004,4.003152924887027e-16,0.3534621779974806,40.0,0.0,1.00000000000061,,,,,,,2.0,pbc,5.956215673400736e-16,0.9999999999999977,True,1.0,,,,,,,,,,,,,,,,,,,,,
branch_audit_filling_audit_d2b10da5b730,branch_audit,filling_audit,fad38ae4cee1bd744751bfb0ca3a75545fb1a759045ad4e6c01d3b230936bb19,dd7df74cc39d8e3e42ab1c4169c16fdc190b787e,False,e3b0c44298fc1c149afbf4c8996fb92427ae41e4649b934ca495991b7852b855,fad38ae4cee1bd744751bfb0ca3a75545fb1a759045ad4e6c01d3b230936bb19,24,2.0,0.05,1.1500000000000001,1.0,3.320116922736548,SUCCESS,SUCCESS,7.94563468313814e-11,7.44818399172845e-14,0.01354882948482905,0.9999999999999993,3.0675747028383634e-16,1.272826668644052e-18,1,0,0.0,True,True,,data/raw/branch_audit/branch_audit_filling_audit_d2b10da5b730,4.075038412921475e-16,2.7857765072436395e-18,0.12821968771883255,0.9166666666666666,0.10004167187530984,0.9999999999999349,4.32428802872499e-16,1.1286292342407728e-16,0.18085544775919524,1e-30,True,0.46751153246239313,0.05178537997045354,-1.4244662782008914,0.7551289191155118,4.167017725519154e-16,1.0000000000000004,2.905510598617642e-16,0.3775644595577554,24.0,0.0,1.0000000000004137,,,,,,,1.0,pbc,3.5635798831042955e-16,0.9999999999999982,True,1.0,,,,,,,,,,,,,,,,,,,,,
branch_audit_filling_audit_d35f4edd93e7,branch_audit,filling_audit,fad38ae4cee1bd744751bfb0ca3a75545fb1a759045ad4e6c01d3b230936bb19,dd7df74cc39d8e3e42ab1c4169c16fdc190b787e,False,e3b0c44298fc1c149afbf4c8996fb92427ae41e4649b934ca495991b7852b855,fad38ae4cee1bd744751bfb0ca3a75545fb1a759045ad4e6c01d3b230936bb19,24,2.0,0.1,2.3000000000000003,0.1389495494373136,1.5316653914581884,SUCCESS,SUCCESS,9.343012468425129e-11,5.586023015405511e-12,0.013486116767341683,0.9999999999999994,2.7593723194526345e-16,3.451766077944997e-17,1,0,0.0,True,True,,data/raw/branch_audit/branch_audit_filling_audit_d35f4edd93e7,6.62520578990005e-16,-5.966242787753501e-18,0.12676651489261365,0.6666666666666666,0.09912925547819358,0.27851995257464457,0.7512048921550727,7.606096749567654e-17,0.24610415354526677,1e-30,True,0.18704559445277422,0.019629082771230356,-1.3986916309839255,0.7972575829580384,1.0038253522678491e-15,1.6788902741563474,1.7895505540425567e-16,0.3986287914790187,24.0,0.0,36.74118711698203,,,,,,,1.0,middle,3.4026720165730103e-16,0.9999999999999991,True,1.0,,,,,,,,,,,,,,,,,,,,,
branch_audit_filling_audit_d6ec39487055,branch_audit,filling_audit,fad38ae4cee1bd744751bfb0ca3a75545fb1a759045ad4e6c01d3b230936bb19,dd7df74cc39d8e3e42ab1c4169c16fdc190b787e,False,e3b0c44298fc1c149afbf4c8996fb92427ae41e4649b934ca495991b7852b855,fad38ae4cee1bd744751bfb0ca3a75545fb1a759045ad4e6c01d3b230936bb19,24,2.0,0.1,2.3000000000000003,0.1389495494373136,1.5316653914581884,SUCCESS,SUCCESS,6.071793301298238e-11,6.80651525540328e-11,2.0446433435239442e-10,0.9999999999999994,1.9811262412510247e-16,2.554963824577008e-17,1,0,0.0,True,True,,data/raw/branch_audit/branch_audit_filling_audit_d6ec39487055,7.29812475108478e-16,2.2121719603865476e-17,0.1257685670777084,0.5833333333333334,0.10069264718775534,0.27877779256710905,0.750994925671541,1.0067812390850361e-16,0.24456274040946754,1e-30,True,0.18827573049247504,0.01534618263413512,-1.3736916309839255,0.7769084154216084,1.6917748660004906e-15,1.6744026679021142,1.3760845355033441e-16,0.3884542077108038,24.0,0.0,45.27999993239143,,,,,,,2.0,middle,3.4026720165730103e-16,0.9999999999999991,True,1.0,,,,,,,,,,,,,,,,,,,,,
branch_audit_filling_audit_da02f8185ca5,branch_audit,filling_audit,fad38ae4cee1bd744751bfb0ca3a75545fb1a759045ad4e6c01d3b230936bb19,dd7df74cc39d8e3e42ab1c4169c16fdc190b787e,False,e3b0c44298fc1c149afbf4c8996fb92427ae41e4649b934ca495991b7852b855,fad38ae4cee1bd744751bfb0ca3a75545fb1a759045ad4e6c01d3b230936bb19,24,2.0,0.1,2.3000000000000003,1.0,11.023176380641605,SUCCESS,SUCCESS,7.837944539634702e-11,2.3961911059093953e-13,0.026508483688976847,0.9999999999999996,3.7901485306900683e-16,3.583411926741245e-17,1,0,0.0,True,True,,data/raw/branch_audit/branch_audit_filling_audit_da02f8185ca5,3.6381999748522164e-16,-1.5985376790102308e-17,0.1264499923112401,0.9166666666666666,0.2003335000396893,0.9999999999999959,8.806675971608888e-16,2.2484627803915007e-16,0.016788645669960366,1e-30,True,0.6086040059686576,0.08247567249516012,-1.4517258982064236,0.7782438449588736,4.0303300118000956e-16,1.0000000000000002,2.313910421318293e-16,0.38912192247943667,24.0,0.0,1.0000000000001719,,,,,,,0.0,pbc,5.282920308356509e-16,0.999999999999999,True,1.0,,,,,,,,,,,,,,,,,,,,,
branch_audit_filling_audit_da76024f3fc2,branch_audit,filling_audit,fad38ae4cee1bd744751bfb0ca3a75545fb1a759045ad4e6c01d3b230936bb19,dd7df74cc39d8e3e42ab1c4169c16fdc190b787e,False,e3b0c44298fc1c149afbf4c8996fb92427ae41e4649b934ca495991b7852b855,fad38ae4cee1bd744751bfb0ca3a75545fb1a759045ad4e6c01d3b230936bb19,40,2.0,0.1,3.9000000000000004,1.0,54.598150033144236,SUCCESS,SUCCESS,7.264806227717299e-11,1.961861643787968e-12,0.01318844867836877,0.9999999999999991,2.586081239210207e-16,1.5017156329027903e-17,1,0,0.0,True,True,,data/raw/branch_audit/branch_audit_filling_audit_da76024f3fc2,6.433923436609099e-16,5.071533216389818e-17,0.12616482895295153,0.95,0.2003335000396893,0.9999999999999808,1.6447544534836298e-15,2.593462626925991e-16,0.0006843884719341383,1e-30,True,0.6892307341402517,0.03943418258867863,-1.4311889243996143,0.7119140991387982,5.0226223375301e-16,1.0000000000000004,7.78154915520011e-16,0.3559570495693984,40.0,0.0,1.0000000000005371,,,,,,,1.0,pbc,5.956215673400736e-16,0.9999999999999977,True,1.0,,,,,,,,,,,,,,,,,,,,,
branch_audit_filling_audit_dd6be4f43afb,branch_audit,filling_audit,fad38ae4cee1bd744751bfb0ca3a75545fb1a759045ad4e6c01d3b230936bb19,dd7df74cc39d8e3e42ab1c4169c16fdc190b787e,False,e3b0c44298fc1c149afbf4c8996fb92427ae41e4649b934ca495991b7852b855,fad38ae4cee1bd744751bfb0ca3a75545fb1a759045ad4e6c01d3b230936bb19,24,2.0,0.05,1.1500000000000001,0.1389495494373136,0.4613287504934435,SUCCESS,SUCCESS,9.572558272825079e-11,1.78257417450029e-12,0.013335344755219691,0.9999999999999996,3.277645225116635e-17,1.5344725560553978e-18,1,0,0.0,True,True,,data/raw/branch_audit/branch_audit_filling_audit_dd6be4f43afb,4.946710657976489e-16,1.7104676330113034e-18,0.123463145492962,0.08333333333333333,0.01855593730271741,0.5676736489628025,0.5251435364606886,7.844697015207785e-18,0.7855425493162796,1e-30,True,0.07719559276957362,0.0004725739986626287,-1.3488746739680746,0.7564261951856585,4.631995771191711e-16,1.221510628178558,1.9344662246876755e-16,0.37821309759282884,24.0,0.0,9.987407538425964,,,,,,,3.0,middle,5.304787407976144e-17,0.9999999999999989,True,1.0,,,,,,,,,,,,,,,,,,,,,
branch_audit_filling_audit_e24e27e2b4c8,branch_audit,filling_audit,fad38ae4cee1bd744751bfb0ca3a75545fb1a759045ad4e6c01d3b230936bb19,dd7df74cc39d8e3e42ab1c4169c16fdc190b787e,False,e3b0c44298fc1c149afbf4c8996fb92427ae41e4649b934ca495991b7852b855,fad38ae4cee1bd744751bfb0ca3a75545fb1a759045ad4e6c01d3b230936bb19,24,2.0,0.1,2.3000000000000003,0.1389495494373136,1.5316653914581884,SUCCESS,SUCCESS,9.394319514390637e-11,6.651398064509916e-12,0.013536528013416427,0.9999999999999996,2.0075539755979834e-16,7.164514048473504e-18,1,0,0.0,True,True,,data/raw/branch_audit/branch_audit_filling_audit_e24e27e2b4c8,5.615253791243745e-16,1.4503813322607554e-17,0.1247163877604234,0.5833333333333334,0.10287148542365845,0.2794621642492587,0.7504377480940088,1.553752701512802e-16,0.242329605722568,1e-30,True,0.18983184968064604,0.02544419853698887,-1.3486916309839256,0.7629072975591924,1.2975989955007326e-15,1.668067705031991,3.523882201549727e-16,0.38145364877959603,24.0,0.0,27.546130368660123,,,,,,,3.0,middle,3.4026720165730103e-16,0.9999999999999991,True,1.0,,,,,,,,,,,,,,,,,,,,,
branch_audit_filling_audit_e34aa0d7f150,branch_audit,filling_audit,fad38ae4cee1bd744751bfb0ca3a75545fb1a759045ad4e6c01d3b230936bb19,dd7df74cc39d8e3e42ab1c4169c16fdc190b787e,False,e3b0c44298fc1c149afbf4c8996fb92427ae41e4649b934ca495991b7852b855,fad38ae4cee1bd744751bfb0ca3a75545fb1a759045ad4e6c01d3b230936bb19,40,2.0,0.05,1.9500000000000002,1.0,7.38905609893065,SUCCESS,SUCCESS,7.191474400194374e-11,2.1111900324466685e-12,0.02666062504777178,0.9999999999999996,2.914152447236442e-16,3.313209023203443e-17,1,0,0.0,True,True,,data/raw/branch_audit/branch_audit_filling_audit_e34aa0d7f150,6.101405313868297e-16,1.540619637554613e-17,0.12945230000396357,0.95,0.1000416718753102,0.9999999999998312,1.6699617881253625e-15,1.608824195570154e-16,0.03680224107105695,1e-30,True,0.5768390418513791,0.028462185227684768,-1.453718616587536,0.730050625226135,6.00640610084161e-16,1.0000000000000007,6.3782114521306775e-16,0.3650253126130666,40.0,0.0,1.0000000000008682,,,,,,,0.0,pbc,3.7514293239289693e-16,0.9999999999999984,True,1.0,,,,,,,,,,,,,,,,,,,,,
branch_audit_filling_audit_e389e0fc0bb0,branch_audit,filling_audit,fad38ae4cee1bd744751bfb0ca3a75545fb1a759045ad4e6c01d3b230936bb19,dd7df74cc39d8e3e42ab1c4169c16fdc190b787e,False,e3b0c44298fc1c149afbf4c8996fb92427ae41e4649b934ca495991b7852b855,fad38ae4cee1bd744751bfb0ca3a75545fb1a759045ad4e6c01d3b230936bb19,20,2.0,0.1,1.9000000000000001,0.1389495494373136,1.026706015713448,SUCCESS,SUCCESS,7.238858570834868e-11,6.90163243114821e-11,7.16917192278288e-10,0.9999999999999996,1.9596414010873442e-16,9.389370786207704e-18,1,0,0.0,True,True,,data/raw/branch_audit/branch_audit_filling_audit_e389e0fc0bb0,4.601519470882331e-16,-1.7280355946809623e-17,0.12961741985454178,0.4,0.08905003369007772,0.31676153990521144,0.7203317972136717,8.996203490258367e-17,0.4325241378337165,1e-30,True,0.14136219353052248,0.03652556536051588,-1.3703523363482515,0.7779281823881785,6.174507715345709e-16,1.5313861809992215,4.2600639746984574e-18,0.3889640911940878,20.0,0.0,14.903262514128349,,,,,,,2.0,middle,1.9596414010873442e-16,0.9999999999999989,True,1.0,,,,,,,,,,,,,,,,,,,,,
branch_audit_filling_audit_e6cfb5dbec38,branch_audit,filling_audit,fad38ae4cee1bd744751bfb0ca3a75545fb1a759045ad4e6c01d3b230936bb19,dd7df74cc39d8e3e42ab1c4169c16fdc190b787e,False,e3b0c44298fc1c149afbf4c8996fb92427ae41e4649b934ca495991b7852b855,fad38ae4cee1bd744751bfb0ca3a75545fb1a759045ad4e6c01d3b230936bb19,40,2.0,0.05,1.9500000000000002,0.0,0.0,SUCCESS,SUCCESS,8.4736520543016e-11,1.8068335506307014e-11,0.013128664923537703,1.0,2.4463218260394534e-17,2.5328584049661664e-19,1,0,0.0,True,True,,data/raw/branch_audit/branch_audit_filling_audit_e6cfb5dbec38,4.3254846824421116e-16,4.652362912748631e-19,0.12487227684949916,0.0,4.600461206210742e-16,0.15904212616519167,0.8517997536027824,1.786799748253468e-17,0.9999999999966114,1e-30,True,4.84411284359986e-13,0.0077964916616446445,-1.3605207939585133,0.7083136654454831,5.950149438252145e-16,2.340789058717025,3.784067154732041e-30,0.354156832722741,40.0,0.0,7.028687580589948,,,,,,,3.0,obc,4.181114987400092e-17,0.9999999999999996,True,1.0,,,,,,,,,,,,,,,,,,,,,
branch_audit_filling_audit_e7fbb4882303,branch_audit,filling_audit,fad38ae4cee1bd744751bfb0ca3a75545fb1a759045ad4e6c01d3b230936bb19,dd7df74cc39d8e3e42ab1c4169c16fdc190b787e,False,e3b0c44298fc1c149afbf4c8996fb92427ae41e4649b934ca495991b7852b855,fad38ae4cee1bd744751bfb0ca3a75545fb1a759045ad4e6c01d3b230936bb19,20,2.0,0.1,1.9000000000000001,0.0,0.0,SUCCESS,SUCCESS,8.718593593572194e-11,1.9214208934662322e-11,0.01302893105561953,0.9999999999999996,0.0,0.0,1,0,0.0,True,True,,data/raw/branch_audit/branch_audit_filling_audit_e7fbb4882303,1.370623085745457e-14,3.419240266955036e-33,0.12660766197200984,0.0,0.0,0.1620835959212623,0.8491446174517296,2.095253243738805e-32,1.0,1e-30,True,8.438920293537954e-17,0.015504683337896896,-1.3929331096327568,0.7690270965055679,2.5822845027060895e-14,1.9702373580595036,9.305497614656988e-47,0.3845135482527837,20.0,0.0,6.685894442279285,,,,,,,1.0,obc,0.0,0.9999999999999993,True,1.0,,,,,,,,,,,,,,,,,,,,,
branch_audit_filling_audit_efe4f90f2f7b,branch_audit,filling_audit,fad38ae4cee1bd744751bfb0ca3a75545fb1a759045ad4e6c01d3b230936bb19,dd7df74cc39d8e3e42ab1c4169c16fdc190b787e,False,e3b0c44298fc1c149afbf4c8996fb92427ae41e4649b934ca495991b7852b855,fad38ae4cee1bd744751bfb0ca3a75545fb1a759045ad4e6c01d3b230936bb19,40,2.0,0.05,1.9500000000000002,0.1389495494373136,1.026706015713448,SUCCESS,SUCCESS,9.827248837642428e-11,2.0571875374665434e-12,0.013302695252606855,0.9999999999999998,1.1444557990496841e-16,2.793157749371497e-18,1,0,0.0,True,True,,data/raw/branch_audit/branch_audit_filling_audit_efe4f90f2f7b,7.276651521252795e-16,-9.119582220108615e-18,0.12754813564727172,0.4,0.0468080370759444,0.39108840632282976,0.6616064888360345,5.581423849083013e-17,0.3393721446365294,1e-30,True,0.18084806294083117,0.01667738899351786,-1.41105461635253,0.7365804770124718,1.088691919827945e-15,1.5332039620634659,4.558692961694733e-16,0.368290238506235,40.0,0.0,26.38729239020056,,,,,,,1.0,middle,2.3735838502427386e-16,0.9999999999999991,True,1.0,,,,,,,,,,,,,,,,,,,,,
branch_audit_filling_audit_f12f70537175,branch_audit,filling_audit,fad38ae4cee1bd744751bfb0ca3a75545fb1a759045ad4e6c01d3b230936bb19,dd7df74cc39d8e3e42ab1c4169c16fdc190b787e,False,e3b0c44298fc1c149afbf4c8996fb92427ae41e4649b934ca495991b7852b855,fad38ae4cee1bd744751bfb0ca3a75545fb1a759045ad4e6c01d3b230936bb19,24,2.0,0.05,1.1500000000000001,1.0,3.320116922736548,SUCCESS,SUCCESS,7.021407824800352e-12,4.049902193536031e-11,5.973136429915371e-10,0.9999999999999991,3.5635798831042955e-16,1.0725731535835856e-17,1,0,0.0,True,True,,data/raw/branch_audit/branch_audit_filling_audit_f12f70537175,3.562303440842401e-16,-2.496980543124059e-17,0.12819196083463996,0.9166666666666666,0.10004167187531038,0.9999999999999352,5.142759371325462e-16,1.2695730517741584e-16,0.1808554477591954,1e-30,True,0.46751153246239313,0.04934677693885997,-1.3994662782008915,0.7342542241167417,4.1550458359716225e-16,1.0000000000000002,6.94274053750396e-16,0.36712711205837034,24.0,0.0,1.0000000000003768,,,,,,,2.0,pbc,3.5635798831042955e-16,0.9999999999999982,True,1.0,,,,,,,,,,,,,,,,,,,,,
branch_audit_filling_audit_f20389607c5e,branch_audit,filling_audit,fad38ae4cee1bd744751bfb0ca3a75545fb1a759045ad4e6c01d3b230936bb19,dd7df74cc39d8e3e42ab1c4169c16fdc190b787e,False,e3b0c44298fc1c149afbf4c8996fb92427ae41e4649b934ca495991b7852b855,fad38ae4cee1bd744751bfb0ca3a75545fb1a759045ad4e6c01d3b230936bb19,40,2.0,0.1,3.9000000000000004,0.1389495494373136,7.586388347216241,SUCCESS,SUCCESS,9.694363837390708e-11,5.2628355360640375e-12,0.026118507395591073,0.9999999999999997,2.219559011738322e-16,2.4848774729465845e-18,1,0,0.0,True,True,,data/raw/branch_audit/branch_audit_filling_audit_f20389607c5e,5.697013808247419e-16,-1.2827224573294318e-17,0.12291342154081608,0.95,0.13874225030078166,0.22637008843310416,0.794247491343688,2.0474012749678813e-16,0.014483494569559083,1e-30,True,0.3209139119163783,0.01835775241756549,-1.3374751874320425,0.7462895168661671,9.817259830716335e-16,2.045827374109724,9.125277494236664e-16,0.37314475843308326,40.0,0.0,16.079077996120052,,,,,,,4.0,middle,4.344801549285646e-16,0.9999999999999992,True,1.0,,,,,,,,,,,,,,,,,,,,,
branch_audit_filling_audit_f91cdb5ac5f5,branch_audit,filling_audit,fad38ae4cee1bd744751bfb0ca3a75545fb1a759045ad4e6c01d3b230936bb19,dd7df74cc39d8e3e42ab1c4169c16fdc190b787e,False,e3b0c44298fc1c149afbf4c8996fb92427ae41e4649b934ca495991b7852b855,fad38ae4cee1bd744751bfb0ca3a75545fb1a759045ad4e6c01d3b230936bb19,20,2.0,0.1,1.9000000000000001,0.1389495494373136,1.026706015713448,SUCCESS,SUCCESS,9.16624204856689e-11,7.345074572066294e-12,0.027960252092341653,0.999999999999999,1.4079257193879962e-16,7.840753905000883e-18,1,0,0.0,True,True,,data/raw/branch_audit/branch_audit_filling_audit_f91cdb5ac5f5,4.864536998828829e-16,-4.5059000220990616e-18,0.12675656375046218,0.3,0.09191389201659532,0.3225194351673594,0.7157269805450307,7.517046216852899e-17,0.4189763755534799,1e-30,True,0.14696154737536496,0.03549627972485725,-1.3203523363482514,0.7893096557115347,9.111604769689384e-16,1.5060749201031227,1.565231947081361e-16,0.39465482785576683,20.0,0.0,15.444300595382837,,,,,,,4.0,middle,1.9596414010873442e-16,0.9999999999999989,True,1.0,,,,,,,,,,,,,,,,,,,,,
branch_audit_filling_audit_fd70f960a780,branch_audit,filling_audit,fad38ae4cee1bd744751bfb0ca3a75545fb1a759045ad4e6c01d3b230936bb19,dd7df74cc39d8e3e42ab1c4169c16fdc190b787e,False,e3b0c44298fc1c149afbf4c8996fb92427ae41e4649b934ca495991b7852b855,fad38ae4cee1bd744751bfb0ca3a75545fb1a759045ad4e6c01d3b230936bb19,24,2.0,0.1,2.3000000000000003,1.0,11.023176380641605,SUCCESS,SUCCESS,7.534678996366345e-11,1.7532462126164282e-12,0.028014813636043745,0.999999999999999,3.3009734015277245e-16,4.915617118111291e-19,1,0,0.0,True,True,,data/raw/branch_audit/branch_audit_filling_audit_fd70f960a780,4.1529855374463326e-16,-2.6214433598492122e-17,0.12537049185861232,0.9166666666666666,0.20033350003968856,0.9999999999999959,8.90793378596783e-16,1.9777504568058443e-16,0.016788645669960394,1e-30,True,0.6086040059686568,0.04384311513649239,-1.3517258982064235,0.708188169018264,4.4003949605813107e-16,1.0000000000000002,5.789432911651656e-16,0.35409408450913143,24.0,0.0,1.0000000000001603,,,,,,,4.0,pbc,5.282920308356509e-16,0.999999999999999,True,1.0,,,,,,,,,,,,,,,,,,,,,
branch_audit_filling_audit_fda73ebb6dfe,branch_audit,filling_audit,fad38ae4cee1bd744751bfb0ca3a75545fb1a759045ad4e6c01d3b230936bb19,dd7df74cc39d8e3e42ab1c4169c16fdc190b787e,False,e3b0c44298fc1c149afbf4c8996fb92427ae41e4649b934ca495991b7852b855,fad38ae4cee1bd744751bfb0ca3a75545fb1a759045ad4e6c01d3b230936bb19,24,2.0,0.05,1.1500000000000001,0.0,0.0,SUCCESS,SUCCESS,8.67947554217733e-11,2.362162144481433e-11,0.013367351685740547,0.9999999999999998,0.0,0.0,1,0,0.0,True,True,,data/raw/branch_audit/branch_audit_filling_audit_fda73ebb6dfe,1.822638679544633e-14,1.5013143017881853e-34,0.12599959531446747,0.0,0.0,0.4619527271903267,0.6066574738230764,2.2109174383013647e-33,0.9999999999999998,1e-30,True,1.3080181892686872e-16,0.008063854122573932,-1.3993468846512322,0.7165884781444731,2.8429905704899836e-14,1.3191527931035527,1.5407439555097903e-32,0.35829423907223656,24.0,0.0,3.158192909689772,,,,,,,1.0,obc,0.0,0.9999999999999996,True,1.0,,,,,,,,,,,,,,,,,,,,,
branch_audit_filling_audit_ff38be8d4f8a,branch_audit,filling_audit,fad38ae4cee1bd744751bfb0ca3a75545fb1a759045ad4e6c01d3b230936bb19,dd7df74cc39d8e3e42ab1c4169c16fdc190b787e,False,e3b0c44298fc1c149afbf4c8996fb92427ae41e4649b934ca495991b7852b855,fad38ae4cee1bd744751bfb0ca3a75545fb1a759045ad4e6c01d3b230936bb19,24,2.0,0.05,1.1500000000000001,0.1389495494373136,0.4613287504934435,SUCCESS,SUCCESS,9.650446035701037e-11,1.4963774880365958e-12,0.02690683020784823,0.9999999999999993,7.226713374124834e-26,6.479635628584559e-28,1,0,0.0,True,True,,data/raw/branch_audit/branch_audit_filling_audit_ff38be8d4f8a,4.1989200787743517e-16,8.888710812981111e-27,0.12775808184792353,0.0,3.98006156050844e-25,0.5690762956197918,0.5240565597600568,1.6180170478819408e-25,0.7787453778084377,1e-30,True,0.07865822664497606,0.017138051643534102,-1.4238746739680745,0.7485777009585406,4.910896351254559e-16,1.2263374195489662,6.138901697734314e-34,0.3742888504792699,24.0,0.0,4.633813311325035,,,,,,,0.0,middle,5.304787407976144e-17,0.9999999999999989,True,1.0,,,,,,,,,,,,,,,,,,,,,
branch_audit_obc_seed_6ee1916598ee,branch_audit,obc_seed,fad38ae4cee1bd744751bfb0ca3a75545fb1a759045ad4e6c01d3b230936bb19,dd7df74cc39d8e3e42ab1c4169c16fdc190b787e,False,e3b0c44298fc1c149afbf4c8996fb92427ae41e4649b934ca495991b7852b855,fad38ae4cee1bd744751bfb0ca3a75545fb1a759045ad4e6c01d3b230936bb19,24,2.0,0.05,1.1500000000000001,0.0,0.0,SUCCESS,SUCCESS,8.758431825331024e-11,5.427736379020587e-11,2.4006518994923454e-10,,0.0,0.0,31,8963,7.483871791991987,True,True,,data/raw/branch_audit/branch_audit_obc_seed_6ee1916598ee,1.2481682634138996e-14,2.116879925625012e-34,0.12415580285839656,0.0,0.0,0.46340861341649253,0.6055347136065014,1.9678135594084146e-33,0.9999999999999998,1e-30,True,9.698920822574229e-17,0.019120739162683975,-1.3743468846512323,0.7184264410823977,1.549557635485398e-14,1.3134272098664663,3.552713678800501e-15,0.35921322054119864,24.0,0.0,3.1581929096897725,,,,,direct_obc,,,,,,,,SUCCESS,False,,,,,,,,,,,,,,,,,,,
branch_audit_obc_seed_8a94a8874325,branch_audit,obc_seed,fad38ae4cee1bd744751bfb0ca3a75545fb1a759045ad4e6c01d3b230936bb19,dd7df74cc39d8e3e42ab1c4169c16fdc190b787e,False,e3b0c44298fc1c149afbf4c8996fb92427ae41e4649b934ca495991b7852b855,fad38ae4cee1bd744751bfb0ca3a75545fb1a759045ad4e6c01d3b230936bb19,40,2.0,0.05,1.9500000000000002,0.0,0.0,SUCCESS,SUCCESS,8.770966763300994e-11,3.9058867762136665e-11,8.346452418095396e-10,,5.970430751445092e-17,6.387388868431857e-19,31,12278,71.11457458299992,True,True,,data/raw/branch_audit/branch_audit_obc_seed_8a94a8874325,4.2515230953488425e-16,-1.443825616883515e-19,0.12616890281016874,0.0,2.507478558927188e-16,0.15818859127092735,0.852545884628491,1.8197941665480312e-17,0.9999999999862104,1e-30,True,1.9984616047213733e-12,0.0018191756736862796,-1.3855207939585132,0.7211747383706673,6.631524504891487e-16,2.3590274998947685,5.115269932292498e-31,0.3605873691853325,40.0,0.0,7.028687580588373,,,,,direct_obc,,,,,,,,SUCCESS,False,,,,,,,,,,,,,,,,,,,
branch_audit_obc_seed_a466a3d357ca,branch_audit,obc_seed,fad38ae4cee1bd744751bfb0ca3a75545fb1a759045ad4e6c01d3b230936bb19,dd7df74cc39d8e3e42ab1c4169c16fdc190b787e,False,e3b0c44298fc1c149afbf4c8996fb92427ae41e4649b934ca495991b7852b855,fad38ae4cee1bd744751bfb0ca3a75545fb1a759045ad4e6c01d3b230936bb19,40,2.0,0.1,3.9000000000000004,0.0,0.0,SUCCESS,SUCCESS,8.721933944368054e-11,3.357899796909955e-11,4.107817419551907e-10,,2.9445041943136106e-17,1.090483763155185e-19,31,12561,76.54938504200254,True,True,,data/raw/branch_audit/branch_audit_obc_seed_a466a3d357ca,4.34078554479461e-16,-2.316942813996767e-19,0.126168902776335,0.0,4.743615847043264e-16,0.0061828030835406785,0.9938361928128905,2.6724300101090342e-17,0.999999999988683,1e-30,True,4.906905669860158e-13,0.001819173254625106,-1.3855207930946145,0.7211747378971891,6.230628533417965e-16,12.746726520654684,2.754850192451502e-30,0.3605873689485938,40.0,0.0,49.40244910552506,,,,,direct_obc,,,,,,,,SUCCESS,False,,,,,,,,,,,,,,,,,,,
branch_audit_obc_seed_ab86717b1cb8,branch_audit,obc_seed,fad38ae4cee1bd744751bfb0ca3a75545fb1a759045ad4e6c01d3b230936bb19,dd7df74cc39d8e3e42ab1c4169c16fdc190b787e,False,e3b0c44298fc1c149afbf4c8996fb92427ae41e4649b934ca495991b7852b855,fad38ae4cee1bd744751bfb0ca3a75545fb1a759045ad4e6c01d3b230936bb19,20,2.0,0.1,1.9000000000000001,0.0,0.0,SUCCESS,SUCCESS,8.852496687655842e-11,3.875795375964608e-11,5.75134384561693e-10,,0.0,0.0,30,8293,4.4854829579999205,True,True,,data/raw/branch_audit/branch_audit_obc_seed_ab86717b1cb8,2.3361216289466353e-14,-2.623133982680152e-33,0.12566888979294874,0.0,0.0,0.1627241700415618,0.8485861260385485,1.4412555529065674e-32,1.0,1e-30,True,1.0874243876362114e-16,0.00793265581746505,-1.367933109632757,0.7617875008361383,4.311087004871666e-14,1.9535422896721786,3.552713678800501e-15,0.38089375041806806,20.0,0.0,6.685894442279281,,,,,direct_obc,,,,,,,,SUCCESS,False,,,,,,,,,,,,,,,,,,,
branch_audit_obc_seed_b386439148e7,branch_audit,obc_seed,fad38ae4cee1bd744751bfb0ca3a75545fb1a759045ad4e6c01d3b230936bb19,dd7df74cc39d8e3e42ab1c4169c16fdc190b787e,False,e3b0c44298fc1c149afbf4c8996fb92427ae41e4649b934ca495991b7852b855,fad38ae4cee1bd744751bfb0ca3a75545fb1a759045ad4e6c01d3b230936bb19,24,2.0,0.1,2.3000000000000003,0.0,0.0,SUCCESS,SUCCESS,8.941093119050143e-11,3.007460959230371e-11,3.697286921067189e-11,,0.0,0.0,30,9062,7.93529833300272,True,True,,data/raw/branch_audit/branch_audit_obc_seed_b386439148e7,1.475159961175857e-14,1.1584674812324184e-34,0.12415580290992029,0.0,0.0,0.08882841196276262,0.9147877960769609,2.1967398835977462e-32,1.0000000000000002,1e-30,True,8.426627024212309e-17,0.01912074012026377,-1.3743468849439684,0.7184264411223005,2.1324955473380717e-14,2.7275500642015316,3.552713678800501e-15,0.35921322056115024,24.0,0.0,9.974182454814738,,,,,direct_obc,,,,,,,,SUCCESS,False,,,,,,,,,,,,,,,,,,,
branch_audit_reverse_branch_trial_0776338f0975,branch_audit,reverse_branch_trial,fad38ae4cee1bd744751bfb0ca3a75545fb1a759045ad4e6c01d3b230936bb19,dd7df74cc39d8e3e42ab1c4169c16fdc190b787e,False,e3b0c44298fc1c149afbf4c8996fb92427ae41e4649b934ca495991b7852b855,fad38ae4cee1bd744751bfb0ca3a75545fb1a759045ad4e6c01d3b230936bb19,20,2.0,0.1,1.9000000000000001,0.1389495494373136,1.026706015713448,SUCCESS,SUCCESS,8.988890827375068e-11,5.020617549179164e-11,1.177200559254743e-10,0.8104375599364856,1.6599491955872969e-16,2.0060554508549013e-17,27,7703,9.82985608400486,True,True,SUCCESS,data/raw/branch_audit/branch_audit_reverse_branch_trial_0776338f0975,4.514161817357907e-16,1.001679968378082e-17,0.12961741980676997,0.4,0.08905003385919204,0.3167615403275993,0.7203317968754704,7.242852238234534e-17,0.4325241373126154,1e-30,True,0.1413621937710591,0.036525565280162375,-1.3703523353855442,0.7779281822322952,7.148430472191934e-16,1.5313861800566202,3.935198620932547e-17,0.388964091116147,20.0,0.0,14.903262521751268,,,,,,0.0,,,,,,,SUCCESS,False,,,,,,,,,,,,,,,,,,,
branch_audit_reverse_branch_trial_08b0c3a4fe84,branch_audit,reverse_branch_trial,fad38ae4cee1bd744751bfb0ca3a75545fb1a759045ad4e6c01d3b230936bb19,dd7df74cc39d8e3e42ab1c4169c16fdc190b787e,False,e3b0c44298fc1c149afbf4c8996fb92427ae41e4649b934ca495991b7852b855,fad38ae4cee1bd744751bfb0ca3a75545fb1a759045ad4e6c01d3b230936bb19,24,2.0,0.1,2.3000000000000003,1e-06,1.1023176380641605e-05,SUCCESS,SUCCESS,8.704060223292543e-11,3.875009701110264e-11,5.215354814680495e-10,0.9999999999950717,4.90755299518649e-27,7.472197319167675e-29,12,1717,3.0053134999907343,True,True,SUCCESS,data/raw/branch_audit/branch_audit_reverse_branch_trial_08b0c3a4fe84,3.939222708132359e-16,-1.3081869407510283e-28,0.12415581345269174,0.0,1.237666061158097e-28,0.08882838650980396,0.9147878195461903,6.453119921835226e-28,1.000000304781537,1e-30,True,5.537427610874584e-08,0.019121895095861152,-1.3743468592959027,0.7184264213699008,5.275590375449469e-16,2.7275505075804167,1.7256332301709633e-30,0.35921321068494977,24.0,0.0,9.974181934849224,,,,,,6.0,,,,,,,SUCCESS,False,,,,,,,,,,,,,,,,,,,
branch_audit_reverse_branch_trial_0a2469f39d19,branch_audit,reverse_branch_trial,fad38ae4cee1bd744751bfb0ca3a75545fb1a759045ad4e6c01d3b230936bb19,dd7df74cc39d8e3e42ab1c4169c16fdc190b787e,False,e3b0c44298fc1c149afbf4c8996fb92427ae41e4649b934ca495991b7852b855,fad38ae4cee1bd744751bfb0ca3a75545fb1a759045ad4e6c01d3b230936bb19,24,2.0,0.1,2.3000000000000003,3.727593720314938e-10,4.108992305440359e-09,SUCCESS,SUCCESS,9.589315724083924e-11,9.271204241446416e-13,5.925916424232014e-10,0.9999999999999993,1.6326955547746126e-28,4.950923910371444e-31,1,20,0.03474679199280217,True,True,SUCCESS,data/raw/branch_audit/branch_audit_reverse_branch_trial_0a2469f39d19,3.506578729125396e-16,8.373630705847755e-29,0.12415580299580993,0.0,1.370374360741153e-28,0.08882841158186325,0.914787796428163,7.468333832637938e-28,1.0000000045574917,1e-30,True,5.205442746200775e-10,0.019120744099987208,-1.3743468861513715,0.7184264407446286,5.07103950244436e-16,2.727550070449131,1.7995889400354332e-30,0.3592132203723138,24.0,0.0,9.974182453626627,,,,,,10.0,,,,,,,SUCCESS,False,,,,,,,,,,,,,,,,,,,
branch_audit_reverse_branch_trial_0c94f53cbaa3,branch_audit,reverse_branch_trial,fad38ae4cee1bd744751bfb0ca3a75545fb1a759045ad4e6c01d3b230936bb19,dd7df74cc39d8e3e42ab1c4169c16fdc190b787e,False,e3b0c44298fc1c149afbf4c8996fb92427ae41e4649b934ca495991b7852b855,fad38ae4cee1bd744751bfb0ca3a75545fb1a759045ad4e6c01d3b230936bb19,40,2.0,0.1,3.9000000000000004,3.727593720314938e-10,2.0351972120436128e-08,SUCCESS,SUCCESS,9.777796017573914e-11,2.9985300759902273e-13,5.500537803015959e-10,0.9999999999999996,6.297578700249191e-17,2.0106329795951343e-19,1,14,0.10558925000077579,True,True,SUCCESS,data/raw/branch_audit/branch_audit_reverse_branch_trial_0c94f53cbaa3,4.2588900071209674e-16,3.1620226716383524e-19,0.12616890267895206,0.0,4.995997965985486e-16,0.006182803013652584,0.9938361928823506,1.5118021516736316e-17,1.00000001245462,1e-30,True,5.512316745617124e-10,0.0018191694787321744,-1.3855207913047307,0.7211747363834038,7.002400871353334e-16,12.746726583909146,2.3659664180808315e-29,0.36058736819170145,40.0,0.0,49.40244908515067,,,,,,10.0,,,,,,,SUCCESS,False,,,,,,,,,,,,,,,,,,,
branch_audit_reverse_branch_trial_0dd97e80b2ce,branch_audit,reverse_branch_trial,fad38ae4cee1bd744751bfb0ca3a75545fb1a759045ad4e6c01d3b230936bb19,dd7df74cc39d8e3e42ab1c4169c16fdc190b787e,False,e3b0c44298fc1c149afbf4c8996fb92427ae41e4649b934ca495991b7852b855,fad38ae4cee1bd744751bfb0ca3a75545fb1a759045ad4e6c01d3b230936bb19,20,2.0,0.1,1.9000000000000001,7.196856730011514e-06,5.317797811402167e-05,SUCCESS,SUCCESS,8.848325653289057e-11,7.445848350526949e-11,7.129412615825004e-10,0.9999999997533005,8.46720771131062e-25,7.296900449311216e-26,13,1769,2.0908012079889886,True,True,SUCCESS,data/raw/branch_audit/branch_audit_reverse_branch_trial_0dd97e80b2ce,3.2111193339742676e-16,3.478252678174708e-24,0.1256691167888477,0.0,3.1751701196310617e-24,0.16272352672159118,0.8485866867995315,2.6336329908227495e-23,1.0000039027059133,1e-30,True,6.703150639256236e-07,0.007933594267653499,-1.3679331905944032,0.7617857959083643,4.126053970228055e-16,1.9535467039656726,3.552713678800501e-15,0.3808928979541816,20.0,0.0,6.685880578162588,,,,,,5.0,,,,,,,SUCCESS,False,,,,,,,,,,,,,,,,,,,
branch_audit_reverse_branch_trial_0f8afd151ca3,branch_audit,reverse_branch_trial,fad38ae4cee1bd744751bfb0ca3a75545fb1a759045ad4e6c01d3b230936bb19,dd7df74cc39d8e3e42ab1c4169c16fdc190b787e,False,e3b0c44298fc1c149afbf4c8996fb92427ae41e4649b934ca495991b7852b855,fad38ae4cee1bd744751bfb0ca3a75545fb1a759045ad4e6c01d3b230936bb19,24,2.0,0.1,2.3000000000000003,5.179474679231202e-11,5.709426294823264e-10,SUCCESS,SUCCESS,9.552576893295179e-11,1.9798515829326653e-12,5.897032862023366e-10,0.9999999999999993,1.7310566488943578e-28,3.1811226868092094e-30,1,5,0.008744042002945207,True,True,SUCCESS,data/raw/branch_audit/branch_audit_reverse_branch_trial_0f8afd151ca3,3.642543762592512e-16,5.67181452337127e-29,0.12415580299305264,0.0,7.999325726532974e-29,0.08882841160104382,0.9147877964104771,3.4989267648769684e-28,1.0000000043346424,1e-30,True,4.934496933834436e-10,0.019120743708350485,-1.3743468861513715,0.718426440756387,5.312183047256871e-16,2.7275500701584274,1.947500359764373e-30,0.3592132203781934,24.0,0.0,9.974182453817264,,,,,,11.0,,,,,,,SUCCESS,False,,,,,,,,,,,,,,,,,,,
branch_audit_reverse_branch_trial_106b4352d712,branch_audit,reverse_branch_trial,fad38ae4cee1bd744751bfb0ca3a75545fb1a759045ad4e6c01d3b230936bb19,dd7df74cc39d8e3e42ab1c4169c16fdc190b787e,False,e3b0c44298fc1c149afbf4c8996fb92427ae41e4649b934ca495991b7852b855,fad38ae4cee1bd744751bfb0ca3a75545fb1a759045ad4e6c01d3b230936bb19,40,2.0,0.1,3.9000000000000004,7.196856730011514e-06,0.00039293506351221243,SUCCESS,SUCCESS,8.492758032048225e-11,6.538080750813614e-11,4.22939128164046e-10,0.9999999997143305,3.2058299170254734e-17,4.000464144120201e-19,13,2843,21.08513733399741,True,True,SUCCESS,data/raw/branch_audit/branch_audit_reverse_branch_trial_106b4352d712,4.79653215906004e-16,-1.6992576342649918e-18,0.12616892852837283,0.0,3.3301085043077757e-16,0.006182798693535313,0.9938361971760032,1.514966767988358e-17,1.000000649471382,1e-30,True,4.8034856453752274e-08,0.0018465152438442711,-1.3855208108359807,0.7211704887498318,7.550441881371841e-16,12.746732543865349,3.047591543998362e-30,0.36058524437491535,40.0,0.0,49.401969532249375,,,,,,5.0,,,,,,,SUCCESS,False,,,,,,,,,,,,,,,,,,,
branch_audit_reverse_branch_trial_1baf9c1c157f,branch_audit,reverse_branch_trial,fad38ae4cee1bd744751bfb0ca3a75545fb1a759045ad4e6c01d3b230936bb19,dd7df74cc39d8e3e42ab1c4169c16fdc190b787e,False,e3b0c44298fc1c149afbf4c8996fb92427ae41e4649b934ca495991b7852b855,fad38ae4cee1bd744751bfb0ca3a75545fb1a759045ad4e6c01d3b230936bb19,24,2.0,0.05,1.1500000000000001,7.1968567300115285e-12,2.3894405819821692e-11,SUCCESS,SUCCESS,8.928424032117972e-11,2.39927060944901e-12,3.1049662840842984e-10,0.9999999999999997,7.763956703233556e-27,6.595436971284827e-29,1,3,0.005151958001079038,True,True,SUCCESS,data/raw/branch_audit/branch_audit_reverse_branch_trial_1baf9c1c157f,3.3737544912892387e-16,1.555622430233491e-28,0.12415580287005726,0.0,1.412408822121401e-28,0.46340861172518166,0.6055347149106846,6.293049157271926e-28,1.0000000033879775,1e-30,True,1.0704365248812359e-09,0.0191207386499872,-1.3743468844528555,0.7184264412130594,4.217180859424383e-16,1.3134272114468095,1.078520768856852e-31,0.3592132206065289,24.0,0.0,3.158192909375105,,,,,,12.0,,,,,,,SUCCESS,False,,,,,,,,,,,,,,,,,,,
branch_audit_reverse_branch_trial_1fd072c34329,branch_audit,reverse_branch_trial,fad38ae4cee1bd744751bfb0ca3a75545fb1a759045ad4e6c01d3b230936bb19,dd7df74cc39d8e3e42ab1c4169c16fdc190b787e,False,e3b0c44298fc1c149afbf4c8996fb92427ae41e4649b934ca495991b7852b855,fad38ae4cee1bd744751bfb0ca3a75545fb1a759045ad4e6c01d3b230936bb19,40,2.0,0.1,3.9000000000000004,5.179474679231202e-11,2.8278973562953678e-09,SUCCESS,SUCCESS,9.725599289410241e-11,3.699845511954247e-13,5.497472477244969e-10,0.9999999999999993,2.7100098244303746e-17,2.925879218381927e-19,1,4,0.030423917007283308,True,True,SUCCESS,data/raw/branch_audit/branch_audit_reverse_branch_trial_1fd072c34329,4.1954504054097703e-16,-7.923991777535826e-19,0.12616890267808756,0.0,8.878334848453364e-16,0.00618280301470663,0.993836192881303,1.946474776917569e-17,1.000000012284818,1e-30,True,5.427539071587558e-10,0.0018191682613803994,-1.3855207913047307,0.7211747365749922,6.685836707257356e-16,12.746726582776617,8.443276876193642e-30,0.3605873682874954,40.0,0.0,49.40244910756326,,,,,,11.0,,,,,,,SUCCESS,False,,,,,,,,,,,,,,,,,,,
branch_audit_reverse_branch_trial_208c82f8fa66,branch_audit,reverse_branch_trial,fad38ae4cee1bd744751bfb0ca3a75545fb1a759045ad4e6c01d3b230936bb19,dd7df74cc39d8e3e42ab1c4169c16fdc190b787e,False,e3b0c44298fc1c149afbf4c8996fb92427ae41e4649b934ca495991b7852b855,fad38ae4cee1bd744751bfb0ca3a75545fb1a759045ad4e6c01d3b230936bb19,40,2.0,0.1,3.9000000000000004,1.389495494373136e-07,7.58638834721624e-06,SUCCESS,SUCCESS,9.660267815646733e-11,6.525602052461999e-12,7.4384154391538e-10,0.9999999999998961,3.022245449697775e-17,6.346997759602981e-19,13,1934,14.6556197089958,True,True,SUCCESS,data/raw/branch_audit/branch_audit_reverse_branch_trial_208c82f8fa66,4.3416043817418046e-16,4.387458557738509e-18,0.12616890315472526,0.0,4.526888890386562e-16,0.006182802880509182,0.9938361930146783,1.49958030199159e-17,1.000000033580935,1e-30,True,2.0086300586644505e-09,0.0018196949616229308,-1.3855207913047307,0.7211746539374442,7.510167570185366e-16,12.746726748614321,5.716160074941316e-31,0.3605873269687217,40.0,0.0,49.40243939693786,,,,,,7.0,,,,,,,SUCCESS,False,,,,,,,,,,,,,,,,,,,
branch_audit_reverse_branch_trial_23e2371a00f9,branch_audit,reverse_branch_trial,fad38ae4cee1bd744751bfb0ca3a75545fb1a759045ad4e6c01d3b230936bb19,dd7df74cc39d8e3e42ab1c4169c16fdc190b787e,False,e3b0c44298fc1c149afbf4c8996fb92427ae41e4649b934ca495991b7852b855,fad38ae4cee1bd744751bfb0ca3a75545fb1a759045ad4e6c01d3b230936bb19,40,2.0,0.05,1.9500000000000002,2.6826957952797275e-09,1.9822589727687282e-08,SUCCESS,SUCCESS,9.807218686411288e-11,3.5221324194580885e-13,8.6014528832834e-12,0.9999999999999996,2.6162607264293133e-17,3.03158752640263e-19,1,13,0.0977311250026105,True,True,SUCCESS,data/raw/branch_audit/branch_audit_reverse_branch_trial_23e2371a00f9,4.1286266400490175e-16,-2.6424403664946628e-18,0.12616890273365433,0.0,5.237957366880326e-16,0.15818858934364127,0.8525458863137402,2.2880001173770773e-17,1.0000000120957524,1e-30,True,1.7720549402161082e-09,0.001819172420909121,-1.3855207923300905,0.7211747370973267,6.1164270811829135e-16,2.3590275125064775,5.3032406948646926e-30,0.3605873685486632,40.0,0.0,7.028687577926649,,,,,,9.0,,,,,,,SUCCESS,False,,,,,,,,,,,,,,,,,,,
branch_audit_reverse_branch_trial_247e2e817a94,branch_audit,reverse_branch_trial,fad38ae4cee1bd744751bfb0ca3a75545fb1a759045ad4e6c01d3b230936bb19,dd7df74cc39d8e3e42ab1c4169c16fdc190b787e,False,e3b0c44298fc1c149afbf4c8996fb92427ae41e4649b934ca495991b7852b855,fad38ae4cee1bd744751bfb0ca3a75545fb1a759045ad4e6c01d3b230936bb19,20,2.0,0.1,1.9000000000000001,3.727593720314938e-10,2.7543399113428686e-09,SUCCESS,SUCCESS,9.374691724752475e-11,1.3324736783068792e-12,8.741690704638927e-10,0.9999999999999992,1.3887765581328486e-24,2.358392971286209e-25,1,26,0.030249083996750414,True,True,SUCCESS,data/raw/branch_audit/branch_audit_reverse_branch_trial_247e2e817a94,3.174441547760342e-16,6.483543991192919e-26,0.12566888989560202,0.0,1.523412765239343e-25,0.16272416955434432,0.8485861264632198,1.308733270548671e-24,1.0000000030219027,1e-30,True,4.674596965557845e-10,0.007932662456728967,-1.3679331124694032,0.7617875045794413,4.678650378596063e-16,1.9535422933843407,7.395570986446986e-32,0.3808937522897205,20.0,0.0,6.6858944416236845,,,,,,10.0,,,,,,,SUCCESS,False,,,,,,,,,,,,,,,,,,,
branch_audit_reverse_branch_trial_276f443e86b8,branch_audit,reverse_branch_trial,fad38ae4cee1bd744751bfb0ca3a75545fb1a759045ad4e6c01d3b230936bb19,dd7df74cc39d8e3e42ab1c4169c16fdc190b787e,False,e3b0c44298fc1c149afbf4c8996fb92427ae41e4649b934ca495991b7852b855,fad38ae4cee1bd744751bfb0ca3a75545fb1a759045ad4e6c01d3b230936bb19,24,2.0,0.1,2.3000000000000003,0.0003727593720314938,0.004108992305440359,SUCCESS,SUCCESS,8.988099254318509e-11,3.873932149948595e-11,9.882186180476538e-10,0.9999993716111342,2.6426840324903895e-29,1.0887923952269172e-31,17,3616,6.517655666000792,True,True,SUCCESS,data/raw/branch_audit/branch_audit_reverse_branch_trial_276f443e86b8,3.5855094750660065e-16,-2.54946440975658e-29,0.12415974300989827,0.0,2.937824071019037e-29,0.08882162009733449,0.9147940586245978,5.827396429875307e-29,1.0000789581087661,1e-30,True,1.6707378690112164e-05,0.01954993308098585,-1.3743369116352646,0.7184209414179155,4.3832732824186427e-16,2.727678588711039,1.035379938102578e-30,0.35921047070895695,24.0,0.0,9.974179254502555,,,,,,3.0,,,,,,,SUCCESS,False,,,,,,,,,,,,,,,,,,,
branch_audit_reverse_branch_trial_277cbc324571,branch_audit,reverse_branch_trial,fad38ae4cee1bd744751bfb0ca3a75545fb1a759045ad4e6c01d3b230936bb19,dd7df74cc39d8e3e42ab1c4169c16fdc190b787e,False,e3b0c44298fc1c149afbf4c8996fb92427ae41e4649b934ca495991b7852b855,fad38ae4cee1bd744751bfb0ca3a75545fb1a759045ad4e6c01d3b230936bb19,40,2.0,0.05,1.9500000000000002,1e-12,7.38905609893065e-12,SUCCESS,SUCCESS,9.317673416607859e-11,2.3619809770475314e-13,7.9836137700795e-12,0.9999999999999993,8.286297111260226e-18,2.125583792873016e-19,1,3,0.022650833998341113,True,True,SUCCESS,data/raw/branch_audit/branch_audit_reverse_branch_trial_277cbc324571,4.332912117179627e-16,-6.9479220565103395e-19,0.1261689027314683,0.0,8.872723358032498e-16,0.15818858942015518,0.8525458862468346,1.852649367394719e-17,1.0000000116132886,1e-30,True,1.6992132578451989e-09,0.0018191710201540534,-1.3855207923300905,0.7211747373146005,6.080944357047384e-16,2.359027511952986,4.113786361211136e-30,0.36058736865730007,40.0,0.0,7.0286875814407,,,,,,13.0,,,,,,,SUCCESS,False,,,,,,,,,,,,,,,,,,,
branch_audit_reverse_branch_trial_28cd8b41afa0,branch_audit,reverse_branch_trial,fad38ae4cee1bd744751bfb0ca3a75545fb1a759045ad4e6c01d3b230936bb19,dd7df74cc39d8e3e42ab1c4169c16fdc190b787e,False,e3b0c44298fc1c149afbf4c8996fb92427ae41e4649b934ca495991b7852b855,fad38ae4cee1bd744751bfb0ca3a75545fb1a759045ad4e6c01d3b230936bb19,24,2.0,0.05,1.1500000000000001,0.1389495494373136,0.4613287504934435,SUCCESS,SUCCESS,9.117098219627559e-11,3.8004872604738665e-11,4.847906520666356e-10,0.8224709762624667,2.0127064017269854e-17,6.602176999383702e-19,27,13036,24.266292250002152,True,True,SUCCESS,data/raw/branch_audit/branch_audit_reverse_branch_trial_28cd8b41afa0,5.228117230648366e-16,-1.7617859241268906e-19,0.12487255305703783,0.0,3.276435678927158e-16,0.5677351334662739,0.5250958956661145,7.236373577337474e-18,0.7840403797614054,1e-30,True,0.07736617046784688,0.002791885050788201,-1.3738746725492237,0.754747082518656,5.897011948312737e-16,1.2237216982739023,4.003469093996635e-29,0.3773735412593278,24.0,0.0,8.600176694439964,,,,,,0.0,,,,,,,SUCCESS,False,,,,,,,,,,,,,,,,,,,
branch_audit_reverse_branch_trial_3465132f74ab,branch_audit,reverse_branch_trial,fad38ae4cee1bd744751bfb0ca3a75545fb1a759045ad4e6c01d3b230936bb19,dd7df74cc39d8e3e42ab1c4169c16fdc190b787e,False,e3b0c44298fc1c149afbf4c8996fb92427ae41e4649b934ca495991b7852b855,fad38ae4cee1bd744751bfb0ca3a75545fb1a759045ad4e6c01d3b230936bb19,24,2.0,0.05,1.1500000000000001,2.6826957952797275e-09,8.906863708462406e-09,SUCCESS,SUCCESS,9.502487022075207e-11,1.8688486570546435e-12,2.996152215217762e-10,0.9999999999999996,4.5853279673069956e-27,2.2115581946728253e-29,1,26,0.04495429201051593,True,True,SUCCESS,data/raw/branch_audit/branch_audit_reverse_branch_trial_3465132f74ab,3.419707002212203e-16,1.6236074597349385e-29,0.12415580287978208,0.0,2.9663887435193525e-29,0.46340861151921303,0.6055347150695141,3.8402424794316243e-28,1.000000003833831,1e-30,True,1.2126879117150284e-09,0.019120739719787005,-1.3743468844528555,0.7184264411874629,3.635340169138792e-16,1.3134272116736287,2.6192647243666408e-31,0.3592132205937311,24.0,0.0,3.158192909228641,,,,,,9.0,,,,,,,SUCCESS,False,,,,,,,,,,,,,,,,,,,
branch_audit_reverse_branch_trial_36b3049d0ca6,branch_audit,reverse_branch_trial,fad38ae4cee1bd744751bfb0ca3a75545fb1a759045ad4e6c01d3b230936bb19,dd7df74cc39d8e3e42ab1c4169c16fdc190b787e,False,e3b0c44298fc1c149afbf4c8996fb92427ae41e4649b934ca495991b7852b855,fad38ae4cee1bd744751bfb0ca3a75545fb1a759045ad4e6c01d3b230936bb19,40,2.0,0.1,3.9000000000000004,7.1968567300115285e-12,3.9293506351221323e-10,SUCCESS,SUCCESS,9.590288906463657e-11,3.0921965941814433e-13,5.496108013147705e-10,0.9999999999999993,2.530130557086284e-17,1.0397834503185346e-18,1,3,0.02281429199501872,True,True,SUCCESS,data/raw/branch_audit/branch_audit_reverse_branch_trial_36b3049d0ca6,4.1440115184847315e-16,4.579072105171335e-19,0.12616890267762013,0.0,4.4407505015632883e-16,0.006182803015400335,0.9938361928806134,1.5392981859472522e-17,1.000000012173039,1e-30,True,5.372182673563488e-10,0.0018191680923926867,-1.3855207913047307,0.7211747366006804,7.18638776510157e-16,12.746726582060097,1.756448109281159e-31,0.36058736830034005,40.0,0.0,49.402449110629604,,,,,,12.0,,,,,,,SUCCESS,False,,,,,,,,,,,,,,,,,,,
branch_audit_reverse_branch_trial_3809cdd88487,branch_audit,reverse_branch_trial,fad38ae4cee1bd744751bfb0ca3a75545fb1a759045ad4e6c01d3b230936bb19,dd7df74cc39d8e3e42ab1c4169c16fdc190b787e,False,e3b0c44298fc1c149afbf4c8996fb92427ae41e4649b934ca495991b7852b855,fad38ae4cee1bd744751bfb0ca3a75545fb1a759045ad4e6c01d3b230936bb19,24,2.0,0.1,2.3000000000000003,5.179474679231202e-05,0.0005709426294823265,SUCCESS,SUCCESS,8.961649289148803e-11,3.005533950638633e-11,7.200012808183942e-10,0.9999999869939604,6.40383477792576e-26,2.9971989450268243e-28,13,2329,4.144728582992684,True,True,SUCCESS,data/raw/branch_audit/branch_audit_reverse_branch_trial_3809cdd88487,3.37851779311505e-16,-2.7812645923948022e-27,0.12415634649609471,0.0,4.96243169348199e-27,0.08882714452556179,0.9147889647349257,1.7058743619381048e-26,1.0000150934874248,1e-30,True,2.7853674646277604e-06,0.019180387788309883,-1.3743454969912152,0.7184254723148837,4.756903876264442e-16,2.7275722858461924,4.683861624749758e-31,0.35921273615744154,24.0,0.0,9.974159146658865,,,,,,4.0,,,,,,,SUCCESS,False,,,,,,,,,,,,,,,,,,,
branch_audit_reverse_branch_trial_397121787282,branch_audit,reverse_branch_trial,fad38ae4cee1bd744751bfb0ca3a75545fb1a759045ad4e6c01d3b230936bb19,dd7df74cc39d8e3e42ab1c4169c16fdc190b787e,False,e3b0c44298fc1c149afbf4c8996fb92427ae41e4649b934ca495991b7852b855,fad38ae4cee1bd744751bfb0ca3a75545fb1a759045ad4e6c01d3b230936bb19,24,2.0,0.1,2.3000000000000003,1.9306977288832496e-08,2.1282421603184226e-07,SUCCESS,SUCCESS,7.245554174418456e-11,8.172354485624675e-11,8.087156500025117e-10,0.999999999999999,4.69024646770139e-27,7.531156454531832e-30,13,1404,2.448112291007419,True,True,SUCCESS,data/raw/branch_audit/branch_audit_reverse_branch_trial_397121787282,3.82159654092477e-16,8.490871473048754e-29,0.12415580319393223,0.0,7.337239646246188e-29,0.08882841125583972,0.9147877967287773,4.284117078294185e-28,1.0000000091837726,1e-30,True,1.3647526284697072e-09,0.019120767296207486,-1.3743468861513715,0.7184264401563627,5.442815268363794e-16,2.7275500771098873,4.930380657631324e-32,0.3592132200781811,24.0,0.0,9.974182444015439,,,,,,8.0,,,,,,,SUCCESS,False,,,,,,,,,,,,,,,,,,,
branch_audit_reverse_branch_trial_3ddaccd954f5,branch_audit,reverse_branch_trial,fad38ae4cee1bd744751bfb0ca3a75545fb1a759045ad4e6c01d3b230936bb19,dd7df74cc39d8e3e42ab1c4169c16fdc190b787e,False,e3b0c44298fc1c149afbf4c8996fb92427ae41e4649b934ca495991b7852b855,fad38ae4cee1bd744751bfb0ca3a75545fb1a759045ad4e6c01d3b230936bb19,24,2.0,0.05,1.1500000000000001,1e-12,3.320116922736548e-12,SUCCESS,SUCCESS,8.606368763720866e-11,1.897783126330732e-12,3.1132352251717066e-10,0.9999999999999997,7.101140979524889e-27,3.4151873727171616e-30,1,3,0.005209708004258573,True,True,SUCCESS,data/raw/branch_audit/branch_audit_reverse_branch_trial_3ddaccd954f5,3.5353259938330214e-16,1.501844327791155e-28,0.12415580286890304,0.0,1.2761193613425562e-28,0.4634086117635344,0.6055347148811095,6.105063976943013e-28,1.0000000033052348,1e-30,True,1.0441354168105648e-09,0.01912073864589736,-1.3743468844528555,0.7184264412104202,4.0886952660329033e-16,1.3134272114094727,4.622231866529366e-32,0.35921322060520916,24.0,0.0,3.158192909383635,,,,,,13.0,,,,,,,SUCCESS,False,,,,,,,,,,,,,,,,,,,
branch_audit_reverse_branch_trial_460201538618,branch_audit,reverse_branch_trial,fad38ae4cee1bd744751bfb0ca3a75545fb1a759045ad4e6c01d3b230936bb19,dd7df74cc39d8e3e42ab1c4169c16fdc190b787e,False,e3b0c44298fc1c149afbf4c8996fb92427ae41e4649b934ca495991b7852b855,fad38ae4cee1bd744751bfb0ca3a75545fb1a759045ad4e6c01d3b230936bb19,24,2.0,0.05,1.1500000000000001,3.727593720314938e-10,1.2376046991904112e-09,SUCCESS,SUCCESS,9.469201452989528e-11,3.169400483809409e-12,3.0766156289274704e-10,0.9999999999999997,2.841138016935872e-27,2.21267523404057e-29,1,7,0.012068167008692399,True,True,SUCCESS,data/raw/branch_audit/branch_audit_reverse_branch_trial_460201538618,3.430376601932564e-16,5.825688550494971e-29,0.12415580287315993,0.0,4.7855757954294786e-29,0.46340861164560365,0.6055347149720498,2.6005174145193363e-28,1.0000000035599899,1e-30,True,1.12519690939335e-09,0.01912073879885523,-1.3743468844528555,0.7184264412137824,3.7884604605075534e-16,1.3134272115279715,6.77927340424307e-32,0.35921322060689115,24.0,0.0,3.1581929093437244,,,,,,10.0,,,,,,,SUCCESS,False,,,,,,,,,,,,,,,,,,,
branch_audit_reverse_branch_trial_473095c14d40,branch_audit,reverse_branch_trial,fad38ae4cee1bd744751bfb0ca3a75545fb1a759045ad4e6c01d3b230936bb19,dd7df74cc39d8e3e42ab1c4169c16fdc190b787e,False,e3b0c44298fc1c149afbf4c8996fb92427ae41e4649b934ca495991b7852b855,fad38ae4cee1bd744751bfb0ca3a75545fb1a759045ad4e6c01d3b230936bb19,40,2.0,0.05,1.9500000000000002,3.727593720314938e-10,2.7543399113428686e-09,SUCCESS,SUCCESS,9.732339124846242e-11,4.0342923391041176e-13,8.276379581673154e-12,0.9999999999999996,2.9053816597074e-17,1.7864665255364483e-19,1,4,0.030214124999474734,True,True,SUCCESS,data/raw/branch_audit/branch_audit_reverse_branch_trial_473095c14d40,4.0963775305821917e-16,-2.0900274905535776e-18,0.12616890273271453,0.0,4.583346627875487e-16,0.15818858936952002,0.8525458862911114,1.7207429682652956e-17,1.0000000119325911,1e-30,True,1.747350628720087e-09,0.0018191712139523641,-1.3855207923300905,0.7211747372870584,6.091982004260411e-16,2.359027512312519,9.759072214199002e-30,0.36058736864352814,40.0,0.0,7.028687580974768,,,,,,10.0,,,,,,,SUCCESS,False,,,,,,,,,,,,,,,,,,,
branch_audit_reverse_branch_trial_4a6a873e65ad,branch_audit,reverse_branch_trial,fad38ae4cee1bd744751bfb0ca3a75545fb1a759045ad4e6c01d3b230936bb19,dd7df74cc39d8e3e42ab1c4169c16fdc190b787e,False,e3b0c44298fc1c149afbf4c8996fb92427ae41e4649b934ca495991b7852b855,fad38ae4cee1bd744751bfb0ca3a75545fb1a759045ad4e6c01d3b230936bb19,20,2.0,0.1,1.9000000000000001,5.179474679231202e-11,3.8271428967830186e-10,SUCCESS,SUCCESS,9.352643067575166e-11,1.132979442913053e-12,8.755516311964584e-10,0.9999999999999996,1.9064519825611978e-25,2.552849168901403e-26,1,7,0.008250250000855885,True,True,SUCCESS,data/raw/branch_audit/branch_audit_reverse_branch_trial_4a6a873e65ad,3.278206595596056e-16,4.6321618405259114e-27,0.12566888988841182,0.0,8.04900769932513e-26,0.16272416960365965,0.8485861264202335,4.381405593339106e-25,1.0000000027226168,1e-30,True,4.204918291378965e-10,0.007932662422526993,-1.3679331124694032,0.7617875046669096,5.03731591252737e-16,1.9535422931032562,5.9164567891575885e-31,0.38089375233345424,20.0,0.0,6.685894442235516,,,,,,11.0,,,,,,,SUCCESS,False,,,,,,,,,,,,,,,,,,,
branch_audit_reverse_branch_trial_5080f9737897,branch_audit,reverse_branch_trial,fad38ae4cee1bd744751bfb0ca3a75545fb1a759045ad4e6c01d3b230936bb19,dd7df74cc39d8e3e42ab1c4169c16fdc190b787e,False,e3b0c44298fc1c149afbf4c8996fb92427ae41e4649b934ca495991b7852b855,fad38ae4cee1bd744751bfb0ca3a75545fb1a759045ad4e6c01d3b230936bb19,40,2.0,0.1,3.9000000000000004,0.0003727593720314938,0.020351972120436126,SUCCESS,SUCCESS,8.830331591001184e-11,3.7586457444022875e-11,1.6925372214871004e-10,0.9999080180372455,1.760977928105105e-17,1.2583498335155743e-19,15,5063,38.76375858299434,True,True,SUCCESS,data/raw/branch_audit/branch_audit_reverse_branch_trial_5080f9737897,4.673173241109815e-16,-1.9512270092089076e-18,0.12617027707519718,0.0,4.539211966457431e-16,0.006191124063595611,0.9938279228395971,1.4211122721821442e-17,0.9985406952329412,1e-30,True,0.0001259037175045367,0.0032378108859449917,-1.3855218435508245,0.7210144164869987,6.920903333596539e-16,12.738214424354625,1.2375255450654623e-29,0.3605072082434985,40.0,0.0,49.44176885366974,,,,,,3.0,,,,,,,SUCCESS,False,,,,,,,,,,,,,,,,,,,
branch_audit_reverse_branch_trial_55061e470786,branch_audit,reverse_branch_trial,fad38ae4cee1bd744751bfb0ca3a75545fb1a759045ad4e6c01d3b230936bb19,dd7df74cc39d8e3e42ab1c4169c16fdc190b787e,False,e3b0c44298fc1c149afbf4c8996fb92427ae41e4649b934ca495991b7852b855,fad38ae4cee1bd744751bfb0ca3a75545fb1a759045ad4e6c01d3b230936bb19,24,2.0,0.1,2.3000000000000003,0.0,0.0,SUCCESS,SUCCESS,8.731177387532621e-11,9.329178094295653e-13,5.875723241288711e-10,0.9999999999999996,6.536550764467882e-27,5.905877013996424e-29,1,3,0.005096125009004027,True,True,SUCCESS,data/raw/branch_audit/branch_audit_reverse_branch_trial_55061e470786,3.8221020056360716e-16,2.8352957770487696e-29,0.12415580299028506,0.0,3.7844888320466485e-29,0.08882841162824015,0.9147877963854003,1.3845818789906091e-28,1.0000000040216594,1e-30,True,4.561742250914993e-10,0.01912074364183436,-1.3743468861513715,0.7184264407531077,6.314708189273218e-16,2.727550069787265,1.232595164407831e-31,0.359213220376553,24.0,0.0,9.974182453914818,,,,,,14.0,,,,,,,SUCCESS,False,,,,,,,,,,,,,,,,,,,
branch_audit_reverse_branch_trial_56ef6c869904,branch_audit,reverse_branch_trial,fad38ae4cee1bd744751bfb0ca3a75545fb1a759045ad4e6c01d3b230936bb19,dd7df74cc39d8e3e42ab1c4169c16fdc190b787e,False,e3b0c44298fc1c149afbf4c8996fb92427ae41e4649b934ca495991b7852b855,fad38ae4cee1bd744751bfb0ca3a75545fb1a759045ad4e6c01d3b230936bb19,24,2.0,0.1,2.3000000000000003,1.389495494373136e-07,1.5316653914581883e-06,SUCCESS,SUCCESS,7.414983360777208e-11,8.051006665700954e-11,9.567047154490638e-11,0.9999999999999122,5.4240103690733726e-27,1.938564044822422e-29,14,1622,2.8308526249893475,True,True,SUCCESS,data/raw/branch_audit/branch_audit_reverse_branch_trial_56ef6c869904,3.3845209047718583e-16,7.227452245882999e-30,0.12415580432353197,0.0,3.735869390503461e-29,0.08882840849430566,0.9147877992750867,5.722251412430508e-28,1.0000000423357158,1e-30,True,7.694324722303977e-09,0.019120900122044926,-1.374346881268559,0.7184264383233783,4.294273132116454e-16,2.7275501245523377,2.267975102510409e-30,0.35921321916168897,24.0,0.0,9.97418238241119,,,,,,7.0,,,,,,,SUCCESS,False,,,,,,,,,,,,,,,,,,,
branch_audit_reverse_branch_trial_5905229faba9,branch_audit,reverse_branch_trial,fad38ae4cee1bd744751bfb0ca3a75545fb1a759045ad4e6c01d3b230936bb19,dd7df74cc39d8e3e42ab1c4169c16fdc190b787e,False,e3b0c44298fc1c149afbf4c8996fb92427ae41e4649b934ca495991b7852b855,fad38ae4cee1bd744751bfb0ca3a75545fb1a759045ad4e6c01d3b230936bb19,24,2.0,0.05,1.1500000000000001,5.179474679231202e-11,1.7196461533400967e-10,SUCCESS,SUCCESS,9.263138774775746e-11,3.044487388508394e-12,3.093086897720809e-10,0.9999999999999997,7.524130662094722e-27,2.1392844636264538e-29,1,3,0.005232166993664578,True,True,SUCCESS,data/raw/branch_audit/branch_audit_reverse_branch_trial_5905229faba9,3.4786489766485714e-16,1.2088434149205802e-28,0.12415580287146907,0.0,1.1569111886171772e-28,0.46340861168587316,0.6055347149409966,4.081485280788929e-28,1.000000003472892,1e-30,True,1.097453806562986e-09,0.019120738669827997,-1.3743468844528555,0.7184264412156107,4.025154069655041e-16,1.3134272114855934,8.628166150854817e-32,0.3592132206078053,24.0,0.0,3.1581929093646863,,,,,,11.0,,,,,,,SUCCESS,False,,,,,,,,,,,,,,,,,,,
branch_audit_reverse_branch_trial_5a9e2bb53b69,branch_audit,reverse_branch_trial,fad38ae4cee1bd744751bfb0ca3a75545fb1a759045ad4e6c01d3b230936bb19,dd7df74cc39d8e3e42ab1c4169c16fdc190b787e,False,e3b0c44298fc1c149afbf4c8996fb92427ae41e4649b934ca495991b7852b855,fad38ae4cee1bd744751bfb0ca3a75545fb1a759045ad4e6c01d3b230936bb19,40,2.0,0.05,1.9500000000000002,1.389495494373136e-07,1.026706015713448e-06,SUCCESS,SUCCESS,9.890272608094126e-11,1.8897884417623348e-15,3.507660828461212e-11,0.9999999999999344,2.467672324581832e-17,1.6475257327197554e-19,1,162,1.2238769589894218,True,True,SUCCESS,data/raw/branch_audit/branch_audit_reverse_branch_trial_5a9e2bb53b69,4.366674402076963e-16,2.0069290201251245e-18,0.12616890279602108,0.0,2.220429758970194e-16,0.15818858880709702,0.8525458867829091,1.520745163345294e-17,1.0000000154774888,1e-30,True,2.3005705592179897e-09,0.0018192436081925223,-1.3855207923300905,0.7211747259197018,5.855371017403391e-16,2.359027517041018,7.697556801726904e-30,0.36058736295985083,40.0,0.0,7.02868739772314,,,,,,7.0,,,,,,,SUCCESS,False,,,,,,,,,,,,,,,,,,,
branch_audit_reverse_branch_trial_5c0aec1f5c91,branch_audit,reverse_branch_trial,fad38ae4cee1bd744751bfb0ca3a75545fb1a759045ad4e6c01d3b230936bb19,dd7df74cc39d8e3e42ab1c4169c16fdc190b787e,False,e3b0c44298fc1c149afbf4c8996fb92427ae41e4649b934ca495991b7852b855,fad38ae4cee1bd744751bfb0ca3a75545fb1a759045ad4e6c01d3b230936bb19,40,2.0,0.05,1.9500000000000002,7.1968567300115285e-12,5.317797811402178e-11,SUCCESS,SUCCESS,9.452685891452489e-11,2.7652305547058343e-13,8.041123322755084e-12,0.9999999999999993,4.639100664170907e-17,7.801595132404576e-20,1,3,0.022791833005612716,True,True,SUCCESS,data/raw/branch_audit/branch_audit_reverse_branch_trial_5c0aec1f5c91,4.171164985034635e-16,-1.5259598209489098e-19,0.12616890273179887,0.0,4.715008247803829e-16,0.158188589403444,0.8525458862614471,2.4276684656919424e-17,1.0000000117186723,1e-30,True,1.715069701134901e-09,0.0018191710232853264,-1.3855207923300905,0.7211747373149948,6.283171256735224e-16,2.3590275120708974,3.149280645062008e-30,0.3605873686574971,40.0,0.0,7.028687581441128,,,,,,12.0,,,,,,,SUCCESS,False,,,,,,,,,,,,,,,,,,,
branch_audit_reverse_branch_trial_610304b7ab51,branch_audit,reverse_branch_trial,fad38ae4cee1bd744751bfb0ca3a75545fb1a759045ad4e6c01d3b230936bb19,dd7df74cc39d8e3e42ab1c4169c16fdc190b787e,False,e3b0c44298fc1c149afbf4c8996fb92427ae41e4649b934ca495991b7852b855,fad38ae4cee1bd744751bfb0ca3a75545fb1a759045ad4e6c01d3b230936bb19,40,2.0,0.05,1.9500000000000002,0.1389495494373136,1.026706015713448,SUCCESS,SUCCESS,8.316331780963138e-11,4.02953502093901e-11,2.632464246588029e-10,0.801619614209665,1.6120681426754866e-16,5.30407711447339e-18,22,14772,130.74565062500187,True,True,SUCCESS,data/raw/branch_audit/branch_audit_reverse_branch_trial_610304b7ab51,6.998206414288551e-16,-1.2187526673813724e-17,0.12618151919974094,0.45,0.047145035617570503,0.3922446315522772,0.6607035280992373,5.925307004104009e-17,0.33850352225579794,1e-30,True,0.1819212308497417,0.018300835201596533,-1.3860546178773294,0.7320472170219839,9.949085523654342e-16,1.5273774249232497,1.8904817726834026e-16,0.36602360851099164,40.0,0.0,16.240967822728233,,,,,,0.0,,,,,,,SUCCESS,False,,,,,,,,,,,,,,,,,,,
branch_audit_reverse_branch_trial_625998fce928,branch_audit,reverse_branch_trial,fad38ae4cee1bd744751bfb0ca3a75545fb1a759045ad4e6c01d3b230936bb19,dd7df74cc39d8e3e42ab1c4169c16fdc190b787e,False,e3b0c44298fc1c149afbf4c8996fb92427ae41e4649b934ca495991b7852b855,fad38ae4cee1bd744751bfb0ca3a75545fb1a759045ad4e6c01d3b230936bb19,24,2.0,0.1,2.3000000000000003,1e-12,1.1023176380641605e-11,SUCCESS,SUCCESS,9.014400264204933e-11,1.2631785657192466e-12,5.880412823344727e-10,0.9999999999999997,2.5411181909431843e-28,4.724948130230018e-32,1,3,0.005227500005275942,True,True,SUCCESS,data/raw/branch_audit/branch_audit_reverse_branch_trial_625998fce928,3.6555234860822884e-16,3.70702457795387e-29,0.12415580299102946,0.0,4.7383356964606457e-29,0.0888284116193879,0.914787796393563,1.8861201465375324e-28,1.0000000041231416,1e-30,True,4.681694051298863e-10,0.019120743643975535,-1.3743468861513715,0.7184264407547047,5.786442400823805e-16,2.727550069906089,3.944304526105059e-31,0.3592132203773523,24.0,0.0,9.97418245389037,,,,,,13.0,,,,,,,SUCCESS,False,,,,,,,,,,,,,,,,,,,
branch_audit_reverse_branch_trial_62a3a2e1531a,branch_audit,reverse_branch_trial,fad38ae4cee1bd744751bfb0ca3a75545fb1a759045ad4e6c01d3b230936bb19,dd7df74cc39d8e3e42ab1c4169c16fdc190b787e,False,e3b0c44298fc1c149afbf4c8996fb92427ae41e4649b934ca495991b7852b855,fad38ae4cee1bd744751bfb0ca3a75545fb1a759045ad4e6c01d3b230936bb19,24,2.0,0.1,2.3000000000000003,0.1389495494373136,1.5316653914581884,SUCCESS,SUCCESS,5.872065533181552e-11,7.660656615447956e-11,8.502606396731949e-10,0.8004838246216385,2.629081740788732e-16,1.3454417617294634e-17,27,7745,14.867040833007195,True,True,SUCCESS,data/raw/branch_audit/branch_audit_reverse_branch_trial_62a3a2e1531a,7.143020129473153e-16,1.0868610076302057e-17,0.12576856706010464,0.5833333333333334,0.10069264715302495,0.27877779244118595,0.7509949257740771,9.67172534100686e-17,0.24456274044261678,1e-30,True,0.18827573043307852,0.015346183603671681,-1.373691629640477,0.7769084146029843,3.25209130295719e-15,1.67440266800056,5.713122140945453e-16,0.38845420730149194,24.0,0.0,45.27999710653572,,,,,,0.0,,,,,,,SUCCESS,False,,,,,,,,,,,,,,,,,,,
branch_audit_reverse_branch_trial_62dd9f48b473,branch_audit,reverse_branch_trial,fad38ae4cee1bd744751bfb0ca3a75545fb1a759045ad4e6c01d3b230936bb19,dd7df74cc39d8e3e42ab1c4169c16fdc190b787e,False,e3b0c44298fc1c149afbf4c8996fb92427ae41e4649b934ca495991b7852b855,fad38ae4cee1bd744751bfb0ca3a75545fb1a759045ad4e6c01d3b230936bb19,20,2.0,0.1,1.9000000000000001,1.389495494373136e-07,1.026706015713448e-06,SUCCESS,SUCCESS,8.902946133577906e-11,2.4730876143891505e-11,1.0461065347300291e-10,0.9999999999999153,1.1809006162506323e-25,3.906869994664411e-27,12,1541,1.8040659999969648,True,True,SUCCESS,data/raw/branch_audit/branch_audit_reverse_branch_trial_62dd9f48b473,3.792767979193124e-16,2.6606125603819354e-25,0.1256688942133108,0.0,4.283382933182492e-25,0.16272415740780125,0.8485861370509639,8.367072718340576e-25,1.0000000766393677,1e-30,True,1.3129175119512462e-08,0.007932676910514136,-1.3679331124694032,0.7617874696376348,4.648804579050029e-16,1.953542376503657,6.162975822039155e-32,0.38089373481881716,20.0,0.0,6.685894172375126,,,,,,7.0,,,,,,,SUCCESS,False,,,,,,,,,,,,,,,,,,,
branch_audit_reverse_branch_trial_67c130a6b2b8,branch_audit,reverse_branch_trial,fad38ae4cee1bd744751bfb0ca3a75545fb1a759045ad4e6c01d3b230936bb19,dd7df74cc39d8e3e42ab1c4169c16fdc190b787e,False,e3b0c44298fc1c149afbf4c8996fb92427ae41e4649b934ca495991b7852b855,fad38ae4cee1bd744751bfb0ca3a75545fb1a759045ad4e6c01d3b230936bb19,40,2.0,0.05,1.9500000000000002,1e-06,7.38905609893065e-06,SUCCESS,SUCCESS,9.646077735759075e-11,8.537757782583194e-12,1.997038090451042e-10,0.9999999999965551,3.273519983668991e-17,4.1826707458217246e-19,14,1898,14.388756291999016,True,True,SUCCESS,data/raw/branch_audit/branch_audit_reverse_branch_trial_67c130a6b2b8,4.365787100329412e-16,3.3183686904872966e-19,0.12616890320574448,0.0,4.864968645607331e-16,0.15818858652429885,0.8525458887790496,1.3105082705032482e-17,1.000000029717299,1e-30,True,4.716189934373372e-09,0.0018196934368353013,-1.3855207923300905,0.7211746553536362,6.259066097736464e-16,2.359027537999727,2.6808944825870323e-29,0.3605873276768179,40.0,0.0,7.028686260032859,,,,,,6.0,,,,,,,SUCCESS,False,,,,,,,,,,,,,,,,,,,
branch_audit_reverse_branch_trial_68daeab19cba,branch_audit,reverse_branch_trial,fad38ae4cee1bd744751bfb0ca3a75545fb1a759045ad4e6c01d3b230936bb19,dd7df74cc39d8e3e42ab1c4169c16fdc190b787e,False,e3b0c44298fc1c149afbf4c8996fb92427ae41e4649b934ca495991b7852b855,fad38ae4cee1bd744751bfb0ca3a75545fb1a759045ad4e6c01d3b230936bb19,20,2.0,0.1,1.9000000000000001,0.019306977288832457,0.142660338287963,SUCCESS,SUCCESS,8.996045640873315e-11,5.6205875546005556e-11,8.953150443247182e-10,0.9889730198236365,2.4965794247091487e-24,9.022433716014347e-26,22,7069,8.71668499999214,True,True,SUCCESS,data/raw/branch_audit/branch_audit_reverse_branch_trial_68daeab19cba,3.8399709268588507e-16,-1.0669939455228457e-23,0.12631966814060763,0.0,1.0382543536728695e-23,0.16566741067295998,0.846023207416274,3.254082670022274e-23,0.9777969521091707,1e-30,True,0.004669625816987475,0.007852008995312132,-1.36816440860682,0.7633606238012081,5.315639209163497e-16,1.9439918096155695,5.300159206953673e-31,0.3816803119006035,20.0,0.0,7.914078956578612,,,,,,1.0,,,,,,,SUCCESS,False,,,,,,,,,,,,,,,,,,,
branch_audit_reverse_branch_trial_6d8a0ec2efdd,branch_audit,reverse_branch_trial,fad38ae4cee1bd744751bfb0ca3a75545fb1a759045ad4e6c01d3b230936bb19,dd7df74cc39d8e3e42ab1c4169c16fdc190b787e,False,e3b0c44298fc1c149afbf4c8996fb92427ae41e4649b934ca495991b7852b855,fad38ae4cee1bd744751bfb0ca3a75545fb1a759045ad4e6c01d3b230936bb19,20,2.0,0.1,1.9000000000000001,1e-12,7.38905609893065e-12,SUCCESS,SUCCESS,8.644954387331409e-11,9.72128981344037e-13,8.75989614179673e-10,0.9999999999999996,3.9032812938432376e-26,6.596217614888952e-27,1,3,0.003500416991300881,True,True,SUCCESS,data/raw/branch_audit/branch_audit_reverse_branch_trial_6d8a0ec2efdd,3.158038208395405e-16,-9.329709711003287e-27,0.12566888988508662,0.0,5.885544049907202e-26,0.16272416963391217,0.8485861263938633,2.0220487929905907e-25,1.0000000025387776,1e-30,True,3.9175426933443147e-10,0.007932662417392433,-1.3679331124694032,0.7617875046754773,4.62516723245032e-16,1.9535422929544364,1.3681806324926924e-30,0.3808937523377378,20.0,0.0,6.685894442333999,,,,,,13.0,,,,,,,SUCCESS,False,,,,,,,,,,,,,,,,,,,
branch_audit_reverse_branch_trial_6e7d75315756,branch_audit,reverse_branch_trial,fad38ae4cee1bd744751bfb0ca3a75545fb1a759045ad4e6c01d3b230936bb19,dd7df74cc39d8e3e42ab1c4169c16fdc190b787e,False,e3b0c44298fc1c149afbf4c8996fb92427ae41e4649b934ca495991b7852b855,fad38ae4cee1bd744751bfb0ca3a75545fb1a759045ad4e6c01d3b230936bb19,40,2.0,0.1,3.9000000000000004,0.019306977288832457,1.0541252427021828,SUCCESS,SUCCESS,8.522464004168256e-11,5.922682070396598e-11,3.376328105986204e-10,0.8083742164319037,1.665120999633176e-16,2.928748579244967e-17,23,9333,83.77787654199346,True,True,SUCCESS,data/raw/branch_audit/branch_audit_reverse_branch_trial_6e7d75315756,6.587907974139806e-16,5.968241274901224e-20,0.12616315667252526,0.45,0.04988649217656135,0.019282737311174095,0.9808996406370204,6.60823878651495e-17,0.2840019674830812,1e-30,True,0.09910760512052116,0.018310054283270594,-1.3857291447106124,0.7329492329396311,1.9155640143554813e-15,7.185358130256403,1.8331986548704905e-16,0.3664746164698145,40.0,0.0,88.41626514254975,,,,,,1.0,,,,,,,SUCCESS,False,,,,,,,,,,,,,,,,,,,
branch_audit_reverse_branch_trial_753b6b1b4a54,branch_audit,reverse_branch_trial,fad38ae4cee1bd744751bfb0ca3a75545fb1a759045ad4e6c01d3b230936bb19,dd7df74cc39d8e3e42ab1c4169c16fdc190b787e,False,e3b0c44298fc1c149afbf4c8996fb92427ae41e4649b934ca495991b7852b855,fad38ae4cee1bd744751bfb0ca3a75545fb1a759045ad4e6c01d3b230936bb19,40,2.0,0.05,1.9500000000000002,1.9306977288832496e-08,1.426603382879633e-07,SUCCESS,SUCCESS,9.870814630903062e-11,2.7688199042754185e-13,1.1658229936983844e-11,0.9999999999999993,1.7080557044162815e-17,1.261867348560245e-19,1,44,0.3319404169888003,True,True,SUCCESS,data/raw/branch_audit/branch_audit_reverse_branch_trial_753b6b1b4a54,4.50311515095139e-16,-4.393986974866737e-18,0.12616890273980427,0.0,1.80589844437481e-16,0.15818858923652548,0.8525458864074053,1.3053313679638493e-17,1.000000012770672,1e-30,True,1.874949224019354e-09,0.0018191811059942165,-1.3855207923300905,0.7211747357299233,6.205735699114768e-16,2.3590275133472556,4.0128676321252446e-29,0.36058736786496126,40.0,0.0,7.0286875559562505,,,,,,8.0,,,,,,,SUCCESS,False,,,,,,,,,,,,,,,,,,,
branch_audit_reverse_branch_trial_7e83874b4ba6,branch_audit,reverse_branch_trial,fad38ae4cee1bd744751bfb0ca3a75545fb1a759045ad4e6c01d3b230936bb19,dd7df74cc39d8e3e42ab1c4169c16fdc190b787e,False,e3b0c44298fc1c149afbf4c8996fb92427ae41e4649b934ca495991b7852b855,fad38ae4cee1bd744751bfb0ca3a75545fb1a759045ad4e6c01d3b230936bb19,40,2.0,0.05,1.9500000000000002,0.0003727593720314938,0.0027543399113428685,SUCCESS,SUCCESS,8.42789341958011e-11,2.9889795133424663e-11,2.221776096433814e-10,0.9999994668798672,3.3251580795544144e-17,7.290195211506542e-19,9,3509,26.041782208005316,True,True,SUCCESS,data/raw/branch_audit/branch_audit_reverse_branch_trial_7e83874b4ba6,4.476625288988285e-16,1.0675432947513783e-18,0.1261690877314476,0.0,4.450833760805654e-16,0.15819096096918842,0.8525438125015111,1.1184236403995507e-17,0.9999838693334916,1e-30,True,3.0541692175710268e-06,0.0020143473557416858,-1.3855209339316528,0.7211452833761915,6.05949266634007e-16,2.3590120251702387,1.0554096095242052e-29,0.3605726416880948,40.0,0.0,7.028428139986451,,,,,,3.0,,,,,,,SUCCESS,False,,,,,,,,,,,,,,,,,,,
branch_audit_reverse_branch_trial_7f04b295bd9a,branch_audit,reverse_branch_trial,fad38ae4cee1bd744751bfb0ca3a75545fb1a759045ad4e6c01d3b230936bb19,dd7df74cc39d8e3e42ab1c4169c16fdc190b787e,False,e3b0c44298fc1c149afbf4c8996fb92427ae41e4649b934ca495991b7852b855,fad38ae4cee1bd744751bfb0ca3a75545fb1a759045ad4e6c01d3b230936bb19,40,2.0,0.05,1.9500000000000002,0.019306977288832457,0.142660338287963,SUCCESS,SUCCESS,8.961915016002138e-11,2.751576193679287e-11,3.0673241724343825e-11,0.9688662926068118,1.0774210211051852e-17,7.86035400752267e-21,20,12738,99.46244483400369,True,True,SUCCESS,data/raw/branch_audit/branch_audit_reverse_branch_trial_7f04b295bd9a,5.191006050085995e-16,-3.6521760603732776e-19,0.12617993808853734,0.0,2.771401417489993e-16,0.1672048116674992,0.8446865307241977,1.6579011985614235e-17,0.943108599209125,1e-30,True,0.010480650693021287,0.0021512340392175755,-1.3855365663166364,0.7252364864569266,8.253098709378385e-16,2.2958861263341785,8.1690244521129e-30,0.36261824322846237,40.0,0.0,14.242932595470972,,,,,,1.0,,,,,,,SUCCESS,False,,,,,,,,,,,,,,,,,,,
branch_audit_reverse_branch_trial_80f130a01a07,branch_audit,reverse_branch_trial,fad38ae4cee1bd744751bfb0ca3a75545fb1a759045ad4e6c01d3b230936bb19,dd7df74cc39d8e3e42ab1c4169c16fdc190b787e,False,e3b0c44298fc1c149afbf4c8996fb92427ae41e4649b934ca495991b7852b855,fad38ae4cee1bd744751bfb0ca3a75545fb1a759045ad4e6c01d3b230936bb19,20,2.0,0.1,1.9000000000000001,7.1968567300115285e-12,5.317797811402178e-11,SUCCESS,SUCCESS,9.08607870381958e-11,1.0749612284307683e-12,8.758135328079675e-10,0.9999999999999991,4.8684131683358845e-26,1.0665035206716998e-26,1,3,0.0034986249957000837,True,True,SUCCESS,data/raw/branch_audit/branch_audit_reverse_branch_trial_80f130a01a07,3.163395071291928e-16,-2.7336316672907924e-27,0.1256688898865962,0.0,6.658786022767491e-26,0.1627241696190527,0.8485861264068157,2.8788814186435194e-25,1.000000002629079,1e-30,True,4.05859801974453e-10,0.007932662417858505,-1.3679331124694032,0.7617875046770952,4.988493231169779e-16,1.9535422930245172,6.162975822039155e-32,0.38089375233854744,20.0,0.0,6.685894442320958,,,,,,12.0,,,,,,,SUCCESS,False,,,,,,,,,,,,,,,,,,,
branch_audit_reverse_branch_trial_84c61f72f8a2,branch_audit,reverse_branch_trial,fad38ae4cee1bd744751bfb0ca3a75545fb1a759045ad4e6c01d3b230936bb19,dd7df74cc39d8e3e42ab1c4169c16fdc190b787e,False,e3b0c44298fc1c149afbf4c8996fb92427ae41e4649b934ca495991b7852b855,fad38ae4cee1bd744751bfb0ca3a75545fb1a759045ad4e6c01d3b230936bb19,24,2.0,0.05,1.1500000000000001,7.196856730011514e-06,2.3894405819821644e-05,SUCCESS,SUCCESS,8.777984832204223e-11,3.085402300662943e-11,5.968099348052647e-10,0.9999999998618466,4.7627477152718595e-27,1.9082627470307265e-29,9,1545,2.7093586249975488,True,True,SUCCESS,data/raw/branch_audit/branch_audit_reverse_branch_trial_84c61f72f8a2,3.593531304364984e-16,-7.665580139002806e-29,0.12415582756804389,0.0,8.94550483698634e-29,0.4634084155589153,0.6055348661811282,4.711878855662671e-28,1.0000004435037138,1e-30,True,1.5927339983387447e-07,0.019123444580842586,-1.3743468234176992,0.7184263953370508,3.9771491089613964e-16,1.3134274733998599,6.162975822039155e-32,0.35921319766852444,24.0,0.0,3.158192584176376,,,,,,5.0,,,,,,,SUCCESS,False,,,,,,,,,,,,,,,,,,,
branch_audit_reverse_branch_trial_915c85cb0b65,branch_audit,reverse_branch_trial,fad38ae4cee1bd744751bfb0ca3a75545fb1a759045ad4e6c01d3b230936bb19,dd7df74cc39d8e3e42ab1c4169c16fdc190b787e,False,e3b0c44298fc1c149afbf4c8996fb92427ae41e4649b934ca495991b7852b855,fad38ae4cee1bd744751bfb0ca3a75545fb1a759045ad4e6c01d3b230936bb19,24,2.0,0.05,1.1500000000000001,0.019306977288832457,0.06410142202354284,SUCCESS,SUCCESS,8.72262286533838e-11,8.053134237191959e-11,9.243736887043497e-10,0.997734556107703,1.4365456604699576e-25,6.785545105230236e-26,20,7269,13.233348541994928,True,True,SUCCESS,data/raw/branch_audit/branch_audit_reverse_branch_trial_915c85cb0b65,3.708017116363159e-16,9.457957942468348e-25,0.12422939558849107,0.0,1.577362284297943e-24,0.4654667816629064,0.6039477399721545,9.970880266728614e-24,0.995176051144791,1e-30,True,0.00166511173914352,0.023370001379502625,-1.3741895544783085,0.7186913663668666,4.3368017720322e-16,1.3115258332547175,2.4960052079258577e-31,0.35934568318343313,24.0,0.0,3.1756258703523645,,,,,,1.0,,,,,,,SUCCESS,False,,,,,,,,,,,,,,,,,,,
branch_audit_reverse_branch_trial_948be8b4a240,branch_audit,reverse_branch_trial,fad38ae4cee1bd744751bfb0ca3a75545fb1a759045ad4e6c01d3b230936bb19,dd7df74cc39d8e3e42ab1c4169c16fdc190b787e,False,e3b0c44298fc1c149afbf4c8996fb92427ae41e4649b934ca495991b7852b855,fad38ae4cee1bd744751bfb0ca3a75545fb1a759045ad4e6c01d3b230936bb19,20,2.0,0.1,1.9000000000000001,0.0003727593720314938,0.0027543399113428685,SUCCESS,SUCCESS,8.619855435977924e-11,4.192338980541429e-11,2.0166701641954887e-10,0.999999372284095,3.482288415439743e-26,4.828902330340792e-27,15,2611,3.131698375000269,True,True,SUCCESS,data/raw/branch_audit/branch_audit_reverse_branch_trial_948be8b4a240,3.1080161649637023e-16,1.0746977410067968e-28,0.1256806618847277,0.0,7.110447928593795e-29,0.16269256130433504,0.8486136786377046,8.304642099268455e-28,1.0001900082236912,1e-30,True,3.260547172058429e-05,0.007979537793012192,-1.3679371778059157,0.7617005574103053,4.0337406223000993e-16,1.9537630283619214,1.67632942359465e-30,0.3808502787051524,20.0,0.0,6.685486823789413,,,,,,3.0,,,,,,,SUCCESS,False,,,,,,,,,,,,,,,,,,,
branch_audit_reverse_branch_trial_9f85d9a28c14,branch_audit,reverse_branch_trial,fad38ae4cee1bd744751bfb0ca3a75545fb1a759045ad4e6c01d3b230936bb19,dd7df74cc39d8e3e42ab1c4169c16fdc190b787e,False,e3b0c44298fc1c149afbf4c8996fb92427ae41e4649b934ca495991b7852b855,fad38ae4cee1bd744751bfb0ca3a75545fb1a759045ad4e6c01d3b230936bb19,20,2.0,0.1,1.9000000000000001,2.6826957952797275e-09,1.9822589727687282e-08,SUCCESS,SUCCESS,9.613359511429108e-11,5.063491708335594e-13,8.611266144598062e-10,0.9999999999999996,1.7473604316530128e-25,2.532592330190975e-26,1,78,0.09114379101083614,True,True,SUCCESS,data/raw/branch_audit/branch_audit_reverse_branch_trial_9f85d9a28c14,3.502446750433006e-16,-2.328548828933072e-26,0.12566888996248385,0.0,2.6383945894732225e-26,0.16272416929906744,0.8485861266857363,5.08609366926533e-26,1.0000000045887893,1e-30,True,7.202771551242927e-10,0.007932662697052173,-1.3679331124694032,0.7617875039829555,4.470964191014681e-16,1.953542294991383,1.072357793034813e-30,0.3808937519914771,20.0,0.0,6.68589443715075,,,,,,9.0,,,,,,,SUCCESS,False,,,,,,,,,,,,,,,,,,,
branch_audit_reverse_branch_trial_a423fd62b5ab,branch_audit,reverse_branch_trial,fad38ae4cee1bd744751bfb0ca3a75545fb1a759045ad4e6c01d3b230936bb19,dd7df74cc39d8e3e42ab1c4169c16fdc190b787e,False,e3b0c44298fc1c149afbf4c8996fb92427ae41e4649b934ca495991b7852b855,fad38ae4cee1bd744751bfb0ca3a75545fb1a759045ad4e6c01d3b230936bb19,24,2.0,0.1,2.3000000000000003,0.002682695795279727,0.029571828926974034,SUCCESS,SUCCESS,8.894917622350742e-11,4.201386870319186e-11,4.619743476652616e-10,0.9998373400408835,1.3038391649106036e-28,3.7080571195935488e-31,20,6931,12.38990866599488,True,True,SUCCESS,data/raw/branch_audit/branch_audit_reverse_branch_trial_a423fd62b5ab,3.9476368264126567e-16,5.93125784258645e-30,0.12418554800793072,0.0,1.4772723533658584e-29,0.08890016254822043,0.9147216394607655,4.8713038159663536e-29,0.9990326993928377,1e-30,True,0.00017998709722443897,0.022204873387660307,-1.3742753705063824,0.7184650524604664,4.502539867442728e-16,2.726848447818151,3.552713678800501e-15,0.35923252623023305,24.0,0.0,9.982778970580812,,,,,,2.0,,,,,,,SUCCESS,False,,,,,,,,,,,,,,,,,,,
branch_audit_reverse_branch_trial_a728b013054d,branch_audit,reverse_branch_trial,fad38ae4cee1bd744751bfb0ca3a75545fb1a759045ad4e6c01d3b230936bb19,dd7df74cc39d8e3e42ab1c4169c16fdc190b787e,False,e3b0c44298fc1c149afbf4c8996fb92427ae41e4649b934ca495991b7852b855,fad38ae4cee1bd744751bfb0ca3a75545fb1a759045ad4e6c01d3b230936bb19,24,2.0,0.05,1.1500000000000001,1e-06,3.320116922736548e-06,SUCCESS,SUCCESS,8.728202340254819e-11,4.926330629672988e-11,4.568542211202953e-10,0.9999999999973391,3.855841171155509e-27,8.85927774417979e-32,13,1601,2.7985195410001324,True,True,SUCCESS,data/raw/branch_audit/branch_audit_reverse_branch_trial_a728b013054d,3.591856286182844e-16,1.2853578713718107e-28,0.1241558064005096,0.0,9.389396443988071e-29,0.4634085855084226,0.6055347351273153,2.9248767918466987e-28,1.0000000618492213,1e-30,True,2.2197459678332215e-08,0.019121118096574685,-1.374346877128637,0.7184264345852247,4.0688837713281186e-16,1.3134272470724462,4.622231866529366e-32,0.35921321729261185,24.0,0.0,3.1581928641553887,,,,,,6.0,,,,,,,SUCCESS,False,,,,,,,,,,,,,,,,,,,
branch_audit_reverse_branch_trial_a7365ffe4f84,branch_audit,reverse_branch_trial,fad38ae4cee1bd744751bfb0ca3a75545fb1a759045ad4e6c01d3b230936bb19,dd7df74cc39d8e3e42ab1c4169c16fdc190b787e,False,e3b0c44298fc1c149afbf4c8996fb92427ae41e4649b934ca495991b7852b855,fad38ae4cee1bd744751bfb0ca3a75545fb1a759045ad4e6c01d3b230936bb19,20,2.0,0.1,1.9000000000000001,0.0,0.0,SUCCESS,SUCCESS,8.223668375222318e-11,9.039892803038352e-13,8.761003034152282e-10,0.9999999999999994,3.1649469296016316e-26,1.0231997408366909e-26,1,3,0.003479082995909266,True,True,SUCCESS,data/raw/branch_audit/branch_audit_reverse_branch_trial_a7365ffe4f84,3.4426968662568335e-16,-9.431042735663796e-27,0.12566888988385452,0.0,4.7579023543311036e-26,0.16272416964824868,0.8485861263813665,1.4539124876623126e-25,1.0000000024516766,1e-30,True,3.781675998141352e-10,0.007932662417410752,-1.3679331124694032,0.7617875046728126,4.827708098646334e-16,1.9535422928879664,1.195617309475596e-30,0.3808937523364062,20.0,0.0,6.685894442336369,,,,,,14.0,,,,,,,SUCCESS,False,,,,,,,,,,,,,,,,,,,
branch_audit_reverse_branch_trial_a8bcc59eb87a,branch_audit,reverse_branch_trial,fad38ae4cee1bd744751bfb0ca3a75545fb1a759045ad4e6c01d3b230936bb19,dd7df74cc39d8e3e42ab1c4169c16fdc190b787e,False,e3b0c44298fc1c149afbf4c8996fb92427ae41e4649b934ca495991b7852b855,fad38ae4cee1bd744751bfb0ca3a75545fb1a759045ad4e6c01d3b230936bb19,40,2.0,0.1,3.9000000000000004,0.002682695795279727,0.14647022752396774,SUCCESS,SUCCESS,8.538219445385595e-11,2.6139720099139334e-11,8.036682430656583e-10,0.9711044537801151,4.040613328425564e-17,3.943282416818816e-20,18,10833,83.97722387500107,True,True,SUCCESS,data/raw/branch_audit/branch_audit_reverse_branch_trial_a8bcc59eb87a,5.771607650628495e-16,3.8884899780759985e-18,0.12617979233426949,0.0,4.1834356025077825e-16,0.006615696020267694,0.9934060436342492,1.802909665362634e-17,0.929298381443451,1e-30,True,0.006216399833670718,0.0015873065131886133,-1.3855306735531339,0.726162235428609,7.970398128570973e-16,12.322010681205333,1.1074867552204361e-29,0.36308111771430346,40.0,0.0,106.30721699749559,,,,,,2.0,,,,,,,SUCCESS,False,,,,,,,,,,,,,,,,,,,
branch_audit_reverse_branch_trial_ab13abe06cdd,branch_audit,reverse_branch_trial,fad38ae4cee1bd744751bfb0ca3a75545fb1a759045ad4e6c01d3b230936bb19,dd7df74cc39d8e3e42ab1c4169c16fdc190b787e,False,e3b0c44298fc1c149afbf4c8996fb92427ae41e4649b934ca495991b7852b855,fad38ae4cee1bd744751bfb0ca3a75545fb1a759045ad4e6c01d3b230936bb19,40,2.0,0.1,3.9000000000000004,1e-12,5.459815003314424e-11,SUCCESS,SUCCESS,9.443050316392412e-11,2.498502832924359e-13,5.495225385843128e-10,0.9999999999999997,3.3561285348743733e-17,6.645675553537204e-19,1,3,0.022690249999868684,True,True,SUCCESS,data/raw/branch_audit/branch_audit_reverse_branch_trial_ab13abe06cdd,4.090108881544294e-16,2.4870942909567247e-18,0.12616890267724026,0.0,4.302092617302794e-16,0.00618280301608664,0.9938361928799314,1.681130229255708e-17,1.00000001206244,1e-30,True,5.317804257514294e-10,0.001819168069056687,-1.3855207913047307,0.7211747366033929,6.210242479071924e-16,12.746726581358743,1.4615497161965855e-29,0.36058736830169635,40.0,0.0,49.40244911100607,,,,,,13.0,,,,,,,SUCCESS,False,,,,,,,,,,,,,,,,,,,
branch_audit_reverse_branch_trial_ab4094b5e1fa,branch_audit,reverse_branch_trial,fad38ae4cee1bd744751bfb0ca3a75545fb1a759045ad4e6c01d3b230936bb19,dd7df74cc39d8e3e42ab1c4169c16fdc190b787e,False,e3b0c44298fc1c149afbf4c8996fb92427ae41e4649b934ca495991b7852b855,fad38ae4cee1bd744751bfb0ca3a75545fb1a759045ad4e6c01d3b230936bb19,20,2.0,0.1,1.9000000000000001,1.9306977288832496e-08,1.426603382879633e-07,SUCCESS,SUCCESS,9.551219812065135e-11,1.4079039240041069e-14,7.670606372300881e-10,0.9999999999999984,3.8769432003701716e-26,4.817715296628627e-27,1,174,0.20327516600082163,True,True,SUCCESS,data/raw/branch_audit/branch_audit_reverse_branch_trial_ab4094b5e1fa,3.2222542622794626e-16,-3.598122625831278e-28,0.1256688904807744,0.0,6.1917377493546436e-27,0.16272416780868043,0.8485861279848583,3.124430438572182e-26,1.000000013667817,1e-30,True,2.2630171395017548e-09,0.007932664430374659,-1.3679331124694032,0.7617874997822504,4.4221474381349174e-16,1.9535423051087362,0.0,0.380893749891124,20.0,0.0,6.685894404852591,,,,,,8.0,,,,,,,SUCCESS,False,,,,,,,,,,,,,,,,,,,
branch_audit_reverse_branch_trial_ad21cb4dfd7a,branch_audit,reverse_branch_trial,fad38ae4cee1bd744751bfb0ca3a75545fb1a759045ad4e6c01d3b230936bb19,dd7df74cc39d8e3e42ab1c4169c16fdc190b787e,False,e3b0c44298fc1c149afbf4c8996fb92427ae41e4649b934ca495991b7852b855,fad38ae4cee1bd744751bfb0ca3a75545fb1a759045ad4e6c01d3b230936bb19,40,2.0,0.05,1.9500000000000002,7.196856730011514e-06,5.317797811402167e-05,SUCCESS,SUCCESS,6.151116968844831e-11,7.97307614117636e-11,1.9432699893684457e-10,0.9999999998215363,2.3457450899069682e-17,4.690188157322407e-19,14,2121,16.08707374999358,True,True,SUCCESS,data/raw/branch_audit/branch_audit_reverse_branch_trial_ad21cb4dfd7a,4.202739816262661e-16,5.99173736122002e-19,0.12616890624474558,0.0,8.85524758029911e-16,0.1581885689506336,0.8525459041459401,7.648922375111547e-18,1.0000001396580016,1e-30,True,2.3216097823796182e-08,0.0018229376258127594,-1.3855207947714967,0.7211741492487053,6.2575722665327e-16,2.359027697796226,3.5760667207382195e-30,0.3605870746243522,40.0,0.0,7.028678147050261,,,,,,5.0,,,,,,,SUCCESS,False,,,,,,,,,,,,,,,,,,,
branch_audit_reverse_branch_trial_bac24f3aa66c,branch_audit,reverse_branch_trial,fad38ae4cee1bd744751bfb0ca3a75545fb1a759045ad4e6c01d3b230936bb19,dd7df74cc39d8e3e42ab1c4169c16fdc190b787e,False,e3b0c44298fc1c149afbf4c8996fb92427ae41e4649b934ca495991b7852b855,fad38ae4cee1bd744751bfb0ca3a75545fb1a759045ad4e6c01d3b230936bb19,40,2.0,0.05,1.9500000000000002,5.179474679231202e-05,0.0003827142896783019,SUCCESS,SUCCESS,8.564230597922691e-11,8.142373913340807e-11,1.9571266829387923e-10,0.9999999907088944,1.6603165429250457e-17,3.371717649304063e-19,13,2784,20.635101749998285,True,True,SUCCESS,data/raw/branch_audit/branch_audit_reverse_branch_trial_bac24f3aa66c,4.710571926083538e-16,-1.1809157517504926e-18,0.12616892837787883,0.0,6.451236755781564e-16,0.15818849938954418,0.8525459649720566,1.0524024530214806e-17,1.0000005498806976,1e-30,True,9.348852079617468e-08,0.0018462861018215815,-1.3855208118613405,0.7211705241593991,5.488440971587014e-16,2.3590284309027947,4.0213417238805485e-31,0.3605852620796993,40.0,0.0,7.028623576213693,,,,,,4.0,,,,,,,SUCCESS,False,,,,,,,,,,,,,,,,,,,
branch_audit_reverse_branch_trial_bc9094caba6d,branch_audit,reverse_branch_trial,fad38ae4cee1bd744751bfb0ca3a75545fb1a759045ad4e6c01d3b230936bb19,dd7df74cc39d8e3e42ab1c4169c16fdc190b787e,False,e3b0c44298fc1c149afbf4c8996fb92427ae41e4649b934ca495991b7852b855,fad38ae4cee1bd744751bfb0ca3a75545fb1a759045ad4e6c01d3b230936bb19,40,2.0,0.1,3.9000000000000004,0.1389495494373136,7.586388347216241,SUCCESS,SUCCESS,8.854785312126251e-11,4.471205947787286e-11,4.974679557179229e-10,0.7708818162212481,3.2180852497164505e-16,5.370962094277056e-17,25,14754,138.8565872499894,True,True,SUCCESS,data/raw/branch_audit/branch_audit_reverse_branch_trial_bc9094caba6d,5.580522985366069e-16,8.199210766238223e-18,0.12553725950081798,0.95,0.13760115834760608,0.2224499685144754,0.7975329313871887,1.860471874370108e-16,0.015054556600220583,1e-30,True,0.317669400845873,0.018221058582920113,-1.3874751875493918,0.7361416814021484,9.904815976821535e-16,2.0782169214472903,3.0086247182469155e-16,0.3680708407010738,40.0,0.0,16.13579731702345,,,,,,0.0,,,,,,,SUCCESS,False,,,,,,,,,,,,,,,,,,,
branch_audit_reverse_branch_trial_c0ff6e88c0cf,branch_audit,reverse_branch_trial,fad38ae4cee1bd744751bfb0ca3a75545fb1a759045ad4e6c01d3b230936bb19,dd7df74cc39d8e3e42ab1c4169c16fdc190b787e,False,e3b0c44298fc1c149afbf4c8996fb92427ae41e4649b934ca495991b7852b855,fad38ae4cee1bd744751bfb0ca3a75545fb1a759045ad4e6c01d3b230936bb19,40,2.0,0.1,3.9000000000000004,1e-06,5.4598150033144235e-05,SUCCESS,SUCCESS,8.574774103001468e-11,7.69365066638199e-11,5.660182322841933e-10,0.999999999994579,2.3758791867181737e-17,8.211275033098435e-19,13,2185,16.536107042004005,True,True,SUCCESS,data/raw/branch_audit/branch_audit_reverse_branch_trial_c0ff6e88c0cf,4.630395020650785e-16,-9.198168245683112e-19,0.1261689063558414,0.0,2.8475934897752044e-16,0.006182802036959372,0.9938361938530605,1.3918837488427687e-17,1.0000001673339838,1e-30,True,1.1193805060884318e-08,0.001822974004145328,-1.385520796187543,0.7211741452088625,6.495621183790545e-16,12.746727811412805,1.3185686771252772e-29,0.36058707260443124,40.0,0.0,49.40237960327803,,,,,,6.0,,,,,,,SUCCESS,False,,,,,,,,,,,,,,,,,,,
branch_audit_reverse_branch_trial_c4fdbae45d72,branch_audit,reverse_branch_trial,fad38ae4cee1bd744751bfb0ca3a75545fb1a759045ad4e6c01d3b230936bb19,dd7df74cc39d8e3e42ab1c4169c16fdc190b787e,False,e3b0c44298fc1c149afbf4c8996fb92427ae41e4649b934ca495991b7852b855,fad38ae4cee1bd744751bfb0ca3a75545fb1a759045ad4e6c01d3b230936bb19,40,2.0,0.05,1.9500000000000002,5.179474679231202e-11,3.8271428967830186e-10,SUCCESS,SUCCESS,9.596932146149795e-11,3.377123412624254e-13,8.133493878403897e-12,0.9999999999999997,4.573264002053642e-17,6.606874142998991e-20,1,3,0.022763792003388517,True,True,SUCCESS,data/raw/branch_audit/branch_audit_reverse_branch_trial_c4fdbae45d72,4.0841791284602636e-16,-3.6718743500646565e-18,0.12616890273220924,0.0,4.260310031250224e-16,0.15818858938656638,0.8525458862762055,2.563149733816157e-17,1.0000000118251031,1e-30,True,1.731114319445899e-09,0.0018191710464199318,-1.3855207923300905,0.7211747373124041,5.684892215198754e-16,2.3590275121903694,1.6418167589912308e-29,0.36058736865620095,40.0,0.0,7.028687581390946,,,,,,11.0,,,,,,,SUCCESS,False,,,,,,,,,,,,,,,,,,,
branch_audit_reverse_branch_trial_c76998b4c217,branch_audit,reverse_branch_trial,fad38ae4cee1bd744751bfb0ca3a75545fb1a759045ad4e6c01d3b230936bb19,dd7df74cc39d8e3e42ab1c4169c16fdc190b787e,False,e3b0c44298fc1c149afbf4c8996fb92427ae41e4649b934ca495991b7852b855,fad38ae4cee1bd744751bfb0ca3a75545fb1a759045ad4e6c01d3b230936bb19,20,2.0,0.1,1.9000000000000001,1e-06,7.38905609893065e-06,SUCCESS,SUCCESS,8.906837219276673e-11,5.4496459541852025e-11,2.6269708630621835e-10,0.9999999999952345,2.9514281670567563e-25,1.383014175739242e-26,12,1637,1.9418301669938955,True,True,SUCCESS,data/raw/branch_audit/branch_audit_reverse_branch_trial_c76998b4c217,3.6518996972990756e-16,2.8707525408506107e-25,0.1256689213777998,0.0,1.1336245165427802e-24,0.16272408063245986,0.8485862039735086,6.953456100312415e-24,1.000000543143981,1e-30,True,9.328148615135815e-08,0.00793278941778297,-1.3679331222350282,0.7617872655373403,5.1051414703545e-16,1.953542903800615,7.642090019328552e-31,0.3808936327686697,20.0,0.0,6.685892501578489,,,,,,6.0,,,,,,,SUCCESS,False,,,,,,,,,,,,,,,,,,,
branch_audit_reverse_branch_trial_c83d6ed0d699,branch_audit,reverse_branch_trial,fad38ae4cee1bd744751bfb0ca3a75545fb1a759045ad4e6c01d3b230936bb19,dd7df74cc39d8e3e42ab1c4169c16fdc190b787e,False,e3b0c44298fc1c149afbf4c8996fb92427ae41e4649b934ca495991b7852b855,fad38ae4cee1bd744751bfb0ca3a75545fb1a759045ad4e6c01d3b230936bb19,20,2.0,0.1,1.9000000000000001,5.179474679231202e-05,0.0003827142896783019,SUCCESS,SUCCESS,8.675109004230438e-11,4.5788196700166315e-11,4.390979801982553e-10,0.9999999873126417,1.1760979324520338e-26,6.061249743120577e-28,13,1969,2.3286463330005063,True,True,SUCCESS,data/raw/branch_audit/branch_audit_reverse_branch_trial_c83d6ed0d699,3.8733086709737054e-16,-6.87611781360104e-27,0.1256705232152278,0.0,3.0336756454689923e-27,0.16271956874958732,0.8485901368399207,2.9122233262040793e-26,1.000027881581871,1e-30,True,4.7881336582088e-06,0.007939342696735574,-1.367933673992841,0.7617752327605628,4.138562629444019e-16,1.9535739188427204,5.669937756276022e-31,0.3808876163802813,20.0,0.0,6.685799983776996,,,,,,4.0,,,,,,,SUCCESS,False,,,,,,,,,,,,,,,,,,,
branch_audit_reverse_branch_trial_ca6599a055a1,branch_audit,reverse_branch_trial,fad38ae4cee1bd744751bfb0ca3a75545fb1a759045ad4e6c01d3b230936bb19,dd7df74cc39d8e3e42ab1c4169c16fdc190b787e,False,e3b0c44298fc1c149afbf4c8996fb92427ae41e4649b934ca495991b7852b855,fad38ae4cee1bd744751bfb0ca3a75545fb1a759045ad4e6c01d3b230936bb19,40,2.0,0.05,1.9500000000000002,0.002682695795279727,0.01982258972768728,SUCCESS,SUCCESS,8.771225634861759e-11,4.4127044845212206e-11,3.354490019091827e-10,0.9998675371164265,3.3230462168607684e-17,7.437802929700454e-21,15,5104,39.11105858400697,True,True,SUCCESS,data/raw/branch_audit/branch_audit_reverse_branch_trial_ca6599a055a1,4.752267790824584e-16,1.9744647459099115e-18,0.12617026884152885,0.0,3.358941675962594e-16,0.15836275015932016,0.8523936046509913,1.0306255407934467e-17,0.9988436882096069,1e-30,True,0.0002090912923951437,0.0032259664113483133,-1.3855219495566526,0.7210112640262956,5.908726166944495e-16,2.357767608129767,3.323384712034614e-30,0.3605056320131478,40.0,0.0,7.037486693842313,,,,,,2.0,,,,,,,SUCCESS,False,,,,,,,,,,,,,,,,,,,
branch_audit_reverse_branch_trial_cd949b45fee2,branch_audit,reverse_branch_trial,fad38ae4cee1bd744751bfb0ca3a75545fb1a759045ad4e6c01d3b230936bb19,dd7df74cc39d8e3e42ab1c4169c16fdc190b787e,False,e3b0c44298fc1c149afbf4c8996fb92427ae41e4649b934ca495991b7852b855,fad38ae4cee1bd744751bfb0ca3a75545fb1a759045ad4e6c01d3b230936bb19,24,2.0,0.05,1.1500000000000001,5.179474679231202e-05,0.0001719646153340097,SUCCESS,SUCCESS,8.972392912282622e-11,5.086652192291588e-11,2.795100817465368e-10,0.9999999928472666,6.965604815246603e-26,2.2499856328765407e-28,13,1955,3.460050499998033,True,True,SUCCESS,data/raw/branch_audit/branch_audit_reverse_branch_trial_cd949b45fee2,4.2226766342890165e-16,4.258480667283965e-28,0.12415597986184826,0.0,7.1128502021767415e-28,0.4634072064990208,0.6055357985281482,6.993682863382357e-27,1.0000031537451513,1e-30,True,1.134433727792414e-06,0.019140176391790886,-1.374346432792699,0.7184261172044337,3.7656520622494055e-16,1.313429087249146,1.5407439555097887e-32,0.3592130586022164,24.0,0.0,3.158190676316081,,,,,,4.0,,,,,,,SUCCESS,False,,,,,,,,,,,,,,,,,,,
branch_audit_reverse_branch_trial_d3912daf61b3,branch_audit,reverse_branch_trial,fad38ae4cee1bd744751bfb0ca3a75545fb1a759045ad4e6c01d3b230936bb19,dd7df74cc39d8e3e42ab1c4169c16fdc190b787e,False,e3b0c44298fc1c149afbf4c8996fb92427ae41e4649b934ca495991b7852b855,fad38ae4cee1bd744751bfb0ca3a75545fb1a759045ad4e6c01d3b230936bb19,24,2.0,0.1,2.3000000000000003,0.019306977288832457,0.21282421603184182,SUCCESS,SUCCESS,8.607044777916026e-11,6.111519474252859e-11,1.6308210337712126e-10,0.9635454058023122,6.707287233539904e-24,1.7095160212336325e-27,19,7678,14.100128291989677,True,True,SUCCESS,data/raw/branch_audit/branch_audit_reverse_branch_trial_d3912daf61b3,4.0904898470752207e-16,-6.49262020972308e-26,0.12442867994730333,0.0,4.830831431569573e-25,0.09532407652980722,0.9088143987875776,4.89237258168654e-24,0.9224888160410921,1e-30,True,0.012317731923200471,0.016378337351666383,-1.373866012677273,0.7236220273750743,5.089941967645117e-16,2.6461511325737286,1.3805065841367707e-30,0.36181101368753665,24.0,0.0,10.666616240052926,,,,,,1.0,,,,,,,SUCCESS,False,,,,,,,,,,,,,,,,,,,
branch_audit_reverse_branch_trial_d4041940efcf,branch_audit,reverse_branch_trial,fad38ae4cee1bd744751bfb0ca3a75545fb1a759045ad4e6c01d3b230936bb19,dd7df74cc39d8e3e42ab1c4169c16fdc190b787e,False,e3b0c44298fc1c149afbf4c8996fb92427ae41e4649b934ca495991b7852b855,fad38ae4cee1bd744751bfb0ca3a75545fb1a759045ad4e6c01d3b230936bb19,24,2.0,0.05,1.1500000000000001,1.389495494373136e-07,4.6132875049344347e-07,SUCCESS,SUCCESS,7.297949532535617e-11,8.087606361957074e-11,2.7355018250574403e-10,0.9999999999999502,1.1306090079095626e-26,2.3057490084863238e-29,14,1430,2.490050207998138,True,True,SUCCESS,data/raw/branch_audit/branch_audit_reverse_branch_trial_d4041940efcf,3.5587127296734765e-16,1.57248658216709e-29,0.12415580339279483,0.0,4.1615790442109684e-29,0.46340860853979515,0.6055347173670438,5.690108847508158e-28,1.0000000107689235,1e-30,True,3.7130212949746686e-09,0.01912079424387203,-1.3743468844528555,0.7184264399194362,3.9338232400618837e-16,1.313427216119151,1.5407439555097887e-32,0.3592132199597172,24.0,0.0,3.1581929031571656,,,,,,7.0,,,,,,,SUCCESS,False,,,,,,,,,,,,,,,,,,,
branch_audit_reverse_branch_trial_d5c1529d5ad7,branch_audit,reverse_branch_trial,fad38ae4cee1bd744751bfb0ca3a75545fb1a759045ad4e6c01d3b230936bb19,dd7df74cc39d8e3e42ab1c4169c16fdc190b787e,False,e3b0c44298fc1c149afbf4c8996fb92427ae41e4649b934ca495991b7852b855,fad38ae4cee1bd744751bfb0ca3a75545fb1a759045ad4e6c01d3b230936bb19,24,2.0,0.1,2.3000000000000003,2.6826957952797275e-09,2.9571828926974037e-08,SUCCESS,SUCCESS,9.755827455155147e-11,3.4689827242734046e-12,6.229176063854425e-10,0.9999999999999994,4.483983992889384e-27,3.30386862193149e-29,1,40,0.06889004200638738,True,True,SUCCESS,data/raw/branch_audit/branch_audit_reverse_branch_trial_d5c1529d5ad7,3.6388459269369486e-16,-1.4585943470778423e-28,0.12415580302232421,0.0,1.0001481483170543e-28,0.08882841148058264,0.9147877965215501,5.8611705780799885e-28,1.0000000057777128,1e-30,True,6.811118109718647e-10,0.01912074693746324,-1.3743468861513715,0.7184264406752305,5.765322780723519e-16,2.7275500720818413,1.7009813268828067e-30,0.3592132203376149,24.0,0.0,9.974182452308758,,,,,,9.0,,,,,,,SUCCESS,False,,,,,,,,,,,,,,,,,,,
branch_audit_reverse_branch_trial_d7cc96fe1573,branch_audit,reverse_branch_trial,fad38ae4cee1bd744751bfb0ca3a75545fb1a759045ad4e6c01d3b230936bb19,dd7df74cc39d8e3e42ab1c4169c16fdc190b787e,False,e3b0c44298fc1c149afbf4c8996fb92427ae41e4649b934ca495991b7852b855,fad38ae4cee1bd744751bfb0ca3a75545fb1a759045ad4e6c01d3b230936bb19,40,2.0,0.1,3.9000000000000004,1.9306977288832496e-08,1.0541252427021849e-06,SUCCESS,SUCCESS,9.87861287496127e-11,1.1030015077795152e-15,5.767943900281125e-10,0.9999999999999989,1.3214408709507245e-17,2.572091418467117e-19,1,174,1.3156750830094097,True,True,SUCCESS,data/raw/branch_audit/branch_audit_reverse_branch_trial_d7cc96fe1573,4.4023764604900565e-16,-7.898525500561328e-19,0.12616890274215453,0.0,4.351764072961836e-16,0.006182802988348931,0.9938361929074991,1.37308260864297e-17,1.0000000165218945,1e-30,True,7.820184475160158e-10,0.0018192412765754007,-1.3855207913047307,0.7211747251108281,7.29640252086046e-16,12.746726613637593,5.804290629196476e-29,0.36058736255541396,40.0,0.0,49.40244776085889,,,,,,8.0,,,,,,,SUCCESS,False,,,,,,,,,,,,,,,,,,,
branch_audit_reverse_branch_trial_d8f8c4730e42,branch_audit,reverse_branch_trial,fad38ae4cee1bd744751bfb0ca3a75545fb1a759045ad4e6c01d3b230936bb19,dd7df74cc39d8e3e42ab1c4169c16fdc190b787e,False,e3b0c44298fc1c149afbf4c8996fb92427ae41e4649b934ca495991b7852b855,fad38ae4cee1bd744751bfb0ca3a75545fb1a759045ad4e6c01d3b230936bb19,40,2.0,0.1,3.9000000000000004,2.6826957952797275e-09,1.4647022752396777e-07,SUCCESS,SUCCESS,9.827085698766598e-11,1.929147264985595e-13,5.531823887849896e-10,0.9999999999999997,2.964650654375325e-17,1.1579284000102274e-18,1,50,0.3780047499894863,True,True,SUCCESS,data/raw/branch_audit/branch_audit_reverse_branch_trial_d8f8c4730e42,4.3176262928092243e-16,2.244422431767244e-18,0.1261689026851956,0.0,1.9935525144081134e-16,0.006182803008903715,0.9938361928870703,1.9045912767674192e-17,1.0000000132188944,1e-30,True,5.903693645395099e-10,0.0018191782382153132,-1.3855207913047307,0.7211747350043002,6.985518739110567e-16,12.746726589187556,2.662405555120915e-30,0.3605873675021499,40.0,0.0,49.40244892368125,,,,,,9.0,,,,,,,SUCCESS,False,,,,,,,,,,,,,,,,,,,
branch_audit_reverse_branch_trial_d925471e0716,branch_audit,reverse_branch_trial,fad38ae4cee1bd744751bfb0ca3a75545fb1a759045ad4e6c01d3b230936bb19,dd7df74cc39d8e3e42ab1c4169c16fdc190b787e,False,e3b0c44298fc1c149afbf4c8996fb92427ae41e4649b934ca495991b7852b855,fad38ae4cee1bd744751bfb0ca3a75545fb1a759045ad4e6c01d3b230936bb19,24,2.0,0.05,1.1500000000000001,0.0003727593720314938,0.0012376046991904113,SUCCESS,SUCCESS,7.269134961090857e-11,8.400502076412992e-11,2.6626734150880793e-10,0.9999996299970125,3.362122626579963e-24,9.330397956805389e-27,17,2550,4.546329874996445,True,True,SUCCESS,data/raw/branch_audit/branch_audit_reverse_branch_trial_d925471e0716,3.7452769205112263e-16,-3.456800848024733e-26,0.12415707926774378,0.0,3.722473936633004e-26,0.4633993220810051,0.6055418784724287,4.0967419811750712e-25,1.0000207556959604,1e-30,True,7.565695134895142e-06,0.019260626306703665,-1.3743436366532378,0.7184242278845174,4.1328846538910346e-16,1.3134398795795723,3.552713678800501e-15,0.3592121139422584,24.0,0.0,3.15818249686116,,,,,,3.0,,,,,,,SUCCESS,False,,,,,,,,,,,,,,,,,,,
branch_audit_reverse_branch_trial_e0f1b21fd1dc,branch_audit,reverse_branch_trial,fad38ae4cee1bd744751bfb0ca3a75545fb1a759045ad4e6c01d3b230936bb19,dd7df74cc39d8e3e42ab1c4169c16fdc190b787e,False,e3b0c44298fc1c149afbf4c8996fb92427ae41e4649b934ca495991b7852b855,fad38ae4cee1bd744751bfb0ca3a75545fb1a759045ad4e6c01d3b230936bb19,24,2.0,0.1,2.3000000000000003,7.196856730011514e-06,7.93322211211245e-05,SUCCESS,SUCCESS,8.789683527545694e-11,5.398215452668438e-11,4.566539368866529e-10,0.9999999997452415,1.3225499595063143e-27,1.9219240101029104e-29,13,1923,3.3899939999973867,True,True,SUCCESS,data/raw/branch_audit/branch_audit_reverse_branch_trial_e0f1b21fd1dc,3.9466010473713475e-16,-1.4204436647087187e-29,0.12415587842405851,0.0,4.0823316172441015e-29,0.0888282296635633,0.9147879641683703,1.5970042532311371e-28,1.000002176904455,1e-30,True,3.9671115276804634e-07,0.019129031900297466,-1.3743466932802777,0.7184263021322139,4.888311954507743e-16,2.727553236445347,1.8242408433235898e-30,0.3592131510661062,24.0,0.0,9.97417877518584,,,,,,5.0,,,,,,,SUCCESS,False,,,,,,,,,,,,,,,,,,,
branch_audit_reverse_branch_trial_ed200c1414d3,branch_audit,reverse_branch_trial,fad38ae4cee1bd744751bfb0ca3a75545fb1a759045ad4e6c01d3b230936bb19,dd7df74cc39d8e3e42ab1c4169c16fdc190b787e,False,e3b0c44298fc1c149afbf4c8996fb92427ae41e4649b934ca495991b7852b855,fad38ae4cee1bd744751bfb0ca3a75545fb1a759045ad4e6c01d3b230936bb19,40,2.0,0.1,3.9000000000000004,5.179474679231202e-05,0.002827897356295368,SUCCESS,SUCCESS,9.014469831950546e-11,3.22737641598374e-11,1.9681789531489358e-10,0.9999999640911319,3.373606539112517e-17,2.9132851199890634e-19,14,3831,28.427304290991742,True,True,SUCCESS,data/raw/branch_audit/branch_audit_reverse_branch_trial_ed200c1414d3,4.949625904689807e-16,1.7159092366223642e-18,0.12616908924320835,0.0,4.0218535344031405e-16,0.006182916302296344,0.9938360802876981,1.6755213086201752e-17,0.9999793462488955,1e-30,True,2.002597677314302e-06,0.0020160163111384577,-1.3855209329062932,0.7211451120035268,7.093729149640655e-16,12.746620282920123,2.6063224751403585e-29,0.36057255600176313,40.0,0.0,49.4000668182093,,,,,,4.0,,,,,,,SUCCESS,False,,,,,,,,,,,,,,,,,,,
branch_audit_reverse_branch_trial_ee0978bc3be0,branch_audit,reverse_branch_trial,fad38ae4cee1bd744751bfb0ca3a75545fb1a759045ad4e6c01d3b230936bb19,dd7df74cc39d8e3e42ab1c4169c16fdc190b787e,False,e3b0c44298fc1c149afbf4c8996fb92427ae41e4649b934ca495991b7852b855,fad38ae4cee1bd744751bfb0ca3a75545fb1a759045ad4e6c01d3b230936bb19,40,2.0,0.05,1.9500000000000002,0.0,0.0,SUCCESS,SUCCESS,9.192268076007101e-11,2.0804154353928e-13,7.948086633291496e-12,0.9999999999999994,5.560316673729297e-17,7.566647127375027e-19,1,3,0.022338750000926666,True,True,SUCCESS,data/raw/branch_audit/branch_audit_reverse_branch_trial_ee0978bc3be0,4.3163125793418223e-16,-1.994781006654448e-18,0.12616890273120226,0.0,4.4405111536003714e-16,0.15818858943670255,0.8525458862323652,1.8820244164264446e-17,1.0000000115089347,1e-30,True,1.6835401759517323e-09,0.0018191710196928668,-1.3855207923300905,0.7211747373139402,6.172518960292912e-16,2.3590275118364445,8.477173243214857e-30,0.3605873686569701,40.0,0.0,7.028687581433676,,,,,,14.0,,,,,,,SUCCESS,False,,,,,,,,,,,,,,,,,,,
branch_audit_reverse_branch_trial_eeaa352af484,branch_audit,reverse_branch_trial,fad38ae4cee1bd744751bfb0ca3a75545fb1a759045ad4e6c01d3b230936bb19,dd7df74cc39d8e3e42ab1c4169c16fdc190b787e,False,e3b0c44298fc1c149afbf4c8996fb92427ae41e4649b934ca495991b7852b855,fad38ae4cee1bd744751bfb0ca3a75545fb1a759045ad4e6c01d3b230936bb19,24,2.0,0.05,1.1500000000000001,1.9306977288832496e-08,6.410142202354297e-08,SUCCESS,SUCCESS,9.655367976610775e-11,1.7349651507200376e-13,2.2443324976251233e-10,0.9999999999999993,9.80539930345327e-27,2.8997058033353594e-29,1,70,0.12175645800016355,True,True,SUCCESS,data/raw/branch_audit/branch_audit_reverse_branch_trial_eeaa352af484,3.1184379690868437e-16,-6.080231306400755e-29,0.12415580294232016,0.0,6.115327508571238e-29,0.4634086109068341,0.6055347155417402,2.633077253719185e-28,1.0000000051831461,1e-30,True,1.6549449601414132e-09,0.01912074638187833,-1.3743468844528555,0.7184264410318439,3.819921946956342e-16,1.3134272124513569,1.8797076257219422e-31,0.3592132205159217,24.0,0.0,3.158192908442346,,,,,,8.0,,,,,,,SUCCESS,False,,,,,,,,,,,,,,,,,,,
branch_audit_reverse_branch_trial_f016fc06fa20,branch_audit,reverse_branch_trial,fad38ae4cee1bd744751bfb0ca3a75545fb1a759045ad4e6c01d3b230936bb19,dd7df74cc39d8e3e42ab1c4169c16fdc190b787e,False,e3b0c44298fc1c149afbf4c8996fb92427ae41e4649b934ca495991b7852b855,fad38ae4cee1bd744751bfb0ca3a75545fb1a759045ad4e6c01d3b230936bb19,24,2.0,0.05,1.1500000000000001,0.0,0.0,SUCCESS,SUCCESS,8.31022853358206e-11,1.548031537389747e-12,3.1190261484681514e-10,0.9999999999999996,4.437311776989081e-27,8.98125330732581e-31,1,3,0.005033042005379684,True,True,SUCCESS,data/raw/branch_audit/branch_audit_reverse_branch_trial_f016fc06fa20,3.6072024307550344e-16,5.983501397775233e-29,0.12415580286796331,0.0,5.642807126981067e-29,0.46340861180095577,0.6055347148522527,2.932346630841093e-28,1.0000000032245948,1e-30,True,1.0185235467427662e-09,0.019120738644341495,-1.3743468844528555,0.7184264412081904,4.141362003333524e-16,1.3134272113732344,1.232595164407831e-31,0.35921322060409516,24.0,0.0,3.1581929093915795,,,,,,14.0,,,,,,,SUCCESS,False,,,,,,,,,,,,,,,,,,,
branch_audit_reverse_branch_trial_f0ac47970a84,branch_audit,reverse_branch_trial,fad38ae4cee1bd744751bfb0ca3a75545fb1a759045ad4e6c01d3b230936bb19,dd7df74cc39d8e3e42ab1c4169c16fdc190b787e,False,e3b0c44298fc1c149afbf4c8996fb92427ae41e4649b934ca495991b7852b855,fad38ae4cee1bd744751bfb0ca3a75545fb1a759045ad4e6c01d3b230936bb19,24,2.0,0.1,2.3000000000000003,7.1968567300115285e-12,7.933222112112466e-11,SUCCESS,SUCCESS,9.312132196468129e-11,1.706940616390992e-12,5.887260678960615e-10,0.9999999999999996,2.074704180731261e-28,3.388609539484528e-30,1,3,0.005235417003859766,True,True,SUCCESS,data/raw/branch_audit/branch_audit_reverse_branch_trial_f0ac47970a84,3.311090704280089e-16,4.855426646032683e-29,0.1241558029919442,0.0,6.144534616681786e-29,0.08882841161032358,0.9147877964019206,2.556720661320157e-28,1.0000000042274413,1e-30,True,4.805843115964753e-10,0.019120743652788486,-1.3743468861513715,0.7184264407563946,4.3176846253476613e-16,2.7275500700287507,1.9721522630525295e-31,0.359213220378197,24.0,0.0,9.9741824538625,,,,,,12.0,,,,,,,SUCCESS,False,,,,,,,,,,,,,,,,,,,
branch_audit_reverse_branch_trial_f32cec5469ed,branch_audit,reverse_branch_trial,fad38ae4cee1bd744751bfb0ca3a75545fb1a759045ad4e6c01d3b230936bb19,dd7df74cc39d8e3e42ab1c4169c16fdc190b787e,False,e3b0c44298fc1c149afbf4c8996fb92427ae41e4649b934ca495991b7852b855,fad38ae4cee1bd744751bfb0ca3a75545fb1a759045ad4e6c01d3b230936bb19,40,2.0,0.1,3.9000000000000004,0.0,0.0,SUCCESS,SUCCESS,9.305281667310664e-11,2.1057547800326898e-13,5.49467138455384e-10,0.9999999999999996,3.4267520278471964e-17,1.6464475912009003e-19,1,3,0.022124832990812138,True,True,SUCCESS,data/raw/branch_audit/branch_audit_reverse_branch_trial_f32cec5469ed,4.493893430661583e-16,1.2545552021855599e-18,0.12616890267693415,0.0,4.202709050174684e-16,0.006182803016765705,0.9938361928792564,1.7108454790891355e-17,1.0000000119530041,1e-30,True,5.26437180386343e-10,0.0018191680653549813,-1.3855207913047307,0.7211747366031555,7.311329610237751e-16,12.746726580666746,7.105427357601002e-15,0.3605873683015772,40.0,0.0,49.40244911102033,,,,,,14.0,,,,,,,SUCCESS,False,,,,,,,,,,,,,,,,,,,
branch_audit_reverse_branch_trial_fa07699d968c,branch_audit,reverse_branch_trial,fad38ae4cee1bd744751bfb0ca3a75545fb1a759045ad4e6c01d3b230936bb19,dd7df74cc39d8e3e42ab1c4169c16fdc190b787e,False,e3b0c44298fc1c149afbf4c8996fb92427ae41e4649b934ca495991b7852b855,fad38ae4cee1bd744751bfb0ca3a75545fb1a759045ad4e6c01d3b230936bb19,20,2.0,0.1,1.9000000000000001,0.002682695795279727,0.01982258972768728,SUCCESS,SUCCESS,8.920520414458564e-11,6.048209100271167e-11,4.565082756258221e-10,0.999967930529158,5.1224978703365854e-26,4.101065979114447e-27,20,4161,5.060969999991357,True,True,SUCCESS,data/raw/branch_audit/branch_audit_reverse_branch_trial_fa07699d968c,3.407002305710351e-16,5.7960427190572e-29,0.12575445407463706,0.0,2.0148969791921168e-27,0.16257483494662262,0.8487163032687508,8.478436846362902e-27,1.0008141375559492,1e-30,True,0.00014630022236125913,0.008210063572354875,-1.3679627621126942,0.76123462434313,4.449274509816834e-16,1.9547723976425717,3.552713678800501e-15,0.38061731217156497,20.0,0.0,6.696200449526854,,,,,,2.0,,,,,,,SUCCESS,False,,,,,,,,,,,,,,,,,,,
branch_audit_reverse_branch_trial_fdef70d681c4,branch_audit,reverse_branch_trial,fad38ae4cee1bd744751bfb0ca3a75545fb1a759045ad4e6c01d3b230936bb19,dd7df74cc39d8e3e42ab1c4169c16fdc190b787e,False,e3b0c44298fc1c149afbf4c8996fb92427ae41e4649b934ca495991b7852b855,fad38ae4cee1bd744751bfb0ca3a75545fb1a759045ad4e6c01d3b230936bb19,24,2.0,0.05,1.1500000000000001,0.002682695795279727,0.008906863708462404,SUCCESS,SUCCESS,8.56825268861971e-11,2.859288934241991e-11,3.5981140289464975e-10,0.9999804750922914,1.0842893142262807e-27,1.3273509176716717e-30,13,4245,7.624122000008356,True,True,SUCCESS,data/raw/branch_audit/branch_audit_reverse_branch_trial_fdef70d681c4,3.8341780551348256e-16,-9.273395296623896e-30,0.12416511947143818,0.0,2.136624882883443e-29,0.4633849558637398,0.6055529567652012,1.160700071721655e-28,1.0000488010467603,1e-30,True,2.8064376145776765e-05,0.020127442124111328,-1.3743236864506887,0.7184166555162951,4.1925507814891524e-16,1.3134747801962114,1.6640034719505718e-31,0.3592083277581469,24.0,0.0,3.1584120787831504,,,,,,2.0,,,,,,,SUCCESS,False,,,,,,,,,,,,,,,,,,,
branch_audit_reverse_obc_endpoint_07ea5c86fe08,branch_audit,reverse_obc_endpoint,fad38ae4cee1bd744751bfb0ca3a75545fb1a759045ad4e6c01d3b230936bb19,dd7df74cc39d8e3e42ab1c4169c16fdc190b787e,False,e3b0c44298fc1c149afbf4c8996fb92427ae41e4649b934ca495991b7852b855,fad38ae4cee1bd744751bfb0ca3a75545fb1a759045ad4e6c01d3b230936bb19,24,2.0,0.1,2.3000000000000003,0.0,0.0,SUCCESS,SUCCESS,8.731177387532621e-11,9.329178094295653e-13,5.875723241288711e-10,0.9999999999999996,6.536550764467882e-27,5.905877013996424e-29,1,3,0.005096125009004027,True,True,,data/raw/branch_audit/branch_audit_reverse_obc_endpoint_07ea5c86fe08,3.8221020056360716e-16,2.8352957770487696e-29,0.12415580299028506,0.0,3.7844888320466485e-29,0.08882841162824015,0.9147877963854003,1.3845818789906091e-28,1.0000000040216594,1e-30,True,4.561742250914993e-10,0.01912074364183436,-1.3743468861513715,0.7184264407531077,6.314708189273218e-16,2.727550069787265,1.232595164407831e-31,0.359213220376553,24.0,0.0,9.974182453914818,,,,,,,,,,,,,SUCCESS,False,9.002134470198803e-10,1.159282121288672e-09,2.2487570650836863e-09,1.8291541614701146e-09,,,,,,,,,,,,,,,
branch_audit_reverse_obc_endpoint_297cff517211,branch_audit,reverse_obc_endpoint,fad38ae4cee1bd744751bfb0ca3a75545fb1a759045ad4e6c01d3b230936bb19,dd7df74cc39d8e3e42ab1c4169c16fdc190b787e,False,e3b0c44298fc1c149afbf4c8996fb92427ae41e4649b934ca495991b7852b855,fad38ae4cee1bd744751bfb0ca3a75545fb1a759045ad4e6c01d3b230936bb19,20,2.0,0.1,1.9000000000000001,0.0,0.0,SUCCESS,SUCCESS,8.223668375222318e-11,9.039892803038352e-13,8.761003034152282e-10,0.9999999999999994,3.1649469296016316e-26,1.0231997408366909e-26,1,3,0.003479082995909266,True,True,,data/raw/branch_audit/branch_audit_reverse_obc_endpoint_297cff517211,3.4426968662568335e-16,-9.431042735663796e-27,0.12566888988385452,0.0,4.7579023543311036e-26,0.16272416964824868,0.8485861263813665,1.4539124876623126e-25,1.0000000024516766,1e-30,True,3.781675998141352e-10,0.007932662417410752,-1.3679331124694032,0.7617875046728126,4.827708098646334e-16,1.9535422928879664,1.195617309475596e-30,0.3808937523364062,20.0,0.0,6.685894442336369,,,,,,,,,,,,,SUCCESS,False,2.1872807411990176e-09,3.217992834227558e-09,3.717358382887428e-09,4.275860110425356e-09,,,,,,,,,,,,,,,
branch_audit_reverse_obc_endpoint_6f2e6e2d1c0d,branch_audit,reverse_obc_endpoint,fad38ae4cee1bd744751bfb0ca3a75545fb1a759045ad4e6c01d3b230936bb19,dd7df74cc39d8e3e42ab1c4169c16fdc190b787e,False,e3b0c44298fc1c149afbf4c8996fb92427ae41e4649b934ca495991b7852b855,fad38ae4cee1bd744751bfb0ca3a75545fb1a759045ad4e6c01d3b230936bb19,24,2.0,0.05,1.1500000000000001,0.0,0.0,SUCCESS,SUCCESS,8.31022853358206e-11,1.548031537389747e-12,3.1190261484681514e-10,0.9999999999999996,4.437311776989081e-27,8.98125330732581e-31,1,3,0.005033042005379684,True,True,,data/raw/branch_audit/branch_audit_reverse_obc_endpoint_6f2e6e2d1c0d,3.6072024307550344e-16,5.983501397775233e-29,0.12415580286796331,0.0,5.642807126981067e-29,0.46340861180095577,0.6055347148522527,2.932346630841093e-28,1.0000000032245948,1e-30,True,1.0185235467427662e-09,0.019120738644341495,-1.3743468844528555,0.7184264412081904,4.141362003333524e-16,1.3134272113732344,1.232595164407831e-31,0.35921322060409516,24.0,0.0,3.1581929093915795,,,,,,,,,,,,,SUCCESS,False,1.842875244709593e-10,5.891830970919259e-10,8.321397554588634e-10,2.8677682450961584e-10,,,,,,,,,,,,,,,
branch_audit_reverse_obc_endpoint_a9ce24d55ca9,branch_audit,reverse_obc_endpoint,fad38ae4cee1bd744751bfb0ca3a75545fb1a759045ad4e6c01d3b230936bb19,dd7df74cc39d8e3e42ab1c4169c16fdc190b787e,False,e3b0c44298fc1c149afbf4c8996fb92427ae41e4649b934ca495991b7852b855,fad38ae4cee1bd744751bfb0ca3a75545fb1a759045ad4e6c01d3b230936bb19,40,2.0,0.1,3.9000000000000004,0.0,0.0,SUCCESS,SUCCESS,9.305281667310664e-11,2.1057547800326898e-13,5.49467138455384e-10,0.9999999999999996,3.4267520278471964e-17,1.6464475912009003e-19,1,3,0.022124832990812138,True,True,,data/raw/branch_audit/branch_audit_reverse_obc_endpoint_a9ce24d55ca9,4.493893430661583e-16,1.2545552021855599e-18,0.12616890267693415,0.0,4.202709050174684e-16,0.006182803016765705,0.9938361928792564,1.7108454790891355e-17,1.0000000119530041,1e-30,True,5.26437180386343e-10,0.0018191680653549813,-1.3855207913047307,0.7211747366031555,7.311329610237751e-16,12.746726580666746,7.105427357601002e-15,0.3605873683015772,40.0,0.0,49.40244911102033,,,,,,,,,,,,,SUCCESS,False,1.4417818630942829e-09,1.83501664596504e-09,5.291519506937133e-09,2.752171379682977e-09,,,,,,,,,,,,,,,
branch_audit_reverse_obc_endpoint_dd499e73ad60,branch_audit,reverse_obc_endpoint,fad38ae4cee1bd744751bfb0ca3a75545fb1a759045ad4e6c01d3b230936bb19,dd7df74cc39d8e3e42ab1c4169c16fdc190b787e,False,e3b0c44298fc1c149afbf4c8996fb92427ae41e4649b934ca495991b7852b855,fad38ae4cee1bd744751bfb0ca3a75545fb1a759045ad4e6c01d3b230936bb19,40,2.0,0.05,1.9500000000000002,0.0,0.0,SUCCESS,SUCCESS,9.192268076007101e-11,2.0804154353928e-13,7.948086633291496e-12,0.9999999999999994,5.560316673729297e-17,7.566647127375027e-19,1,3,0.022338750000926666,True,True,,data/raw/branch_audit/branch_audit_reverse_obc_endpoint_dd499e73ad60,4.3163125793418223e-16,-1.994781006654448e-18,0.12616890273120226,0.0,4.4405111536003714e-16,0.15818858943670255,0.8525458862323652,1.8820244164264446e-17,1.0000000115089347,1e-30,True,1.6835401759517323e-09,0.0018191710196928668,-1.3855207923300905,0.7211747373139402,6.172518960292912e-16,2.3590275118364445,8.477173243214857e-30,0.3605873686569701,40.0,0.0,7.028687581433676,,,,,,,,,,,,,SUCCESS,False,1.1368185855721075e-09,1.2158649645143975e-09,3.861341625986668e-09,2.4678441512548943e-09,,,,,,,,,,,,,,,
