run_id,study,kind,config_hash,git_commit,git_dirty,git_diff_sha256,source_config_hash,L,U,g,q,lambda,chi,status,message,field_residual,density_residual,number_residual,s_min,max_density_imaginary,total_density_imaginary,mu_evaluations,total_scf_iterations,wall_seconds,accepted,requested,reason,raw_directory,biorthogonality_error,bulk_pair_product_imag,bulk_pair_product_real,complex_fraction,gamma_max_over_t,global_conjugacy_K,global_conjugacy_violation,max_pair_product_imaginary,metric_K_real,metric_epsilon,metric_phase_stable,metric_violation,minimum_eigenvalue_separation,mu,occupied_unoccupied_separation,projector_idempotency,projector_norm,projector_trace_error,real_line_gap,real_part_occupied_rank,real_part_projector_difference,right_condition,delta_P_bulk,delta_P_bulk_one_third,delta_P_bulk_two_thirds,delta_P_full,seed_method,trial_index,audit_index,audit_location,audit_maximum_density_imaginary,audit_minimum_branch_overlap,audit_monotone,audit_target_crossings,branch_message,branch_terminated,density_error_to_endpoint,pair_product_error_to_endpoint,projector_error_to_endpoint,spectrum_error_to_endpoint,mp_similarity_error,covariance_error,similarity_condition,spectrum_error,map_error,component_error,density_error,pair_product_error,scale_imag,scale_real,pair_product_error_to_nh,density_uniformity,momentum_spectrum_error,pair_uniformity,green_covariance_max,branch_id
fig3_branch_trial_02e5d020adfd,fig3,branch_trial,fad38ae4cee1bd744751bfb0ca3a75545fb1a759045ad4e6c01d3b230936bb19,dd7df74cc39d8e3e42ab1c4169c16fdc190b787e,False,e3b0c44298fc1c149afbf4c8996fb92427ae41e4649b934ca495991b7852b855,fad38ae4cee1bd744751bfb0ca3a75545fb1a759045ad4e6c01d3b230936bb19,40,2.0,0.1,3.9000000000000004,1e-12,5.459815003314424e-11,SUCCESS,SUCCESS,7.369717302348846e-11,6.493706681989147e-11,6.271120289724763e-10,0.9999999999999992,3.617404429116959e-17,2.2761048853349433e-19,1,3,0.02326554199680686,True,True,SUCCESS,data/raw/fig3/fig3_branch_trial_02e5d020adfd,4.2139346425885803e-16,1.5941507193519012e-18,0.1261689026483972,0.0,8.72254590207887e-16,0.006182803093555641,0.9938361928029366,9.077611019721428e-18,1.0000000000000038,1e-30,True,1.840296679200344e-15,0.001819167788141396,-1.3855207912384604,0.7211747364520229,7.576341697949698e-16,12.746726502180305,7.105427357601002e-15,0.36058736822601123,40.0,0.0,49.40244910546037,4.6587864072074604e-11,4.6314683257667984e-11,5.266374496971992e-11,6.984103413434584e-11,fig2_hermitian_map,0.0,,,,,,,,,,,,,,,,,,,,,,,,,,,,U2_L40_g0p10
fig3_branch_trial_0429859fc914,fig3,branch_trial,fad38ae4cee1bd744751bfb0ca3a75545fb1a759045ad4e6c01d3b230936bb19,dd7df74cc39d8e3e42ab1c4169c16fdc190b787e,False,e3b0c44298fc1c149afbf4c8996fb92427ae41e4649b934ca495991b7852b855,fad38ae4cee1bd744751bfb0ca3a75545fb1a759045ad4e6c01d3b230936bb19,24,2.0,0.1,2.3000000000000003,0.1,1.1023176380641606,SUCCESS,SUCCESS,8.478216600833655e-11,6.609262605983863e-11,6.654559125962578e-10,0.9922627189333184,1.3191784005463781e-16,1.0600558303656423e-17,13,3879,7.397099374997197,True,True,SUCCESS,data/raw/fig3/fig3_branch_trial_0429859fc914,5.443733414688844e-16,5.155643167000877e-18,0.12552289088899893,0.3333333333333333,0.07469325776214504,0.20675926226511956,0.8107597581413466,6.092826846305855e-17,0.3613551948875827,1e-30,True,0.13929211978702144,0.04551306281665579,-1.3733618058397734,0.7760501208328645,8.877245826374086e-16,1.8970184692894587,5.469060902009786e-16,0.38802506041643214,24.0,0.0,22.842275890477634,0.013232562751835599,0.009028539850386909,0.02459766217152978,0.09593257918043187,fig2_hermitian_map,17.0,,,,,,,,,,,,,,,,,,,,,,,,,,,,U2_L24_g0p10
fig3_branch_trial_05285718b975,fig3,branch_trial,fad38ae4cee1bd744751bfb0ca3a75545fb1a759045ad4e6c01d3b230936bb19,dd7df74cc39d8e3e42ab1c4169c16fdc190b787e,False,e3b0c44298fc1c149afbf4c8996fb92427ae41e4649b934ca495991b7852b855,fad38ae4cee1bd744751bfb0ca3a75545fb1a759045ad4e6c01d3b230936bb19,40,2.0,0.1,3.9000000000000004,7.742636826811277e-08,4.2273364712239e-06,SUCCESS,SUCCESS,9.547043751610772e-11,1.7995910795809388e-12,6.949636421893501e-10,0.9999999999999993,3.280286042957997e-17,1.2178305930182737e-19,1,48,0.36626787499699276,True,True,SUCCESS,data/raw/fig3/fig3_branch_trial_05285718b975,4.4102174512857165e-16,-3.0889889425185118e-18,0.12616890293705119,0.0,4.408389751518193e-16,0.006182803070893079,0.9938361928254604,2.0245718439734387e-17,1.0000000031612528,1e-30,True,5.16597947779162e-10,0.0018194614697704115,-1.3855207912384604,0.721174690473269,6.626319233543209e-16,12.746726542517493,1.0449325506267387e-29,0.36058734523663355,40.0,0.0,49.40244368618856,2.3340375079037442e-09,2.3458010141911398e-09,2.3582435324828113e-09,2.4648176305143067e-09,fig2_hermitian_map,4.0,,,,,,,,,,,,,,,,,,,,,,,,,,,,U2_L40_g0p10
fig3_branch_trial_0b4a34608454,fig3,branch_trial,fad38ae4cee1bd744751bfb0ca3a75545fb1a759045ad4e6c01d3b230936bb19,dd7df74cc39d8e3e42ab1c4169c16fdc190b787e,False,e3b0c44298fc1c149afbf4c8996fb92427ae41e4649b934ca495991b7852b855,fad38ae4cee1bd744751bfb0ca3a75545fb1a759045ad4e6c01d3b230936bb19,24,2.0,0.1,2.3000000000000003,0.012115276586285901,0.133548830710887,SUCCESS,SUCCESS,7.736338934634807e-11,8.032663000028004e-11,3.451436914048145e-10,0.9999837217345192,9.397313860985828e-26,1.0728217584388837e-26,20,7065,12.883031416000449,True,True,SUCCESS,data/raw/fig3/fig3_branch_trial_0b4a34608454,3.782428583373615e-16,-5.130512278540771e-28,0.12431326274132681,0.0,2.4856655482515583e-27,0.09133643965126359,0.9124776332923697,1.9390063780785817e-26,0.9686876745201234,1e-30,True,0.004918097014510647,0.020349486403545503,-1.3740334184691638,0.7202161562466738,5.187434776683135e-16,2.695574910856442,1.7303276844104072e-35,0.3601080781233367,24.0,0.0,10.193529754798584,0.0012928912869707597,0.0011300224366032115,0.0016030388989921682,0.004051088641501417,fig2_hermitian_map,14.0,,,,,,,,,,,,,,,,,,,,,,,,,,,,U2_L24_g0p10
fig3_branch_trial_0ea5f8e3f75a,fig3,branch_trial,fad38ae4cee1bd744751bfb0ca3a75545fb1a759045ad4e6c01d3b230936bb19,dd7df74cc39d8e3e42ab1c4169c16fdc190b787e,False,e3b0c44298fc1c149afbf4c8996fb92427ae41e4649b934ca495991b7852b855,fad38ae4cee1bd744751bfb0ca3a75545fb1a759045ad4e6c01d3b230936bb19,40,2.0,0.1,3.9000000000000004,4.354004653656653e-05,0.0023772059932535413,SUCCESS,SUCCESS,8.015554382630548e-11,3.516630779151129e-11,8.648111116116297e-10,0.9999999999302283,2.3650299252741318e-17,6.560515468864576e-19,11,2611,19.43791029199201,True,True,SUCCESS,data/raw/fig3/fig3_branch_trial_0ea5f8e3f75a,4.504248108169564e-16,8.323002930920678e-20,0.12616905931848935,0.0,6.602206806710351e-16,0.006182875636617978,0.9938361207042623,1.7729654668531354e-17,0.9999865941924146,1e-30,True,1.351813588916199e-06,0.001984633365005095,-1.3855209084259603,0.7211496836301987,7.457826430565118e-16,12.746660578574087,4.317164563338428e-30,0.36057484181509925,40.0,0.0,49.40028016347898,1.2419901332907644e-06,1.2431396817774753e-06,1.2731715881954651e-06,1.7994957569753408e-06,fig2_hermitian_map,10.0,,,,,,,,,,,,,,,,,,,,,,,,,,,,U2_L40_g0p10
fig3_branch_trial_176a24ae3bf1,fig3,branch_trial,fad38ae4cee1bd744751bfb0ca3a75545fb1a759045ad4e6c01d3b230936bb19,dd7df74cc39d8e3e42ab1c4169c16fdc190b787e,False,e3b0c44298fc1c149afbf4c8996fb92427ae41e4649b934ca495991b7852b855,fad38ae4cee1bd744751bfb0ca3a75545fb1a759045ad4e6c01d3b230936bb19,24,2.0,0.1,2.3000000000000003,0.005994842503189421,0.06608220628682401,SUCCESS,SUCCESS,8.149419613404486e-11,4.1487491069681336e-11,3.641985601987585e-10,0.999995636968887,4.0379389915309824e-25,1.381047693743289e-26,17,6272,11.450465000001714,True,True,SUCCESS,data/raw/fig3/fig3_branch_trial_176a24ae3bf1,4.223162241590502e-16,1.9371533726572947e-24,0.12422655416923692,0.0,3.215312956993583e-24,0.08937341664957578,0.9142853806875518,1.5578730359416876e-23,0.9929804765429554,1e-30,True,0.0011169218134901068,0.02353991598026728,-1.374188323472353,0.7187764613613228,5.79147127159414e-16,2.720822717535459,7.605356614324042e-37,0.3593882306806611,24.0,0.0,10.02215577672133,0.0005732623720133567,0.0005327101444862582,0.0006383214812214294,0.001163256740664157,fig2_hermitian_map,8.0,,,,,,,,,,,,,,,,,,,,,,,,,,,,U2_L24_g0p10
fig3_branch_trial_178bf1cbbe65,fig3,branch_trial,fad38ae4cee1bd744751bfb0ca3a75545fb1a759045ad4e6c01d3b230936bb19,dd7df74cc39d8e3e42ab1c4169c16fdc190b787e,False,e3b0c44298fc1c149afbf4c8996fb92427ae41e4649b934ca495991b7852b855,fad38ae4cee1bd744751bfb0ca3a75545fb1a759045ad4e6c01d3b230936bb19,24,2.0,0.1,2.3000000000000003,0.005994842503189421,0.06608220628682401,SUCCESS,SUCCESS,8.760662873579146e-11,4.111725101969751e-11,8.386443761665419e-10,0.9999984615011669,1.2503433412700395e-22,1.4538209787030647e-25,17,5679,10.358071374997962,True,True,SUCCESS,data/raw/fig3/fig3_branch_trial_178bf1cbbe65,4.014293072805455e-16,1.0842144161382704e-24,0.1242265543289915,0.0,1.9235841298694314e-24,0.08937341647823717,0.914285380845462,1.2807558753549793e-23,0.9929804780833739,1e-30,True,0.001116921653584156,0.023539911687134096,-1.3741883257378464,0.71877646077167,5.512829895367601e-16,2.720822721990784,5.995021189193666e-37,0.35938823038583445,24.0,0.0,10.0221557732618,0.0005732635855874834,0.0005327113346984509,0.0006383226069925008,0.0011632581055664134,fig2_hermitian_map,13.0,,,,,,,,,,,,,,,,,,,,,,,,,,,,U2_L24_g0p10
fig3_branch_trial_18b0b0373af4,fig3,branch_trial,fad38ae4cee1bd744751bfb0ca3a75545fb1a759045ad4e6c01d3b230936bb19,dd7df74cc39d8e3e42ab1c4169c16fdc190b787e,False,e3b0c44298fc1c149afbf4c8996fb92427ae41e4649b934ca495991b7852b855,fad38ae4cee1bd744751bfb0ca3a75545fb1a759045ad4e6c01d3b230936bb19,40,2.0,0.1,3.9000000000000004,4.641588833612792e-09,2.534221635297582e-07,SUCCESS,SUCCESS,7.721656853242888e-11,3.8772036519018034e-11,6.086220416534616e-10,0.9999999999999994,3.391164641682268e-17,4.3458411561266796e-20,1,3,0.0231161669944413,True,True,SUCCESS,data/raw/fig3/fig3_branch_trial_18b0b0373af4,4.2484202053108665e-16,-2.0096809186201574e-18,0.1261689026629759,0.0,2.220481157324395e-16,0.006182803093050395,0.9938361928034389,1.543779927987006e-17,1.000000000012401,1e-30,True,8.628239979404384e-12,0.0018191854367803906,-1.3855207912384604,0.7211747336974261,6.166616856580381e-16,12.746726503896141,1.5358135748521574e-29,0.36058736684871306,40.0,0.0,49.402448780135344,1.6627129638775155e-10,1.6598090381941707e-10,1.8392871885014286e-10,2.414391151936289e-10,fig2_hermitian_map,3.0,,,,,,,,,,,,,,,,,,,,,,,,,,,,U2_L40_g0p10
fig3_branch_trial_200b4b67e082,fig3,branch_trial,fad38ae4cee1bd744751bfb0ca3a75545fb1a759045ad4e6c01d3b230936bb19,dd7df74cc39d8e3e42ab1c4169c16fdc190b787e,False,e3b0c44298fc1c149afbf4c8996fb92427ae41e4649b934ca495991b7852b855,fad38ae4cee1bd744751bfb0ca3a75545fb1a759045ad4e6c01d3b230936bb19,24,2.0,0.1,2.3000000000000003,0.0014677992676220735,0.016179810218374686,SUCCESS,SUCCESS,8.70357357933314e-11,4.1305956005701073e-11,4.1390946226016467e-10,0.9999999341837934,1.5066758387691826e-27,1.0799038948582333e-29,16,3339,5.983344958003727,True,True,SUCCESS,data/raw/fig3/fig3_branch_trial_200b4b67e082,3.5807481774514764e-16,4.6556053740364916e-30,0.12417168010082137,0.0,2.889138224109902e-29,0.08883296768449896,0.9147835954209593,2.028136224573814e-28,0.9999122709400868,1e-30,True,5.2006911591911e-05,0.02080936541973033,-1.374307671599476,0.71842485222842,4.701743778817944e-16,2.7276339870735895,2.403507126009926e-41,0.3592124261142094,24.0,0.0,9.97639197748573,0.00012811017516379584,0.00012530834730852116,0.00013202230707293422,0.00014738910067823262,fig2_hermitian_map,11.0,,,,,,,,,,,,,,,,,,,,,,,,,,,,U2_L24_g0p10
fig3_branch_trial_268b23b66737,fig3,branch_trial,fad38ae4cee1bd744751bfb0ca3a75545fb1a759045ad4e6c01d3b230936bb19,dd7df74cc39d8e3e42ab1c4169c16fdc190b787e,False,e3b0c44298fc1c149afbf4c8996fb92427ae41e4649b934ca495991b7852b855,fad38ae4cee1bd744751bfb0ca3a75545fb1a759045ad4e6c01d3b230936bb19,40,2.0,0.1,3.9000000000000004,0.0029663488391777374,0.16195715897206936,SUCCESS,SUCCESS,9.127956138897688e-11,2.9169098204905515e-11,2.080638994428341e-10,0.9999231073333849,8.667796166394473e-17,2.3919148390299353e-17,14,5660,45.20025683399581,True,True,SUCCESS,data/raw/fig3/fig3_branch_trial_268b23b66737,5.970283936105024e-16,-4.9016837721333036e-18,0.12618096380465013,0.1,0.001640781979480355,0.006708453104592123,0.9933138983699495,3.0872720868149216e-17,0.9153629275611347,1e-30,True,0.0074874389432323316,0.001642798958949608,-1.3855320745430517,0.7289473245098005,6.622541859702696e-16,12.236307000120116,2.1061085270546102e-16,0.3644736622548991,40.0,0.0,104.95973409995386,0.00011376712445974818,9.53802826373569e-05,0.00031182693684969474,0.003727318614638091,fig2_hermitian_map,16.0,,,,,,,,,,,,,,,,,,,,,,,,,,,,U2_L40_g0p10
fig3_branch_trial_32ba433e863b,fig3,branch_trial,fad38ae4cee1bd744751bfb0ca3a75545fb1a759045ad4e6c01d3b230936bb19,dd7df74cc39d8e3e42ab1c4169c16fdc190b787e,False,e3b0c44298fc1c149afbf4c8996fb92427ae41e4649b934ca495991b7852b855,fad38ae4cee1bd744751bfb0ca3a75545fb1a759045ad4e6c01d3b230936bb19,24,2.0,0.1,2.3000000000000003,7.742636826811277e-08,8.534845139319194e-07,SUCCESS,SUCCESS,9.65435582249828e-11,5.395212473499053e-14,3.175210094852332e-10,0.9999999999999993,5.600110086059579e-27,2.689549312690159e-29,1,127,0.22398349999275524,True,True,SUCCESS,data/raw/fig3/fig3_branch_trial_32ba433e863b,3.6073790515585476e-16,1.5583920493197916e-28,0.1241558037620775,0.0,7.654759708550162e-29,0.08882841043310657,0.9147877974873998,5.287596736690364e-28,1.0000000189321245,1e-30,True,3.91991081729266e-09,0.019120831321491227,-1.374346883571062,0.7184264393826776,5.041137219277499e-16,2.727550093356372,4.304788882405838e-42,0.35921321969133857,24.0,0.0,9.974182415501694,7.662460935709954e-09,7.621498322339942e-09,7.49548793720062e-09,7.616498944298795e-09,fig2_hermitian_map,4.0,,,,,,,,,,,,,,,,,,,,,,,,,,,,U2_L24_g0p10
fig3_branch_trial_3e8a16664d25,fig3,branch_trial,fad38ae4cee1bd744751bfb0ca3a75545fb1a759045ad4e6c01d3b230936bb19,dd7df74cc39d8e3e42ab1c4169c16fdc190b787e,False,e3b0c44298fc1c149afbf4c8996fb92427ae41e4649b934ca495991b7852b855,fad38ae4cee1bd744751bfb0ca3a75545fb1a759045ad4e6c01d3b230936bb19,40,2.0,0.1,3.9000000000000004,8.799225435691092e-05,0.004804214305133212,SUCCESS,SUCCESS,8.4952264627891e-11,6.538090665622502e-11,6.204405877952013e-10,0.9999999997003942,7.45348395257766e-18,1.7655906677435917e-19,13,3065,23.144240957990405,True,True,SUCCESS,data/raw/fig3/fig3_branch_trial_3e8a16664d25,4.657612329786213e-16,-7.663145782792758e-19,0.12616922036646225,0.0,1.821912467993478e-16,0.006183195349667238,0.9938358029497888,1.0300266268727369e-17,0.9999299532364291,1e-30,True,6.3606789852339355e-06,0.0021536282635079562,-1.3855210304962728,0.7211257345241685,6.833875072994669e-16,12.7463394675002,1.0507873776576759e-30,0.3605628672620838,40.0,0.0,49.399876848402386,2.5193516252505533e-06,2.51878608254728e-06,2.6377091231555804e-06,5.143885784542204e-06,fig2_hermitian_map,11.0,,,,,,,,,,,,,,,,,,,,,,,,,,,,U2_L40_g0p10
fig3_branch_trial_52424fef0440,fig3,branch_trial,fad38ae4cee1bd744751bfb0ca3a75545fb1a759045ad4e6c01d3b230936bb19,dd7df74cc39d8e3e42ab1c4169c16fdc190b787e,False,e3b0c44298fc1c149afbf4c8996fb92427ae41e4649b934ca495991b7852b855,fad38ae4cee1bd744751bfb0ca3a75545fb1a759045ad4e6c01d3b230936bb19,24,2.0,0.1,2.3000000000000003,1.2915496650148854e-06,1.4236979761817662e-05,SUCCESS,SUCCESS,8.919806991883448e-11,3.9243319932348364e-11,5.915100631526116e-10,0.9999999999998112,4.180273436679175e-27,7.902385214149296e-30,13,1638,2.872607833996881,True,True,SUCCESS,data/raw/fig3/fig3_branch_trial_52424fef0440,3.8219094259584195e-16,2.5374939020172113e-28,0.12415581635656384,0.0,1.897382586689446e-28,0.08882837920730624,0.9147878262795652,6.253036602297666e-28,1.0000003924283336,1e-30,True,7.141502641449906e-08,0.019122224707587288,-1.3743468493913742,0.7184264163037186,4.848093595605227e-16,2.727550632852351,7.174648137343064e-43,0.35921320815185875,24.0,0.0,9.974181784020098,1.0931895249323238e-07,1.088533155783703e-07,1.1047982770749659e-07,1.0577668613781235e-07,fig2_hermitian_map,5.0,,,,,,,,,,,,,,,,,,,,,,,,,,,,U2_L24_g0p10
fig3_branch_trial_5bf319d7bc27,fig3,branch_trial,fad38ae4cee1bd744751bfb0ca3a75545fb1a759045ad4e6c01d3b230936bb19,dd7df74cc39d8e3e42ab1c4169c16fdc190b787e,False,e3b0c44298fc1c149afbf4c8996fb92427ae41e4649b934ca495991b7852b855,fad38ae4cee1bd744751bfb0ca3a75545fb1a759045ad4e6c01d3b230936bb19,40,2.0,0.1,3.9000000000000004,1.6681005372000556e-11,9.107520340041714e-10,SUCCESS,SUCCESS,6.649109148749883e-11,5.520960821466351e-11,6.179575740006271e-10,0.9999999999999993,2.6322730856009846e-17,1.130926695625898e-19,1,3,0.022891333006555215,True,True,SUCCESS,data/raw/fig3/fig3_branch_trial_5bf319d7bc27,4.134276353248528e-16,-1.6769640756350488e-19,0.1261689026529725,0.0,4.489353615891142e-16,0.006182803093428459,0.993836192803063,1.5027597625297266e-17,1.0000000000000455,1e-30,True,3.094100720507202e-14,0.0018191678668115774,-1.3855207912384604,0.7211747364588055,6.495725460222916e-16,12.746726502483563,7.488015623777573e-31,0.36058736822940207,40.0,0.0,49.40244910436106,8.478049426149086e-11,8.418843368224326e-11,9.601594873361693e-11,1.2924277446082668e-10,fig2_hermitian_map,1.0,,,,,,,,,,,,,,,,,,,,,,,,,,,,U2_L40_g0p10
fig3_branch_trial_6b27c384844b,fig3,branch_trial,fad38ae4cee1bd744751bfb0ca3a75545fb1a759045ad4e6c01d3b230936bb19,dd7df74cc39d8e3e42ab1c4169c16fdc190b787e,False,e3b0c44298fc1c149afbf4c8996fb92427ae41e4649b934ca495991b7852b855,fad38ae4cee1bd744751bfb0ca3a75545fb1a759045ad4e6c01d3b230936bb19,24,2.0,0.1,2.3000000000000003,0.02448436746822229,0.26989550117065764,SUCCESS,SUCCESS,8.276850824938386e-11,6.399151357160448e-11,2.353568451241017e-10,0.999779361621288,6.908805916865474e-18,2.00200245191614e-18,17,7872,14.501251583002158,True,True,SUCCESS,data/raw/fig3/fig3_branch_trial_6b27c384844b,4.2489697834952516e-16,5.661433497577884e-19,0.12451706189893888,0.0,3.7123903444073434e-18,0.09919747730799125,0.9052675131884457,2.5924336597280885e-18,0.8811833738477152,1e-30,True,0.01914906763315454,0.009076863568607374,-1.373757990724108,0.7275062576395609,5.879707440873281e-16,2.6007891193166475,7.703719777548943e-33,0.36375312881977984,24.0,0.0,11.776293714682177,0.0030670351799752522,0.0024459318304539996,0.004437613229411175,0.01423336201924445,fig2_hermitian_map,15.0,,,,,,,,,,,,,,,,,,,,,,,,,,,,U2_L24_g0p10
fig3_branch_trial_76a5be7ad4d0,fig3,branch_trial,fad38ae4cee1bd744751bfb0ca3a75545fb1a759045ad4e6c01d3b230936bb19,dd7df74cc39d8e3e42ab1c4169c16fdc190b787e,False,e3b0c44298fc1c149afbf4c8996fb92427ae41e4649b934ca495991b7852b855,fad38ae4cee1bd744751bfb0ca3a75545fb1a759045ad4e6c01d3b230936bb19,24,2.0,0.1,2.3000000000000003,2.1544346900318867e-05,0.0002374871358879441,SUCCESS,SUCCESS,9.12478682664013e-11,5.435207929899402e-11,4.732526592832187e-10,0.9999999999473911,1.283808540955127e-25,5.32681002683265e-28,13,1852,3.304206625005463,True,True,SUCCESS,data/raw/fig3/fig3_branch_trial_76a5be7ad4d0,3.628432948193729e-16,-2.1890266865975963e-27,0.12415602882434104,0.0,1.5835504540118633e-27,0.08882787217742971,0.9147882937933298,5.329561412644581e-27,1.0000064397258712,1e-30,True,1.1781880925373357e-06,0.019145550918755916,-1.3743463073991866,0.7184260300693348,5.033176537621123e-16,2.7275594768468525,9.183549615799121e-41,0.35921301503466635,24.0,0.0,9.974171864269467,1.8244202710859444e-06,1.8152393761683661e-06,1.8452437070226841e-06,1.7720261328562428e-06,fig2_hermitian_map,6.0,,,,,,,,,,,,,,,,,,,,,,,,,,,,U2_L24_g0p10
fig3_branch_trial_78ad5c770df0,fig3,branch_trial,fad38ae4cee1bd744751bfb0ca3a75545fb1a759045ad4e6c01d3b230936bb19,dd7df74cc39d8e3e42ab1c4169c16fdc190b787e,False,e3b0c44298fc1c149afbf4c8996fb92427ae41e4649b934ca495991b7852b855,fad38ae4cee1bd744751bfb0ca3a75545fb1a759045ad4e6c01d3b230936bb19,24,2.0,0.1,2.3000000000000003,4.641588833612792e-09,5.116505239933034e-08,SUCCESS,SUCCESS,5.576669744682469e-11,3.536539956540467e-11,7.514745492542829e-10,0.9999999999999996,6.334247745340518e-29,6.501515288098657e-32,1,3,0.005343208002159372,True,True,SUCCESS,data/raw/fig3/fig3_branch_trial_78ad5c770df0,3.2603592108939646e-16,-5.541849752875961e-29,0.12415580281664057,0.0,6.99894155940531e-29,0.08882841200121422,0.9147877960415057,6.912939904480469e-28,1.0000000000553175,1e-30,True,6.222733422221659e-11,0.019120741687364218,-1.374346883571062,0.7184264412411627,4.789889797337107e-16,2.7275500627599434,9.977245065992698e-43,0.3592132206205813,24.0,0.0,9.974182452823863,6.692012471527902e-11,5.844944320091019e-11,1.5800294816604115e-10,4.5830835072077544e-10,fig2_hermitian_map,3.0,,,,,,,,,,,,,,,,,,,,,,,,,,,,U2_L24_g0p10
fig3_branch_trial_81b3a19b4e77,fig3,branch_trial,fad38ae4cee1bd744751bfb0ca3a75545fb1a759045ad4e6c01d3b230936bb19,dd7df74cc39d8e3e42ab1c4169c16fdc190b787e,False,e3b0c44298fc1c149afbf4c8996fb92427ae41e4649b934ca495991b7852b855,fad38ae4cee1bd744751bfb0ca3a75545fb1a759045ad4e6c01d3b230936bb19,40,2.0,0.1,3.9000000000000004,0.1,5.459815003314424,SUCCESS,SUCCESS,9.294716533260002e-11,1.4372252260515523e-11,9.394196531786747e-10,0.7645348120270034,2.682760346316952e-16,2.8785616288531586e-17,22,10996,102.51156079200155,True,True,SUCCESS,data/raw/fig3/fig3_branch_trial_81b3a19b4e77,6.327726385459501e-16,-2.4427498226710965e-17,0.12571112806863854,0.95,0.12366614166642291,0.14484108196722253,0.8642727334256634,1.496953480929637e-16,0.026164372890637774,1e-30,True,0.2735995315885187,0.009038798075847732,-1.3869403371567322,0.736467909927057,1.2041242560418073e-15,2.5772756387485187,3.0688375468739216e-16,0.3682339549635279,40.0,0.0,30.284730259220282,0.004500580569714882,0.00384189694555712,0.00863470118330693,0.1206302960926175,fig2_hermitian_map,9.0,,,,,,,,,,,,,,,,,,,,,,,,,,,,U2_L40_g0p10
fig3_branch_trial_8497449c52a4,fig3,branch_trial,fad38ae4cee1bd744751bfb0ca3a75545fb1a759045ad4e6c01d3b230936bb19,dd7df74cc39d8e3e42ab1c4169c16fdc190b787e,False,e3b0c44298fc1c149afbf4c8996fb92427ae41e4649b934ca495991b7852b855,fad38ae4cee1bd744751bfb0ca3a75545fb1a759045ad4e6c01d3b230936bb19,24,2.0,0.1,2.3000000000000003,0.00035938136638046403,0.003961524189527838,SUCCESS,SUCCESS,8.754016709863103e-11,2.8826743418580008e-11,3.7536307395669155e-10,0.9999999855666616,7.428710093623356e-28,2.0202500467407703e-30,13,2390,4.309565958988969,True,True,SUCCESS,data/raw/fig3/fig3_branch_trial_8497449c52a4,3.64862524097903e-16,-4.7318863371051957e-29,0.12415960045097046,0.0,6.116367620180945e-29,0.08882177015778732,0.9147939202585937,3.3833712543228415e-28,1.000077316746434,1e-30,True,1.623083350973599e-05,0.019534530930399585,-1.374337268235375,0.7184210797514636,4.723098551830558e-16,2.727675238431441,8.250845357944523e-42,0.35921053987573165,24.0,0.0,9.974172750792356,3.064956648467739e-05,3.037273199875804e-05,3.112227295805669e-05,3.0702685736054154e-05,fig2_hermitian_map,7.0,,,,,,,,,,,,,,,,,,,,,,,,,,,,U2_L24_g0p10
fig3_branch_trial_8592626803d4,fig3,branch_trial,fad38ae4cee1bd744751bfb0ca3a75545fb1a759045ad4e6c01d3b230936bb19,dd7df74cc39d8e3e42ab1c4169c16fdc190b787e,False,e3b0c44298fc1c149afbf4c8996fb92427ae41e4649b934ca495991b7852b855,fad38ae4cee1bd744751bfb0ca3a75545fb1a759045ad4e6c01d3b230936bb19,24,2.0,0.1,2.3000000000000003,2.782559402207126e-10,3.0672643080141817e-09,SUCCESS,SUCCESS,6.407113993401707e-11,1.6263996767800015e-11,7.717099181903109e-10,0.9999999999999994,3.82959988148187e-27,9.789494830684632e-30,1,3,0.005317916002240963,True,True,SUCCESS,data/raw/fig3/fig3_branch_trial_8592626803d4,3.2594251380788214e-16,-8.939649299245451e-29,0.1241558028068479,0.0,6.47006448562086e-29,0.08882841200097681,0.9147877960417247,7.600368084585606e-28,1.0000000000033449,1e-30,True,3.739294516061145e-12,0.01912073640141787,-1.374346883571062,0.7184264414652728,5.71227996830328e-16,2.727550062328251,0.0,0.35921322073263623,24.0,0.0,9.97418245469541,8.316935923608798e-11,4.140192943829864e-11,1.6145517340978525e-10,4.4478512013747984e-10,fig2_hermitian_map,2.0,,,,,,,,,,,,,,,,,,,,,,,,,,,,U2_L24_g0p10
fig3_branch_trial_8648e52a2073,fig3,branch_trial,fad38ae4cee1bd744751bfb0ca3a75545fb1a759045ad4e6c01d3b230936bb19,dd7df74cc39d8e3e42ab1c4169c16fdc190b787e,False,e3b0c44298fc1c149afbf4c8996fb92427ae41e4649b934ca495991b7852b855,fad38ae4cee1bd744751bfb0ca3a75545fb1a759045ad4e6c01d3b230936bb19,40,2.0,0.1,3.9000000000000004,1.2915496650148854e-06,7.05162223857399e-05,SUCCESS,SUCCESS,8.454718659354072e-11,7.697802568960368e-11,2.0487289642545647e-10,0.9999999999997934,3.230985833904693e-17,9.270190554752717e-20,13,1897,14.068370416993275,True,True,SUCCESS,data/raw/fig3/fig3_branch_trial_8648e52a2073,4.568867896538709e-16,-1.8975790583231796e-18,0.12616890740252243,0.0,4.44131151880156e-16,0.006182801862969997,0.9938361940259841,1.4188943882449485e-17,1.0000001925991042,1e-30,True,1.3423990673762513e-08,0.0018240795522119768,-1.385520796121273,0.7211739722055777,5.144563041629094e-16,12.746728049232612,3.3588218230113393e-31,0.36058698610278844,40.0,0.0,49.402359505587505,3.7731614347915606e-08,3.783654867586053e-08,3.8035389418008104e-08,3.937342074858014e-08,fig2_hermitian_map,5.0,,,,,,,,,,,,,,,,,,,,,,,,,,,,U2_L40_g0p10
fig3_branch_trial_8b34fcb53c5a,fig3,branch_trial,fad38ae4cee1bd744751bfb0ca3a75545fb1a759045ad4e6c01d3b230936bb19,dd7df74cc39d8e3e42ab1c4169c16fdc190b787e,False,e3b0c44298fc1c149afbf4c8996fb92427ae41e4649b934ca495991b7852b855,fad38ae4cee1bd744751bfb0ca3a75545fb1a759045ad4e6c01d3b230936bb19,24,2.0,0.1,2.3000000000000003,0.0029663488391777374,0.032698586460767676,SUCCESS,SUCCESS,8.857199059030987e-11,4.918466203642202e-11,6.975643396245346e-10,0.9999997217992,4.0231117681395263e-29,6.249884357642312e-31,17,4449,7.954225458001019,True,True,SUCCESS,data/raw/fig3/fig3_branch_trial_8b34fcb53c5a,3.7838626918742993e-16,4.68071823468053e-31,0.1241888788600625,0.0,1.4481522857498354e-30,0.08892410773125624,0.9146995620177,1.4855118989513056e-29,0.9987225983722621,1e-30,True,0.0002273469973120183,0.022530516602942585,-1.3742678538414417,0.7184799975219889,5.235667249661658e-16,2.7265539462001542,1.0761972206014595e-42,0.3592399987609942,24.0,0.0,9.984875746050195,0.00026703479187508474,0.00025669256035757326,0.0002817378916849232,0.00037949799599483133,fig2_hermitian_map,12.0,,,,,,,,,,,,,,,,,,,,,,,,,,,,U2_L24_g0p10
fig3_branch_trial_8f55ac2c6900,fig3,branch_trial,fad38ae4cee1bd744751bfb0ca3a75545fb1a759045ad4e6c01d3b230936bb19,dd7df74cc39d8e3e42ab1c4169c16fdc190b787e,False,e3b0c44298fc1c149afbf4c8996fb92427ae41e4649b934ca495991b7852b855,fad38ae4cee1bd744751bfb0ca3a75545fb1a759045ad4e6c01d3b230936bb19,40,2.0,0.1,3.9000000000000004,2.782559402207126e-10,1.519225957178408e-08,SUCCESS,SUCCESS,6.155242389642192e-11,4.70426575998236e-11,6.113365369486701e-10,0.9999999999999994,3.755930561640969e-17,1.4288037681390837e-19,1,3,0.023116374999517575,True,True,SUCCESS,data/raw/fig3/fig3_branch_trial_8f55ac2c6900,4.2480397628161793e-16,-1.1409453077966574e-19,0.12616890265686276,0.0,9.031586591031828e-16,0.006182803093280609,0.9938361928032099,1.7258961865523027e-17,1.0000000000007456,1e-30,True,5.171161088937113e-13,0.0018191688733653066,-1.3855207912384604,0.7211747363145155,7.338549470809961e-16,12.746726502807228,2.100342160150944e-29,0.36058736815725734,40.0,0.0,49.4024490860229,1.1731505597550403e-10,1.1642584699206482e-10,1.328685480904878e-10,1.8093194930620427e-10,fig2_hermitian_map,2.0,,,,,,,,,,,,,,,,,,,,,,,,,,,,U2_L40_g0p10
fig3_branch_trial_923bb5381726,fig3,branch_trial,fad38ae4cee1bd744751bfb0ca3a75545fb1a759045ad4e6c01d3b230936bb19,dd7df74cc39d8e3e42ab1c4169c16fdc190b787e,False,e3b0c44298fc1c149afbf4c8996fb92427ae41e4649b934ca495991b7852b855,fad38ae4cee1bd744751bfb0ca3a75545fb1a759045ad4e6c01d3b230936bb19,40,2.0,0.1,3.9000000000000004,0.00035938136638046403,0.019621557760756952,SUCCESS,SUCCESS,8.587308586339214e-11,6.078671939581557e-11,3.1091684782325046e-11,0.999999968324093,3.16139547700173e-17,2.0924124831867925e-20,14,3791,29.091146499995375,True,True,SUCCESS,data/raw/fig3/fig3_branch_trial_923bb5381726,4.632578903670246e-16,1.810600152326088e-18,0.12617022652993054,0.0,1.2099606648501603e-15,0.006190524152713049,0.9938285190708133,1.877514776473541e-17,0.9986455488509717,1e-30,True,0.00011691142101376117,0.0031868129746315255,-1.385521804422054,0.7210179096306142,6.875120203344369e-16,12.738830344313381,5.2539368882883794e-30,0.36050895481530665,40.0,0.0,49.43801300788923,1.0544540456829095e-05,1.0447333839210043e-05,1.2746940443995127e-05,6.411648118145634e-05,fig2_hermitian_map,7.0,,,,,,,,,,,,,,,,,,,,,,,,,,,,U2_L40_g0p10
fig3_branch_trial_a138d8706916,fig3,branch_trial,fad38ae4cee1bd744751bfb0ca3a75545fb1a759045ad4e6c01d3b230936bb19,dd7df74cc39d8e3e42ab1c4169c16fdc190b787e,False,e3b0c44298fc1c149afbf4c8996fb92427ae41e4649b934ca495991b7852b855,fad38ae4cee1bd744751bfb0ca3a75545fb1a759045ad4e6c01d3b230936bb19,40,2.0,0.1,3.9000000000000004,0.0014677992676220735,0.0801391246321692,SUCCESS,SUCCESS,8.907545339878519e-11,5.537807208270312e-11,4.2900394348066584e-10,0.9999947246011605,3.48110031037778e-17,1.4088474247082472e-18,14,4364,33.87215870800719,True,True,SUCCESS,data/raw/fig3/fig3_branch_trial_a138d8706916,4.495922746499025e-16,-2.0650828871831649e-19,0.12617466882230421,0.0,4.1580097653678194e-16,0.0063149865550880145,0.9937048276472894,2.1085277538716468e-17,0.9773531633125477,1e-30,True,0.00195244316397729,0.004148848228478941,-1.385525506186169,0.7215086528969685,6.756141049331407e-16,12.612579878051228,1.435973366535123e-30,0.3607543264484835,40.0,0.0,50.80792884273532,4.847776614639487e-05,4.515161875230714e-05,9.589177502482141e-05,0.0009839720992073965,fig2_hermitian_map,15.0,,,,,,,,,,,,,,,,,,,,,,,,,,,,U2_L40_g0p10
fig3_branch_trial_b1cac45ed91a,fig3,branch_trial,fad38ae4cee1bd744751bfb0ca3a75545fb1a759045ad4e6c01d3b230936bb19,dd7df74cc39d8e3e42ab1c4169c16fdc190b787e,False,e3b0c44298fc1c149afbf4c8996fb92427ae41e4649b934ca495991b7852b855,fad38ae4cee1bd744751bfb0ca3a75545fb1a759045ad4e6c01d3b230936bb19,40,2.0,0.1,3.9000000000000004,0.00035938136638046403,0.019621557760756952,SUCCESS,SUCCESS,8.938451650172956e-11,2.7419816051212226e-11,4.905520434306254e-12,0.9999999812296685,3.109187129015611e-17,1.2881709162241267e-19,13,3735,28.683960125010344,True,True,SUCCESS,data/raw/fig3/fig3_branch_trial_b1cac45ed91a,4.348738404738748e-16,-1.576943628050842e-18,0.12617022651087056,0.0,8.897151286726548e-16,0.0061905241591447835,0.9938285190644208,1.574276705242128e-17,0.9986455476367384,1e-30,True,0.0001169114680707663,0.003186812899357516,-1.3855218044220545,0.7210179095845701,6.073766357294064e-16,12.738830336754097,1.6492123299776778e-29,0.36050895479228445,40.0,0.0,49.438013008711465,1.0544387532853228e-05,1.0447177779552222e-05,1.274679555009623e-05,6.411648735478781e-05,fig2_hermitian_map,13.0,,,,,,,,,,,,,,,,,,,,,,,,,,,,U2_L40_g0p10
fig3_branch_trial_ba2b925c5e9c,fig3,branch_trial,fad38ae4cee1bd744751bfb0ca3a75545fb1a759045ad4e6c01d3b230936bb19,dd7df74cc39d8e3e42ab1c4169c16fdc190b787e,False,e3b0c44298fc1c149afbf4c8996fb92427ae41e4649b934ca495991b7852b855,fad38ae4cee1bd744751bfb0ca3a75545fb1a759045ad4e6c01d3b230936bb19,24,2.0,0.1,2.3000000000000003,0.1,1.1023176380641606,SUCCESS,SUCCESS,9.041556626141925e-11,6.344128019014697e-11,8.727668587837911e-10,0.9773850600343977,1.5852530871554437e-16,2.412504654560147e-18,21,6258,11.910798167009489,True,True,SUCCESS,data/raw/fig3/fig3_branch_trial_ba2b925c5e9c,5.588664862874627e-16,2.2225654323973616e-17,0.12552289104062714,0.3333333333333333,0.07469325735558321,0.2067592625963234,0.8107597578608323,5.0424635463685955e-17,0.36135519405078065,1e-30,True,0.13929211976327868,0.045513062832765794,-1.3733618085809076,0.7760501229332519,8.6796570646862e-16,1.8970184688643688,3.9878864768125617e-17,0.38802506146662563,24.0,0.0,22.842275871858593,0.013232563802490474,0.009028540445440597,0.02459766373957678,0.09593258073266754,fig2_hermitian_map,9.0,,,,,,,,,,,,,,,,,,,,,,,,,,,,U2_L24_g0p10
fig3_branch_trial_c00caacc9ca9,fig3,branch_trial,fad38ae4cee1bd744751bfb0ca3a75545fb1a759045ad4e6c01d3b230936bb19,dd7df74cc39d8e3e42ab1c4169c16fdc190b787e,False,e3b0c44298fc1c149afbf4c8996fb92427ae41e4649b934ca495991b7852b855,fad38ae4cee1bd744751bfb0ca3a75545fb1a759045ad4e6c01d3b230936bb19,40,2.0,0.1,3.9000000000000004,0.005994842503189421,0.32730731041420597,SUCCESS,SUCCESS,9.30388699165215e-11,1.842064269424384e-11,3.1803359945570264e-10,0.9991889693991034,4.546472629025917e-17,1.491531244167288e-17,16,7766,64.12054395800806,True,True,SUCCESS,data/raw/fig3/fig3_branch_trial_c00caacc9ca9,4.975350544614431e-16,1.628643195724443e-18,0.12619078274252823,0.1,0.010045245006115389,0.008127374118491204,0.9919053861858776,1.865732592170616e-17,0.7426312487398193,1e-30,True,0.02479001356820447,0.010117296046707296,-1.3855524802296322,0.7292957482888787,8.261456294771066e-16,11.112873878790046,8.798641561504515e-17,0.36464787414443905,40.0,0.0,56.970665754877395,0.0002705522873422395,0.00018577442279887766,0.0009531708281875104,0.01227664794163411,fig2_hermitian_map,17.0,,,,,,,,,,,,,,,,,,,,,,,,,,,,U2_L40_g0p10
fig3_branch_trial_d22afba38c8b,fig3,branch_trial,fad38ae4cee1bd744751bfb0ca3a75545fb1a759045ad4e6c01d3b230936bb19,dd7df74cc39d8e3e42ab1c4169c16fdc190b787e,False,e3b0c44298fc1c149afbf4c8996fb92427ae41e4649b934ca495991b7852b855,fad38ae4cee1bd744751bfb0ca3a75545fb1a759045ad4e6c01d3b230936bb19,24,2.0,0.1,2.3000000000000003,0.04948168092155145,0.5454452964088903,SUCCESS,SUCCESS,9.450396737024046e-11,5.604886793385828e-11,3.443655360868547e-10,0.9980502083439157,5.4628171994649056e-17,5.349911273962484e-18,21,7464,13.814505499991355,True,True,SUCCESS,data/raw/fig3/fig3_branch_trial_d22afba38c8b,5.767411066767924e-16,-3.1373916955313945e-18,0.12493700191455298,0.08333333333333333,0.01562420807514194,0.12671794759236574,0.8803789727853345,1.8796283927639318e-17,0.661086669154854,1e-30,True,0.06010402647297762,0.0018483002822480277,-1.3734042766206844,0.7742380290429826,1.2411995278915032e-15,2.3388234021122565,3.77274873732883e-17,0.3871190145214912,24.0,0.0,35.79135092473669,0.0070146847073727725,0.005085737626858663,0.011727782858462044,0.04279505163611257,fig2_hermitian_map,16.0,,,,,,,,,,,,,,,,,,,,,,,,,,,,U2_L24_g0p10
fig3_branch_trial_d7a6fe6bab85,fig3,branch_trial,fad38ae4cee1bd744751bfb0ca3a75545fb1a759045ad4e6c01d3b230936bb19,dd7df74cc39d8e3e42ab1c4169c16fdc190b787e,False,e3b0c44298fc1c149afbf4c8996fb92427ae41e4649b934ca495991b7852b855,fad38ae4cee1bd744751bfb0ca3a75545fb1a759045ad4e6c01d3b230936bb19,24,2.0,0.1,2.3000000000000003,1.6681005372000556e-11,1.8387766442199225e-10,SUCCESS,SUCCESS,7.663202109247043e-11,1.8249668520484253e-11,7.719289651930694e-10,0.9999999999999997,5.624521049308791e-27,9.353307992722377e-30,1,3,0.005363457996281795,True,True,SUCCESS,data/raw/fig3/fig3_branch_trial_d7a6fe6bab85,3.576717528771712e-16,-6.362377215712782e-29,0.12415580280699591,0.0,6.033525359058168e-29,0.08882841199703513,0.9147877960453591,9.978111311782668e-28,1.0000000000002307,1e-30,True,2.3717710007687756e-13,0.01912073608681708,-1.374346883571062,0.718426441483992,4.722665015883227e-16,2.7275500623545725,3.587324068671532e-42,0.35921322074199513,24.0,0.0,9.974182454807579,7.841576963499075e-11,4.0976940266664264e-11,1.4778943426148354e-10,4.0267530570703007e-10,fig2_hermitian_map,1.0,,,,,,,,,,,,,,,,,,,,,,,,,,,,U2_L24_g0p10
fig3_branch_trial_d89afa5d2904,fig3,branch_trial,fad38ae4cee1bd744751bfb0ca3a75545fb1a759045ad4e6c01d3b230936bb19,dd7df74cc39d8e3e42ab1c4169c16fdc190b787e,False,e3b0c44298fc1c149afbf4c8996fb92427ae41e4649b934ca495991b7852b855,fad38ae4cee1bd744751bfb0ca3a75545fb1a759045ad4e6c01d3b230936bb19,40,2.0,0.1,3.9000000000000004,0.00017782794100389284,0.009709076603015662,SUCCESS,SUCCESS,8.975827165498114e-11,3.390684620488442e-11,1.963356144329964e-10,0.9999999985962498,7.415931565622038e-18,4.6446106309638886e-20,14,3442,26.407864791006432,True,True,SUCCESS,data/raw/fig3/fig3_branch_trial_d89afa5d2904,4.46068704914629e-16,2.1633972676529396e-18,0.12616954919485956,0.0,4.459037430321092e-16,0.006184598710169719,0.993834408187519,1.5280165037977665e-17,0.9996831407036808,1e-30,True,2.7756082151091065e-05,0.0024953549693920163,-1.385521281961117,0.7210825407362176,6.169128234820681e-16,12.744908415762172,1.5002994266776567e-29,0.3605412703681077,40.0,0.0,49.4046822565146,5.1317369722059495e-06,5.117189616814319e-06,5.623463761429781e-06,1.7250149354045715e-05,fig2_hermitian_map,12.0,,,,,,,,,,,,,,,,,,,,,,,,,,,,U2_L40_g0p10
fig3_branch_trial_d91cce7e9d24,fig3,branch_trial,fad38ae4cee1bd744751bfb0ca3a75545fb1a759045ad4e6c01d3b230936bb19,dd7df74cc39d8e3e42ab1c4169c16fdc190b787e,False,e3b0c44298fc1c149afbf4c8996fb92427ae41e4649b934ca495991b7852b855,fad38ae4cee1bd744751bfb0ca3a75545fb1a759045ad4e6c01d3b230936bb19,24,2.0,0.1,2.3000000000000003,0.0007262917501736235,0.00800604206596874,SUCCESS,SUCCESS,8.596838241171947e-11,2.64733518016833e-11,1.2179335318052154e-10,0.9999999833898887,1.099213962372436e-27,1.4097174129920587e-30,13,2419,4.364945916997385,True,True,SUCCESS,data/raw/fig3/fig3_branch_trial_d91cce7e9d24,3.581301263191189e-16,-3.9094162295785965e-30,0.12416353779590239,0.0,2.1193654768367994e-29,0.08882017897024747,0.9147953874433107,2.2826449942603575e-28,1.000090156713726,1e-30,True,2.7015689599945918e-05,0.01995674202065012,-1.374327458531302,0.7184189116854927,4.799204941795647e-16,2.7277330416304224,1.7936620343357659e-41,0.359209455842746,24.0,0.0,9.974530145509904,6.241757971550197e-05,6.15865914748581e-05,6.367182284656051e-05,6.513820438807305e-05,fig2_hermitian_map,10.0,,,,,,,,,,,,,,,,,,,,,,,,,,,,U2_L24_g0p10
fig3_branch_trial_df73caaf20bf,fig3,branch_trial,fad38ae4cee1bd744751bfb0ca3a75545fb1a759045ad4e6c01d3b230936bb19,dd7df74cc39d8e3e42ab1c4169c16fdc190b787e,False,e3b0c44298fc1c149afbf4c8996fb92427ae41e4649b934ca495991b7852b855,fad38ae4cee1bd744751bfb0ca3a75545fb1a759045ad4e6c01d3b230936bb19,40,2.0,0.1,3.9000000000000004,0.0007262917501736235,0.03965418594381441,SUCCESS,SUCCESS,9.218876339608834e-11,3.49329006083394e-11,8.384304361896966e-11,0.9999996776456349,2.7517497420534453e-17,7.921933514338971e-22,13,4035,30.693024708001758,True,True,SUCCESS,data/raw/fig3/fig3_branch_trial_df73caaf20bf,4.945131148386753e-16,-4.5258047036026265e-18,0.12617164461604183,0.0,2.2824287730274017e-16,0.006215058530775837,0.9938041354671654,2.2450455352281964e-17,0.9943771591940981,1e-30,True,0.0004828508446773098,0.004527631825643419,-1.3855229323517415,0.7209926311542956,6.954447206859009e-16,12.713676365285473,3.6700521020243166e-30,0.3604963155771473,40.0,0.0,49.614609053878354,2.211469267609367e-05,2.1543558499002112e-05,3.2426871196695437e-05,0.0002499608435902938,fig2_hermitian_map,14.0,,,,,,,,,,,,,,,,,,,,,,,,,,,,U2_L40_g0p10
fig3_branch_trial_e6ff8de39f10,fig3,branch_trial,fad38ae4cee1bd744751bfb0ca3a75545fb1a759045ad4e6c01d3b230936bb19,dd7df74cc39d8e3e42ab1c4169c16fdc190b787e,False,e3b0c44298fc1c149afbf4c8996fb92427ae41e4649b934ca495991b7852b855,fad38ae4cee1bd744751bfb0ca3a75545fb1a759045ad4e6c01d3b230936bb19,40,2.0,0.1,3.9000000000000004,0.005994842503189421,0.32730731041420597,SUCCESS,SUCCESS,8.405753539303298e-11,5.001890234484339e-11,4.053410940230151e-10,0.9983923981031217,3.9143203103090124e-17,8.12263404177324e-18,16,8264,68.26359241700266,True,True,SUCCESS,data/raw/fig3/fig3_branch_trial_e6ff8de39f10,4.9683410688783e-16,-1.1348200384466774e-17,0.1261907827418812,0.1,0.010045245007904982,0.008127374118482317,0.9919053861858856,3.0681371001658236e-17,0.7426312495959206,1e-30,True,0.02479001353950301,0.010117296310950045,-1.3855524804515995,0.7292957482118997,7.995594942962361e-16,11.112873880646385,1.6211829476148398e-16,0.36464787410594957,40.0,0.0,56.97066568177582,0.00027055224077776315,0.0001857744092693033,0.0009531707572132632,0.01227664725993031,fig2_hermitian_map,8.0,,,,,,,,,,,,,,,,,,,,,,,,,,,,U2_L40_g0p10
fig3_branch_trial_e9ef66033380,fig3,branch_trial,fad38ae4cee1bd744751bfb0ca3a75545fb1a759045ad4e6c01d3b230936bb19,dd7df74cc39d8e3e42ab1c4169c16fdc190b787e,False,e3b0c44298fc1c149afbf4c8996fb92427ae41e4649b934ca495991b7852b855,fad38ae4cee1bd744751bfb0ca3a75545fb1a759045ad4e6c01d3b230936bb19,24,2.0,0.1,2.3000000000000003,1e-12,1.1023176380641605e-11,SUCCESS,SUCCESS,8.617084810222051e-11,2.0585417553698696e-11,7.708138571871359e-10,0.9999999999999996,5.76319001876005e-27,9.615162274569982e-30,1,11,0.01962362499034498,True,True,SUCCESS,data/raw/fig3/fig3_branch_trial_e9ef66033380,3.2952735910865525e-16,-7.905689297384218e-29,0.12415580280783012,0.0,1.0058544467352677e-28,0.08882841199239806,0.9147877960496349,6.37467743790311e-28,1.0000000000000464,1e-30,True,3.3651999111987584e-14,0.01912073607053344,-1.374346883571062,0.7184264414910112,6.039074251461349e-16,2.7275500624146525,5.0222536961401444e-42,0.3592132207455052,24.0,0.0,9.974182454814285,6.912830629900995e-11,3.617721415340756e-11,1.3001915443476098e-10,3.5326455850451507e-10,fig2_hermitian_map,0.0,,,,,,,,,,,,,,,,,,,,,,,,,,,,U2_L24_g0p10
fig3_branch_trial_f83d413726fa,fig3,branch_trial,fad38ae4cee1bd744751bfb0ca3a75545fb1a759045ad4e6c01d3b230936bb19,dd7df74cc39d8e3e42ab1c4169c16fdc190b787e,False,e3b0c44298fc1c149afbf4c8996fb92427ae41e4649b934ca495991b7852b855,fad38ae4cee1bd744751bfb0ca3a75545fb1a759045ad4e6c01d3b230936bb19,40,2.0,0.1,3.9000000000000004,2.1544346900318867e-05,0.0011762814844297155,SUCCESS,SUCCESS,9.390573440163549e-11,2.0385061755403277e-11,2.9527758016456573e-10,0.999999999942419,2.921291140661836e-17,9.753565655886887e-19,13,2223,16.5738926250051,True,True,SUCCESS,data/raw/fig3/fig3_branch_trial_f83d413726fa,4.387786472602283e-16,-3.526472107023727e-18,0.1261689800988366,0.0,3.860335222704431e-16,0.006182809209539562,0.993836186724418,1.850771660361677e-17,0.9999985726958139,1e-30,True,2.474989854816865e-07,0.001901038162497981,-1.3855208498322105,0.7211621459806872,6.935083516152379e-16,12.746724655072219,1.1216615996111262e-30,0.360581072990343,40.0,0.0,49.40115657035261,6.139523262830607e-07,6.148639954781922e-07,6.231550856367278e-07,7.380529986791445e-07,fig2_hermitian_map,6.0,,,,,,,,,,,,,,,,,,,,,,,,,,,,U2_L40_g0p10
fig3_obc_seed_be375f54b713,fig3,obc_seed,fad38ae4cee1bd744751bfb0ca3a75545fb1a759045ad4e6c01d3b230936bb19,dd7df74cc39d8e3e42ab1c4169c16fdc190b787e,False,e3b0c44298fc1c149afbf4c8996fb92427ae41e4649b934ca495991b7852b855,fad38ae4cee1bd744751bfb0ca3a75545fb1a759045ad4e6c01d3b230936bb19,24,2.0,0.1,2.3000000000000003,0.0,0.0,SUCCESS,SUCCESS,0.0,0.0,7.619779252010517e-10,,0.0,0.0,1,0,0.0,True,True,,data/raw/fig3/fig3_obc_seed_be375f54b713,3.5941304077758483e-16,0.0,0.12415580281408256,0.0,4.7600774522288794e-21,0.08882841195931089,0.9147877960801432,0.0,0.9999999999999999,1e-30,True,7.928163404072075e-17,0.019120736089213386,-1.374346883571062,0.7184264415346349,4.21500051047606e-16,2.7275500628548115,4.513898307157584e-36,0.3592132207673167,24.0,0.0,10.08042245959362,,,,,fig2_hermitian_map,,,,,,,,SUCCESS,False,,,,,,,,,,,,,,,,,,,,U2_L24_g0p10
fig3_obc_seed_e62dfa589afc,fig3,obc_seed,fad38ae4cee1bd744751bfb0ca3a75545fb1a759045ad4e6c01d3b230936bb19,dd7df74cc39d8e3e42ab1c4169c16fdc190b787e,False,e3b0c44298fc1c149afbf4c8996fb92427ae41e4649b934ca495991b7852b855,fad38ae4cee1bd744751bfb0ca3a75545fb1a759045ad4e6c01d3b230936bb19,40,2.0,0.1,3.9000000000000004,0.0,0.0,SUCCESS,SUCCESS,0.0,0.0,6.397664620294563e-10,,0.0,0.0,1,0,0.0,True,True,,data/raw/fig3/fig3_obc_seed_e62dfa589afc,4.678308143075785e-16,0.0,0.12616890264278544,0.0,1.601670812747561e-15,0.006182803093657354,0.9938361928028353,0.0,1.0,1e-30,True,5.4203854099906454e-17,0.0018191677580621235,-1.3855207912384604,0.721174736432624,7.826807305352644e-16,12.746726501849894,8.874685183736383e-30,0.36058736821631,40.0,0.0,50.20113582223156,,,,,fig2_hermitian_map,,,,,,,,SUCCESS,False,,,,,,,,,,,,,,,,,,,,U2_L40_g0p10
fig4_branch_trial_02fa903ae248,fig3,branch_trial,fad38ae4cee1bd744751bfb0ca3a75545fb1a759045ad4e6c01d3b230936bb19,dd7df74cc39d8e3e42ab1c4169c16fdc190b787e,False,e3b0c44298fc1c149afbf4c8996fb92427ae41e4649b934ca495991b7852b855,fad38ae4cee1bd744751bfb0ca3a75545fb1a759045ad4e6c01d3b230936bb19,24,2.0,0.05,1.1500000000000001,7.196856730011514e-06,2.3894405819821644e-05,SUCCESS,SUCCESS,8.729734821241252e-11,4.926317130981953e-11,6.045700606804871e-10,0.999999999997338,7.015359674615891e-27,1.520359993225475e-29,13,1601,2.793327291001333,True,True,SUCCESS,data/raw/fig4/fig4_branch_trial_02fa903ae248,3.987177028557732e-16,-8.471089567969461e-29,0.12415582739770026,0.0,1.5054823220235154e-28,0.4634084157888655,0.6055348660038463,8.42903310057105e-28,1.0000004432791643,1e-30,True,1.592097789089186e-07,0.019123437957792033,-1.3743468211746697,0.718426395945009,3.994683327953336e-16,1.3134274727678985,1.0496318196910435e-32,0.3592131979725044,24.0,0.0,3.1581925841971024,1.981215913140797e-07,1.9715300487602054e-07,2.004323026550686e-07,1.9206329382974055e-07,direct_obc,8.0,,,,,,,,,,,,,,,,,,,,,,,,,,,,U2_L24_g0p05
fig4_branch_trial_03a105272ae3,fig3,branch_trial,fad38ae4cee1bd744751bfb0ca3a75545fb1a759045ad4e6c01d3b230936bb19,dd7df74cc39d8e3e42ab1c4169c16fdc190b787e,False,e3b0c44298fc1c149afbf4c8996fb92427ae41e4649b934ca495991b7852b855,fad38ae4cee1bd744751bfb0ca3a75545fb1a759045ad4e6c01d3b230936bb19,24,2.0,0.05,1.1500000000000001,0.08483428982440708,0.2816597612743509,SUCCESS,SUCCESS,9.034043756806328e-11,5.512922529139246e-11,6.417518738643935e-10,0.9998339556142323,7.875184916052451e-26,4.331945598693013e-27,18,6814,12.454323083002237,True,True,SUCCESS,data/raw/fig4/fig4_branch_trial_03a105272ae3,4.021469411671894e-16,9.790108730940946e-28,0.12456366288370996,0.0,2.1080798362150506e-26,0.506897758054872,0.5720402597552784,4.280696612196772e-26,0.9035560213595694,1e-30,True,0.03349445936542823,0.004006208178921389,-1.3738595831949674,0.7273166985376993,4.648210828341169e-16,1.2729942803323127,5.38056678213184e-33,0.3636583492688489,24.0,0.0,5.903855259570413,0.0034564463213342567,0.0027978131522909265,0.004956543833034177,0.016139061975738417,direct_obc,21.0,,,,,,,,,,,,,,,,,,,,,,,,,,,,U2_L24_g0p05
fig4_branch_trial_08151710418f,fig3,branch_trial,fad38ae4cee1bd744751bfb0ca3a75545fb1a759045ad4e6c01d3b230936bb19,dd7df74cc39d8e3e42ab1c4169c16fdc190b787e,False,e3b0c44298fc1c149afbf4c8996fb92427ae41e4649b934ca495991b7852b855,fad38ae4cee1bd744751bfb0ca3a75545fb1a759045ad4e6c01d3b230936bb19,24,2.0,0.05,1.1500000000000001,0.011787686347935854,0.03913649692369241,SUCCESS,SUCCESS,6.82502465858667e-11,8.041067640670003e-11,3.1851077331168653e-11,0.9999985201610551,1.7171716762195977e-26,6.808448434252689e-29,18,4377,7.908491167007014,True,True,SUCCESS,data/raw/fig4/fig4_branch_trial_08151710418f,3.5473495931568347e-16,-6.331607367940099e-29,0.12419895876801908,0.0,5.67822574163007e-28,0.46405208531218356,0.605038525471044,3.421521272654261e-27,0.9984759197364206,1e-30,True,0.0005374055139012692,0.023545270173513044,-1.3742481006118072,0.7184931544102131,4.2586037376611156e-16,1.312882246615885,1.4444474582904269e-33,0.3592465772051062,24.0,0.0,3.1643529806232347,0.0003485889448126613,0.0003339440116361782,0.0003697005890801813,0.0005235301029839794,direct_obc,17.0,,,,,,,,,,,,,,,,,,,,,,,,,,,,U2_L24_g0p05
fig4_branch_trial_0a3219224121,fig3,branch_trial,fad38ae4cee1bd744751bfb0ca3a75545fb1a759045ad4e6c01d3b230936bb19,dd7df74cc39d8e3e42ab1c4169c16fdc190b787e,False,e3b0c44298fc1c149afbf4c8996fb92427ae41e4649b934ca495991b7852b855,fad38ae4cee1bd744751bfb0ca3a75545fb1a759045ad4e6c01d3b230936bb19,24,2.0,0.05,1.1500000000000001,0.6105402296585326,2.027064948500753,SUCCESS,SUCCESS,5.135208416850294e-11,6.923913553116031e-11,4.049166557607009e-10,0.9838260270921567,1.8446984441767979e-16,1.3383174895910017e-17,25,6200,11.684299332991941,True,True,SUCCESS,data/raw/fig4/fig4_branch_trial_0a3219224121,4.78289836577154e-16,1.0601008887792183e-18,0.1269095780686204,0.8333333333333334,0.0904434649429727,0.9774819107934286,0.10671107817951507,1.739454458858754e-16,0.23185567756691344,1e-30,True,0.39691568966389434,0.022652617880148274,-1.3850044974090903,0.7571714113483996,5.15191679388316e-16,1.0119766327703483,7.311143387279217e-17,0.3785857056741993,24.0,0.0,4.685258859827293,0.027901296507461065,0.021141292992228805,0.0570407631716438,0.204160614324505,direct_obc,25.0,,,,,,,,,,,,,,,,,,,,,,,,,,,,U2_L24_g0p05
fig4_branch_trial_12481161dc9b,fig3,branch_trial,fad38ae4cee1bd744751bfb0ca3a75545fb1a759045ad4e6c01d3b230936bb19,dd7df74cc39d8e3e42ab1c4169c16fdc190b787e,False,e3b0c44298fc1c149afbf4c8996fb92427ae41e4649b934ca495991b7852b855,fad38ae4cee1bd744751bfb0ca3a75545fb1a759045ad4e6c01d3b230936bb19,40,2.0,0.05,1.9500000000000002,5.179474679231202e-05,0.0003827142896783019,SUCCESS,SUCCESS,6.15111225198779e-11,7.973100562254406e-11,2.1375856640304391e-10,0.9999999998215235,1.8806852283040747e-17,2.3316620400281772e-18,14,2131,15.819770583999343,True,True,SUCCESS,data/raw/fig4/fig4_branch_trial_12481161dc9b,4.3158074648063026e-16,-1.1890888882502256e-18,0.12616892833880541,0.0,2.2205157250197796e-16,0.1581884999172784,0.8525459645106065,1.1440780849236081e-17,1.0000005468809658,1e-30,True,9.309251336885619e-08,0.0018462837985440128,-1.385520811048357,0.7211705235948134,5.087619992842125e-16,2.359028426899423,1.2572470676959876e-30,0.3605852617974065,40.0,0.0,7.0286235760401246,2.0234131549718325e-07,2.0269980715343443e-07,2.0403293577876433e-07,2.1659343086710692e-07,direct_obc,9.0,,,,,,,,,,,,,,,,,,,,,,,,,,,,U2_L40_g0p05
fig4_branch_trial_15a355dd64a2,fig3,branch_trial,fad38ae4cee1bd744751bfb0ca3a75545fb1a759045ad4e6c01d3b230936bb19,dd7df74cc39d8e3e42ab1c4169c16fdc190b787e,False,e3b0c44298fc1c149afbf4c8996fb92427ae41e4649b934ca495991b7852b855,fad38ae4cee1bd744751bfb0ca3a75545fb1a759045ad4e6c01d3b230936bb19,40,2.0,0.05,1.9500000000000002,0.001,0.007389056098930651,SUCCESS,SUCCESS,8.706223868890608e-11,6.718400832076347e-11,7.820530889546262e-10,0.9999999857833434,6.893590759970594e-18,8.107456434415443e-20,13,3162,24.314296875003492,True,True,SUCCESS,data/raw/fig4/fig4_branch_trial_15a355dd64a2,4.405514845292517e-16,-1.127149845385027e-18,0.1261694026284366,0.0,6.607919790974205e-16,0.15821086077129518,0.8525264117230283,1.2904032247609744e-17,0.9998512715329405,1e-30,True,2.7131466032296048e-05,0.002342979823440672,-1.3855211870249193,0.7211004031267937,6.065020521427201e-16,2.358869568585354,2.8557689215373933e-29,0.3605502015633955,40.0,0.0,7.029046412545518,3.964941205657186e-06,3.9599958413729535e-06,4.242923132545387e-06,1.0710989927948144e-05,direct_obc,16.0,,,,,,,,,,,,,,,,,,,,,,,,,,,,U2_L40_g0p05
fig4_branch_trial_15f9fde7ac49,fig3,branch_trial,fad38ae4cee1bd744751bfb0ca3a75545fb1a759045ad4e6c01d3b230936bb19,dd7df74cc39d8e3e42ab1c4169c16fdc190b787e,False,e3b0c44298fc1c149afbf4c8996fb92427ae41e4649b934ca495991b7852b855,fad38ae4cee1bd744751bfb0ca3a75545fb1a759045ad4e6c01d3b230936bb19,24,2.0,0.05,1.1500000000000001,0.05179474679231202,0.17196461533400967,SUCCESS,SUCCESS,9.761237920786038e-11,2.83559841779082e-12,4.5371029155916176e-10,0.9999587699045943,2.3532978627589461e-26,1.8941147372639253e-27,13,6431,11.84835962500074,True,True,SUCCESS,data/raw/fig4/fig4_branch_trial_15f9fde7ac49,3.6824282495409843e-16,-6.591448476424145e-26,0.12438297228117635,0.0,1.31717508307953e-25,0.48006167388861065,0.5927014769657617,4.788463173510892e-25,0.9618644152556881,1e-30,True,0.013104863758411335,0.018342992741816055,-1.3739823254372694,0.7211935068653186,4.181900522160995e-16,1.2974822219909958,4.4296388720906425e-33,0.36059675343265873,24.0,0.0,3.31381485801433,0.0018781324617645925,0.001615034226423101,0.002414563276957107,0.006709459878603256,direct_obc,20.0,,,,,,,,,,,,,,,,,,,,,,,,,,,,U2_L24_g0p05
fig4_branch_trial_1807d7ceb7f9,fig3,branch_trial,fad38ae4cee1bd744751bfb0ca3a75545fb1a759045ad4e6c01d3b230936bb19,dd7df74cc39d8e3e42ab1c4169c16fdc190b787e,False,e3b0c44298fc1c149afbf4c8996fb92427ae41e4649b934ca495991b7852b855,fad38ae4cee1bd744751bfb0ca3a75545fb1a759045ad4e6c01d3b230936bb19,40,2.0,0.05,1.9500000000000002,7.1968567300115285e-12,5.317797811402178e-11,SUCCESS,SUCCESS,7.078854388380988e-11,2.95163415868585e-11,8.39145863906765e-10,0.9999999999999993,2.043704663165017e-17,8.76311467327563e-19,1,3,0.02288479199341964,True,True,SUCCESS,data/raw/fig4/fig4_branch_trial_1807d7ceb7f9,4.1839290551638376e-16,-2.058197726610064e-18,0.12616890281238785,0.0,4.346348995036105e-16,0.1581885912586913,0.8525458846391905,2.3463319093233038e-17,0.9999999999864544,1e-30,True,1.9627239225950642e-12,0.0018191756871570597,-1.3855207939585132,0.7211747383860081,5.800052196480548e-16,2.3590274999654914,1.9746174533813452e-29,0.36058736919300327,40.0,0.0,7.02868758057886,2.313946910251649e-11,1.987486701382259e-11,3.084795047118118e-11,1.0078300621676965e-10,direct_obc,1.0,,,,,,,,,,,,,,,,,,,,,,,,,,,,U2_L40_g0p05
fig4_branch_trial_1fa40046fdba,fig3,branch_trial,fad38ae4cee1bd744751bfb0ca3a75545fb1a759045ad4e6c01d3b230936bb19,dd7df74cc39d8e3e42ab1c4169c16fdc190b787e,False,e3b0c44298fc1c149afbf4c8996fb92427ae41e4649b934ca495991b7852b855,fad38ae4cee1bd744751bfb0ca3a75545fb1a759045ad4e6c01d3b230936bb19,40,2.0,0.05,1.9500000000000002,0.05179474679231202,0.38271428967830184,SUCCESS,SUCCESS,8.86491500555959e-11,4.361715396032872e-11,4.881292037239859e-10,0.9989259393638207,5.364874470554538e-17,7.251916802741864e-18,17,8589,69.88558058300987,True,True,SUCCESS,data/raw/fig4/fig4_branch_trial_1fa40046fdba,4.925578082205397e-16,-1.1257459550019326e-18,0.12619498884400826,0.1,0.012275121483911881,0.2124579697624562,0.8059415090337502,1.9050023407729285e-17,0.7248935037954028,1e-30,True,0.0562149728490527,0.011837275217000176,-1.3856064475655399,0.7293528781387437,7.747852854674942e-16,2.043187327471927,1.6336236972962315e-16,0.36467643906937164,40.0,0.0,9.020404038595883,0.00033800034149356604,0.00022839599126243184,0.0011982350227586138,0.01564803663188291,direct_obc,24.0,,,,,,,,,,,,,,,,,,,,,,,,,,,,U2_L40_g0p05
fig4_branch_trial_20e78af3d30a,fig3,branch_trial,fad38ae4cee1bd744751bfb0ca3a75545fb1a759045ad4e6c01d3b230936bb19,dd7df74cc39d8e3e42ab1c4169c16fdc190b787e,False,e3b0c44298fc1c149afbf4c8996fb92427ae41e4649b934ca495991b7852b855,fad38ae4cee1bd744751bfb0ca3a75545fb1a759045ad4e6c01d3b230936bb19,40,2.0,0.05,1.9500000000000002,0.0016378937069540646,0.012102488484769063,SUCCESS,SUCCESS,8.928193619220218e-11,2.0717093330561383e-11,1.7253709572173648e-10,0.9999999601618753,3.9714522981402356e-17,1.3896050296154764e-18,10,3267,24.987575709004886,True,True,SUCCESS,data/raw/fig4/fig4_branch_trial_20e78af3d30a,4.586974724227606e-16,-1.239045765089385e-18,0.12616972733233084,0.0,3.1382794247843643e-16,0.15825156559240697,0.8524908193827544,1.1761264872708479e-17,0.9995808675107509,1e-30,True,7.60159077094334e-05,0.002677467553166224,-1.3855214604624195,0.7210610631997427,5.599659670529679e-16,2.358575031290268,1.0477058897466563e-31,0.3605305315998707,40.0,0.0,7.031051141806445,6.548298446637198e-06,6.523861932394572e-06,7.322106430647615e-06,2.6021731901471304e-05,direct_obc,17.0,,,,,,,,,,,,,,,,,,,,,,,,,,,,U2_L40_g0p05
fig4_branch_trial_263fc8dfdc35,fig3,branch_trial,fad38ae4cee1bd744751bfb0ca3a75545fb1a759045ad4e6c01d3b230936bb19,dd7df74cc39d8e3e42ab1c4169c16fdc190b787e,False,e3b0c44298fc1c149afbf4c8996fb92427ae41e4649b934ca495991b7852b855,fad38ae4cee1bd744751bfb0ca3a75545fb1a759045ad4e6c01d3b230936bb19,40,2.0,0.05,1.9500000000000002,3.727593720314938e-10,2.7543399113428686e-09,SUCCESS,SUCCESS,5.7172515083070724e-11,2.2352315917972113e-11,8.423777231314489e-10,0.9999999999999993,2.378694503281056e-17,5.0349864818619954e-20,1,3,0.02291345900448505,True,True,SUCCESS,data/raw/fig4/fig4_branch_trial_263fc8dfdc35,4.1139423473340386e-16,1.4321510521779073e-18,0.1261689028138667,0.0,8.840199136614843e-16,0.15818859124858697,0.8525458846480259,2.352393756440785e-17,0.9999999999867946,1e-30,True,1.9079925751670405e-12,0.0018191758852275086,-1.3855207939585132,0.721174738367692,5.555047290015451e-16,2.3590275000243364,2.859004483843964e-29,0.36058736918384493,40.0,0.0,7.028687580094282,3.948332110855937e-11,3.3395902911758895e-11,5.314006926549995e-11,1.810766917438892e-10,direct_obc,3.0,,,,,,,,,,,,,,,,,,,,,,,,,,,,U2_L40_g0p05
fig4_branch_trial_29f21d287f3f,fig3,branch_trial,fad38ae4cee1bd744751bfb0ca3a75545fb1a759045ad4e6c01d3b230936bb19,dd7df74cc39d8e3e42ab1c4169c16fdc190b787e,False,e3b0c44298fc1c149afbf4c8996fb92427ae41e4649b934ca495991b7852b855,fad38ae4cee1bd744751bfb0ca3a75545fb1a759045ad4e6c01d3b230936bb19,24,2.0,0.05,1.1500000000000001,0.03162277660168373,0.10499131573916749,SUCCESS,SUCCESS,8.946293444969212e-11,5.3475301935491126e-11,6.196719803952533e-10,0.9999878770513513,5.726509252090475e-26,2.765088957641891e-28,18,6018,10.969252124996274,True,True,SUCCESS,data/raw/fig4/fig4_branch_trial_29f21d287f3f,3.580143537537601e-16,5.025974230862293e-28,0.12428373974133447,0.0,1.2511788159317175e-27,0.46942929660405686,0.60089319501757,4.8936931339014e-27,0.9860112824784323,1e-30,True,0.004800840535651244,0.021223481543826916,-1.3741018385070163,0.7193045486592149,3.9768891137303573e-16,1.3076811615141173,3.75556339155511e-33,0.35965227432960734,24.0,0.0,3.208140762873344,0.0010429179718405648,0.0009424608782079255,0.0012230026382036446,0.002743832504728836,direct_obc,19.0,,,,,,,,,,,,,,,,,,,,,,,,,,,,U2_L24_g0p05
fig4_branch_trial_302b97bb3db6,fig3,branch_trial,fad38ae4cee1bd744751bfb0ca3a75545fb1a759045ad4e6c01d3b230936bb19,dd7df74cc39d8e3e42ab1c4169c16fdc190b787e,False,e3b0c44298fc1c149afbf4c8996fb92427ae41e4649b934ca495991b7852b855,fad38ae4cee1bd744751bfb0ca3a75545fb1a759045ad4e6c01d3b230936bb19,40,2.0,0.05,1.9500000000000002,2.6826957952797275e-09,1.9822589727687282e-08,SUCCESS,SUCCESS,5.243174510064057e-11,1.935376056989321e-11,8.434831721970681e-10,0.9999999999999994,1.852712168892798e-17,3.926238978928531e-20,1,3,0.022926083009224385,True,True,SUCCESS,data/raw/fig4/fig4_branch_trial_302b97bb3db6,4.060175922428187e-16,1.4789652730450967e-18,0.12616890281462798,0.0,4.378601878904148e-16,0.15818859124414286,0.8525458846519118,1.7615430576726548e-17,0.999999999987553,1e-30,True,1.9082018866013617e-12,0.001819177095239155,-1.3855207939585132,0.7211747381809361,6.131147313220712e-16,2.3590275000601513,2.289545517887546e-29,0.3605873690904677,40.0,0.0,7.028687577032337,4.706552471849111e-11,4.0091068265836995e-11,6.30415994734423e-11,2.156699063507816e-10,direct_obc,4.0,,,,,,,,,,,,,,,,,,,,,,,,,,,,U2_L40_g0p05
fig4_branch_trial_320d91b67dd7,fig3,branch_trial,fad38ae4cee1bd744751bfb0ca3a75545fb1a759045ad4e6c01d3b230936bb19,dd7df74cc39d8e3e42ab1c4169c16fdc190b787e,False,e3b0c44298fc1c149afbf4c8996fb92427ae41e4649b934ca495991b7852b855,fad38ae4cee1bd744751bfb0ca3a75545fb1a759045ad4e6c01d3b230936bb19,40,2.0,0.05,1.9500000000000002,7.196856730011514e-06,5.317797811402167e-05,SUCCESS,SUCCESS,9.867309159665585e-11,6.63904506039636e-16,5.556317628219176e-10,0.9999999999965483,2.54203935928988e-17,8.011148846970224e-20,1,501,3.7996229999989737,True,True,SUCCESS,data/raw/fig4/fig4_branch_trial_320d91b67dd7,4.666918822692854e-16,9.16216620078908e-19,0.12616890623120863,0.0,2.2204222670807955e-16,0.15818857229516672,0.8525459012214103,2.161333302777969e-17,1.0000001183741976,1e-30,True,2.026538245804623e-08,0.0018229354256600327,-1.3855207939585132,0.7211741488195346,5.992140001267415e-16,2.3590276740741247,7.105427357601002e-15,0.3605870744097671,40.0,0.0,7.028678145518258,2.7114540344948484e-08,2.7142900156451424e-08,2.7244943496644354e-08,2.7753443020032865e-08,direct_obc,8.0,,,,,,,,,,,,,,,,,,,,,,,,,,,,U2_L40_g0p05
fig4_branch_trial_4508e8dabcfd,fig3,branch_trial,fad38ae4cee1bd744751bfb0ca3a75545fb1a759045ad4e6c01d3b230936bb19,dd7df74cc39d8e3e42ab1c4169c16fdc190b787e,False,e3b0c44298fc1c149afbf4c8996fb92427ae41e4649b934ca495991b7852b855,fad38ae4cee1bd744751bfb0ca3a75545fb1a759045ad4e6c01d3b230936bb19,24,2.0,0.05,1.1500000000000001,0.1389495494373136,0.4613287504934435,SUCCESS,SUCCESS,8.656982522883178e-11,5.556263652073137e-11,7.437883642325005e-10,0.999340186762991,2.357603316054361e-17,2.7056113600746342e-20,12,4350,8.158902750001289,True,True,SUCCESS,data/raw/fig4/fig4_branch_trial_4508e8dabcfd,5.485554331409571e-16,1.5136310825276709e-18,0.12487255321019106,0.0,1.3904794031073015e-16,0.5677351336005149,0.5250958955621018,7.777186448103143e-18,0.7840403788911566,1e-30,True,0.07736617070933749,0.0027918767825485524,-1.3738746747532793,0.754747078979599,5.841517386557717e-16,1.2237216983463406,2.2926270057985656e-30,0.37737353948979846,24.0,0.0,8.600175189371923,0.006290898360732808,0.004805332001144246,0.010003179597552474,0.0361033988672234,direct_obc,22.0,,,,,,,,,,,,,,,,,,,,,,,,,,,,U2_L24_g0p05
fig4_branch_trial_4d2614bd781c,fig3,branch_trial,fad38ae4cee1bd744751bfb0ca3a75545fb1a759045ad4e6c01d3b230936bb19,dd7df74cc39d8e3e42ab1c4169c16fdc190b787e,False,e3b0c44298fc1c149afbf4c8996fb92427ae41e4649b934ca495991b7852b855,fad38ae4cee1bd744751bfb0ca3a75545fb1a759045ad4e6c01d3b230936bb19,24,2.0,0.05,1.1500000000000001,0.002682695795279727,0.008906863708462404,SUCCESS,SUCCESS,8.559770887925984e-11,3.03973991037265e-11,6.824526499471517e-10,0.9999996299952222,1.2601868071631002e-27,6.549445764212785e-31,13,2745,4.947936625001603,True,True,SUCCESS,data/raw/fig4/fig4_branch_trial_4d2614bd781c,3.9918518267756496e-16,-2.8957514138346833e-30,0.12416511931175685,0.0,2.2017463362274916e-29,0.46338495616784925,0.6055529565307259,1.6309646815058876e-28,1.000048801195882,1e-30,True,2.8064401197065642e-05,0.02012743643236825,-1.3743236845417455,0.7184166558711536,4.0986794024874783e-16,1.3134747795697796,6.837051302574687e-33,0.3592083279355758,24.0,0.0,3.1584120788067116,7.518330812411104e-05,7.416470974667744e-05,7.670401267804994e-05,7.867582560171045e-05,direct_obc,11.0,,,,,,,,,,,,,,,,,,,,,,,,,,,,U2_L24_g0p05
fig4_branch_trial_56b6c2fc67e5,fig3,branch_trial,fad38ae4cee1bd744751bfb0ca3a75545fb1a759045ad4e6c01d3b230936bb19,dd7df74cc39d8e3e42ab1c4169c16fdc190b787e,False,e3b0c44298fc1c149afbf4c8996fb92427ae41e4649b934ca495991b7852b855,fad38ae4cee1bd744751bfb0ca3a75545fb1a759045ad4e6c01d3b230936bb19,24,2.0,0.05,1.1500000000000001,0.007196856730011514,0.02389440581982164,SUCCESS,SUCCESS,8.783403462162372e-11,4.520756437068842e-11,8.613619817410267e-10,0.999999453957441,8.242749050384043e-29,2.1125044077497025e-32,15,3560,6.350142542010872,True,True,SUCCESS,data/raw/fig4/fig4_branch_trial_56b6c2fc67e5,3.367492394459201e-16,-1.4352834329459954e-30,0.12418147314481343,0.0,1.1685162320969011e-30,0.4635716188668082,0.605409015547067,9.54107458046388e-30,0.9996038717853599,1e-30,True,0.0001538998620125503,0.021821516992538648,-1.3742855921465051,0.7184329780364045,4.0861582066828005e-16,1.3133262408659399,4.8148248609680896e-33,0.35921648901820197,24.0,0.0,3.1603390945436205,0.00020718055682727155,0.0002013992072438746,0.00021518149329540965,0.0002587326265140666,direct_obc,16.0,,,,,,,,,,,,,,,,,,,,,,,,,,,,U2_L24_g0p05
fig4_branch_trial_65664d612534,fig3,branch_trial,fad38ae4cee1bd744751bfb0ca3a75545fb1a759045ad4e6c01d3b230936bb19,dd7df74cc39d8e3e42ab1c4169c16fdc190b787e,False,e3b0c44298fc1c149afbf4c8996fb92427ae41e4649b934ca495991b7852b855,fad38ae4cee1bd744751bfb0ca3a75545fb1a759045ad4e6c01d3b230936bb19,24,2.0,0.05,1.1500000000000001,1.0,3.320116922736548,SUCCESS,SUCCESS,6.149069465405907e-12,5.605255257925384e-11,9.335108241970147e-10,0.9564649050469645,3.8414254853617067e-16,3.7988619955702755e-18,25,2309,4.343809583995608,True,True,SUCCESS,data/raw/fig4/fig4_branch_trial_65664d612534,3.6391539993126265e-16,-4.234182434726902e-17,0.12819196083082032,0.9166666666666666,0.10004167187531045,0.9999999999998621,7.042084776991008e-16,1.3224612065993255e-16,0.18085544775918225,1e-30,True,0.467511532462393,0.04934677761036132,-1.3994662774962965,0.73425422363172,3.87246728453378e-16,1.0000000000000002,8.46017127633611e-16,0.3671271118158599,24.0,0.0,1.000000000000451,0.044403343788656444,0.03567562746138597,0.10449054746004603,0.2023100625030805,direct_obc,26.0,,,,,,,,,,,,,,,,,,,,,,,,,,,,U2_L24_g0p05
fig4_branch_trial_72df0571a5b4,fig3,branch_trial,fad38ae4cee1bd744751bfb0ca3a75545fb1a759045ad4e6c01d3b230936bb19,dd7df74cc39d8e3e42ab1c4169c16fdc190b787e,False,e3b0c44298fc1c149afbf4c8996fb92427ae41e4649b934ca495991b7852b855,fad38ae4cee1bd744751bfb0ca3a75545fb1a759045ad4e6c01d3b230936bb19,40,2.0,0.05,1.9500000000000002,0.019306977288832457,0.142660338287963,SUCCESS,SUCCESS,8.773137553727989e-11,3.6771653125627465e-11,4.421181198921431e-10,0.9999513421869455,2.1150102491905048e-17,1.6908126766929178e-19,14,5512,42.76607891599997,True,True,SUCCESS,data/raw/fig4/fig4_branch_trial_72df0571a5b4,5.076156142320752e-16,-8.894053008751751e-19,0.1261799380486322,0.0,5.304969680480787e-16,0.1672048105580384,0.8446865316882977,1.3948312157822488e-17,0.9431086051034245,1e-30,True,0.010480649859928545,0.002151239076028655,-1.3855365653682785,0.7252364845825015,7.205908902750971e-16,2.29588613285292,1.6475945488243925e-29,0.3626182422912505,40.0,0.0,14.242913692579645,0.00010032241715770212,8.723764234613576e-05,0.00025375710568388267,0.00297286233005973,direct_obc,22.0,,,,,,,,,,,,,,,,,,,,,,,,,,,,U2_L40_g0p05
fig4_branch_trial_7badd596ce88,fig3,branch_trial,fad38ae4cee1bd744751bfb0ca3a75545fb1a759045ad4e6c01d3b230936bb19,dd7df74cc39d8e3e42ab1c4169c16fdc190b787e,False,e3b0c44298fc1c149afbf4c8996fb92427ae41e4649b934ca495991b7852b855,fad38ae4cee1bd744751bfb0ca3a75545fb1a759045ad4e6c01d3b230936bb19,24,2.0,0.05,1.1500000000000001,1e-06,3.320116922736548e-06,SUCCESS,SUCCESS,8.687915953790207e-11,7.450812235886485e-11,7.175015026561482e-10,0.9999999999999508,3.879512968694967e-27,1.9465422096170402e-29,12,1384,2.4310124999901745,True,True,SUCCESS,data/raw/fig4/fig4_branch_trial_7badd596ce88,3.685750718219979e-16,7.427863019947942e-29,0.12415580624645661,0.0,5.492863373761828e-29,0.46340858679956937,0.6055347341317107,6.238764389292322e-28,1.0000000592157015,1e-30,True,2.1454251638279906e-08,0.019121111523088485,-1.3743468748856074,0.7184264352107568,3.752524496404854e-16,1.3134272454467775,1.7333369499485123e-33,0.3592132176053773,24.0,0.0,3.1581928643977455,2.736819872919976e-08,2.7170349598398287e-08,2.777825773271823e-08,2.672821805935181e-08,direct_obc,7.0,,,,,,,,,,,,,,,,,,,,,,,,,,,,U2_L24_g0p05
fig4_branch_trial_7d70f9d98b21,fig3,branch_trial,fad38ae4cee1bd744751bfb0ca3a75545fb1a759045ad4e6c01d3b230936bb19,dd7df74cc39d8e3e42ab1c4169c16fdc190b787e,False,e3b0c44298fc1c149afbf4c8996fb92427ae41e4649b934ca495991b7852b855,fad38ae4cee1bd744751bfb0ca3a75545fb1a759045ad4e6c01d3b230936bb19,24,2.0,0.05,1.1500000000000001,0.004393970560760791,0.014588496016788102,SUCCESS,SUCCESS,9.031281252228554e-11,5.952361509559949e-11,3.720039831733857e-10,0.9999997969599577,1.694367683453781e-28,5.072538361651415e-31,16,3001,5.378748333998374,True,True,SUCCESS,data/raw/fig4/fig4_branch_trial_7d70f9d98b21,3.7632344728852497e-16,3.1470753341261533e-30,0.12417121964984251,0.0,3.266039891019687e-30,0.46342229707713367,0.605524161679946,9.752247419272669e-30,0.9999578927215481,1e-30,True,4.2869035213935316e-05,0.020769599977614517,-1.3743091042252993,0.7184179452961507,4.0184380396162934e-16,1.3134521976192075,2.5037089277034066e-33,0.3592089726480753,24.0,0.0,3.158910787972854,0.0001244068132186319,0.00012203768561369736,0.0001277360697543281,0.0001386860185733848,direct_obc,15.0,,,,,,,,,,,,,,,,,,,,,,,,,,,,U2_L24_g0p05
fig4_branch_trial_850b693a3c85,fig3,branch_trial,fad38ae4cee1bd744751bfb0ca3a75545fb1a759045ad4e6c01d3b230936bb19,dd7df74cc39d8e3e42ab1c4169c16fdc190b787e,False,e3b0c44298fc1c149afbf4c8996fb92427ae41e4649b934ca495991b7852b855,fad38ae4cee1bd744751bfb0ca3a75545fb1a759045ad4e6c01d3b230936bb19,40,2.0,0.05,1.9500000000000002,0.002682695795279727,0.01982258972768728,SUCCESS,SUCCESS,8.638254623129014e-11,4.151634379254341e-11,7.623703890402567e-10,0.9999998828670891,6.139168922911436e-17,1.5507626261289312e-19,11,3543,27.160554000001866,True,True,SUCCESS,data/raw/fig4/fig4_branch_trial_850b693a3c85,4.4040398804816967e-16,-2.036003468225219e-18,0.12617026880252302,0.0,6.711514710976363e-16,0.15836274950182175,0.8523936052258663,1.2955859832242248e-17,0.9988436926378437,1e-30,True,0.00020909068834057474,0.0032259640601230988,-1.3855219487436696,0.7210112634435287,5.855165518059387e-16,2.357767612365103,1.6655442159060816e-30,0.36050563172176403,40.0,0.0,7.0374866889329635,1.0879469801806214e-05,1.078725481827986e-05,1.3109105852116781e-05,6.586462255542752e-05,direct_obc,18.0,,,,,,,,,,,,,,,,,,,,,,,,,,,,U2_L40_g0p05
fig4_branch_trial_890774d01bb7,fig3,branch_trial,fad38ae4cee1bd744751bfb0ca3a75545fb1a759045ad4e6c01d3b230936bb19,dd7df74cc39d8e3e42ab1c4169c16fdc190b787e,False,e3b0c44298fc1c149afbf4c8996fb92427ae41e4649b934ca495991b7852b855,fad38ae4cee1bd744751bfb0ca3a75545fb1a759045ad4e6c01d3b230936bb19,40,2.0,0.05,1.9500000000000002,1e-06,7.38905609893065e-06,SUCCESS,SUCCESS,9.83646277745201e-11,1.5906494810754193e-13,6.564878640702432e-10,0.9999999999999338,7.441549069054986e-18,1.4949161100769015e-19,1,90,0.6862835840001935,True,True,SUCCESS,data/raw/fig4/fig4_branch_trial_890774d01bb7,4.750537363484047e-16,3.967637383134092e-18,0.12616890329094474,0.0,4.443095363053411e-16,0.15818859008449804,0.8525458856659376,2.1297636255695375e-17,1.0000000069698118,1e-30,True,1.596896171894664e-09,0.0018196981204294804,-1.3855207939585132,0.7211746564674375,5.862297740439091e-16,2.3590275139307786,7.105427357601002e-15,0.3605873282337187,40.0,0.0,7.02868625836763,3.810732737792352e-09,3.818933873788128e-09,3.842947821394928e-09,4.047985616394388e-09,direct_obc,7.0,,,,,,,,,,,,,,,,,,,,,,,,,,,,U2_L40_g0p05
fig4_branch_trial_8b42cff990e5,fig3,branch_trial,fad38ae4cee1bd744751bfb0ca3a75545fb1a759045ad4e6c01d3b230936bb19,dd7df74cc39d8e3e42ab1c4169c16fdc190b787e,False,e3b0c44298fc1c149afbf4c8996fb92427ae41e4649b934ca495991b7852b855,fad38ae4cee1bd744751bfb0ca3a75545fb1a759045ad4e6c01d3b230936bb19,24,2.0,0.05,1.1500000000000001,0.3727593720314938,1.2376046991904113,SUCCESS,SUCCESS,8.819923114910297e-11,6.071928858084094e-11,8.259143369215849e-10,0.9944880341401259,2.2498144729721827e-16,8.678763480900086e-18,20,5607,10.75213533299393,True,True,SUCCESS,data/raw/fig4/fig4_branch_trial_8b42cff990e5,6.088145911157333e-16,7.930838121254218e-20,0.12596263096918242,0.5833333333333334,0.07231060117725363,0.8484239183427362,0.28636144698379834,4.939759569700483e-17,0.38686082980684283,1e-30,True,0.2693036220735597,0.015545749658022589,-1.3770253610920706,0.7674240949891242,7.215627722350891e-16,1.066158995226736,5.84160959577163e-16,0.3837120474945621,24.0,0.0,12.718245787993347,0.017357440739757753,0.012730507368626173,0.03228438565771566,0.12800914358827456,direct_obc,24.0,,,,,,,,,,,,,,,,,,,,,,,,,,,,U2_L24_g0p05
fig4_branch_trial_8cc12a0663cf,fig3,branch_trial,fad38ae4cee1bd744751bfb0ca3a75545fb1a759045ad4e6c01d3b230936bb19,dd7df74cc39d8e3e42ab1c4169c16fdc190b787e,False,e3b0c44298fc1c149afbf4c8996fb92427ae41e4649b934ca495991b7852b855,fad38ae4cee1bd744751bfb0ca3a75545fb1a759045ad4e6c01d3b230936bb19,24,2.0,0.05,1.1500000000000001,1.389495494373136e-07,4.6132875049344347e-07,SUCCESS,SUCCESS,9.696016581778116e-11,1.8220166401643427e-12,4.3283410189332017e-10,0.9999999999999992,9.983667616151629e-27,2.826524076567284e-29,1,63,0.11106550000840798,True,True,SUCCESS,data/raw/fig4/fig4_branch_trial_8cc12a0663cf,3.632957914534451e-16,2.1162429952391376e-29,0.12415580343957018,0.0,5.518066063430163e-29,0.4634086111609274,0.6055347153458442,5.426911055088306e-28,1.0000000047727113,1e-30,True,2.0683888378625263e-09,0.01912079493461194,-1.3743468846512323,0.7184264399401554,3.699555528764119e-16,1.3134272136919483,1.4059288594026822e-32,0.35921321997007694,24.0,0.0,3.158192903709566,4.713223921682198e-09,4.6179937628800906e-09,4.667732383388488e-09,4.990299422534163e-09,direct_obc,6.0,,,,,,,,,,,,,,,,,,,,,,,,,,,,U2_L24_g0p05
fig4_branch_trial_9817ac679690,fig3,branch_trial,fad38ae4cee1bd744751bfb0ca3a75545fb1a759045ad4e6c01d3b230936bb19,dd7df74cc39d8e3e42ab1c4169c16fdc190b787e,False,e3b0c44298fc1c149afbf4c8996fb92427ae41e4649b934ca495991b7852b855,fad38ae4cee1bd744751bfb0ca3a75545fb1a759045ad4e6c01d3b230936bb19,24,2.0,0.05,1.1500000000000001,3.727593720314938e-10,1.2376046991904112e-09,SUCCESS,SUCCESS,5.965466002996229e-11,3.1235422169482225e-11,2.2554946799147046e-10,0.9999999999999996,2.8744477456960274e-27,1.243798459388492e-29,1,3,0.005309125001076609,True,True,SUCCESS,data/raw/fig4/fig4_branch_trial_9817ac679690,3.363129413859241e-16,-2.1070842909412005e-28,0.12415580286768055,0.0,1.058183587341116e-28,0.4634086133736453,0.6055347136395427,7.834328344679059e-28,1.000000000000797,1e-30,True,1.3662579528695016e-12,0.019120739336663917,-1.3743468846512323,0.7184264410960538,3.8021469890042957e-16,1.3134272099161526,3.552713678800501e-15,0.3592132205480266,24.0,0.0,3.1581929096757575,1.0068566522614834e-10,6.655780737014592e-11,1.5113825411176804e-10,2.403977554483197e-10,direct_obc,3.0,,,,,,,,,,,,,,,,,,,,,,,,,,,,U2_L24_g0p05
fig4_branch_trial_a0ecd10ee4af,fig3,branch_trial,fad38ae4cee1bd744751bfb0ca3a75545fb1a759045ad4e6c01d3b230936bb19,dd7df74cc39d8e3e42ab1c4169c16fdc190b787e,False,e3b0c44298fc1c149afbf4c8996fb92427ae41e4649b934ca495991b7852b855,fad38ae4cee1bd744751bfb0ca3a75545fb1a759045ad4e6c01d3b230936bb19,40,2.0,0.05,1.9500000000000002,0.0006105402296585327,0.0045113160076009,SUCCESS,SUCCESS,9.227095275712118e-11,3.165531432107486e-11,5.305504924280058e-10,0.9999999948157746,1.6775659896730623e-17,4.234541002700114e-19,13,2944,22.31398474999878,True,True,SUCCESS,data/raw/fig4/fig4_branch_trial_a0ecd10ee4af,4.3139695854046057e-16,-3.559510001227166e-18,0.12616920649067573,0.0,2.869259183313382e-16,0.15819615498128928,0.8525392707317349,3.062640735909892e-17,0.9999491733656263,1e-30,True,9.379108453107238e-06,0.002138891999706516,-1.3855210258921071,0.7211275654800453,5.181687049980223e-16,2.3589752098184382,1.2079432611196743e-30,0.3605637827400218,40.0,0.0,7.028506487261885,2.4078769165898246e-06,2.4081108040311133e-06,2.511885411266188e-06,4.698968018053718e-06,direct_obc,15.0,,,,,,,,,,,,,,,,,,,,,,,,,,,,U2_L40_g0p05
fig4_branch_trial_a36a3ed2636c,fig3,branch_trial,fad38ae4cee1bd744751bfb0ca3a75545fb1a759045ad4e6c01d3b230936bb19,dd7df74cc39d8e3e42ab1c4169c16fdc190b787e,False,e3b0c44298fc1c149afbf4c8996fb92427ae41e4649b934ca495991b7852b855,fad38ae4cee1bd744751bfb0ca3a75545fb1a759045ad4e6c01d3b230936bb19,40,2.0,0.05,1.9500000000000002,5.179474679231202e-11,3.8271428967830186e-10,SUCCESS,SUCCESS,6.355786153677465e-11,2.5685693966338696e-11,8.409004603748826e-10,0.9999999999999996,1.8709500743031394e-17,1.2817303503808623e-18,1,3,0.022822415994596668,True,True,SUCCESS,data/raw/fig4/fig4_branch_trial_a36a3ed2636c,4.0952927129504687e-16,1.0547323931407756e-18,0.12616890281319015,0.0,8.876001441466366e-16,0.15818859125339754,0.8525458846438195,2.7156638875583514e-17,0.9999999999865865,1e-30,True,1.9425122215053296e-12,0.0018191757142516085,-1.3855207939585132,0.7211747383887326,6.12185669266964e-16,2.359027499995752,3.4451034845198875e-30,0.3605873691943659,40.0,0.0,7.028687580519731,3.194209603241462e-11,2.7192226923041828e-11,4.282393484556732e-11,1.4316624399645464e-10,direct_obc,2.0,,,,,,,,,,,,,,,,,,,,,,,,,,,,U2_L40_g0p05
fig4_branch_trial_a6290219b462,fig3,branch_trial,fad38ae4cee1bd744751bfb0ca3a75545fb1a759045ad4e6c01d3b230936bb19,dd7df74cc39d8e3e42ab1c4169c16fdc190b787e,False,e3b0c44298fc1c149afbf4c8996fb92427ae41e4649b934ca495991b7852b855,fad38ae4cee1bd744751bfb0ca3a75545fb1a759045ad4e6c01d3b230936bb19,40,2.0,0.05,1.9500000000000002,0.03162277660168373,0.23366247031379261,SUCCESS,SUCCESS,7.484136222842746e-11,7.598135664450071e-11,1.582556308221683e-11,0.9997381436441806,4.1015564356517934e-17,1.174550997930509e-19,17,7290,57.885795042006066,True,True,SUCCESS,data/raw/fig4/fig4_branch_trial_a6290219b462,4.616645616543909e-16,2.2567736514046784e-18,0.12618696205903965,0.1,0.005739379970826494,0.18102546179167991,0.8327326052100034,2.183987323374512e-17,0.8658988213693218,1e-30,True,0.025546194659590016,0.005775618827993004,-1.385556289260679,0.728925003148486,5.845341107230743e-16,2.2085132139353285,3.300634193215888e-16,0.36446250157424215,40.0,0.0,8.734994226439452,0.00018680565750561613,0.00014645488291106895,0.0005735811705953715,0.00718317398309025,direct_obc,23.0,,,,,,,,,,,,,,,,,,,,,,,,,,,,U2_L40_g0p05
fig4_branch_trial_a7a284231fda,fig3,branch_trial,fad38ae4cee1bd744751bfb0ca3a75545fb1a759045ad4e6c01d3b230936bb19,dd7df74cc39d8e3e42ab1c4169c16fdc190b787e,False,e3b0c44298fc1c149afbf4c8996fb92427ae41e4649b934ca495991b7852b855,fad38ae4cee1bd744751bfb0ca3a75545fb1a759045ad4e6c01d3b230936bb19,40,2.0,0.05,1.9500000000000002,1.389495494373136e-07,1.026706015713448e-06,SUCCESS,SUCCESS,8.597836143315505e-11,7.167691088640371e-12,8.246342497741921e-10,0.9999999999999993,3.129932559526562e-17,1.5453392217771642e-19,1,9,0.06895341699419077,True,True,SUCCESS,data/raw/fig4/fig4_branch_trial_a7a284231fda,4.594129327020361e-16,6.388845729922783e-18,0.1261689028550394,0.0,6.661328683951228e-16,0.15818859120756887,0.8525458846838934,1.7763198999372153e-17,1.0000000001178078,1e-30,True,9.156795834266699e-11,0.0018192482983081515,-1.3855207939585132,0.7211747269564779,5.858519846753399e-16,2.3590275010052717,2.5268200870360534e-30,0.36058736347823755,40.0,0.0,7.028687396538765,3.584938334146191e-10,3.60321374175156e-10,3.738017774836117e-10,5.49043914117708e-10,direct_obc,6.0,,,,,,,,,,,,,,,,,,,,,,,,,,,,U2_L40_g0p05
fig4_branch_trial_a8df76c13d2b,fig3,branch_trial,fad38ae4cee1bd744751bfb0ca3a75545fb1a759045ad4e6c01d3b230936bb19,dd7df74cc39d8e3e42ab1c4169c16fdc190b787e,False,e3b0c44298fc1c149afbf4c8996fb92427ae41e4649b934ca495991b7852b855,fad38ae4cee1bd744751bfb0ca3a75545fb1a759045ad4e6c01d3b230936bb19,40,2.0,0.05,1.9500000000000002,1e-12,7.38905609893065e-12,SUCCESS,SUCCESS,7.881908697444083e-11,3.3941160842521354e-11,8.37081515214777e-10,0.9999999999999993,4.260884031548207e-17,5.378827926738574e-19,1,3,0.02297437500965316,True,True,SUCCESS,data/raw/fig4/fig4_branch_trial_a8df76c13d2b,4.0758115823501395e-16,-6.731850997438871e-19,0.12616890281139725,0.0,4.818752226871518e-16,0.1581885912645201,0.8525458846340935,1.7416423256797372e-17,0.9999999999863322,1e-30,True,1.9806635560429334e-12,0.0018191756794589953,-1.3855207939585132,0.7211747383791272,5.462313133651146e-16,2.3590274999320098,4.8810768510550105e-30,0.3605873691895636,40.0,0.0,7.028687580587038,1.262397585587378e-11,1.0946338309725839e-11,1.6724074803233208e-11,5.327629727816615e-11,direct_obc,0.0,,,,,,,,,,,,,,,,,,,,,,,,,,,,U2_L40_g0p05
fig4_branch_trial_ab285094d19f,fig3,branch_trial,fad38ae4cee1bd744751bfb0ca3a75545fb1a759045ad4e6c01d3b230936bb19,dd7df74cc39d8e3e42ab1c4169c16fdc190b787e,False,e3b0c44298fc1c149afbf4c8996fb92427ae41e4649b934ca495991b7852b855,fad38ae4cee1bd744751bfb0ca3a75545fb1a759045ad4e6c01d3b230936bb19,24,2.0,0.05,1.1500000000000001,0.22758459260747863,0.7556074572701929,SUCCESS,SUCCESS,8.358995277025652e-11,5.8116603512580625e-11,9.098733988466279e-10,0.9979087138566572,1.2024425780231056e-16,7.219066296730932e-18,17,6460,12.3225358339987,True,True,SUCCESS,data/raw/fig4/fig4_branch_trial_ab285094d19f,4.998671088187247e-16,-9.861217535151555e-18,0.12533589367452308,0.25,0.03598669640983993,0.6833524225662153,0.4337111234476632,4.543198641016755e-17,0.5962609019298891,1e-30,True,0.15554137995359257,0.046633049321418756,-1.3744904164227476,0.7707206378736273,5.5513918700770675e-16,1.1481555167636737,8.688334983493828e-18,0.38536031893681244,24.0,0.0,6.0640356230323,0.010804379752502851,0.007950798681752282,0.01868087507715401,0.07186465483030752,direct_obc,23.0,,,,,,,,,,,,,,,,,,,,,,,,,,,,U2_L24_g0p05
fig4_branch_trial_acc3d817949e,fig3,branch_trial,fad38ae4cee1bd744751bfb0ca3a75545fb1a759045ad4e6c01d3b230936bb19,dd7df74cc39d8e3e42ab1c4169c16fdc190b787e,False,e3b0c44298fc1c149afbf4c8996fb92427ae41e4649b934ca495991b7852b855,fad38ae4cee1bd744751bfb0ca3a75545fb1a759045ad4e6c01d3b230936bb19,40,2.0,0.05,1.9500000000000002,1.9306977288832496e-08,1.426603382879633e-07,SUCCESS,SUCCESS,5.6347200940953254e-11,1.6060366528470344e-11,8.432746723130435e-10,0.9999999999999994,4.509650564504695e-17,1.0045266033238949e-20,1,3,0.02308695799729321,True,True,SUCCESS,data/raw/fig4/fig4_branch_trial_acc3d817949e,3.946127035553931e-16,2.287631665264221e-18,0.12616890281679613,0.0,2.7872849238370314e-16,0.15818859123947074,0.8525458846559975,1.956559106997352e-17,0.999999999992283,1e-30,True,5.626198601095687e-12,0.0018191857859000127,-1.3855207939585132,0.7211747368060828,5.574644645362864e-16,2.359027500165393,2.762245763437949e-29,0.36058736840304123,40.0,0.0,7.028687554996356,6.314843681211234e-11,5.739716514584698e-11,8.027140784321272e-11,2.5242764421245833e-10,direct_obc,5.0,,,,,,,,,,,,,,,,,,,,,,,,,,,,U2_L40_g0p05
fig4_branch_trial_b359ae204315,fig3,branch_trial,fad38ae4cee1bd744751bfb0ca3a75545fb1a759045ad4e6c01d3b230936bb19,dd7df74cc39d8e3e42ab1c4169c16fdc190b787e,False,e3b0c44298fc1c149afbf4c8996fb92427ae41e4649b934ca495991b7852b855,fad38ae4cee1bd744751bfb0ca3a75545fb1a759045ad4e6c01d3b230936bb19,40,2.0,0.05,1.9500000000000002,0.1389495494373136,1.026706015713448,SUCCESS,SUCCESS,8.628804951782079e-11,6.91135713585589e-11,4.842373169111625e-10,0.9944086233742724,1.5704173190247525e-16,2.566481051528267e-17,19,8217,74.54923987499205,True,True,SUCCESS,data/raw/fig4/fig4_branch_trial_b359ae204315,6.384777052798704e-16,1.4308672499599688e-18,0.12618151913680284,0.45,0.04714503564978606,0.392244632659906,0.6607035272343548,7.60732243662411e-17,0.33850352128063804,1e-30,True,0.1819212310896877,0.018300835206812804,-1.386054616433803,0.7320472169886476,1.2249448120552249e-15,1.527377423023067,5.419884600571747e-17,0.3660236084943237,40.0,0.0,16.24096552528497,0.0009154069592848668,0.00043822082316965485,0.003531094499935027,0.048741440970099935,direct_obc,26.0,,,,,,,,,,,,,,,,,,,,,,,,,,,,U2_L40_g0p05
fig4_branch_trial_b35cd8ac6c4c,fig3,branch_trial,fad38ae4cee1bd744751bfb0ca3a75545fb1a759045ad4e6c01d3b230936bb19,dd7df74cc39d8e3e42ab1c4169c16fdc190b787e,False,e3b0c44298fc1c149afbf4c8996fb92427ae41e4649b934ca495991b7852b855,fad38ae4cee1bd744751bfb0ca3a75545fb1a759045ad4e6c01d3b230936bb19,40,2.0,0.05,1.9500000000000002,0.004393970560760791,0.03246729497051125,SUCCESS,SUCCESS,8.804683193202107e-11,3.995143200103325e-11,8.829218467454325e-10,0.9999996157243206,1.3071231980716046e-17,7.846636368015869e-20,13,3857,29.293651166997734,True,True,SUCCESS,data/raw/fig4/fig4_branch_trial_b35cd8ac6c4c,4.768502674829101e-16,-5.038623342576364e-18,0.12617118074373807,0.0,3.093195024033699e-16,0.15866381633780025,0.8521304040874421,2.2135868562796607e-17,0.9968534369397184,1e-30,True,0.0005683598115935481,0.0041261895851210095,-1.3855228618296072,0.7209727979026488,6.2381035628635e-16,2.355580014673918,7.105427357601002e-15,0.36048639895132434,40.0,0.0,7.057802609104343,1.8269160399962515e-05,1.7943795273643015e-05,2.484137663372416e-05,0.0001705946277623721,direct_obc,19.0,,,,,,,,,,,,,,,,,,,,,,,,,,,,U2_L40_g0p05
fig4_branch_trial_b4c1e4cdac95,fig3,branch_trial,fad38ae4cee1bd744751bfb0ca3a75545fb1a759045ad4e6c01d3b230936bb19,dd7df74cc39d8e3e42ab1c4169c16fdc190b787e,False,e3b0c44298fc1c149afbf4c8996fb92427ae41e4649b934ca495991b7852b855,fad38ae4cee1bd744751bfb0ca3a75545fb1a759045ad4e6c01d3b230936bb19,40,2.0,0.05,1.9500000000000002,0.0003727593720314938,0.0027543399113428685,SUCCESS,SUCCESS,8.568213293774167e-11,8.142381066536818e-11,2.6740665237667827e-10,0.9999999907089505,1.5846856745023925e-17,2.244386698517747e-19,13,2765,20.641453999996884,True,True,SUCCESS,data/raw/fig4/fig4_branch_trial_b4c1e4cdac95,4.454873815845043e-16,1.8873162858901807e-18,0.12616908766138688,0.0,8.882687357048852e-16,0.15819095973645017,0.852543813579464,9.713606814963407e-18,0.9999838782534556,1e-30,True,3.052985694569484e-06,0.0020143448804854636,-1.3855209331186695,0.7211452826069527,6.339392231737635e-16,2.3590120335601985,1.3082456926233616e-29,0.3605726413034762,40.0,0.0,7.028428140455039,1.4653833931162877e-06,1.4666247825544934e-06,1.5060699154755837e-06,2.236745431047124e-06,direct_obc,10.0,,,,,,,,,,,,,,,,,,,,,,,,,,,,U2_L40_g0p05
fig4_branch_trial_b7f3d06a25d6,fig3,branch_trial,fad38ae4cee1bd744751bfb0ca3a75545fb1a759045ad4e6c01d3b230936bb19,dd7df74cc39d8e3e42ab1c4169c16fdc190b787e,False,e3b0c44298fc1c149afbf4c8996fb92427ae41e4649b934ca495991b7852b855,fad38ae4cee1bd744751bfb0ca3a75545fb1a759045ad4e6c01d3b230936bb19,40,2.0,0.05,1.9500000000000002,0.011787686347935854,0.08709987570149699,SUCCESS,SUCCESS,8.285502575879586e-11,7.824681944754625e-11,5.709868133862983e-10,0.9999916696754669,5.631405487731791e-18,3.3362767232106256e-20,14,4362,33.53108354199503,True,True,SUCCESS,data/raw/fig4/fig4_branch_trial_b7f3d06a25d6,4.592974521816462e-16,-2.6290641666344386e-18,0.12617540524690357,0.0,4.537357266879013e-16,0.16162222532582696,0.8495470221799067,1.521369930897217e-17,0.9776594607668873,1e-30,True,0.004059213703600314,0.004073196104362409,-1.3855283355946921,0.7216383044733137,5.625733149826288e-16,2.334369333634722,5.162262622935547e-30,0.3608191522366566,40.0,0.0,7.600629561598644,5.4981121171750694e-05,5.106473942512301e-05,0.00011097626295148147,0.0011641780402935722,direct_obc,21.0,,,,,,,,,,,,,,,,,,,,,,,,,,,,U2_L40_g0p05
fig4_branch_trial_b838bef1a1c5,fig3,branch_trial,fad38ae4cee1bd744751bfb0ca3a75545fb1a759045ad4e6c01d3b230936bb19,dd7df74cc39d8e3e42ab1c4169c16fdc190b787e,False,e3b0c44298fc1c149afbf4c8996fb92427ae41e4649b934ca495991b7852b855,fad38ae4cee1bd744751bfb0ca3a75545fb1a759045ad4e6c01d3b230936bb19,40,2.0,0.05,1.9500000000000002,1.0,7.38905609893065,SUCCESS,SUCCESS,7.353683749819735e-11,2.152883430563332e-11,8.289195996269427e-10,0.8016196149104828,3.6721578036639675e-16,4.480051316226078e-18,25,3611,32.81010391699965,True,True,SUCCESS,data/raw/fig4/fig4_branch_trial_b838bef1a1c5,5.693270361402079e-16,2.3656115287061906e-17,0.1264994781391756,0.95,0.10004167187531068,0.9999999999998287,3.3493721703738134e-15,2.1741524705533773e-16,0.03680224107105704,1e-30,True,0.5768390418513786,0.013622136695750832,-1.403718616587536,0.7119750786079959,5.237208141764311e-16,1.0000000000000004,4.652383338382108e-16,0.35598753930399596,40.0,0.0,1.000000000000526,0.00805773613215727,0.004884180279116291,0.01936406476097395,0.14525578917752868,direct_obc,14.0,,,,,,,,,,,,,,,,,,,,,,,,,,,,U2_L40_g0p05
fig4_branch_trial_bf82105f4edd,fig3,branch_trial,fad38ae4cee1bd744751bfb0ca3a75545fb1a759045ad4e6c01d3b230936bb19,dd7df74cc39d8e3e42ab1c4169c16fdc190b787e,False,e3b0c44298fc1c149afbf4c8996fb92427ae41e4649b934ca495991b7852b855,fad38ae4cee1bd744751bfb0ca3a75545fb1a759045ad4e6c01d3b230936bb19,24,2.0,0.05,1.1500000000000001,1.0,3.320116922736548,SUCCESS,SUCCESS,8.664318573768273e-12,6.22569877164452e-11,5.37921929222307e-10,0.8224709756088224,2.667879307507916e-16,8.301599885332095e-18,27,2520,4.769750292005483,True,True,SUCCESS,data/raw/fig4/fig4_branch_trial_bf82105f4edd,3.7226048741032226e-16,-2.8783099830045396e-17,0.12819196083590656,0.9166666666666666,0.10004167187531014,0.9999999999999352,7.233658162398898e-16,1.2360577938998818e-16,0.18085544775919543,1e-30,True,0.46751153246239324,0.04934677692196879,-1.3994662782008915,0.7342542241321304,3.594477087693481e-16,1.0000000000000004,3.728717334548355e-16,0.3671271120660645,24.0,0.0,1.0000000000002147,0.04440334381862203,0.03567562748412024,0.1044905474790934,0.2023100625227332,direct_obc,14.0,,,,,,,,,,,,,,,,,,,,,,,,,,,,U2_L24_g0p05
fig4_branch_trial_c5b8fba051f9,fig3,branch_trial,fad38ae4cee1bd744751bfb0ca3a75545fb1a759045ad4e6c01d3b230936bb19,dd7df74cc39d8e3e42ab1c4169c16fdc190b787e,False,e3b0c44298fc1c149afbf4c8996fb92427ae41e4649b934ca495991b7852b855,fad38ae4cee1bd744751bfb0ca3a75545fb1a759045ad4e6c01d3b230936bb19,24,2.0,0.05,1.1500000000000001,0.1389495494373136,0.4613287504934435,SUCCESS,SUCCESS,5.834930609534743e-11,7.626437580277028e-11,2.3433988083354507e-10,0.9977345563915434,1.8112693132332532e-17,7.584505403294571e-19,21,7410,13.931281917000888,True,True,SUCCESS,data/raw/fig4/fig4_branch_trial_c5b8fba051f9,5.115234571443456e-16,-1.3547596073218397e-18,0.12487255312384848,0.0,1.3744939722355832e-16,0.5677351326976666,0.5250958962616795,5.586632926884216e-18,0.7840403808492318,1e-30,True,0.07736617007842568,0.0027918796297619064,-1.3738746739680745,0.7547470798924044,5.775970878061564e-16,1.2237216988971193,4.460453751200838e-30,0.37737353994620176,24.0,0.0,8.600175611900188,0.0062908977049340505,0.004805331495575521,0.010003178628107972,0.03610339748741691,direct_obc,13.0,,,,,,,,,,,,,,,,,,,,,,,,,,,,U2_L24_g0p05
fig4_branch_trial_c6bede7e9156,fig3,branch_trial,fad38ae4cee1bd744751bfb0ca3a75545fb1a759045ad4e6c01d3b230936bb19,dd7df74cc39d8e3e42ab1c4169c16fdc190b787e,False,e3b0c44298fc1c149afbf4c8996fb92427ae41e4649b934ca495991b7852b855,fad38ae4cee1bd744751bfb0ca3a75545fb1a759045ad4e6c01d3b230936bb19,40,2.0,0.05,1.9500000000000002,0.002682695795279727,0.01982258972768728,SUCCESS,SUCCESS,8.497807575911869e-11,2.988385047568394e-11,7.566934856484409e-10,0.9999994668796716,4.1980424711983596e-17,8.681267238002913e-20,9,3509,26.92314383399207,True,True,SUCCESS,data/raw/fig4/fig4_branch_trial_c6bede7e9156,4.623180896539314e-16,1.4701089138680112e-18,0.12617026880572843,0.0,4.466232847882932e-16,0.1583627495909198,0.8523936051479686,9.084199032463352e-18,0.9988436920590938,1e-30,True,0.00020909076721812333,0.0032259640713214743,-1.3855219487436694,0.7210112634553977,6.409370190081677e-16,2.357767611742847,1.619321897240788e-29,0.3605056317276982,40.0,0.0,7.037486689070456,1.087949638588406e-05,1.0787282952487246e-05,1.3109129755282414e-05,6.586465816398027e-05,direct_obc,11.0,,,,,,,,,,,,,,,,,,,,,,,,,,,,U2_L40_g0p05
fig4_branch_trial_d22d4070ef90,fig3,branch_trial,fad38ae4cee1bd744751bfb0ca3a75545fb1a759045ad4e6c01d3b230936bb19,dd7df74cc39d8e3e42ab1c4169c16fdc190b787e,False,e3b0c44298fc1c149afbf4c8996fb92427ae41e4649b934ca495991b7852b855,fad38ae4cee1bd744751bfb0ca3a75545fb1a759045ad4e6c01d3b230936bb19,40,2.0,0.05,1.9500000000000002,0.019306977288832457,0.142660338287963,SUCCESS,SUCCESS,8.704848348334307e-11,3.0813900812652423e-11,8.124817485466451e-10,0.9998675371395283,1.800821077498082e-17,5.63912630644916e-20,14,6231,48.366272084007505,True,True,SUCCESS,data/raw/fig4/fig4_branch_trial_d22d4070ef90,5.266192261032417e-16,8.005574731962942e-19,0.12617993800846405,0.0,5.181082677777207e-16,0.1672048107374519,0.8446865315323991,1.2715326630702395e-17,0.943108604180672,1e-30,True,0.01048064999510307,0.0021512428095229463,-1.3855365646734894,0.7252364835965643,6.215705608925997e-16,2.2958861313725967,2.0353227652284308e-29,0.3626182417982814,40.0,0.0,14.24290036347002,0.00010032210587001797,8.723732657700358e-05,0.00025375689473456823,0.0029728621061302957,direct_obc,12.0,,,,,,,,,,,,,,,,,,,,,,,,,,,,U2_L40_g0p05
fig4_branch_trial_d3f089b5352a,fig3,branch_trial,fad38ae4cee1bd744751bfb0ca3a75545fb1a759045ad4e6c01d3b230936bb19,dd7df74cc39d8e3e42ab1c4169c16fdc190b787e,False,e3b0c44298fc1c149afbf4c8996fb92427ae41e4649b934ca495991b7852b855,fad38ae4cee1bd744751bfb0ca3a75545fb1a759045ad4e6c01d3b230936bb19,24,2.0,0.05,1.1500000000000001,1.9306977288832496e-08,6.410142202354297e-08,SUCCESS,SUCCESS,8.751279218432475e-11,2.191658901311547e-11,1.433579921439332e-10,0.9999999999999996,4.542149580918805e-27,3.9057538283849826e-30,1,10,0.017671916997642256,True,True,SUCCESS,data/raw/fig4/fig4_branch_trial_d3f089b5352a,3.312736839010577e-16,-1.7985644859268998e-28,0.12415580292134254,0.0,1.7048727876581546e-28,0.4634086132772999,0.6055347137138379,1.114053056166868e-27,1.000000000149355,1e-30,True,1.6463546223643732e-10,0.01912074691682797,-1.3743468846512323,0.7184264408821618,4.362470155584e-16,1.313427210215459,1.396299209680746e-32,0.35921322044108,24.0,0.0,3.158192908919084,5.285606021181366e-10,4.904600458088549e-10,5.560939418171459e-10,7.167101788753865e-10,direct_obc,5.0,,,,,,,,,,,,,,,,,,,,,,,,,,,,U2_L24_g0p05
fig4_branch_trial_d5b680d819a2,fig3,branch_trial,fad38ae4cee1bd744751bfb0ca3a75545fb1a759045ad4e6c01d3b230936bb19,dd7df74cc39d8e3e42ab1c4169c16fdc190b787e,False,e3b0c44298fc1c149afbf4c8996fb92427ae41e4649b934ca495991b7852b855,fad38ae4cee1bd744751bfb0ca3a75545fb1a759045ad4e6c01d3b230936bb19,24,2.0,0.05,1.1500000000000001,7.1968567300115285e-12,2.3894405819821692e-11,SUCCESS,SUCCESS,7.156967930532692e-11,4.1007819999766804e-11,2.320186265336588e-10,0.9999999999999997,1.5945602159458014e-27,2.0051426405290726e-29,1,3,0.005361917006666772,True,True,SUCCESS,data/raw/fig4/fig4_branch_trial_d5b680d819a2,3.386104625421426e-16,-9.644570037196678e-30,0.12415580286363122,0.0,2.8059683755797856e-29,0.4634086133934251,0.6055347136242897,2.463064865223207e-28,1.0000000000000149,1e-30,True,2.6076608018269504e-14,0.01912073918096535,-1.3743468846512323,0.7184264410930308,4.023951824743231e-16,1.3134272098918323,5.488900341503622e-33,0.359213220546515,24.0,0.0,3.1581929096895025,5.7042713038565377e-11,3.764056597820965e-11,8.554110824789559e-11,1.3263597293204516e-10,direct_obc,1.0,,,,,,,,,,,,,,,,,,,,,,,,,,,,U2_L24_g0p05
fig4_branch_trial_d5c122b01f02,fig3,branch_trial,fad38ae4cee1bd744751bfb0ca3a75545fb1a759045ad4e6c01d3b230936bb19,dd7df74cc39d8e3e42ab1c4169c16fdc190b787e,False,e3b0c44298fc1c149afbf4c8996fb92427ae41e4649b934ca495991b7852b855,fad38ae4cee1bd744751bfb0ca3a75545fb1a759045ad4e6c01d3b230936bb19,24,2.0,0.05,1.1500000000000001,0.019306977288832457,0.06410142202354284,SUCCESS,SUCCESS,8.738436711377496e-11,5.522054922476312e-11,3.4849123586866426e-10,0.9999958960674482,1.7210116650633066e-22,2.042510673300087e-25,18,5222,9.52864029200282,True,True,SUCCESS,data/raw/fig4/fig4_branch_trial_d5c122b01f02,3.856490643004831e-16,-1.0552124872247303e-24,0.12422939555371317,0.0,3.1182990054837734e-24,0.4654667817147677,0.60394773993218,2.60537088959601e-23,0.995176050617344,1e-30,True,0.001665111898473056,0.02337000369362674,-1.3741895532344843,0.7186913668114217,3.900275741623281e-16,1.3115258330224069,3.75556339155511e-33,0.3593456834057105,24.0,0.0,3.1756258710286596,0.0005959748872214907,0.000557881742865479,0.000656233359723191,0.0011577740631317271,direct_obc,18.0,,,,,,,,,,,,,,,,,,,,,,,,,,,,U2_L24_g0p05
fig4_branch_trial_d688a329b68a,fig3,branch_trial,fad38ae4cee1bd744751bfb0ca3a75545fb1a759045ad4e6c01d3b230936bb19,dd7df74cc39d8e3e42ab1c4169c16fdc190b787e,False,e3b0c44298fc1c149afbf4c8996fb92427ae41e4649b934ca495991b7852b855,fad38ae4cee1bd744751bfb0ca3a75545fb1a759045ad4e6c01d3b230936bb19,24,2.0,0.05,1.1500000000000001,5.179474679231202e-11,1.7196461533400967e-10,SUCCESS,SUCCESS,6.478114696400048e-11,3.5708822991324624e-11,2.2878920979962913e-10,0.9999999999999994,1.6280173746431994e-27,1.7765981513242955e-30,1,3,0.005289332999382168,True,True,SUCCESS,data/raw/fig4/fig4_branch_trial_d688a329b68a,3.5355176834704006e-16,-1.3933020471301495e-28,0.12415580286569342,0.0,8.081453422044094e-29,0.4634086133832236,0.6055347136321564,4.903543435416413e-28,1.0000000000001104,1e-30,True,1.8973458623351556e-13,0.019120739204646187,-1.3743468846512323,0.7184264410969883,4.192628483453272e-16,1.3134272099030984,1.925929944387236e-34,0.3592132205484941,24.0,0.0,3.1581929096878243,7.973343516234021e-11,5.232418338235634e-11,1.201656105213554e-10,1.8897936929257983e-10,direct_obc,2.0,,,,,,,,,,,,,,,,,,,,,,,,,,,,U2_L24_g0p05
fig4_branch_trial_dba23b0f8332,fig3,branch_trial,fad38ae4cee1bd744751bfb0ca3a75545fb1a759045ad4e6c01d3b230936bb19,dd7df74cc39d8e3e42ab1c4169c16fdc190b787e,False,e3b0c44298fc1c149afbf4c8996fb92427ae41e4649b934ca495991b7852b855,fad38ae4cee1bd744751bfb0ca3a75545fb1a759045ad4e6c01d3b230936bb19,40,2.0,0.05,1.9500000000000002,0.1389495494373136,1.026706015713448,SUCCESS,SUCCESS,8.317536455206929e-11,7.650025981570521e-11,5.931930502356408e-10,0.9688662924494038,1.197746914969798e-16,2.0801311495286005e-17,20,8986,80.95602941700781,True,True,SUCCESS,data/raw/fig4/fig4_branch_trial_dba23b0f8332,6.516296024397218e-16,6.771607636315192e-18,0.12618151909343572,0.45,0.04714503573500166,0.3922446294135861,0.6607035297692024,1.2943247494540736e-16,0.33850352467000033,1e-30,True,0.1819212302554923,0.018300835197385013,-1.38605461635253,0.7320472168827525,1.1488632960578537e-15,1.5273774281467642,9.991195212198991e-17,0.3660236084413758,40.0,0.0,16.24096549370571,0.0009154067720495121,0.0004382207555706884,0.003531094302048402,0.04874144017357272,direct_obc,13.0,,,,,,,,,,,,,,,,,,,,,,,,,,,,U2_L40_g0p05
fig4_branch_trial_dfe526c2b3af,fig3,branch_trial,fad38ae4cee1bd744751bfb0ca3a75545fb1a759045ad4e6c01d3b230936bb19,dd7df74cc39d8e3e42ab1c4169c16fdc190b787e,False,e3b0c44298fc1c149afbf4c8996fb92427ae41e4649b934ca495991b7852b855,fad38ae4cee1bd744751bfb0ca3a75545fb1a759045ad4e6c01d3b230936bb19,24,2.0,0.05,1.1500000000000001,2.6826957952797275e-09,8.906863708462406e-09,SUCCESS,SUCCESS,6.346749402625477e-11,2.865341009480373e-11,2.193683013018699e-10,0.9999999999999996,6.369620401352127e-27,7.11938902130321e-29,1,3,0.0053484579984797165,True,True,SUCCESS,data/raw/fig4/fig4_branch_trial_dfe526c2b3af,3.394355643028337e-16,-2.280607031990441e-28,0.12415580287108244,0.0,1.6350320028273918e-28,0.4634086133632181,0.6055347136475836,9.80946907872783e-28,1.0000000000057407,1e-30,True,9.833755026023147e-12,0.019120740253729673,-1.3743468846512323,0.7184264410624798,3.8273197318114614e-16,1.3134272099488244,3.659266894335748e-33,0.3592132205312393,24.0,0.0,3.158192909588914,1.2988818177872795e-10,9.218562998614923e-11,1.84867280904976e-10,2.933884693545839e-10,direct_obc,4.0,,,,,,,,,,,,,,,,,,,,,,,,,,,,U2_L24_g0p05
fig4_branch_trial_e45611388798,fig3,branch_trial,fad38ae4cee1bd744751bfb0ca3a75545fb1a759045ad4e6c01d3b230936bb19,dd7df74cc39d8e3e42ab1c4169c16fdc190b787e,False,e3b0c44298fc1c149afbf4c8996fb92427ae41e4649b934ca495991b7852b855,fad38ae4cee1bd744751bfb0ca3a75545fb1a759045ad4e6c01d3b230936bb19,24,2.0,0.05,1.1500000000000001,0.019306977288832457,0.06410142202354284,SUCCESS,SUCCESS,8.527038897454198e-11,8.419312906963546e-11,6.666867058413573e-11,0.9999804750935063,1.1966235597232897e-24,2.0945076184586285e-25,20,6041,11.039660708003794,True,True,SUCCESS,data/raw/fig4/fig4_branch_trial_e45611388798,4.204474911181302e-16,-2.425635974615304e-24,0.12422939552636686,0.0,3.323892233178927e-24,0.465466782376719,0.6039477394218385,3.338132144285135e-23,0.9951760492096356,1e-30,True,0.0016651123247559485,0.0233700047657176,-1.3741895526532488,0.7186913669795569,4.2523206326609407e-16,1.3115258323127332,1.925929944387236e-33,0.35934568348977836,24.0,0.0,3.1756258715886125,0.000595974684283586,0.0005578815365853458,0.0006562331887949597,0.001157773887703106,direct_obc,12.0,,,,,,,,,,,,,,,,,,,,,,,,,,,,U2_L24_g0p05
fig4_branch_trial_ef8c5a5411eb,fig3,branch_trial,fad38ae4cee1bd744751bfb0ca3a75545fb1a759045ad4e6c01d3b230936bb19,dd7df74cc39d8e3e42ab1c4169c16fdc190b787e,False,e3b0c44298fc1c149afbf4c8996fb92427ae41e4649b934ca495991b7852b855,fad38ae4cee1bd744751bfb0ca3a75545fb1a759045ad4e6c01d3b230936bb19,40,2.0,0.05,1.9500000000000002,0.007196856730011514,0.053177978114021675,SUCCESS,SUCCESS,8.726102971664891e-11,2.917036134136005e-11,1.2246914593561087e-10,0.9999984282189144,6.593967704858377e-17,2.981542641069377e-20,11,3975,30.20638783299364,True,True,SUCCESS,data/raw/fig4/fig4_branch_trial_ef8c5a5411eb,4.1390201195984126e-16,-2.6409921730830715e-18,0.1261727341025289,0.0,1.5798086317154725e-16,0.15947277820173608,0.8514234614555147,1.689734845180016e-17,0.9915409008059,1e-30,True,0.0015294847997215184,0.004470804360455549,-1.385524639173357,0.7210446925407017,5.353958579533275e-16,2.3497242912676137,4.59141698741917e-31,0.36052234627034985,40.0,0.0,7.1320163588057195,3.123686282687632e-05,3.010367964365358e-05,5.065152375267886e-05,0.00044622205746846464,direct_obc,20.0,,,,,,,,,,,,,,,,,,,,,,,,,,,,U2_L40_g0p05
fig4_branch_trial_fa2b8aa4fe4f,fig3,branch_trial,fad38ae4cee1bd744751bfb0ca3a75545fb1a759045ad4e6c01d3b230936bb19,dd7df74cc39d8e3e42ab1c4169c16fdc190b787e,False,e3b0c44298fc1c149afbf4c8996fb92427ae41e4649b934ca495991b7852b855,fad38ae4cee1bd744751bfb0ca3a75545fb1a759045ad4e6c01d3b230936bb19,40,2.0,0.05,1.9500000000000002,0.08483428982440708,0.6268453266254855,SUCCESS,SUCCESS,8.954420073790138e-11,3.334618294540008e-11,4.712175094567783e-10,0.9970319426818527,1.1728600225465315e-16,1.1009806306908343e-17,18,8839,77.70518745800655,True,True,SUCCESS,data/raw/fig4/fig4_branch_trial_fa2b8aa4fe4f,5.677451099823725e-16,-2.3342235306219687e-18,0.12619701231865862,0.2,0.021833468417902117,0.2763748765492257,0.752952699610047,7.190296127484748e-17,0.5320330369136737,1e-30,True,0.10800211968699744,0.011015399712265284,-1.3857350740871637,0.7304793648023402,9.250508755385628e-16,1.8006630009257536,5.764822716452769e-17,0.3652396824011691,40.0,0.0,14.653163909253474,0.000570381294782826,0.00031709374979387093,0.0021997579242135894,0.029607557378494454,direct_obc,25.0,,,,,,,,,,,,,,,,,,,,,,,,,,,,U2_L40_g0p05
fig4_branch_trial_fa3a5dbdc84c,fig3,branch_trial,fad38ae4cee1bd744751bfb0ca3a75545fb1a759045ad4e6c01d3b230936bb19,dd7df74cc39d8e3e42ab1c4169c16fdc190b787e,False,e3b0c44298fc1c149afbf4c8996fb92427ae41e4649b934ca495991b7852b855,fad38ae4cee1bd744751bfb0ca3a75545fb1a759045ad4e6c01d3b230936bb19,24,2.0,0.05,1.1500000000000001,5.179474679231202e-05,0.0001719646153340097,SUCCESS,SUCCESS,8.689544385244333e-11,6.267629924616282e-11,1.044584418963268e-10,0.9999999998618786,3.946451475769864e-26,2.91140663021831e-28,14,1778,3.1576803750067484,True,True,SUCCESS,data/raw/fig4/fig4_branch_trial_fa3a5dbdc84c,3.449310213230409e-16,-3.886770545889059e-28,0.12415597992062173,0.0,6.193947797440172e-28,0.4634072062481582,0.6055357987216408,7.694551127462754e-27,1.0000031536995617,1e-30,True,1.1344208042006568e-06,0.01914017711421745,-1.374346432991076,0.718426117282822,4.0971737743765263e-16,1.3134290875446077,2.792598419361492e-33,0.35921305864141073,24.0,0.0,3.1581906763200625,1.4292814950299925e-06,1.4221215493089218e-06,1.44549064108941e-06,1.3878320609016593e-06,direct_obc,9.0,,,,,,,,,,,,,,,,,,,,,,,,,,,,U2_L24_g0p05
fig4_branch_trial_fed4d6d700e9,fig3,branch_trial,fad38ae4cee1bd744751bfb0ca3a75545fb1a759045ad4e6c01d3b230936bb19,dd7df74cc39d8e3e42ab1c4169c16fdc190b787e,False,e3b0c44298fc1c149afbf4c8996fb92427ae41e4649b934ca495991b7852b855,fad38ae4cee1bd744751bfb0ca3a75545fb1a759045ad4e6c01d3b230936bb19,24,2.0,0.05,1.1500000000000001,0.0003727593720314938,0.0012376046991904113,SUCCESS,SUCCESS,8.968360099197994e-11,6.340045575066266e-11,1.6839352134923047e-10,0.999999992847323,3.630322239957414e-24,1.0894498643765073e-26,13,1944,3.489664458000334,True,True,SUCCESS,data/raw/fig4/fig4_branch_trial_fed4d6d700e9,3.9917309265340837e-16,2.363198082386785e-25,0.12415707933614702,0.0,1.5853978352956135e-25,0.4633993221380906,0.6055418784284505,9.394334569551505e-25,1.0000207555903375,1e-30,True,7.565665694196504e-06,0.019260628610679786,-1.3743436374151785,0.7184242276616555,3.889811326312777e-16,1.313439879686814,6.933347799794049e-33,0.35921211383082763,24.0,0.0,3.15818249686947,1.0303639344046412e-05,1.0241462096149344e-05,1.0431026925450726e-05,1.0074641308995052e-05,direct_obc,10.0,,,,,,,,,,,,,,,,,,,,,,,,,,,,U2_L24_g0p05
fig4_branch_trial_ff0fced1ae1a,fig3,branch_trial,fad38ae4cee1bd744751bfb0ca3a75545fb1a759045ad4e6c01d3b230936bb19,dd7df74cc39d8e3e42ab1c4169c16fdc190b787e,False,e3b0c44298fc1c149afbf4c8996fb92427ae41e4649b934ca495991b7852b855,fad38ae4cee1bd744751bfb0ca3a75545fb1a759045ad4e6c01d3b230936bb19,24,2.0,0.05,1.1500000000000001,1e-12,3.320116922736548e-12,SUCCESS,SUCCESS,7.918980662921524e-11,4.7155228587574746e-11,2.357223305438083e-10,0.9999999999999997,1.783974655604308e-27,2.2394552899172745e-30,1,3,0.005468999996082857,True,True,SUCCESS,data/raw/fig4/fig4_branch_trial_ff0fced1ae1a,3.2750700252614597e-16,-3.911920627575623e-29,0.1241558028612329,0.0,2.7555044133822695e-29,0.4634086134044927,0.6055347136157551,2.950518135586964e-28,1.0000000000000018,1e-30,True,3.2083629450524622e-15,0.019120739171428314,-1.3743468846512323,0.718426441088005,3.6519851653365783e-16,1.3134272098797781,2.792598419361492e-33,0.35921322054400223,24.0,0.0,3.1581929096897423,3.0757797179617785e-11,2.0461303760645182e-11,4.580391258155939e-11,6.993080159506969e-11,direct_obc,0.0,,,,,,,,,,,,,,,,,,,,,,,,,,,,U2_L24_g0p05
fig4_momentum_benchmark_7a0edb07267d,fig3,momentum_benchmark,fad38ae4cee1bd744751bfb0ca3a75545fb1a759045ad4e6c01d3b230936bb19,dd7df74cc39d8e3e42ab1c4169c16fdc190b787e,False,e3b0c44298fc1c149afbf4c8996fb92427ae41e4649b934ca495991b7852b855,fad38ae4cee1bd744751bfb0ca3a75545fb1a759045ad4e6c01d3b230936bb19,40,2.0,0.05,1.9500000000000002,1.0,7.38905609893065,SUCCESS,SUCCESS,7.353683749819735e-11,2.152883430563332e-11,8.289195996269427e-10,0.8016196149104828,3.6721578036639675e-16,4.480051316226078e-18,25,3611,32.81010391699965,True,True,,data/raw/fig4/fig4_momentum_benchmark_7a0edb07267d,5.693270361402079e-16,2.3656115287061906e-17,0.1264994781391756,0.95,0.10004167187531068,0.9999999999998287,3.3493721703738134e-15,2.1741524705533773e-16,0.03680224107105704,1e-30,True,0.5768390418513786,0.013622136695750832,-1.403718616587536,0.7119750786079959,5.237208141764311e-16,1.0000000000000004,4.652383338382108e-16,0.35598753930399596,40.0,0.0,1.000000000000526,,,,,,,,,,,,,,,,,,,,,,,,,,,,,,4.4267750366095627e-16,1.1577311065815651e-14,1.8336196943185887e-15,,U2_L40_g0p05
fig4_momentum_benchmark_827f707506e7,fig3,momentum_benchmark,fad38ae4cee1bd744751bfb0ca3a75545fb1a759045ad4e6c01d3b230936bb19,dd7df74cc39d8e3e42ab1c4169c16fdc190b787e,False,e3b0c44298fc1c149afbf4c8996fb92427ae41e4649b934ca495991b7852b855,fad38ae4cee1bd744751bfb0ca3a75545fb1a759045ad4e6c01d3b230936bb19,24,2.0,0.05,1.1500000000000001,1.0,3.320116922736548,SUCCESS,SUCCESS,6.149069465405907e-12,5.605255257925384e-11,9.335108241970147e-10,0.9564649050469645,3.8414254853617067e-16,3.7988619955702755e-18,25,2309,4.343809583995608,True,True,,data/raw/fig4/fig4_momentum_benchmark_827f707506e7,3.6391539993126265e-16,-4.234182434726902e-17,0.12819196083082032,0.9166666666666666,0.10004167187531045,0.9999999999998621,7.042084776991008e-16,1.3224612065993255e-16,0.18085544775918225,1e-30,True,0.467511532462393,0.04934677761036132,-1.3994662774962965,0.73425422363172,3.87246728453378e-16,1.0000000000000002,8.46017127633611e-16,0.3671271118158599,24.0,0.0,1.000000000000451,,,,,,,,,,,,,,,,,,,,,,,,,,,,,,3.3518041882007134e-16,6.224239080392141e-15,7.729264947883141e-16,,U2_L24_g0p05
fig4_obc_seed_b96c5c2e74f0,fig3,obc_seed,fad38ae4cee1bd744751bfb0ca3a75545fb1a759045ad4e6c01d3b230936bb19,dd7df74cc39d8e3e42ab1c4169c16fdc190b787e,False,e3b0c44298fc1c149afbf4c8996fb92427ae41e4649b934ca495991b7852b855,fad38ae4cee1bd744751bfb0ca3a75545fb1a759045ad4e6c01d3b230936bb19,40,2.0,0.05,1.9500000000000002,0.0,0.0,SUCCESS,SUCCESS,8.770966763300994e-11,3.9058867762136665e-11,8.346452418095396e-10,,5.970430751445092e-17,6.387388868431857e-19,31,12278,71.12027583300369,True,True,,data/raw/fig4/fig4_obc_seed_b96c5c2e74f0,4.2515230953488425e-16,-1.443825616883515e-19,0.12616890281016874,0.0,2.507478558927188e-16,0.15818859127092735,0.852545884628491,1.8197941665480312e-17,0.9999999999862104,1e-30,True,1.9984616047213733e-12,0.0018191756736862796,-1.3855207939585132,0.7211747383706673,6.631524504891487e-16,2.3590274998947685,5.115269932292498e-31,0.3605873691853325,40.0,0.0,7.028687580588373,,,,,direct_obc,,,,,,,,SUCCESS,False,,,,,,,,,,,,,,,,,,,,U2_L40_g0p05
fig4_obc_seed_dd092fc79bcc,fig3,obc_seed,fad38ae4cee1bd744751bfb0ca3a75545fb1a759045ad4e6c01d3b230936bb19,dd7df74cc39d8e3e42ab1c4169c16fdc190b787e,False,e3b0c44298fc1c149afbf4c8996fb92427ae41e4649b934ca495991b7852b855,fad38ae4cee1bd744751bfb0ca3a75545fb1a759045ad4e6c01d3b230936bb19,24,2.0,0.05,1.1500000000000001,0.0,0.0,SUCCESS,SUCCESS,8.758431825331024e-11,5.427736379020587e-11,2.4006518994923454e-10,,0.0,0.0,31,8963,7.500664249993861,True,True,,data/raw/fig4/fig4_obc_seed_dd092fc79bcc,1.2481682634138996e-14,2.116879925625012e-34,0.12415580285839656,0.0,0.0,0.46340861341649253,0.6055347136065014,1.9678135594084146e-33,0.9999999999999998,1e-30,True,9.698920822574229e-17,0.019120739162683975,-1.3743468846512323,0.7184264410823977,1.549557635485398e-14,1.3134272098664663,3.552713678800501e-15,0.35921322054119864,24.0,0.0,3.1581929096897725,,,,,direct_obc,,,,,,,,SUCCESS,False,,,,,,,,,,,,,,,,,,,,U2_L24_g0p05
fig4_pbc_seed_endpoint_60560f6c0c91,fig3,pbc_seed_endpoint,fad38ae4cee1bd744751bfb0ca3a75545fb1a759045ad4e6c01d3b230936bb19,dd7df74cc39d8e3e42ab1c4169c16fdc190b787e,False,e3b0c44298fc1c149afbf4c8996fb92427ae41e4649b934ca495991b7852b855,fad38ae4cee1bd744751bfb0ca3a75545fb1a759045ad4e6c01d3b230936bb19,24,2.0,0.05,1.1500000000000001,1.0,3.320116922736548,SUCCESS,SUCCESS,5.0034048567344375e-12,3.646243026082305e-11,9.57813495183757e-10,0.9999999999999991,2.340077361999591e-16,3.5281057502690396e-17,1,3,0.006179457996040583,True,True,,data/raw/fig4/fig4_pbc_seed_endpoint_60560f6c0c91,3.997356608490382e-16,-5.990176165555384e-17,0.1281919608299205,0.9166666666666666,0.10004167187531059,0.999999999999862,6.771628682641333e-16,1.1486987060121195e-16,0.1808554477591823,1e-30,True,0.467511532462393,0.04934677762557026,-1.3994662774962965,0.7342542236185207,4.524039905025554e-16,1.0000000000000004,7.105807754689197e-15,0.3671271118092601,24.0,0.0,1.0000000000003022,,,,,,,,,,,,,,,3.0378072707573076e-11,7.019620354461207e-12,,2.4244606335010114e-11,,,,,,,,,,,,,,,,U2_L24_g0p05
fig4_pbc_seed_endpoint_b7c7b5b59f38,fig3,pbc_seed_endpoint,fad38ae4cee1bd744751bfb0ca3a75545fb1a759045ad4e6c01d3b230936bb19,dd7df74cc39d8e3e42ab1c4169c16fdc190b787e,False,e3b0c44298fc1c149afbf4c8996fb92427ae41e4649b934ca495991b7852b855,fad38ae4cee1bd744751bfb0ca3a75545fb1a759045ad4e6c01d3b230936bb19,40,2.0,0.05,1.9500000000000002,1.0,7.38905609893065,SUCCESS,SUCCESS,5.958477517135455e-11,1.4200741318237644e-11,8.195586431725133e-10,0.9999999999999991,3.7514293239289693e-16,2.9566125175515216e-17,1,3,0.028705625009024516,True,True,,data/raw/fig4/fig4_pbc_seed_endpoint_b7c7b5b59f38,6.126745069619712e-16,3.603443535699654e-17,0.12649947812856915,0.95,0.10004167187531085,0.9999999999998284,3.584353008413803e-15,2.0548775201293243e-16,0.03680224107105709,1e-30,True,0.5768390418513781,0.013622136704379893,-1.403718616587536,0.7119750785789974,4.47055277366134e-16,1.0000000000000007,1.7080611383862696e-16,0.3559875392894972,40.0,0.0,1.0000000000006022,,,,,,,,,,,,,,,1.1701063743355529e-11,8.384590814797592e-11,,1.7470247487570425e-11,,,,,,,,,,,,,,,,U2_L40_g0p05
fig4_pbc_seed_random_6d0b78e77949,fig3,pbc_seed_random,fad38ae4cee1bd744751bfb0ca3a75545fb1a759045ad4e6c01d3b230936bb19,dd7df74cc39d8e3e42ab1c4169c16fdc190b787e,False,e3b0c44298fc1c149afbf4c8996fb92427ae41e4649b934ca495991b7852b855,fad38ae4cee1bd744751bfb0ca3a75545fb1a759045ad4e6c01d3b230936bb19,40,2.0,0.05,1.9500000000000002,1.0,7.38905609893065,FAILED,COMPLEX_DENSITY: unprojected density imaginary part 7.664712e-04 exceeds tolerance 1.000000e-10,inf,inf,8.289195996269427e-10,,0.0007664711920756914,7.3588772693721376e-06,1,1,0.009806958012632094,True,True,,data/raw/fig4/fig4_pbc_seed_random_6d0b78e77949,,-0.0016992696951984598,0.12647140369741702,,,1.0007706388514161,0.03667391227623583,0.019881688505678466,0.0361445976635029,1e-30,False,0.5845904914314829,,-1.403718616587536,,,,,,,,inf,,,,,,,,,,,,,,,0.0,0.09434312931475641,,,,,,,,,,,,,,,,,,U2_L40_g0p05
fig4_pbc_seed_random_92c2e8de82b5,fig3,pbc_seed_random,fad38ae4cee1bd744751bfb0ca3a75545fb1a759045ad4e6c01d3b230936bb19,dd7df74cc39d8e3e42ab1c4169c16fdc190b787e,False,e3b0c44298fc1c149afbf4c8996fb92427ae41e4649b934ca495991b7852b855,fad38ae4cee1bd744751bfb0ca3a75545fb1a759045ad4e6c01d3b230936bb19,24,2.0,0.05,1.1500000000000001,1.0,3.320116922736548,FAILED,COMPLEX_DENSITY: unprojected density imaginary part 1.441326e-03 exceeds tolerance 1.000000e-10,inf,inf,9.335108241970147e-10,,0.0014413259583878851,3.4509623718788768e-06,1,1,0.0024632499989820644,True,True,,data/raw/fig4/fig4_pbc_seed_random_92c2e8de82b5,,-0.0014734526994023142,0.12759171060793348,,,1.0143328257911945,0.05053327225840107,0.02032196637992209,0.1816143957315605,1e-30,False,0.47384537261317133,,-1.3994662774962965,,,,,,,,inf,,,,,,,,,,,,,,,0.0,0.0891602920186378,,,,,,,,,,,,,,,,,,U2_L24_g0p05
fig4_pbc_seed_uniform_a61a6504f8dc,fig3,pbc_seed_uniform,fad38ae4cee1bd744751bfb0ca3a75545fb1a759045ad4e6c01d3b230936bb19,dd7df74cc39d8e3e42ab1c4169c16fdc190b787e,False,e3b0c44298fc1c149afbf4c8996fb92427ae41e4649b934ca495991b7852b855,fad38ae4cee1bd744751bfb0ca3a75545fb1a759045ad4e6c01d3b230936bb19,40,2.0,0.05,1.9500000000000002,1.0,7.38905609893065,SUCCESS,SUCCESS,5.95858209228409e-11,1.420084192509136e-11,8.195586431725133e-10,0.999999999999999,2.62885444928812e-16,3.9602769085262716e-17,1,3,0.02915499999653548,True,True,,data/raw/fig4/fig4_pbc_seed_uniform_a61a6504f8dc,4.969993199762179e-16,-1.820429019690439e-17,0.12649947812856907,0.95,0.10004167187531005,0.9999999999998292,6.091116637924343e-16,1.3949462818726482e-16,0.036802241071056965,1e-30,True,0.5768390418513789,0.013622136704378935,-1.403718616587536,0.711975078578998,4.679984345066786e-16,1.0000000000000004,6.398000109025368e-16,0.35598753928949833,40.0,0.0,1.0000000000008118,,,,,,,,,,,,,,,1.1701056811253203e-11,8.384588074481245e-11,,1.7469803381736296e-11,,,,,,,,,,,,,,,,U2_L40_g0p05
fig4_pbc_seed_uniform_fa0e8f69ed28,fig3,pbc_seed_uniform,fad38ae4cee1bd744751bfb0ca3a75545fb1a759045ad4e6c01d3b230936bb19,dd7df74cc39d8e3e42ab1c4169c16fdc190b787e,False,e3b0c44298fc1c149afbf4c8996fb92427ae41e4649b934ca495991b7852b855,fad38ae4cee1bd744751bfb0ca3a75545fb1a759045ad4e6c01d3b230936bb19,24,2.0,0.05,1.1500000000000001,1.0,3.320116922736548,SUCCESS,SUCCESS,5.00315931344603e-12,3.64624244753959e-11,9.57813495183757e-10,0.9999999999999997,3.246650397525184e-16,2.0848633404215076e-17,1,3,0.006246374992770143,True,True,,data/raw/fig4/fig4_pbc_seed_uniform_fa0e8f69ed28,3.803307858171496e-16,-3.295260972905514e-17,0.12819196082992051,0.9166666666666666,0.10004167187531039,0.9999999999998618,3.9611842719271447e-16,8.900150374764749e-17,0.18085544775918205,1e-30,True,0.46751153246239335,0.04934677762557085,-1.3994662774962965,0.7342542236185214,3.661548102030016e-16,1.0000000000000004,3.2704177350524837e-16,0.3671271118092605,24.0,0.0,1.000000000000261,,,,,,,,,,,,,,,3.0378101621574213e-11,7.019412889685262e-12,,2.4250823573779432e-11,,,,,,,,,,,,,,,,U2_L24_g0p05
