run_id,study,kind,config_hash,git_commit,source_config_hash,L,U,g,q,lambda,chi,status,message,field_residual,density_residual,number_residual,s_min,mu_evaluations,total_scf_iterations,wall_seconds,accepted,requested,reason,raw_directory,bulk_pair_product_imag,bulk_pair_product_real,complex_fraction,gamma_max_over_t,metric_K_real,metric_phase_stable,metric_violation,minimum_eigenvalue_separation,mu,right_condition,mp_similarity_error,covariance_error,similarity_condition,spectrum_error,map_error,component_error,density_error,pair_product_error,scale_imag,scale_real,delta_P_bulk,delta_P_full,seed_method,trial_index,branch_message,branch_terminated,pair_product_error_to_nh,density_uniformity,momentum_spectrum_error,pair_uniformity,density_error_to_endpoint,pair_product_error_to_endpoint,spectrum_error_to_endpoint,green_covariance_max
conditioning_hermitian_reference_60183f0ca98b,conditioning,hermitian_reference,056697e838fdf90f8af053d13a5639d0d26706ba59f595f9bbc2d755d337fc52,cb20a339f3d8dfccb33e4fd8bf6738036431a0eb,056697e838fdf90f8af053d13a5639d0d26706ba59f595f9bbc2d755d337fc52,80,2.0,0.0,0.0,0.0,0.0,SUCCESS,SUCCESS,6.32395092206552e-11,6.883457268567379e-11,8.384710703523979e-10,,32,8103,62.529146315995604,True,True,,data/raw/conditioning/conditioning_hermitian_reference_60183f0ca98b,0.0,0.1264981200684503,0.0,0.0,1.0,True,0.0,0.0008927106810379115,-1.3941266737639044,1.0000000000003257,,,,,,,,,,,,,,,,,,,,,,,,
conditioning_high_precision_6ddd829ef8bc,conditioning,high_precision,056697e838fdf90f8af053d13a5639d0d26706ba59f595f9bbc2d755d337fc52,cb20a339f3d8dfccb33e4fd8bf6738036431a0eb,056697e838fdf90f8af053d13a5639d0d26706ba59f595f9bbc2d755d337fc52,24,2.0,0.34782608695652173,8.0,0.0,0.0,SUCCESS,SUCCESS,0.0,0.0,7.619783692902615e-10,,1,0,0.0,True,True,,data/raw/conditioning/conditioning_high_precision_6ddd829ef8bc,0.0,0.12415580281408296,0.0,0.0,1.0,True,6.447445154654458e-17,0.019120736089211388,-1.374346883571062,3183.6432627450326,2.1589021185524454e-16,,,,,,,,,,,,,,,,,,,,,,,
conditioning_high_precision_fdd50e8d60b7,conditioning,high_precision,056697e838fdf90f8af053d13a5639d0d26706ba59f595f9bbc2d755d337fc52,cb20a339f3d8dfccb33e4fd8bf6738036431a0eb,056697e838fdf90f8af053d13a5639d0d26706ba59f595f9bbc2d755d337fc52,24,2.0,0.5217391304347826,12.0,0.0,0.0,SUCCESS,SUCCESS,0.0,0.0,7.619783692902615e-10,,1,0,0.0,True,True,,data/raw/conditioning/conditioning_high_precision_fdd50e8d60b7,0.0,0.12415580281408296,0.0,0.0,0.9999999999999999,True,7.440524122587294e-17,0.01912073608921161,-1.374346883571062,180219.06128939567,2.0859080494936936e-16,,,,,,,,,,,,,,,,,,,,,,,
conditioning_raw_7ef6e66d0229,conditioning,raw,056697e838fdf90f8af053d13a5639d0d26706ba59f595f9bbc2d755d337fc52,cb20a339f3d8dfccb33e4fd8bf6738036431a0eb,056697e838fdf90f8af053d13a5639d0d26706ba59f595f9bbc2d755d337fc52,80,2.0,0.10126582278481013,8.0,0.0,0.0,SUCCESS,SUCCESS,7.449292462649989e-11,5.477080332462782e-11,8.572320631117236e-10,,1,3,0.15212634205818176,True,True,,data/raw/conditioning/conditioning_raw_7ef6e66d0229,-4.2875643583595653e-19,0.12649812007594272,0.0,2.2431389148937777e-15,1.0000000000000013,True,1.2080601376842619e-15,0.0008927106547905739,-1.3941266737639044,3044.6069498849615,,4.8112124919321897e-11,2980.9579870417288,2.4501956019668443e-11,,,,,,,,,,,,,,,,,,,,
conditioning_raw_a3d1ee714060,conditioning,raw,056697e838fdf90f8af053d13a5639d0d26706ba59f595f9bbc2d755d337fc52,cb20a339f3d8dfccb33e4fd8bf6738036431a0eb,056697e838fdf90f8af053d13a5639d0d26706ba59f595f9bbc2d755d337fc52,80,2.0,0.0,0.0,0.0,0.0,SUCCESS,SUCCESS,5.23779517027706e-11,5.476895429593238e-11,8.57232396178631e-10,,1,3,0.02292163111269474,True,True,,data/raw/conditioning/conditioning_raw_a3d1ee714060,0.0,0.12649812007594316,0.0,0.0,0.9999999999999999,True,1.5754644856060775e-16,0.0008927106547930164,-1.3941266737639044,1.0000000000002078,,2.286869844242283e-11,1.0,2.4501289885847655e-11,,,,,,,,,,,,,,,,,,,,
conditioning_raw_ad60d1c64a33,conditioning,raw,056697e838fdf90f8af053d13a5639d0d26706ba59f595f9bbc2d755d337fc52,cb20a339f3d8dfccb33e4fd8bf6738036431a0eb,056697e838fdf90f8af053d13a5639d0d26706ba59f595f9bbc2d755d337fc52,80,2.0,0.1518987341772152,12.0,0.0,0.0,SUCCESS,SUCCESS,7.060356109780046e-11,5.477117917339947e-11,8.572320631117236e-10,,1,3,0.16007139487192035,True,True,,data/raw/conditioning/conditioning_raw_ad60d1c64a33,4.666613776444523e-18,0.12649812007594283,0.0,1.955931768819255e-15,0.9999999999999989,True,2.767337939453147e-15,0.0008927106547907959,-1.3941266737639044,168159.4246311494,,4.554216603166213e-11,162754.79141900392,2.4508395313205692e-11,,,,,,,,,,,,,,,,,,,,
conditioning_raw_be9f03d9d7b4,conditioning,raw,056697e838fdf90f8af053d13a5639d0d26706ba59f595f9bbc2d755d337fc52,cb20a339f3d8dfccb33e4fd8bf6738036431a0eb,056697e838fdf90f8af053d13a5639d0d26706ba59f595f9bbc2d755d337fc52,80,2.0,0.05063291139240506,4.0,0.0,0.0,SUCCESS,SUCCESS,7.3325241271537e-11,5.477096208615637e-11,8.572320631117236e-10,,1,3,0.14916810113936663,True,True,,data/raw/conditioning/conditioning_raw_be9f03d9d7b4,-1.985135340401302e-18,0.12649812007594283,0.0,1.678393120390831e-15,1.0000000000000013,True,1.4388495368248607e-15,0.0008927106547886865,-1.3941266737639044,55.079386292958986,,4.694156669265494e-11,54.598150033144236,2.4496626949144252e-11,,,,,,,,,,,,,,,,,,,,
conditioning_raw_c6c0cd11c6b1,conditioning,raw,056697e838fdf90f8af053d13a5639d0d26706ba59f595f9bbc2d755d337fc52,cb20a339f3d8dfccb33e4fd8bf6738036431a0eb,056697e838fdf90f8af053d13a5639d0d26706ba59f595f9bbc2d755d337fc52,80,2.0,0.20253164556962025,16.0,0.0,0.0,SUCCESS,SUCCESS,6.587362265458634e-11,5.4771297301743766e-11,8.572320631117236e-10,,1,3,0.14676587469875813,True,True,,data/raw/conditioning/conditioning_raw_c6c0cd11c6b1,6.598096655085234e-19,0.12649812007594294,0.0,1.3130215727179914e-14,0.9999999999999953,True,2.4776532052357978e-15,0.0008927106547890196,-1.3941266737639044,9284060.026029402,,4.285735477393876e-11,8886110.520507872,2.450217807627756e-11,,,,,,,,,,,,,,,,,,,,
conditioning_rescaled_16024bbf0a1c,conditioning,rescaled,056697e838fdf90f8af053d13a5639d0d26706ba59f595f9bbc2d755d337fc52,cb20a339f3d8dfccb33e4fd8bf6738036431a0eb,056697e838fdf90f8af053d13a5639d0d26706ba59f595f9bbc2d755d337fc52,80,2.0,0.10126582278481013,8.0,0.0,0.0,SUCCESS,SUCCESS,7.44994561620541e-11,5.4771245222881616e-11,8.572327292455384e-10,,1,3,0.03881653118878603,True,True,,data/raw/conditioning/conditioning_rescaled_16024bbf0a1c,0.0,0.12649812007594302,0.0,0.0,1.0,True,1.571283949822535e-16,0.0008927106547932384,-1.3941266737639044,2980.957987041815,,4.810740789918394e-11,2980.9579870417288,2.4502178064267355e-11,,,,,,,,,,,,,,,,,,,,
conditioning_rescaled_1d61b334b2b9,conditioning,rescaled,056697e838fdf90f8af053d13a5639d0d26706ba59f595f9bbc2d755d337fc52,cb20a339f3d8dfccb33e4fd8bf6738036431a0eb,056697e838fdf90f8af053d13a5639d0d26706ba59f595f9bbc2d755d337fc52,80,2.0,0.1518987341772152,12.0,0.0,0.0,SUCCESS,SUCCESS,7.060309318294507e-11,5.477020969622912e-11,8.572312859556064e-10,,1,3,0.03916044207289815,True,True,,data/raw/conditioning/conditioning_rescaled_1d61b334b2b9,0.0,0.12649812007594327,0.0,0.0,1.0000000000000002,True,2.5671266811534183e-16,0.0008927106547942376,-1.3941266737639044,162754.79141948585,,4.553565528793066e-11,162754.79141900392,2.450062375203288e-11,,,,,,,,,,,,,,,,,,,,
conditioning_rescaled_2e6df2e9bf89,conditioning,rescaled,056697e838fdf90f8af053d13a5639d0d26706ba59f595f9bbc2d755d337fc52,cb20a339f3d8dfccb33e4fd8bf6738036431a0eb,056697e838fdf90f8af053d13a5639d0d26706ba59f595f9bbc2d755d337fc52,80,2.0,0.0,0.0,0.0,0.0,SUCCESS,SUCCESS,5.23779517027706e-11,5.476895429593238e-11,8.57232396178631e-10,,1,3,0.0390329877845943,True,True,,data/raw/conditioning/conditioning_rescaled_2e6df2e9bf89,0.0,0.12649812007594316,0.0,0.0,0.9999999999999999,True,1.5754644856060775e-16,0.0008927106547930164,-1.3941266737639044,1.0000000000002078,,2.286869844242283e-11,1.0,2.4501289885847655e-11,,,,,,,,,,,,,,,,,,,,
conditioning_rescaled_7e9ac8baae21,conditioning,rescaled,056697e838fdf90f8af053d13a5639d0d26706ba59f595f9bbc2d755d337fc52,cb20a339f3d8dfccb33e4fd8bf6738036431a0eb,056697e838fdf90f8af053d13a5639d0d26706ba59f595f9bbc2d755d337fc52,80,2.0,0.05063291139240506,4.0,0.0,0.0,SUCCESS,SUCCESS,7.332718196167782e-11,5.4773739667970054e-11,8.572300647102793e-10,,1,3,0.03855761094018817,True,True,,data/raw/conditioning/conditioning_rescaled_7e9ac8baae21,0.0,0.12649812007594244,0.0,0.0,1.0,True,1.5551535094708161e-16,0.0008927106547964581,-1.3941266737639044,54.598150033144314,,4.693981761466308e-11,54.598150033144236,2.449973557361318e-11,,,,,,,,,,,,,,,,,,,,
conditioning_rescaled_b7f290917736,conditioning,rescaled,056697e838fdf90f8af053d13a5639d0d26706ba59f595f9bbc2d755d337fc52,cb20a339f3d8dfccb33e4fd8bf6738036431a0eb,056697e838fdf90f8af053d13a5639d0d26706ba59f595f9bbc2d755d337fc52,80,2.0,0.20253164556962025,16.0,0.0,0.0,SUCCESS,SUCCESS,6.58854796192994e-11,5.4769089348734034e-11,8.572327292455384e-10,,1,3,0.038780893199145794,True,True,,data/raw/conditioning/conditioning_rescaled_b7f290917736,0.0,0.12649812007594333,0.0,0.0,0.9999999999999997,True,2.9504875970973647e-16,0.0008927106547930164,-1.3941266737639044,8886110.520916231,,4.2862537092794626e-11,8886110.520507872,2.4501733975057505e-11,,,,,,,,,,,,,,,,,,,,
fig2_hermitian_03194dbc8d9e,fig2,hermitian,056697e838fdf90f8af053d13a5639d0d26706ba59f595f9bbc2d755d337fc52,cb20a339f3d8dfccb33e4fd8bf6738036431a0eb,056697e838fdf90f8af053d13a5639d0d26706ba59f595f9bbc2d755d337fc52,80,2.0,0.0,0.0,0.0,0.0,SUCCESS,SUCCESS,6.32395092206552e-11,6.883457268567379e-11,8.384710703523979e-10,,32,8103,59.9890006929636,True,True,,data/raw/fig2/fig2_hermitian_03194dbc8d9e,0.0,0.1264981200684503,0.0,0.0,1.0,True,0.0,0.0008927106810379115,-1.3941266737639044,1.0000000000003257,,,,,,,,,,,,,,,,,,,,,,,,
fig2_hermitian_1bb070359f1a,fig2,hermitian,056697e838fdf90f8af053d13a5639d0d26706ba59f595f9bbc2d755d337fc52,cb20a339f3d8dfccb33e4fd8bf6738036431a0eb,056697e838fdf90f8af053d13a5639d0d26706ba59f595f9bbc2d755d337fc52,24,2.0,0.0,0.0,0.0,0.0,SUCCESS,SUCCESS,8.482354674607424e-11,3.771261261871708e-11,7.619783692902615e-10,,26,7105,5.676267904229462,True,True,,data/raw/fig2/fig2_hermitian_1bb070359f1a,0.0,0.12415580281408296,0.0,0.0,1.0,True,0.0,0.01912073608921272,-1.374346883571062,1.0000000000000113,,,,,,,,,,,,,,,,,,,,,,,,
fig2_hermitian_5db568ac19f6,fig2,hermitian,056697e838fdf90f8af053d13a5639d0d26706ba59f595f9bbc2d755d337fc52,cb20a339f3d8dfccb33e4fd8bf6738036431a0eb,056697e838fdf90f8af053d13a5639d0d26706ba59f595f9bbc2d755d337fc52,120,2.0,0.0,0.0,0.0,0.0,SUCCESS,SUCCESS,8.523355087038791e-11,7.527916766507261e-11,9.93694238005105e-10,,32,8026,152.42456684075296,True,True,,data/raw/fig2/fig2_hermitian_5db568ac19f6,0.0,0.12665586012285115,0.0,0.0,1.0,True,0.0,0.0003368471037716869,-1.397012045210514,1.0000000000001854,,,,,,,,,,,,,,,,,,,,,,,,
fig2_hermitian_9e22bd48c335,fig2,hermitian,056697e838fdf90f8af053d13a5639d0d26706ba59f595f9bbc2d755d337fc52,cb20a339f3d8dfccb33e4fd8bf6738036431a0eb,056697e838fdf90f8af053d13a5639d0d26706ba59f595f9bbc2d755d337fc52,40,2.0,0.0,0.0,0.0,0.0,SUCCESS,SUCCESS,6.435753903120846e-11,7.686370837123888e-11,6.397635754495923e-10,,32,7834,14.657810742035508,True,True,,data/raw/fig2/fig2_hermitian_9e22bd48c335,0.0,0.1261689026427852,0.0,0.0,1.0,True,0.0,0.0018191677580605692,-1.3855207912384604,1.0000000000001095,,,,,,,,,,,,,,,,,,,,,,,,
fig2_mapped_07becbc166f1,fig2,mapped,056697e838fdf90f8af053d13a5639d0d26706ba59f595f9bbc2d755d337fc52,cb20a339f3d8dfccb33e4fd8bf6738036431a0eb,056697e838fdf90f8af053d13a5639d0d26706ba59f595f9bbc2d755d337fc52,80,2.0,0.02531645569620253,2.0,0.0,0.0,SUCCESS,SUCCESS,0.0,0.0,8.384710703523979e-10,,1,0,0.0,True,True,,data/raw/fig2/fig2_mapped_07becbc166f1,0.0,0.1264981200684503,0.0,5.427792580365553e-16,1.0,True,1.0691986423764165e-16,0.0008927106810383556,-1.3941266737639044,7.407406441979011,,,,,7.935837977708225e-11,,,,,,,,,,,,,,,,,,,
fig2_mapped_09baca7cf19a,fig2,mapped,056697e838fdf90f8af053d13a5639d0d26706ba59f595f9bbc2d755d337fc52,cb20a339f3d8dfccb33e4fd8bf6738036431a0eb,056697e838fdf90f8af053d13a5639d0d26706ba59f595f9bbc2d755d337fc52,80,2.0,0.05063291139240506,4.0,0.0,0.0,SUCCESS,SUCCESS,0.0,0.0,8.384710703523979e-10,,1,0,0.0,True,True,,data/raw/fig2/fig2_mapped_09baca7cf19a,0.0,0.1264981200684503,0.0,1.811455650173217e-15,0.9999999999999999,True,2.0423993041962216e-16,0.0008927106810376895,-1.3941266737639044,55.07938629305442,,,,,8.84108872106671e-11,,,,,,,,,,,,,,,,,,,
fig2_mapped_16675cb2a916,fig2,mapped,056697e838fdf90f8af053d13a5639d0d26706ba59f595f9bbc2d755d337fc52,cb20a339f3d8dfccb33e4fd8bf6738036431a0eb,056697e838fdf90f8af053d13a5639d0d26706ba59f595f9bbc2d755d337fc52,80,2.0,0.12658227848101267,10.0,0.0,0.0,SUCCESS,SUCCESS,0.0,0.0,8.384710703523979e-10,,1,0,0.0,True,True,,data/raw/fig2/fig2_mapped_16675cb2a916,0.0,0.1264981200684503,0.0,1.6842152824376566e-15,1.0,True,1.0558168221207957e-16,0.0008927106810382446,-1.3941266737639044,22628.431419154356,,,,,9.022608326736224e-11,,,,,,,,,,,,,,,,,,,
fig2_mapped_17ccf8abee22,fig2,mapped,056697e838fdf90f8af053d13a5639d0d26706ba59f595f9bbc2d755d337fc52,cb20a339f3d8dfccb33e4fd8bf6738036431a0eb,056697e838fdf90f8af053d13a5639d0d26706ba59f595f9bbc2d755d337fc52,40,2.0,0.0,0.0,0.0,0.0,SUCCESS,SUCCESS,0.0,0.0,6.397635754495923e-10,,1,0,0.0,True,True,,data/raw/fig2/fig2_mapped_17ccf8abee22,0.0,0.1261689026427852,0.0,0.0,1.0,True,0.0,0.0018191677580605692,-1.3855207912384604,1.0000000000001095,,,,,6.435753903416326e-11,,,,,,,,,,,,,,,,,,,
fig2_mapped_1bea6468d936,fig2,mapped,056697e838fdf90f8af053d13a5639d0d26706ba59f595f9bbc2d755d337fc52,cb20a339f3d8dfccb33e4fd8bf6738036431a0eb,056697e838fdf90f8af053d13a5639d0d26706ba59f595f9bbc2d755d337fc52,24,2.0,0.0,0.0,0.0,0.0,SUCCESS,SUCCESS,0.0,0.0,7.619783692902615e-10,,1,0,0.0,True,True,,data/raw/fig2/fig2_mapped_1bea6468d936,0.0,0.12415580281408296,0.0,0.0,1.0,True,0.0,0.01912073608921272,-1.374346883571062,1.0000000000000113,,,,,8.482354674607424e-11,,,,,,,,,,,,,,,,,,,
fig2_mapped_1d0ed88c638d,fig2,mapped,056697e838fdf90f8af053d13a5639d0d26706ba59f595f9bbc2d755d337fc52,cb20a339f3d8dfccb33e4fd8bf6738036431a0eb,056697e838fdf90f8af053d13a5639d0d26706ba59f595f9bbc2d755d337fc52,40,2.0,0.05128205128205128,2.0,0.0,0.0,SUCCESS,SUCCESS,0.0,0.0,6.397635754495923e-10,,1,0,0.0,True,True,,data/raw/fig2/fig2_mapped_1d0ed88c638d,0.0,0.1261689026427852,0.0,4.0806293168626713e-16,1.0,True,1.4594798369753375e-16,0.001819167758054352,-1.3855207912384604,7.425482454290777,,,,,8.08492687867677e-11,,,,,,,,,,,,,,,,,,,
fig2_mapped_2571b1379b18,fig2,mapped,056697e838fdf90f8af053d13a5639d0d26706ba59f595f9bbc2d755d337fc52,cb20a339f3d8dfccb33e4fd8bf6738036431a0eb,056697e838fdf90f8af053d13a5639d0d26706ba59f595f9bbc2d755d337fc52,24,2.0,0.2608695652173913,6.0,0.0,0.0,SUCCESS,SUCCESS,0.0,0.0,7.619783692902615e-10,,1,0,0.0,True,True,,data/raw/fig2/fig2_mapped_2571b1379b18,0.0,0.12415580281408296,0.0,0.0,1.0000000000000002,True,2.2296870187161474e-16,0.01912073608921494,-1.374346883571062,422.6727337078438,,,,,1.9274630286346955e-10,,,,,,,,,,,,,,,,,,,
fig2_mapped_296b804e7e1a,fig2,mapped,056697e838fdf90f8af053d13a5639d0d26706ba59f595f9bbc2d755d337fc52,cb20a339f3d8dfccb33e4fd8bf6738036431a0eb,056697e838fdf90f8af053d13a5639d0d26706ba59f595f9bbc2d755d337fc52,80,2.0,0.0759493670886076,6.0,0.0,0.0,SUCCESS,SUCCESS,0.0,0.0,8.384710703523979e-10,,1,0,0.0,True,True,,data/raw/fig2/fig2_mapped_296b804e7e1a,0.0,0.1264981200684503,0.0,1.4191299400158242e-15,1.0,True,1.4277490692663105e-16,0.0008927106810361352,-1.3941266737639044,409.56754547125826,,,,,9.121277124212871e-11,,,,,,,,,,,,,,,,,,,
fig2_mapped_2d0f4ddbd02e,fig2,mapped,056697e838fdf90f8af053d13a5639d0d26706ba59f595f9bbc2d755d337fc52,cb20a339f3d8dfccb33e4fd8bf6738036431a0eb,056697e838fdf90f8af053d13a5639d0d26706ba59f595f9bbc2d755d337fc52,24,2.0,0.08695652173913043,2.0,0.0,0.0,SUCCESS,SUCCESS,0.0,0.0,7.619783692902615e-10,,1,0,0.0,True,True,,data/raw/fig2/fig2_mapped_2d0f4ddbd02e,0.0,0.12415580281408296,0.0,0.0,1.0,True,6.459170016293629e-17,0.019120736089205614,-1.374346883571062,7.448152982060828,,,,,1.449008068544669e-10,,,,,,,,,,,,,,,,,,,
fig2_mapped_4307d55739ea,fig2,mapped,056697e838fdf90f8af053d13a5639d0d26706ba59f595f9bbc2d755d337fc52,cb20a339f3d8dfccb33e4fd8bf6738036431a0eb,056697e838fdf90f8af053d13a5639d0d26706ba59f595f9bbc2d755d337fc52,120,2.0,0.08403361344537816,10.0,0.0,0.0,SUCCESS,SUCCESS,0.0,0.0,9.93694238005105e-10,,1,0,0.0,True,True,,data/raw/fig2/fig2_mapped_4307d55739ea,0.0,0.12665586012285115,0.0,5.27214574335073e-15,0.9999999999999998,True,2.3548899797851246e-16,0.0003368471037690224,-1.397012045210514,22546.733583461424,,,,,2.2316030949384634e-10,,,,,,,,,,,,,,,,,,,
fig2_mapped_4788f6f401ab,fig2,mapped,056697e838fdf90f8af053d13a5639d0d26706ba59f595f9bbc2d755d337fc52,cb20a339f3d8dfccb33e4fd8bf6738036431a0eb,056697e838fdf90f8af053d13a5639d0d26706ba59f595f9bbc2d755d337fc52,24,2.0,0.17391304347826086,4.0,0.0,0.0,SUCCESS,SUCCESS,0.0,0.0,7.619783692902615e-10,,1,0,0.0,True,True,,data/raw/fig2/fig2_mapped_4788f6f401ab,0.0,0.12415580281408296,0.0,0.0,1.0,True,8.89554455738153e-17,0.019120736089212498,-1.374346883571062,56.09466525025677,,,,,1.7802329425379147e-10,,,,,,,,,,,,,,,,,,,
fig2_mapped_52de610af1fb,fig2,mapped,056697e838fdf90f8af053d13a5639d0d26706ba59f595f9bbc2d755d337fc52,cb20a339f3d8dfccb33e4fd8bf6738036431a0eb,056697e838fdf90f8af053d13a5639d0d26706ba59f595f9bbc2d755d337fc52,80,2.0,0.0,0.0,0.0,0.0,SUCCESS,SUCCESS,0.0,0.0,8.384710703523979e-10,,1,0,0.0,True,True,,data/raw/fig2/fig2_mapped_52de610af1fb,0.0,0.1264981200684503,0.0,0.0,1.0,True,0.0,0.0008927106810379115,-1.3941266737639044,1.0000000000003257,,,,,6.323950922396901e-11,,,,,,,,,,,,,,,,,,,
fig2_mapped_6049a96d71f5,fig2,mapped,056697e838fdf90f8af053d13a5639d0d26706ba59f595f9bbc2d755d337fc52,cb20a339f3d8dfccb33e4fd8bf6738036431a0eb,056697e838fdf90f8af053d13a5639d0d26706ba59f595f9bbc2d755d337fc52,40,2.0,0.10256410256410256,4.0,0.0,0.0,SUCCESS,SUCCESS,0.0,0.0,6.397635754495923e-10,,1,0,0.0,True,True,,data/raw/fig2/fig2_mapped_6049a96d71f5,0.0,0.1261689026427852,0.0,9.907609978763115e-16,1.0,True,6.803266774716926e-17,0.0018191677580667864,-1.3855207912384604,55.513554348959985,,,,,8.289193554801024e-11,,,,,,,,,,,,,,,,,,,
fig2_mapped_6e8cd0c50d17,fig2,mapped,056697e838fdf90f8af053d13a5639d0d26706ba59f595f9bbc2d755d337fc52,cb20a339f3d8dfccb33e4fd8bf6738036431a0eb,056697e838fdf90f8af053d13a5639d0d26706ba59f595f9bbc2d755d337fc52,40,2.0,0.15384615384615385,6.0,0.0,0.0,SUCCESS,SUCCESS,0.0,0.0,6.397635754495923e-10,,1,0,0.0,True,True,,data/raw/fig2/fig2_mapped_6e8cd0c50d17,0.0,0.1261689026427852,0.0,7.128693544974786e-16,1.0,True,9.384828226666241e-17,0.0018191677580587928,-1.3855207912384604,414.8671126733998,,,,,7.831294245297219e-11,,,,,,,,,,,,,,,,,,,
fig2_mapped_84e9071d157f,fig2,mapped,056697e838fdf90f8af053d13a5639d0d26706ba59f595f9bbc2d755d337fc52,cb20a339f3d8dfccb33e4fd8bf6738036431a0eb,056697e838fdf90f8af053d13a5639d0d26706ba59f595f9bbc2d755d337fc52,120,2.0,0.05042016806722689,6.0,0.0,0.0,SUCCESS,SUCCESS,0.0,0.0,9.93694238005105e-10,,1,0,0.0,True,True,,data/raw/fig2/fig2_mapped_84e9071d157f,0.0,0.12665586012285115,0.0,1.9099344714805498e-15,1.0,True,1.1110277532258708e-16,0.0003368471037676901,-1.397012045210514,408.764396594448,,,,,1.9620204964145211e-10,,,,,,,,,,,,,,,,,,,
fig2_mapped_917d68fc669e,fig2,mapped,056697e838fdf90f8af053d13a5639d0d26706ba59f595f9bbc2d755d337fc52,cb20a339f3d8dfccb33e4fd8bf6738036431a0eb,056697e838fdf90f8af053d13a5639d0d26706ba59f595f9bbc2d755d337fc52,24,2.0,0.43478260869565216,10.0,0.0,0.0,SUCCESS,SUCCESS,0.0,0.0,7.619783692902615e-10,,1,0,0.0,True,True,,data/raw/fig2/fig2_mapped_917d68fc669e,0.0,0.12415580281408296,0.0,0.0,1.0,True,6.803846658034102e-17,0.019120736089210055,-1.374346883571062,23964.428863176236,,,,,2.0466162436447046e-10,,,,,,,,,,,,,,,,,,,
fig2_mapped_9c3660186bbc,fig2,mapped,056697e838fdf90f8af053d13a5639d0d26706ba59f595f9bbc2d755d337fc52,cb20a339f3d8dfccb33e4fd8bf6738036431a0eb,056697e838fdf90f8af053d13a5639d0d26706ba59f595f9bbc2d755d337fc52,120,2.0,0.0,0.0,0.0,0.0,SUCCESS,SUCCESS,0.0,0.0,9.93694238005105e-10,,1,0,0.0,True,True,,data/raw/fig2/fig2_mapped_9c3660186bbc,0.0,0.12665586012285115,0.0,0.0,1.0,True,0.0,0.0003368471037716869,-1.397012045210514,1.0000000000001854,,,,,8.523355087570416e-11,,,,,,,,,,,,,,,,,,,
fig2_mapped_9f4474ee1cde,fig2,mapped,056697e838fdf90f8af053d13a5639d0d26706ba59f595f9bbc2d755d337fc52,cb20a339f3d8dfccb33e4fd8bf6738036431a0eb,056697e838fdf90f8af053d13a5639d0d26706ba59f595f9bbc2d755d337fc52,40,2.0,0.2564102564102564,10.0,0.0,0.0,SUCCESS,SUCCESS,0.0,0.0,6.397635754495923e-10,,1,0,0.0,True,True,,data/raw/fig2/fig2_mapped_9f4474ee1cde,0.0,0.1261689026427852,0.0,2.5696249996963357e-16,0.9999999999999999,True,1.6620707899039479e-16,0.0018191677580656762,-1.3855207912384604,23138.76803747535,,,,,6.639950066689402e-11,,,,,,,,,,,,,,,,,,,
fig2_mapped_ab7bbaec4543,fig2,mapped,056697e838fdf90f8af053d13a5639d0d26706ba59f595f9bbc2d755d337fc52,cb20a339f3d8dfccb33e4fd8bf6738036431a0eb,056697e838fdf90f8af053d13a5639d0d26706ba59f595f9bbc2d755d337fc52,24,2.0,0.34782608695652173,8.0,0.0,0.0,SUCCESS,SUCCESS,0.0,0.0,7.619783692902615e-10,,1,0,0.0,True,True,,data/raw/fig2/fig2_mapped_ab7bbaec4543,0.0,0.12415580281408296,0.0,0.0,1.0,True,6.447445154654458e-17,0.019120736089211388,-1.374346883571062,3183.6432627450326,,,,,2.0030362482021133e-10,,,,,,,,,,,,,,,,,,,
fig2_mapped_b9ed2785d2b3,fig2,mapped,056697e838fdf90f8af053d13a5639d0d26706ba59f595f9bbc2d755d337fc52,cb20a339f3d8dfccb33e4fd8bf6738036431a0eb,056697e838fdf90f8af053d13a5639d0d26706ba59f595f9bbc2d755d337fc52,80,2.0,0.10126582278481013,8.0,0.0,0.0,SUCCESS,SUCCESS,0.0,0.0,8.384710703523979e-10,,1,0,0.0,True,True,,data/raw/fig2/fig2_mapped_b9ed2785d2b3,0.0,0.1264981200684503,0.0,1.9403625006643418e-15,1.0,True,1.0411067073803766e-16,0.0008927106810320273,-1.3941266737639044,3044.6069499279943,,,,,9.132164762326803e-11,,,,,,,,,,,,,,,,,,,
fig2_mapped_d612a876b455,fig2,mapped,056697e838fdf90f8af053d13a5639d0d26706ba59f595f9bbc2d755d337fc52,cb20a339f3d8dfccb33e4fd8bf6738036431a0eb,056697e838fdf90f8af053d13a5639d0d26706ba59f595f9bbc2d755d337fc52,120,2.0,0.03361344537815126,4.0,0.0,0.0,SUCCESS,SUCCESS,0.0,0.0,9.93694238005105e-10,,1,0,0.0,True,True,,data/raw/fig2/fig2_mapped_d612a876b455,0.0,0.12665586012285115,0.0,1.4462948781517484e-15,1.0000000000000002,True,1.9199235179726196e-16,0.0003368471037726861,-1.397012045210514,55.00793326049696,,,,,1.7285197479374718e-10,,,,,,,,,,,,,,,,,,,
fig2_mapped_dc7e73fb0a2c,fig2,mapped,056697e838fdf90f8af053d13a5639d0d26706ba59f595f9bbc2d755d337fc52,cb20a339f3d8dfccb33e4fd8bf6738036431a0eb,056697e838fdf90f8af053d13a5639d0d26706ba59f595f9bbc2d755d337fc52,40,2.0,0.20512820512820512,8.0,0.0,0.0,SUCCESS,SUCCESS,0.0,0.0,6.397635754495923e-10,,1,0,0.0,True,True,,data/raw/fig2/fig2_mapped_dc7e73fb0a2c,0.0,0.1261689026427852,0.0,1.2760641953479333e-15,1.0,True,5.064582717453416e-17,0.0018191677580607912,-1.3855207912384604,3098.62095546371,,,,,7.23682809041495e-11,,,,,,,,,,,,,,,,,,,
fig2_mapped_dd62dec21cdb,fig2,mapped,056697e838fdf90f8af053d13a5639d0d26706ba59f595f9bbc2d755d337fc52,cb20a339f3d8dfccb33e4fd8bf6738036431a0eb,056697e838fdf90f8af053d13a5639d0d26706ba59f595f9bbc2d755d337fc52,120,2.0,0.06722689075630252,8.0,0.0,0.0,SUCCESS,SUCCESS,0.0,0.0,9.93694238005105e-10,,1,0,0.0,True,True,,data/raw/fig2/fig2_mapped_dd62dec21cdb,0.0,0.12665586012285115,0.0,1.548420083126936e-15,1.0,True,8.564636244477699e-17,0.00033684710376946647,-1.397012045210514,3036.3708385011346,,,,,2.1202129530685724e-10,,,,,,,,,,,,,,,,,,,
fig2_mapped_e6bb7c019faf,fig2,mapped,056697e838fdf90f8af053d13a5639d0d26706ba59f595f9bbc2d755d337fc52,cb20a339f3d8dfccb33e4fd8bf6738036431a0eb,056697e838fdf90f8af053d13a5639d0d26706ba59f595f9bbc2d755d337fc52,120,2.0,0.01680672268907563,2.0,0.0,0.0,SUCCESS,SUCCESS,0.0,0.0,9.93694238005105e-10,,1,0,0.0,True,True,,data/raw/fig2/fig2_mapped_e6bb7c019faf,0.0,0.12665586012285115,0.0,6.584380173060918e-16,1.0,True,1.4092468721018692e-16,0.0003368471037726861,-1.397012045210514,7.403938586547389,,,,,1.3541629821554619e-10,,,,,,,,,,,,,,,,,,,
fig2_raw_11559ff332d3,fig2,raw,056697e838fdf90f8af053d13a5639d0d26706ba59f595f9bbc2d755d337fc52,cb20a339f3d8dfccb33e4fd8bf6738036431a0eb,056697e838fdf90f8af053d13a5639d0d26706ba59f595f9bbc2d755d337fc52,40,2.0,0.05128205128205128,2.0,0.0,0.0,SUCCESS,SUCCESS,7.081884036746329e-11,6.493722827892596e-11,6.271096975041246e-10,,1,3,0.036939987912774086,True,True,,data/raw/fig2/fig2_raw_11559ff332d3,-1.7639718849042913e-18,0.12616890264839636,0.0,2.1213209906808301e-16,0.9999999999999999,True,2.192166087177368e-15,0.001819167784348652,-1.3855207912384604,7.425482454302074,,,,1.9313661782574503e-11,8.08492687867677e-11,3.407518480641458e-11,4.4227858277771453e-11,6.983856532862158e-11,-4.181624865168498e-19,1.0000000000322262,,,,,,,,,,,,,,
fig2_raw_1d4b3eaafc3f,fig2,raw,056697e838fdf90f8af053d13a5639d0d26706ba59f595f9bbc2d755d337fc52,cb20a339f3d8dfccb33e4fd8bf6738036431a0eb,056697e838fdf90f8af053d13a5639d0d26706ba59f595f9bbc2d755d337fc52,40,2.0,0.20512820512820512,8.0,0.0,0.0,SUCCESS,SUCCESS,6.565765944331657e-11,6.493685816470833e-11,6.271096975041246e-10,,1,3,0.038999447133392096,True,True,,data/raw/fig2/fig2_raw_1d4b3eaafc3f,5.723220768067669e-19,0.12616890264839642,0.0,1.2045950116619465e-15,1.0000000000000018,True,1.4795617875866268e-15,0.0018191677843497622,-1.3855207912384604,3098.6209554974503,,,,1.930855475507089e-11,7.23682809041495e-11,2.8607563405772154e-11,4.42278406780439e-11,6.983837400078451e-11,-2.1102107370858234e-18,1.0000000000310838,,,,,,,,,,,,,,
fig2_raw_1fe927c86b50,fig2,raw,056697e838fdf90f8af053d13a5639d0d26706ba59f595f9bbc2d755d337fc52,cb20a339f3d8dfccb33e4fd8bf6738036431a0eb,056697e838fdf90f8af053d13a5639d0d26706ba59f595f9bbc2d755d337fc52,24,2.0,0.08695652173913043,2.0,0.0,0.0,SUCCESS,SUCCESS,8.695851572214878e-11,2.1864172020769624e-11,7.701727033904149e-10,,1,10,0.031069674994796515,True,True,,data/raw/fig2/fig2_raw_1fe927c86b50,0.0,0.124155802808297,0.0,0.0,1.0000000000000013,True,2.9480619154219038e-15,0.019120736070795674,-1.374346883571062,7.448152982090126,,,,2.4706070522739765e-11,1.449008068544669e-10,1.8431304412990508e-10,8.085412530627954e-11,3.263201063218853e-10,0.0,0.9999999997442693,,,,,,,,,,,,,,
fig2_raw_347216af6045,fig2,raw,056697e838fdf90f8af053d13a5639d0d26706ba59f595f9bbc2d755d337fc52,cb20a339f3d8dfccb33e4fd8bf6738036431a0eb,056697e838fdf90f8af053d13a5639d0d26706ba59f595f9bbc2d755d337fc52,24,2.0,0.2608695652173913,6.0,0.0,0.0,SUCCESS,SUCCESS,8.721154852331088e-11,1.6186901207209208e-11,7.730623918789092e-10,,1,15,0.04504022980108857,True,True,,data/raw/fig2/fig2_raw_347216af6045,0.0,0.12415580280617546,0.0,0.0,1.0000000000000122,True,2.8387344464760746e-15,0.01912073606418785,-1.374346883571062,422.6727337152984,,,,3.369343692938287e-11,1.9274630286346955e-10,1.4066914867876863e-10,1.1002505978407883e-10,4.4700821439565797e-10,0.0,0.9999999994422063,,,,,,,,,,,,,,
fig2_raw_4e7a43261fc1,fig2,raw,056697e838fdf90f8af053d13a5639d0d26706ba59f595f9bbc2d755d337fc52,cb20a339f3d8dfccb33e4fd8bf6738036431a0eb,056697e838fdf90f8af053d13a5639d0d26706ba59f595f9bbc2d755d337fc52,80,2.0,0.05063291139240506,4.0,0.0,0.0,SUCCESS,SUCCESS,7.3325241271537e-11,5.477096208615637e-11,8.572320631117236e-10,,1,3,0.1445712368004024,True,True,,data/raw/fig2/fig2_raw_4e7a43261fc1,-1.985135340401302e-18,0.12649812007594283,0.0,1.678393120390831e-15,1.0000000000000013,True,1.4388495368248607e-15,0.0008927106547886865,-1.3941266737639044,55.079386292958986,,,,2.449596081587519e-11,8.84108872106671e-11,4.089863387430895e-11,3.8987491682486966e-11,7.04541745866902e-11,8.343837429372821e-20,1.0000000000297538,,,,,,,,,,,,,,
fig2_raw_6060a6f9ace2,fig2,raw,056697e838fdf90f8af053d13a5639d0d26706ba59f595f9bbc2d755d337fc52,cb20a339f3d8dfccb33e4fd8bf6738036431a0eb,056697e838fdf90f8af053d13a5639d0d26706ba59f595f9bbc2d755d337fc52,120,2.0,0.06722689075630252,8.0,0.0,0.0,SUCCESS,SUCCESS,8.732530644625073e-11,2.0183258160625794e-11,9.503653419784541e-10,,1,18,2.377850973047316,True,True,,data/raw/fig2/fig2_raw_6060a6f9ace2,-1.0152104214660415e-17,0.12665586015605412,0.0,3.244630782571262e-15,1.000000000000008,True,3.131587282000508e-15,0.0003368471602218648,-1.397012045210514,3036.370838449377,,,,7.762746001567622e-11,2.1202129530685724e-10,4.710943892689503e-10,2.1572340437583006e-10,4.780601957567719e-10,-2.7526033356115852e-17,1.0000000005666307,,,,,,,,,,,,,,
fig2_raw_649091cb2b66,fig2,raw,056697e838fdf90f8af053d13a5639d0d26706ba59f595f9bbc2d755d337fc52,cb20a339f3d8dfccb33e4fd8bf6738036431a0eb,056697e838fdf90f8af053d13a5639d0d26706ba59f595f9bbc2d755d337fc52,24,2.0,0.0,0.0,0.0,0.0,SUCCESS,SUCCESS,7.56967363409032e-11,3.3393439976975986e-11,7.642270150043373e-10,,1,3,0.002676410600543022,True,True,,data/raw/fig2/fig2_raw_649091cb2b66,0.0,0.12415580281252203,0.0,0.0,1.0,True,0.0,0.019120736084197842,-1.374346883571062,1.0000000000000078,,,,6.6848748758729926e-12,8.482354674607424e-11,4.06606869406167e-11,2.1959298223830915e-11,8.759421763677038e-11,0.0,0.9999999999717929,,,,,,,,,,,,,,
fig2_raw_69908b392b93,fig2,raw,056697e838fdf90f8af053d13a5639d0d26706ba59f595f9bbc2d755d337fc52,cb20a339f3d8dfccb33e4fd8bf6738036431a0eb,056697e838fdf90f8af053d13a5639d0d26706ba59f595f9bbc2d755d337fc52,40,2.0,0.10256410256410256,4.0,0.0,0.0,SUCCESS,SUCCESS,7.36178188175395e-11,6.493680488468428e-11,6.271096975041246e-10,,1,3,0.03699598927050829,True,True,,data/raw/fig2/fig2_raw_69908b392b93,-1.5040182482853268e-18,0.12616890264839628,0.0,9.533294225573636e-16,1.0000000000000022,True,1.7172470685933058e-15,0.0018191677843595322,-1.3855207912384604,55.51355434923604,,,,1.9307444532917902e-11,8.289193554801024e-11,3.3506430236570757e-11,4.4227927601906035e-11,6.983750999865119e-11,-4.6227104582761013e-17,1.000000000034671,,,,,,,,,,,,,,
fig2_raw_69f5db9db244,fig2,raw,056697e838fdf90f8af053d13a5639d0d26706ba59f595f9bbc2d755d337fc52,cb20a339f3d8dfccb33e4fd8bf6738036431a0eb,056697e838fdf90f8af053d13a5639d0d26706ba59f595f9bbc2d755d337fc52,40,2.0,0.0,0.0,0.0,0.0,SUCCESS,SUCCESS,5.511746502575368e-11,6.49380185944145e-11,6.271112518163591e-10,,1,3,0.005898796021938324,True,True,,data/raw/fig2/fig2_raw_69f5db9db244,0.0,0.12616890264839653,0.0,0.0,1.0,True,0.0,0.0018191677843477638,-1.3855207912384604,1.0000000000001052,,,,1.9305224085996997e-11,6.435753903416326e-11,2.6109757244471223e-11,4.422685703351118e-11,6.983991862999507e-11,0.0,1.0000000000264295,,,,,,,,,,,,,,
fig2_raw_7044b88958b1,fig2,raw,056697e838fdf90f8af053d13a5639d0d26706ba59f595f9bbc2d755d337fc52,cb20a339f3d8dfccb33e4fd8bf6738036431a0eb,056697e838fdf90f8af053d13a5639d0d26706ba59f595f9bbc2d755d337fc52,120,2.0,0.03361344537815126,4.0,0.0,0.0,SUCCESS,SUCCESS,8.898859283657215e-11,2.906319649822858e-11,9.542673318208017e-10,,1,13,1.6777561879716814,True,True,,data/raw/fig2/fig2_raw_7044b88958b1,1.1463385925495147e-18,0.1266558601514536,0.0,2.2829424419224607e-15,1.0000000000000056,True,4.5515620051733354e-15,0.00033684715587489755,-1.397012045210514,55.00793326011661,,,,6.788170026086595e-11,1.7285197479374718e-10,3.4559969869286297e-10,1.7831412724189795e-10,3.909106323345735e-10,3.6251220848958664e-17,1.0000000003126375,,,,,,,,,,,,,,
fig2_raw_756a4612adaa,fig2,raw,056697e838fdf90f8af053d13a5639d0d26706ba59f595f9bbc2d755d337fc52,cb20a339f3d8dfccb33e4fd8bf6738036431a0eb,056697e838fdf90f8af053d13a5639d0d26706ba59f595f9bbc2d755d337fc52,120,2.0,0.01680672268907563,2.0,0.0,0.0,SUCCESS,SUCCESS,8.435137273658976e-11,3.91867818986619e-11,9.600834571799055e-10,,1,9,1.1212504301220179,True,True,,data/raw/fig2/fig2_raw_756a4612adaa,-5.480013203176964e-18,0.1266558601455353,0.0,1.0928981396026733e-15,1.0000000000000053,True,5.435638437831369e-15,0.0003368471488475189,-1.397012045210514,7.403938586537555,,,,5.5256910158618666e-11,1.3541629821554619e-10,2.0580964694113945e-10,1.3651778219672158e-10,2.9612595350467553e-10,3.228366373413687e-18,1.0000000001681506,,,,,,,,,,,,,,
fig2_raw_7935f2187c4b,fig2,raw,056697e838fdf90f8af053d13a5639d0d26706ba59f595f9bbc2d755d337fc52,cb20a339f3d8dfccb33e4fd8bf6738036431a0eb,056697e838fdf90f8af053d13a5639d0d26706ba59f595f9bbc2d755d337fc52,80,2.0,0.0,0.0,0.0,0.0,SUCCESS,SUCCESS,5.23779517027706e-11,5.476895429593238e-11,8.57232396178631e-10,,1,3,0.022477486170828342,True,True,,data/raw/fig2/fig2_raw_7935f2187c4b,0.0,0.12649812007594316,0.0,0.0,0.9999999999999999,True,1.5754644856060775e-16,0.0008927106547930164,-1.3941266737639044,1.0000000000002078,,,,2.4501289885847655e-11,6.323950922396901e-11,2.022739201215977e-11,3.898765749004921e-11,7.045527013762619e-11,0.0,1.0000000000300466,,,,,,,,,,,,,,
fig2_raw_8aa218afbc3f,fig2,raw,056697e838fdf90f8af053d13a5639d0d26706ba59f595f9bbc2d755d337fc52,cb20a339f3d8dfccb33e4fd8bf6738036431a0eb,056697e838fdf90f8af053d13a5639d0d26706ba59f595f9bbc2d755d337fc52,120,2.0,0.0,0.0,0.0,0.0,SUCCESS,SUCCESS,7.376351371323239e-11,6.312672075430053e-11,9.803506895167402e-10,,1,3,0.0576066137291491,True,True,,data/raw/fig2/fig2_raw_8aa218afbc3f,0.0,0.12665586013038121,0.0,0.0,0.9999999999999999,True,1.5694365040752959e-16,0.00033684712215176216,-1.397012045210514,1.0000000000003382,,,,1.9897861136541906e-11,8.523355087570416e-11,3.3960666071445904e-11,4.322009884522224e-11,9.143641757117287e-11,0.0,1.0000000000357947,,,,,,,,,,,,,,
fig2_raw_8bd7adf91b57,fig2,raw,056697e838fdf90f8af053d13a5639d0d26706ba59f595f9bbc2d755d337fc52,cb20a339f3d8dfccb33e4fd8bf6738036431a0eb,056697e838fdf90f8af053d13a5639d0d26706ba59f595f9bbc2d755d337fc52,80,2.0,0.0759493670886076,6.0,0.0,0.0,SUCCESS,SUCCESS,7.511347531076396e-11,5.477114108335106e-11,8.572320631117236e-10,,1,3,0.1462024161592126,True,True,,data/raw/fig2/fig2_raw_8bd7adf91b57,1.8628419008284747e-18,0.1264981200759428,0.0,1.4839879724851594e-15,0.9999999999999983,True,2.3253560846579648e-15,0.0008927106547917951,-1.3941266737639044,409.567545468227,,,,2.4512170071964154e-11,9.121277124212871e-11,4.3909716492682574e-11,3.8987460093508206e-11,7.045445387215025e-11,-8.56885109341556e-18,1.0000000000279727,,,,,,,,,,,,,,
fig2_raw_9f0363d94876,fig2,raw,056697e838fdf90f8af053d13a5639d0d26706ba59f595f9bbc2d755d337fc52,cb20a339f3d8dfccb33e4fd8bf6738036431a0eb,056697e838fdf90f8af053d13a5639d0d26706ba59f595f9bbc2d755d337fc52,24,2.0,0.34782608695652173,8.0,0.0,0.0,SUCCESS,SUCCESS,8.565161730383736e-11,1.5244337309406627e-11,7.735388996010784e-10,,1,16,0.04856436979025602,True,True,,data/raw/fig2/fig2_raw_9f0363d94876,0.0,0.12415580280582011,0.0,0.0,1.000000000000002,True,1.243553973689138e-15,0.01912073606309095,-1.374346883571062,3183.643262812564,,,,3.519268210183668e-11,2.0030362482021133e-10,1.0662862220858227e-10,1.148783915151742e-10,4.672746168560547e-10,0.0,0.9999999993840435,,,,,,,,,,,,,,
fig2_raw_a8fc7ccb8ae4,fig2,raw,056697e838fdf90f8af053d13a5639d0d26706ba59f595f9bbc2d755d337fc52,cb20a339f3d8dfccb33e4fd8bf6738036431a0eb,056697e838fdf90f8af053d13a5639d0d26706ba59f595f9bbc2d755d337fc52,120,2.0,0.08403361344537816,10.0,0.0,0.0,SUCCESS,SUCCESS,8.893241772110663e-11,1.8779453914746973e-11,9.498349884395907e-10,,1,19,2.5048218579031527,True,True,,data/raw/fig2/fig2_raw_a8fc7ccb8ae4,1.3629374139869328e-18,0.12665586015671412,0.0,2.9240841007402604e-15,1.0000000000000016,True,6.696152047614833e-15,0.00033684716078019594,-1.397012045210514,22546.733583004516,,,,7.906941768013916e-11,2.2316030949384634e-10,4.769859082836327e-10,2.216948142412702e-10,4.922650966473166e-10,2.432603308162335e-17,1.0000000006564167,,,,,,,,,,,,,,
fig2_raw_aba0275c50a9,fig2,raw,056697e838fdf90f8af053d13a5639d0d26706ba59f595f9bbc2d755d337fc52,cb20a339f3d8dfccb33e4fd8bf6738036431a0eb,056697e838fdf90f8af053d13a5639d0d26706ba59f595f9bbc2d755d337fc52,40,2.0,0.2564102564102564,10.0,0.0,0.0,SUCCESS,SUCCESS,6.094810091456987e-11,6.493687880806096e-11,6.271096975041246e-10,,1,3,0.038404792081564665,True,True,,data/raw/fig2/fig2_raw_aba0275c50a9,2.3341616259252606e-18,0.1261689026483964,0.0,3.9627197293121086e-16,0.9999999999999969,True,1.5800100944361364e-15,0.0018191677843522047,-1.3855207912384604,23138.76803778917,,,,1.9307222487441322e-11,6.639950066689402e-11,2.6685460448938025e-11,4.4227869876302936e-11,6.983815102708488e-11,-2.7039548425674213e-18,1.0000000000282123,,,,,,,,,,,,,,
fig2_raw_b40e6cd98809,fig2,raw,056697e838fdf90f8af053d13a5639d0d26706ba59f595f9bbc2d755d337fc52,cb20a339f3d8dfccb33e4fd8bf6738036431a0eb,056697e838fdf90f8af053d13a5639d0d26706ba59f595f9bbc2d755d337fc52,24,2.0,0.17391304347826086,4.0,0.0,0.0,SUCCESS,SUCCESS,8.520202527291241e-11,1.718808881250461e-11,7.725550199566555e-10,,1,14,0.04416095931082964,True,True,,data/raw/fig2/fig2_raw_b40e6cd98809,0.0,0.12415580280655228,0.0,0.0,1.0000000000000016,True,3.1221380707958075e-15,0.019120736065356025,-1.374346883571062,56.09466525096705,,,,3.2100488933650695e-11,1.7802329425379147e-10,1.8724171116642823e-10,1.0487136308918389e-10,4.255460408236747e-10,0.0,0.9999999995303743,,,,,,,,,,,,,,
fig2_raw_ba50ba20127f,fig2,raw,056697e838fdf90f8af053d13a5639d0d26706ba59f595f9bbc2d755d337fc52,cb20a339f3d8dfccb33e4fd8bf6738036431a0eb,056697e838fdf90f8af053d13a5639d0d26706ba59f595f9bbc2d755d337fc52,80,2.0,0.10126582278481013,8.0,0.0,0.0,SUCCESS,SUCCESS,7.449292462649989e-11,5.477080332462782e-11,8.572320631117236e-10,,1,3,0.14462536992505193,True,True,,data/raw/fig2/fig2_raw_ba50ba20127f,-4.2875643583595653e-19,0.12649812007594272,0.0,2.2431389148937777e-15,1.0000000000000013,True,1.2080601376842619e-15,0.0008927106547905739,-1.3941266737639044,3044.6069498849615,,,,2.4499957631978018e-11,9.132164762326803e-11,4.5321928948375064e-11,3.898751720298617e-11,7.045405460882372e-11,-6.283306035479776e-18,1.0000000000254556,,,,,,,,,,,,,,
fig2_raw_bfa93ff5f9ca,fig2,raw,056697e838fdf90f8af053d13a5639d0d26706ba59f595f9bbc2d755d337fc52,cb20a339f3d8dfccb33e4fd8bf6738036431a0eb,056697e838fdf90f8af053d13a5639d0d26706ba59f595f9bbc2d755d337fc52,40,2.0,0.15384615384615385,6.0,0.0,0.0,SUCCESS,SUCCESS,7.03076112877482e-11,6.493695626767195e-11,6.271096975041246e-10,,1,3,0.03857112815603614,True,True,,data/raw/fig2/fig2_raw_bfa93ff5f9ca,-2.2284375934822346e-18,0.12616890264839628,0.0,2.2243687176197826e-16,0.9999999999999999,True,2.7929105717550752e-15,0.0018191677843479859,-1.3855207912384604,414.8671126767788,,,,1.9311441334937363e-11,7.831294245297219e-11,3.089119198723687e-11,4.42278116030193e-11,6.983824490266049e-11,-1.5159843257643143e-17,1.000000000033594,,,,,,,,,,,,,,
fig2_raw_d91ecd996acf,fig2,raw,056697e838fdf90f8af053d13a5639d0d26706ba59f595f9bbc2d755d337fc52,cb20a339f3d8dfccb33e4fd8bf6738036431a0eb,056697e838fdf90f8af053d13a5639d0d26706ba59f595f9bbc2d755d337fc52,24,2.0,0.43478260869565216,10.0,0.0,0.0,SUCCESS,SUCCESS,8.753580874037549e-11,1.524455894200332e-11,7.735388996010784e-10,,1,16,0.04891300993040204,True,True,,data/raw/fig2/fig2_raw_d91ecd996acf,0.0,0.12415580280582017,0.0,0.0,1.0000000000000047,True,1.4047583424886365e-15,0.01912073606309228,-1.374346883571062,23964.42886373743,,,,3.5190683700392356e-11,2.0466162436447046e-10,8.070221834950837e-11,1.1487820445405774e-10,4.672736525843071e-10,0.0,0.9999999993663374,,,,,,,,,,,,,,
fig2_raw_f068e128d23a,fig2,raw,056697e838fdf90f8af053d13a5639d0d26706ba59f595f9bbc2d755d337fc52,cb20a339f3d8dfccb33e4fd8bf6738036431a0eb,056697e838fdf90f8af053d13a5639d0d26706ba59f595f9bbc2d755d337fc52,80,2.0,0.02531645569620253,2.0,0.0,0.0,SUCCESS,SUCCESS,6.60216997005599e-11,5.477125604352561e-11,8.572320631117236e-10,,1,3,0.1464286302216351,True,True,,data/raw/fig2/fig2_raw_f068e128d23a,-1.4598255665562381e-18,0.1264981200759429,0.0,6.235581706121689e-16,1.000000000000001,True,1.888830814039419e-15,0.0008927106547915731,-1.3941266737639044,7.407406441982802,,,,2.4498847395504286e-11,7.935837977708225e-11,3.3767200780573886e-11,3.898736980482043e-11,7.045462598970806e-11,2.839720448067933e-18,1.0000000000304385,,,,,,,,,,,,,,
fig2_raw_f6d470a4ef8e,fig2,raw,056697e838fdf90f8af053d13a5639d0d26706ba59f595f9bbc2d755d337fc52,cb20a339f3d8dfccb33e4fd8bf6738036431a0eb,056697e838fdf90f8af053d13a5639d0d26706ba59f595f9bbc2d755d337fc52,120,2.0,0.05042016806722689,6.0,0.0,0.0,SUCCESS,SUCCESS,8.799339530969634e-11,2.333154071731466e-11,9.51635104051718e-10,,1,16,2.071394740138203,True,True,,data/raw/fig2/fig2_raw_f6d470a4ef8e,-1.4516119825468542e-18,0.1266558601545023,0.0,3.394110239573208e-15,1.0000000000000022,True,4.7966071675313775e-15,0.0003368471588549582,-1.397012045210514,408.76439658922453,,,,7.431277815335426e-11,1.9620204964145211e-10,4.309267579141189e-10,2.0238873902313706e-10,4.4667044212891347e-10,-5.507651446611786e-17,1.0000000004498195,,,,,,,,,,,,,,
fig2_raw_fdd1a4af2800,fig2,raw,056697e838fdf90f8af053d13a5639d0d26706ba59f595f9bbc2d755d337fc52,cb20a339f3d8dfccb33e4fd8bf6738036431a0eb,056697e838fdf90f8af053d13a5639d0d26706ba59f595f9bbc2d755d337fc52,80,2.0,0.12658227848101267,10.0,0.0,0.0,SUCCESS,SUCCESS,7.278055943590371e-11,5.477131941788138e-11,8.572319520894212e-10,,1,3,0.1591348061338067,True,True,,data/raw/fig2/fig2_raw_fdd1a4af2800,2.5481836043811394e-18,0.12649812007594285,0.0,3.9578923619716266e-15,0.9999999999999908,True,3.1431117037129076e-15,0.0008927106547899077,-1.3941266737639044,22628.431418673557,,,,2.451150397651383e-11,9.022608326736224e-11,4.5991153066271236e-11,3.898738290978361e-11,7.045530766959447e-11,5.627893601619762e-17,1.0000000000224991,,,,,,,,,,,,,,
fig2_rescaled_03ede14ea90e,fig2,rescaled,056697e838fdf90f8af053d13a5639d0d26706ba59f595f9bbc2d755d337fc52,cb20a339f3d8dfccb33e4fd8bf6738036431a0eb,056697e838fdf90f8af053d13a5639d0d26706ba59f595f9bbc2d755d337fc52,120,2.0,0.0,0.0,0.0,0.0,SUCCESS,SUCCESS,7.376351371323239e-11,6.312672075430053e-11,9.803506895167402e-10,,1,3,0.10318007599562407,True,True,,data/raw/fig2/fig2_rescaled_03ede14ea90e,0.0,0.12665586013038121,0.0,0.0,0.9999999999999999,True,1.5694365040752959e-16,0.00033684712215176216,-1.397012045210514,1.0000000000003382,,,,1.9897861136541906e-11,8.523355087570416e-11,3.3960666071445904e-11,4.322009884522224e-11,9.143641757117287e-11,0.0,1.0000000000357947,,,,,,,,,,,,,,
fig2_rescaled_0c3bdf3b4969,fig2,rescaled,056697e838fdf90f8af053d13a5639d0d26706ba59f595f9bbc2d755d337fc52,cb20a339f3d8dfccb33e4fd8bf6738036431a0eb,056697e838fdf90f8af053d13a5639d0d26706ba59f595f9bbc2d755d337fc52,80,2.0,0.12658227848101267,10.0,0.0,0.0,SUCCESS,SUCCESS,7.278107955933644e-11,5.477316871041258e-11,8.572297316433719e-10,,1,3,0.03762047737836838,True,True,,data/raw/fig2/fig2_rescaled_0c3bdf3b4969,0.0,0.12649812007594297,0.0,0.0,1.0,True,1.1092876563106735e-16,0.0008927106547971242,-1.3941266737639044,22026.465794807744,,,,2.4499735573633336e-11,9.022608326736224e-11,4.599637526043939e-11,3.898586179847998e-11,7.045483775418591e-11,0.0,1.0000000000224978,,,,,,,,,,,,,,
fig2_rescaled_13e2ede615a1,fig2,rescaled,056697e838fdf90f8af053d13a5639d0d26706ba59f595f9bbc2d755d337fc52,cb20a339f3d8dfccb33e4fd8bf6738036431a0eb,056697e838fdf90f8af053d13a5639d0d26706ba59f595f9bbc2d755d337fc52,24,2.0,0.17391304347826086,4.0,0.0,0.0,SUCCESS,SUCCESS,8.520491398403922e-11,1.718851386621324e-11,7.725555750681679e-10,,1,14,0.016305708326399326,True,True,,data/raw/fig2/fig2_rescaled_13e2ede615a1,0.0,0.12415580280655227,0.0,0.0,0.9999999999999999,True,2.725097394307848e-16,0.019120736065353583,-1.374346883571062,54.5981500331444,,,,3.2102265290490095e-11,1.7802329425379147e-10,1.8724091425959524e-10,1.0487189343232426e-10,4.2554642976553174e-10,0.0,0.9999999995303747,,,,,,,,,,,,,,
fig2_rescaled_22047609e9fe,fig2,rescaled,056697e838fdf90f8af053d13a5639d0d26706ba59f595f9bbc2d755d337fc52,cb20a339f3d8dfccb33e4fd8bf6738036431a0eb,056697e838fdf90f8af053d13a5639d0d26706ba59f595f9bbc2d755d337fc52,120,2.0,0.01680672268907563,2.0,0.0,0.0,SUCCESS,SUCCESS,8.43500866057448e-11,3.918736394803974e-11,9.600824579791833e-10,,1,9,0.30789473420009017,True,True,,data/raw/fig2/fig2_rescaled_22047609e9fe,0.0,0.1266558601455355,0.0,0.0,0.9999999999999998,True,2.2679268666659063e-16,0.0003368471488495173,-1.397012045210514,7.3890560989306575,,,,5.525180313270728e-11,1.3541629821554619e-10,2.0580991619737978e-10,1.365184473753694e-10,2.961266352569823e-10,0.0,1.0000000001681504,,,,,,,,,,,,,,
fig2_rescaled_51e72096d918,fig2,rescaled,056697e838fdf90f8af053d13a5639d0d26706ba59f595f9bbc2d755d337fc52,cb20a339f3d8dfccb33e4fd8bf6738036431a0eb,056697e838fdf90f8af053d13a5639d0d26706ba59f595f9bbc2d755d337fc52,40,2.0,0.10256410256410256,4.0,0.0,0.0,SUCCESS,SUCCESS,7.361852203823883e-11,6.49365264513596e-11,6.271102526156369e-10,,1,3,0.008339536841958761,True,True,,data/raw/fig2/fig2_rescaled_51e72096d918,0.0,0.1261689026483964,0.0,0.0,0.9999999999999999,True,2.1814873352866637e-16,0.0018191677843473197,-1.3855207912384604,54.59815003314448,,,,1.930211546209761e-11,8.289193554801024e-11,3.3506003993262074e-11,4.422767729092697e-11,6.983875316687914e-11,0.0,1.000000000034674,,,,,,,,,,,,,,
fig2_rescaled_52b27219a985,fig2,rescaled,056697e838fdf90f8af053d13a5639d0d26706ba59f595f9bbc2d755d337fc52,cb20a339f3d8dfccb33e4fd8bf6738036431a0eb,056697e838fdf90f8af053d13a5639d0d26706ba59f595f9bbc2d755d337fc52,24,2.0,0.34782608695652173,8.0,0.0,0.0,SUCCESS,SUCCESS,8.565512357978008e-11,1.5244969846043222e-11,7.735393436902882e-10,,1,16,0.01857917197048664,True,True,,data/raw/fig2/fig2_rescaled_52b27219a985,0.0,0.12415580280582039,0.0,0.0,0.9999999999999998,True,1.8621721768199998e-16,0.01912073606309006,-1.374346883571062,2980.957987041853,,,,3.519295965759284e-11,2.0030362482021133e-10,1.0662583838390473e-10,1.1487885237010826e-10,4.672746239424902e-10,0.0,0.9999999993840443,,,,,,,,,,,,,,
fig2_rescaled_5a9621a07554,fig2,rescaled,056697e838fdf90f8af053d13a5639d0d26706ba59f595f9bbc2d755d337fc52,cb20a339f3d8dfccb33e4fd8bf6738036431a0eb,056697e838fdf90f8af053d13a5639d0d26706ba59f595f9bbc2d755d337fc52,40,2.0,0.15384615384615385,6.0,0.0,0.0,SUCCESS,SUCCESS,7.031514285371532e-11,6.49364327166112e-11,6.271090313703098e-10,,1,3,0.008852817118167877,True,True,,data/raw/fig2/fig2_rescaled_5a9621a07554,0.0,0.12616890264839634,0.0,0.0,1.0000000000000002,True,1.506538284614068e-16,0.0018191677843499843,-1.3855207912384604,403.4287934927358,,,,1.9310553157138705e-11,7.831294245297219e-11,3.088749742565651e-11,4.422838296682895e-11,6.98380341151279e-11,0.0,1.0000000000336078,,,,,,,,,,,,,,
fig2_rescaled_62bb5bc60adc,fig2,rescaled,056697e838fdf90f8af053d13a5639d0d26706ba59f595f9bbc2d755d337fc52,cb20a339f3d8dfccb33e4fd8bf6738036431a0eb,056697e838fdf90f8af053d13a5639d0d26706ba59f595f9bbc2d755d337fc52,24,2.0,0.2608695652173913,6.0,0.0,0.0,SUCCESS,SUCCESS,8.72129437474034e-11,1.6187144136417406e-11,7.730627249458166e-10,,1,15,0.017551854252815247,True,True,,data/raw/fig2/fig2_rescaled_62bb5bc60adc,0.0,0.12415580280617566,0.0,0.0,1.0,True,7.084043507524136e-17,0.019120736064186517,-1.374346883571062,403.4287934927371,,,,3.369332590708041e-11,1.9274630286346955e-10,1.4066858615333588e-10,1.100257235054538e-10,4.4700693559258985e-10,0.0,0.9999999994422046,,,,,,,,,,,,,,
fig2_rescaled_6986b29b6f56,fig2,rescaled,056697e838fdf90f8af053d13a5639d0d26706ba59f595f9bbc2d755d337fc52,cb20a339f3d8dfccb33e4fd8bf6738036431a0eb,056697e838fdf90f8af053d13a5639d0d26706ba59f595f9bbc2d755d337fc52,120,2.0,0.05042016806722689,6.0,0.0,0.0,SUCCESS,SUCCESS,8.798907319403549e-11,2.3332063273528205e-11,9.51636325297045e-10,,1,16,0.5477174082770944,True,True,,data/raw/fig2/fig2_rescaled_6986b29b6f56,0.0,0.12665586015450234,0.0,0.0,1.0,True,2.8001659284178383e-16,0.0003368471588559574,-1.397012045210514,403.42879349273585,,,,7.430922543960605e-11,1.9620204964145211e-10,4.3093081331374615e-10,2.0238768379852987e-10,4.4667157112513705e-10,0.0,1.000000000449814,,,,,,,,,,,,,,
fig2_rescaled_6acb0bce1674,fig2,rescaled,056697e838fdf90f8af053d13a5639d0d26706ba59f595f9bbc2d755d337fc52,cb20a339f3d8dfccb33e4fd8bf6738036431a0eb,056697e838fdf90f8af053d13a5639d0d26706ba59f595f9bbc2d755d337fc52,80,2.0,0.10126582278481013,8.0,0.0,0.0,SUCCESS,SUCCESS,7.44994561620541e-11,5.4771245222881616e-11,8.572327292455384e-10,,1,3,0.03795158304274082,True,True,,data/raw/fig2/fig2_rescaled_6acb0bce1674,0.0,0.12649812007594302,0.0,0.0,1.0,True,1.571283949822535e-16,0.0008927106547932384,-1.3941266737639044,2980.957987041815,,,,2.4500401709172785e-11,9.132164762326803e-11,4.5319716254903334e-11,3.898797765073883e-11,7.045428914198666e-11,0.0,1.0000000000254536,,,,,,,,,,,,,,
fig2_rescaled_6d985593aa49,fig2,rescaled,056697e838fdf90f8af053d13a5639d0d26706ba59f595f9bbc2d755d337fc52,cb20a339f3d8dfccb33e4fd8bf6738036431a0eb,056697e838fdf90f8af053d13a5639d0d26706ba59f595f9bbc2d755d337fc52,40,2.0,0.20512820512820512,8.0,0.0,0.0,SUCCESS,SUCCESS,6.566280353378409e-11,6.493886385640653e-11,6.27111473860964e-10,,1,3,0.008581883739680052,True,True,,data/raw/fig2/fig2_rescaled_6d985593aa49,0.0,0.12616890264839647,0.0,0.0,1.0,True,1.37164718871586e-16,0.0018191677843468756,-1.3855207912384604,2980.9579870418047,,,,1.9309220888885648e-11,7.23682809041495e-11,2.86026094006329e-11,4.42267924937469e-11,6.983939561115978e-11,0.0,1.0000000000310887,,,,,,,,,,,,,,
fig2_rescaled_80e57bf11595,fig2,rescaled,056697e838fdf90f8af053d13a5639d0d26706ba59f595f9bbc2d755d337fc52,cb20a339f3d8dfccb33e4fd8bf6738036431a0eb,056697e838fdf90f8af053d13a5639d0d26706ba59f595f9bbc2d755d337fc52,24,2.0,0.0,0.0,0.0,0.0,SUCCESS,SUCCESS,7.56967363409032e-11,3.3393439976975986e-11,7.642270150043373e-10,,1,3,0.00376247800886631,True,True,,data/raw/fig2/fig2_rescaled_80e57bf11595,0.0,0.12415580281252203,0.0,0.0,1.0,True,0.0,0.019120736084197842,-1.374346883571062,1.0000000000000078,,,,6.6848748758729926e-12,8.482354674607424e-11,4.06606869406167e-11,2.1959298223830915e-11,8.759421763677038e-11,0.0,0.9999999999717929,,,,,,,,,,,,,,
fig2_rescaled_9e401e3574ef,fig2,rescaled,056697e838fdf90f8af053d13a5639d0d26706ba59f595f9bbc2d755d337fc52,cb20a339f3d8dfccb33e4fd8bf6738036431a0eb,056697e838fdf90f8af053d13a5639d0d26706ba59f595f9bbc2d755d337fc52,80,2.0,0.0,0.0,0.0,0.0,SUCCESS,SUCCESS,5.23779517027706e-11,5.476895429593238e-11,8.57232396178631e-10,,1,3,0.03844114113599062,True,True,,data/raw/fig2/fig2_rescaled_9e401e3574ef,0.0,0.12649812007594316,0.0,0.0,0.9999999999999999,True,1.5754644856060775e-16,0.0008927106547930164,-1.3941266737639044,1.0000000000002078,,,,2.4501289885847655e-11,6.323950922396901e-11,2.022739201215977e-11,3.898765749004921e-11,7.045527013762619e-11,0.0,1.0000000000300466,,,,,,,,,,,,,,
fig2_rescaled_a775c840f202,fig2,rescaled,056697e838fdf90f8af053d13a5639d0d26706ba59f595f9bbc2d755d337fc52,cb20a339f3d8dfccb33e4fd8bf6738036431a0eb,056697e838fdf90f8af053d13a5639d0d26706ba59f595f9bbc2d755d337fc52,120,2.0,0.08403361344537816,10.0,0.0,0.0,SUCCESS,SUCCESS,8.893580457580443e-11,1.8780128290578318e-11,9.498349884395907e-10,,1,19,0.6668568216264248,True,True,,data/raw/fig2/fig2_rescaled_a775c840f202,0.0,0.12665586015671393,0.0,0.0,1.0,True,2.8183333219264355e-16,0.0003368471607874124,-1.397012045210514,22026.465794812397,,,,7.906408860965418e-11,2.2316030949384634e-10,4.769847034408934e-10,2.216946169677229e-10,4.922665594593149e-10,0.0,1.000000000656428,,,,,,,,,,,,,,
fig2_rescaled_ad581b76d9e3,fig2,rescaled,056697e838fdf90f8af053d13a5639d0d26706ba59f595f9bbc2d755d337fc52,cb20a339f3d8dfccb33e4fd8bf6738036431a0eb,056697e838fdf90f8af053d13a5639d0d26706ba59f595f9bbc2d755d337fc52,24,2.0,0.43478260869565216,10.0,0.0,0.0,SUCCESS,SUCCESS,8.753553751603561e-11,1.5245349342941556e-11,7.735392326679857e-10,,1,16,0.018593756016343832,True,True,,data/raw/fig2/fig2_rescaled_ad581b76d9e3,0.0,0.1241558028058203,0.0,0.0,1.0000000000000002,True,8.904981544746996e-17,0.019120736063090504,-1.374346883571062,22026.465794816882,,,,3.519207147917314e-11,2.0466162436447046e-10,8.070153663761736e-11,1.148789235002092e-10,4.672744175224636e-10,0.0,0.9999999993663341,,,,,,,,,,,,,,
fig2_rescaled_b5f61132cb6b,fig2,rescaled,056697e838fdf90f8af053d13a5639d0d26706ba59f595f9bbc2d755d337fc52,cb20a339f3d8dfccb33e4fd8bf6738036431a0eb,056697e838fdf90f8af053d13a5639d0d26706ba59f595f9bbc2d755d337fc52,120,2.0,0.06722689075630252,8.0,0.0,0.0,SUCCESS,SUCCESS,8.732762733906145e-11,2.0184640524691266e-11,9.503645648223369e-10,,1,18,0.6142632877454162,True,True,,data/raw/fig2/fig2_rescaled_b5f61132cb6b,0.0,0.12665586015605465,0.0,0.0,0.9999999999999999,True,2.72080361345031e-16,0.0003368471602303025,-1.397012045210514,2980.957987041813,,,,7.763123477393548e-11,2.1202129530685724e-10,4.710928683689868e-10,2.1572356203657103e-10,4.780611370418686e-10,0.0,1.0000000005666116,,,,,,,,,,,,,,
fig2_rescaled_bd301ad5e812,fig2,rescaled,056697e838fdf90f8af053d13a5639d0d26706ba59f595f9bbc2d755d337fc52,cb20a339f3d8dfccb33e4fd8bf6738036431a0eb,056697e838fdf90f8af053d13a5639d0d26706ba59f595f9bbc2d755d337fc52,80,2.0,0.05063291139240506,4.0,0.0,0.0,SUCCESS,SUCCESS,7.332718196167782e-11,5.4773739667970054e-11,8.572300647102793e-10,,1,3,0.03764920821413398,True,True,,data/raw/fig2/fig2_rescaled_bd301ad5e812,0.0,0.12649812007594244,0.0,0.0,1.0,True,1.5551535094708161e-16,0.0008927106547964581,-1.3941266737639044,54.598150033144314,,,,2.449862535319306e-11,8.84108872106671e-11,4.089889820574844e-11,3.898615449674953e-11,7.045419704531326e-11,0.0,1.0000000000297589,,,,,,,,,,,,,,
fig2_rescaled_bff9f32fbb9c,fig2,rescaled,056697e838fdf90f8af053d13a5639d0d26706ba59f595f9bbc2d755d337fc52,cb20a339f3d8dfccb33e4fd8bf6738036431a0eb,056697e838fdf90f8af053d13a5639d0d26706ba59f595f9bbc2d755d337fc52,40,2.0,0.0,0.0,0.0,0.0,SUCCESS,SUCCESS,5.511746502575368e-11,6.49380185944145e-11,6.271112518163591e-10,,1,3,0.009172279387712479,True,True,,data/raw/fig2/fig2_rescaled_bff9f32fbb9c,0.0,0.12616890264839653,0.0,0.0,1.0,True,0.0,0.0018191677843477638,-1.3855207912384604,1.0000000000001052,,,,1.9305224085996997e-11,6.435753903416326e-11,2.6109757244471223e-11,4.422685703351118e-11,6.983991862999507e-11,0.0,1.0000000000264295,,,,,,,,,,,,,,
fig2_rescaled_c5ebc3c4a229,fig2,rescaled,056697e838fdf90f8af053d13a5639d0d26706ba59f595f9bbc2d755d337fc52,cb20a339f3d8dfccb33e4fd8bf6738036431a0eb,056697e838fdf90f8af053d13a5639d0d26706ba59f595f9bbc2d755d337fc52,120,2.0,0.03361344537815126,4.0,0.0,0.0,SUCCESS,SUCCESS,8.899907684637429e-11,2.9064142932619016e-11,9.54266665686987e-10,,1,13,0.44500330090522766,True,True,,data/raw/fig2/fig2_rescaled_c5ebc3c4a229,0.0,0.12665586015145386,0.0,0.0,0.9999999999999997,True,2.5976888747676956e-16,0.0003368471558810038,-1.397012045210514,54.5981500331444,,,,6.787614914571957e-11,1.7285197479374718e-10,3.456000073860101e-10,1.7831486503756627e-10,3.9091221626092485e-10,0.0,1.0000000003126357,,,,,,,,,,,,,,
fig2_rescaled_ca133c510901,fig2,rescaled,056697e838fdf90f8af053d13a5639d0d26706ba59f595f9bbc2d755d337fc52,cb20a339f3d8dfccb33e4fd8bf6738036431a0eb,056697e838fdf90f8af053d13a5639d0d26706ba59f595f9bbc2d755d337fc52,40,2.0,0.2564102564102564,10.0,0.0,0.0,SUCCESS,SUCCESS,6.097096033608998e-11,6.493996879153076e-11,6.271096975041246e-10,,1,3,0.008670371025800705,True,True,,data/raw/fig2/fig2_rescaled_ca133c510901,0.0,0.12616890264839636,0.0,0.0,1.0,True,2.524922742201316e-16,0.001819167784348874,-1.3855207912384604,22026.465794807486,,,,1.9306556353626547e-11,6.639950066689402e-11,2.668623492208151e-11,4.422795569696328e-11,6.983781310262808e-11,0.0,1.0000000000282108,,,,,,,,,,,,,,
fig2_rescaled_cc7f1194a244,fig2,rescaled,056697e838fdf90f8af053d13a5639d0d26706ba59f595f9bbc2d755d337fc52,cb20a339f3d8dfccb33e4fd8bf6738036431a0eb,056697e838fdf90f8af053d13a5639d0d26706ba59f595f9bbc2d755d337fc52,80,2.0,0.02531645569620253,2.0,0.0,0.0,SUCCESS,SUCCESS,6.602322648260299e-11,5.4772396648930844e-11,8.572341725354704e-10,,1,3,0.03797903470695019,True,True,,data/raw/fig2/fig2_rescaled_cc7f1194a244,0.0,0.12649812007594266,0.0,0.0,1.0,True,1.8393311942078038e-16,0.000892710654791129,-1.3941266737639044,7.389056098930655,,,,2.4496848993753923e-11,7.935837977708225e-11,3.376597604604804e-11,3.8988817177504314e-11,7.045412761298593e-11,0.0,1.0000000000304345,,,,,,,,,,,,,,
fig2_rescaled_e3ff4e63e556,fig2,rescaled,056697e838fdf90f8af053d13a5639d0d26706ba59f595f9bbc2d755d337fc52,cb20a339f3d8dfccb33e4fd8bf6738036431a0eb,056697e838fdf90f8af053d13a5639d0d26706ba59f595f9bbc2d755d337fc52,24,2.0,0.08695652173913043,2.0,0.0,0.0,SUCCESS,SUCCESS,8.695966526389666e-11,2.1864843317375982e-11,7.701733695242297e-10,,1,10,0.01171152014285326,True,True,,data/raw/fig2/fig2_rescaled_e3ff4e63e556,0.0,0.1241558028082973,0.0,0.0,0.9999999999999999,True,3.453435141404682e-16,0.019120736070792788,-1.374346883571062,7.389056098930663,,,,2.4707014212310696e-11,1.449008068544669e-10,1.843132004111168e-10,8.085446755284652e-11,3.263189533353936e-10,0.0,0.9999999997442679,,,,,,,,,,,,,,
fig2_rescaled_f20cce339360,fig2,rescaled,056697e838fdf90f8af053d13a5639d0d26706ba59f595f9bbc2d755d337fc52,cb20a339f3d8dfccb33e4fd8bf6738036431a0eb,056697e838fdf90f8af053d13a5639d0d26706ba59f595f9bbc2d755d337fc52,40,2.0,0.05128205128205128,2.0,0.0,0.0,SUCCESS,SUCCESS,7.081863948854452e-11,6.493532283266779e-11,6.271102526156369e-10,,1,3,0.008297843392938375,True,True,,data/raw/fig2/fig2_rescaled_f20cce339360,0.0,0.1261689026483965,0.0,0.0,1.0,True,1.3464237563671377e-16,0.0018191677843495402,-1.3855207912384604,7.389056098930683,,,,1.9305668175211216e-11,8.08492687867677e-11,3.407328227704699e-11,4.422769178995397e-11,6.983877756404568e-11,0.0,1.000000000032225,,,,,,,,,,,,,,
fig2_rescaled_f55b7e08df88,fig2,rescaled,056697e838fdf90f8af053d13a5639d0d26706ba59f595f9bbc2d755d337fc52,cb20a339f3d8dfccb33e4fd8bf6738036431a0eb,056697e838fdf90f8af053d13a5639d0d26706ba59f595f9bbc2d755d337fc52,80,2.0,0.0759493670886076,6.0,0.0,0.0,SUCCESS,SUCCESS,7.511483370502326e-11,5.4771115575983114e-11,8.572333953793532e-10,,1,3,0.03770783171057701,True,True,,data/raw/fig2/fig2_rescaled_f55b7e08df88,0.0,0.12649812007594272,0.0,0.0,1.0,True,1.9704450250729938e-16,0.0008927106547925723,-1.3941266737639044,403.4287934927367,,,,2.4515056651554234e-11,9.121277124212871e-11,4.3905293937071354e-11,3.8988336119513745e-11,7.04549959934237e-11,0.0,1.0000000000279794,,,,,,,,,,,,,,
fig3_branch_trial_021123f65e44,fig3,branch_trial,056697e838fdf90f8af053d13a5639d0d26706ba59f595f9bbc2d755d337fc52,cb20a339f3d8dfccb33e4fd8bf6738036431a0eb,056697e838fdf90f8af053d13a5639d0d26706ba59f595f9bbc2d755d337fc52,40,2.0,0.1,3.9000000000000004,1.2915496650148854e-06,7.05162223857399e-05,SUCCESS,SUCCESS,8.454650538640526e-11,7.697809582776754e-11,2.0487289642545647e-10,0.999999999999793,13,1897,25.73923358414322,True,True,SUCCESS,data/raw/fig3/fig3_branch_trial_021123f65e44,0.0,0.12616890740252248,0.0,0.0,1.0000001925990836,True,2.6847979683382545e-08,0.001824079552212643,-1.385520796121273,49.40235950558736,,,,,,,,,,,3.7731616660453056e-08,3.9373421635940746e-08,fig2_hermitian_map,5.0,,,,,,,,,,
fig3_branch_trial_04806a0da1dc,fig3,branch_trial,056697e838fdf90f8af053d13a5639d0d26706ba59f595f9bbc2d755d337fc52,cb20a339f3d8dfccb33e4fd8bf6738036431a0eb,056697e838fdf90f8af053d13a5639d0d26706ba59f595f9bbc2d755d337fc52,40,2.0,0.1,3.9000000000000004,2.782559402207126e-10,1.519225957178408e-08,SUCCESS,SUCCESS,6.155218239959658e-11,4.704228531097197e-11,6.113356487702504e-10,0.9999999999999996,1,3,0.04154637083411217,True,True,SUCCESS,data/raw/fig3/fig3_branch_trial_04806a0da1dc,0.0,0.12616890265686267,0.0,0.0,1.0000000000007458,True,1.0342701538241544e-12,0.0018191688733693034,-1.3855207912384604,49.4024490860229,,,,,,,,,,,1.1731752058922694e-10,1.809332813061578e-10,fig2_hermitian_map,2.0,,,,,,,,,,
fig3_branch_trial_0960d52dca39,fig3,branch_trial,056697e838fdf90f8af053d13a5639d0d26706ba59f595f9bbc2d755d337fc52,cb20a339f3d8dfccb33e4fd8bf6738036431a0eb,056697e838fdf90f8af053d13a5639d0d26706ba59f595f9bbc2d755d337fc52,40,2.0,0.05,1.9500000000000002,0.005994842503189421,0.04429622756032048,SUCCESS,SUCCESS,8.6540287253953e-11,4.9115325804901624e-11,9.472119755216113e-10,0.9999960752854912,13,4141,59.16420348873362,True,True,SUCCESS,data/raw/fig3/fig3_branch_trial_0960d52dca39,2.0198659103221012e-18,0.12617205949684368,0.0,2.239060966911013e-16,0.9941259499732574,True,0.0021227173607764904,0.004519771540387074,-1.3855238342388208,7.091735768319151,,,,,,,,,,,2.5539838011969883e-05,0.0003123986082638363,fig2_hermitian_map,8.0,,,,,,,,,,
fig3_branch_trial_0d64983c9033,fig3,branch_trial,056697e838fdf90f8af053d13a5639d0d26706ba59f595f9bbc2d755d337fc52,cb20a339f3d8dfccb33e4fd8bf6738036431a0eb,056697e838fdf90f8af053d13a5639d0d26706ba59f595f9bbc2d755d337fc52,40,2.0,0.05,1.9500000000000002,1.6681005372000556e-11,1.2325688448027565e-10,SUCCESS,SUCCESS,6.245733937109627e-11,5.521495487081381e-11,6.179486922164301e-10,0.9999999999999998,1,3,0.04162010410800576,True,True,SUCCESS,data/raw/fig3/fig3_branch_trial_0d64983c9033,0.0,0.12616890265296218,0.0,0.0,1.0000000000000044,True,9.455567070474836e-15,0.001819167812245004,-1.3855207912384604,7.028687580567219,,,,,,,,,,,8.470537221540004e-11,1.2919052138034709e-10,fig2_hermitian_map,1.0,,,,,,,,,,
fig3_branch_trial_0f807120e4b0,fig3,branch_trial,056697e838fdf90f8af053d13a5639d0d26706ba59f595f9bbc2d755d337fc52,cb20a339f3d8dfccb33e4fd8bf6738036431a0eb,056697e838fdf90f8af053d13a5639d0d26706ba59f595f9bbc2d755d337fc52,24,2.0,0.05,1.1500000000000001,0.0029663488391777374,0.009848624979693922,SUCCESS,SUCCESS,8.825034962808941e-11,3.595328281273295e-11,5.957868642880726e-10,0.9999998443237147,13,2525,9.82463113265112,True,True,SUCCESS,data/raw/fig3/fig3_branch_trial_0f807120e4b0,0.0,0.12416612202764318,0.0,0.0,1.0000403041099815,True,5.7741363469967064e-05,0.02023387663287446,-1.3743212558636495,3.158475326031229,,,,,,,,,,,8.327419383125977e-05,8.801061180779494e-05,fig2_hermitian_map,12.0,,,,,,,,,,
fig3_branch_trial_10d2069e7038,fig3,branch_trial,056697e838fdf90f8af053d13a5639d0d26706ba59f595f9bbc2d755d337fc52,cb20a339f3d8dfccb33e4fd8bf6738036431a0eb,056697e838fdf90f8af053d13a5639d0d26706ba59f595f9bbc2d755d337fc52,40,2.0,0.1,3.9000000000000004,1.6681005372000556e-11,9.107520340041714e-10,SUCCESS,SUCCESS,6.649105477000344e-11,5.520899562543585e-11,6.179564637776025e-10,0.9999999999999997,1,3,0.04167426098138094,True,True,SUCCESS,data/raw/fig3/fig3_branch_trial_10d2069e7038,0.0,0.12616890265297243,0.0,0.0,1.0000000000000455,True,6.200977511176155e-14,0.001819167866814242,-1.3855207912384604,49.40244910436098,,,,,,,,,,,8.478254939505587e-11,1.2924387675448602e-10,fig2_hermitian_map,1.0,,,,,,,,,,
fig3_branch_trial_16e6a06d038a,fig3,branch_trial,056697e838fdf90f8af053d13a5639d0d26706ba59f595f9bbc2d755d337fc52,cb20a339f3d8dfccb33e4fd8bf6738036431a0eb,056697e838fdf90f8af053d13a5639d0d26706ba59f595f9bbc2d755d337fc52,40,2.0,0.05,1.9500000000000002,0.0029663488391777374,0.021918517981682116,SUCCESS,SUCCESS,8.852854025008398e-11,1.8743793119720613e-11,8.93618623543091e-10,0.999999757334084,9,3495,49.27596981683746,True,True,SUCCESS,data/raw/fig3/fig3_branch_trial_16e6a06d038a,-2.889206729370528e-18,0.12617041784072358,0.0,8.880851525399846e-16,0.9985807424931119,True,0.0005130904488326491,0.0033750181370892918,-1.3855220900665852,7.039956705804784,,,,,,,,,,,1.2079472023636461e-05,7.984624177897697e-05,fig2_hermitian_map,12.0,,,,,,,,,,
fig3_branch_trial_1b5f527dd2d0,fig3,branch_trial,056697e838fdf90f8af053d13a5639d0d26706ba59f595f9bbc2d755d337fc52,cb20a339f3d8dfccb33e4fd8bf6738036431a0eb,056697e838fdf90f8af053d13a5639d0d26706ba59f595f9bbc2d755d337fc52,24,2.0,0.1,2.3000000000000003,0.04948168092155145,0.5454452964088903,SUCCESS,SUCCESS,9.450447981862913e-11,5.604890750542578e-11,3.4436520301994733e-10,0.998050208466437,21,7464,30.57613490987569,True,True,SUCCESS,data/raw/fig3/fig3_branch_trial_1b5f527dd2d0,-1.495307082523541e-19,0.124937001914553,0.08333333333333333,0.015624208075140153,0.6610866691548519,True,0.11977536515818109,0.0018483002822518024,-1.3734042766206849,35.79135092468294,,,,,,,,,,,0.0070146847073720145,0.04279505163611435,fig2_hermitian_map,16.0,,,,,,,,,,
fig3_branch_trial_1dd43554a4c9,fig3,branch_trial,056697e838fdf90f8af053d13a5639d0d26706ba59f595f9bbc2d755d337fc52,cb20a339f3d8dfccb33e4fd8bf6738036431a0eb,056697e838fdf90f8af053d13a5639d0d26706ba59f595f9bbc2d755d337fc52,24,2.0,0.05,1.1500000000000001,0.00035938136638046403,0.0011931881562359623,SUCCESS,SUCCESS,8.885356557102221e-11,4.9746791711559043e-11,2.478460769950175e-10,0.999999992075218,13,1964,7.631569935940206,True,True,SUCCESS,data/raw/fig3/fig3_branch_trial_1dd43554a4c9,0.0,0.12415703346952729,0.0,0.0,1.0000200887474155,True,1.463602402514845e-05,0.019255608440772454,-1.3743437538717278,3.1581826430322115,,,,,,,,,,,9.933729963486198e-06,9.710014287659845e-06,fig2_hermitian_map,7.0,,,,,,,,,,
fig3_branch_trial_22b344feb807,fig3,branch_trial,056697e838fdf90f8af053d13a5639d0d26706ba59f595f9bbc2d755d337fc52,cb20a339f3d8dfccb33e4fd8bf6738036431a0eb,056697e838fdf90f8af053d13a5639d0d26706ba59f595f9bbc2d755d337fc52,24,2.0,0.1,2.3000000000000003,0.0007262917501736235,0.00800604206596874,SUCCESS,SUCCESS,8.535532358148236e-11,2.8275662704165128e-11,9.201828188309946e-11,0.9999999833898675,13,2426,9.541643870063126,True,True,SUCCESS,data/raw/fig3/fig3_branch_trial_22b344feb807,0.0,0.12416353781473513,0.0,0.0,1.0000901567915443,True,5.403138594773084e-05,0.01995674208310061,-1.374327458531302,9.97453014548142,,,,,,,,,,,6.241772185265996e-05,6.513871897493667e-05,fig2_hermitian_map,10.0,,,,,,,,,,
fig3_branch_trial_23cc852e20ce,fig3,branch_trial,056697e838fdf90f8af053d13a5639d0d26706ba59f595f9bbc2d755d337fc52,cb20a339f3d8dfccb33e4fd8bf6738036431a0eb,056697e838fdf90f8af053d13a5639d0d26706ba59f595f9bbc2d755d337fc52,40,2.0,0.05,1.9500000000000002,0.0007262917501736235,0.0053666104862234295,SUCCESS,SUCCESS,9.232751348311893e-11,1.8589937018278917e-11,5.98615601532515e-10,0.9999999876147161,12,3062,42.535037632100284,True,True,SUCCESS,data/raw/fig3/fig3_branch_trial_23cc852e20ce,0.0,0.12616926468149364,0.0,0.0,0.9999254023876392,True,2.7393540729681337e-05,0.0021995422022971223,-1.3855210744415853,7.028613445330893,,,,,,,,,,,2.87096613889833e-06,6.2273274949478295e-06,fig2_hermitian_map,10.0,,,,,,,,,,
fig3_branch_trial_2860771a3158,fig3,branch_trial,056697e838fdf90f8af053d13a5639d0d26706ba59f595f9bbc2d755d337fc52,cb20a339f3d8dfccb33e4fd8bf6738036431a0eb,056697e838fdf90f8af053d13a5639d0d26706ba59f595f9bbc2d755d337fc52,24,2.0,0.1,2.3000000000000003,0.012115276586285901,0.133548830710887,SUCCESS,SUCCESS,8.344751035280832e-11,7.964757306598615e-11,3.4475555743540554e-10,0.9999837217351191,20,7087,28.581580220721662,True,True,SUCCESS,data/raw/fig3/fig3_branch_trial_2860771a3158,-9.579180514281065e-36,0.12431326274111516,0.0,3.7921369636033905e-34,0.968687674963716,True,0.00983595602634599,0.02034948640409906,-1.3740334184691638,10.193529754496126,,,,,,,,,,,0.001292891285152339,0.004051088630277278,fig2_hermitian_map,14.0,,,,,,,,,,
fig3_branch_trial_32393d1e04f4,fig3,branch_trial,056697e838fdf90f8af053d13a5639d0d26706ba59f595f9bbc2d755d337fc52,cb20a339f3d8dfccb33e4fd8bf6738036431a0eb,056697e838fdf90f8af053d13a5639d0d26706ba59f595f9bbc2d755d337fc52,40,2.0,0.1,3.9000000000000004,8.799225435691092e-05,0.004804214305133212,SUCCESS,SUCCESS,8.495171712187769e-11,6.538085426716106e-11,6.204405877952013e-10,0.9999999997003942,13,3065,43.09321864088997,True,True,SUCCESS,data/raw/fig3/fig3_branch_trial_32393d1e04f4,2.3543084998005233e-19,0.12616922036646222,0.0,4.4386845402635517e-16,0.9999299532364192,True,1.272135796885159e-05,0.0021536282634990744,-1.3855210304962728,49.3998768484025,,,,,,,,,,,2.519351627148242e-06,5.143885784757811e-06,fig2_hermitian_map,11.0,,,,,,,,,,
fig3_branch_trial_326e4b038f6e,fig3,branch_trial,056697e838fdf90f8af053d13a5639d0d26706ba59f595f9bbc2d755d337fc52,cb20a339f3d8dfccb33e4fd8bf6738036431a0eb,056697e838fdf90f8af053d13a5639d0d26706ba59f595f9bbc2d755d337fc52,40,2.0,0.1,3.9000000000000004,0.0001778279410038928,0.009709076603015662,SUCCESS,SUCCESS,8.975818023205553e-11,3.390670463082446e-11,1.963356144329964e-10,0.9999999985962496,14,3442,48.966723138000816,True,True,SUCCESS,data/raw/fig3/fig3_branch_trial_326e4b038f6e,2.563553942452399e-19,0.12616954919485954,0.0,4.436529515635897e-16,0.9996831407037009,True,5.551216425932913e-05,0.0024953549693886856,-1.385521281961117,49.40468225651463,,,,,,,,,,,5.131736974268472e-06,1.7250149354497163e-05,fig2_hermitian_map,12.0,,,,,,,,,,
fig3_branch_trial_33a4f916ebda,fig3,branch_trial,056697e838fdf90f8af053d13a5639d0d26706ba59f595f9bbc2d755d337fc52,cb20a339f3d8dfccb33e4fd8bf6738036431a0eb,056697e838fdf90f8af053d13a5639d0d26706ba59f595f9bbc2d755d337fc52,40,2.0,0.1,3.9000000000000004,7.742636826811277e-08,4.2273364712239e-06,SUCCESS,SUCCESS,9.547129254273885e-11,1.799606615059313e-12,6.949636421893501e-10,0.9999999999999996,1,48,0.6638112827204168,True,True,SUCCESS,data/raw/fig3/fig3_branch_trial_33a4f916ebda,0.0,0.12616890293705119,0.0,0.0,1.0000000031612446,True,1.0331944098348582e-09,0.0018194614697597533,-1.3855207912384604,49.40244368618857,,,,,,,,,,,2.3340395817763457e-09,2.464818050210826e-09,fig2_hermitian_map,4.0,,,,,,,,,,
fig3_branch_trial_3812e4125761,fig3,branch_trial,056697e838fdf90f8af053d13a5639d0d26706ba59f595f9bbc2d755d337fc52,cb20a339f3d8dfccb33e4fd8bf6738036431a0eb,056697e838fdf90f8af053d13a5639d0d26706ba59f595f9bbc2d755d337fc52,24,2.0,0.05,1.1500000000000001,7.742636826811277e-08,2.570645955529933e-07,SUCCESS,SUCCESS,9.37100762794813e-11,4.436720056477266e-12,4.271872855454717e-10,0.9999999999999996,1,29,0.11052852915599942,True,True,SUCCESS,data/raw/fig3/fig3_branch_trial_3812e4125761,0.0,0.12415580309766097,0.0,0.0,1.0000000015015618,True,1.7926444590904954e-09,0.019120767081638013,-1.374346883571062,3.1581929064677383,,,,,,,,,,,2.2921006815682386e-09,2.2267770023049366e-09,fig2_hermitian_map,4.0,,,,,,,,,,
fig3_branch_trial_3b558ba2fbdf,fig3,branch_trial,056697e838fdf90f8af053d13a5639d0d26706ba59f595f9bbc2d755d337fc52,cb20a339f3d8dfccb33e4fd8bf6738036431a0eb,056697e838fdf90f8af053d13a5639d0d26706ba59f595f9bbc2d755d337fc52,40,2.0,0.1,3.9000000000000004,2.1544346900318867e-05,0.0011762814844297155,SUCCESS,SUCCESS,9.390603619124102e-11,2.038525086119779e-11,2.9527758016456573e-10,0.999999999942419,13,2223,30.30437162797898,True,True,SUCCESS,data/raw/fig3/fig3_branch_trial_3b558ba2fbdf,0.0,0.1261689800988365,0.0,0.0,0.999998572695803,True,4.949979704768451e-07,0.0019010381624910977,-1.3855208498322105,49.40115657035271,,,,,,,,,,,6.139523273317579e-07,7.380529989134388e-07,fig2_hermitian_map,6.0,,,,,,,,,,
fig3_branch_trial_46de52bd319e,fig3,branch_trial,056697e838fdf90f8af053d13a5639d0d26706ba59f595f9bbc2d755d337fc52,cb20a339f3d8dfccb33e4fd8bf6738036431a0eb,056697e838fdf90f8af053d13a5639d0d26706ba59f595f9bbc2d755d337fc52,40,2.0,0.05,1.9500000000000002,7.742636826811277e-08,5.721077786695493e-07,SUCCESS,SUCCESS,8.055998406400733e-11,2.7167794442930087e-11,6.084230896874487e-10,0.9999999999999993,1,5,0.06977593526244164,True,True,SUCCESS,data/raw/fig3/fig3_branch_trial_46de52bd319e,0.0,0.12616890267738454,0.0,0.0,1.0000000000375076,True,7.035274550808121e-11,0.001819208302596964,-1.3855207912384604,7.028687477991106,,,,,,,,,,,2.8058708168558934e-10,3.709897228360324e-10,fig2_hermitian_map,4.0,,,,,,,,,,
fig3_branch_trial_4afe30398198,fig3,branch_trial,056697e838fdf90f8af053d13a5639d0d26706ba59f595f9bbc2d755d337fc52,cb20a339f3d8dfccb33e4fd8bf6738036431a0eb,056697e838fdf90f8af053d13a5639d0d26706ba59f595f9bbc2d755d337fc52,40,2.0,0.05,1.9500000000000002,0.012115276586285901,0.08952045835012755,SUCCESS,SUCCESS,8.535078919334388e-11,5.473075239870974e-11,6.824478759881458e-10,0.9999862695247707,14,4464,63.79621498286724,True,True,SUCCESS,data/raw/fig3/fig3_branch_trial_4afe30398198,7.104444383216618e-18,0.12617560029069083,0.0,4.409188891743502e-16,0.9764400286153235,True,0.0085653828342322,0.004029834864002102,-1.3855286368812822,7.669080227934493,,,,,,,,,,,5.6796720964382314e-05,0.001227393658676589,fig2_hermitian_map,14.0,,,,,,,,,,
fig3_branch_trial_505aa2bb8187,fig3,branch_trial,056697e838fdf90f8af053d13a5639d0d26706ba59f595f9bbc2d755d337fc52,cb20a339f3d8dfccb33e4fd8bf6738036431a0eb,056697e838fdf90f8af053d13a5639d0d26706ba59f595f9bbc2d755d337fc52,40,2.0,0.1,3.9000000000000004,4.354004653656653e-05,0.0023772059932535413,SUCCESS,SUCCESS,8.015564002547427e-11,3.516633767050774e-11,8.648111116116297e-10,0.9999999999302278,11,2611,36.095454707276076,True,True,SUCCESS,data/raw/fig3/fig3_branch_trial_505aa2bb8187,5.476086873335331e-19,0.12616905931848937,0.0,4.987385918316115e-16,0.9999865941924115,True,2.70362717842575e-06,0.0019846333650008763,-1.3855209084259603,49.400280163479174,,,,,,,,,,,1.241990135462839e-06,1.7994957576801753e-06,fig2_hermitian_map,10.0,,,,,,,,,,
fig3_branch_trial_527f7526a827,fig3,branch_trial,056697e838fdf90f8af053d13a5639d0d26706ba59f595f9bbc2d755d337fc52,cb20a339f3d8dfccb33e4fd8bf6738036431a0eb,056697e838fdf90f8af053d13a5639d0d26706ba59f595f9bbc2d755d337fc52,40,2.0,0.1,3.9000000000000004,0.005994842503189421,0.32730731041420597,SUCCESS,SUCCESS,9.304021045421472e-11,1.842035999660931e-11,3.1803359945570264e-10,0.9991889693991028,16,7766,119.27944269776344,True,True,SUCCESS,data/raw/fig3/fig3_branch_trial_527f7526a827,-8.304090568805352e-19,0.12619078274252812,0.1,0.010045245006114817,0.742631248739538,True,0.04954957670305693,0.010117296046708472,-1.3855524802296322,56.970665754878226,,,,,,,,,,,0.00027055228734987395,0.012276647941633644,fig2_hermitian_map,17.0,,,,,,,,,,
fig3_branch_trial_59d53059d1f1,fig3,branch_trial,056697e838fdf90f8af053d13a5639d0d26706ba59f595f9bbc2d755d337fc52,cb20a339f3d8dfccb33e4fd8bf6738036431a0eb,056697e838fdf90f8af053d13a5639d0d26706ba59f595f9bbc2d755d337fc52,40,2.0,0.1,3.9000000000000004,4.641588833612792e-09,2.534221635297582e-07,SUCCESS,SUCCESS,7.72178810031785e-11,3.877170515154106e-11,6.086215975642517e-10,0.9999999999999996,1,3,0.04185630660504103,True,True,SUCCESS,data/raw/fig3/fig3_branch_trial_59d53059d1f1,0.0,0.12616890266297584,0.0,0.0,1.0000000000124023,True,1.72563018885969e-11,0.0018191854367761717,-1.3855207912384604,49.40244878013542,,,,,,,,,,,1.662739972615193e-10,2.414406064725177e-10,fig2_hermitian_map,3.0,,,,,,,,,,
fig3_branch_trial_62f2f14eec6f,fig3,branch_trial,056697e838fdf90f8af053d13a5639d0d26706ba59f595f9bbc2d755d337fc52,cb20a339f3d8dfccb33e4fd8bf6738036431a0eb,056697e838fdf90f8af053d13a5639d0d26706ba59f595f9bbc2d755d337fc52,24,2.0,0.05,1.1500000000000001,0.012115276586285901,0.0402241348177617,SUCCESS,SUCCESS,9.076981053598315e-11,5.7893498540955114e-11,9.51759226985871e-10,0.9999973739959849,17,4611,18.11417619884014,True,True,SUCCESS,data/raw/fig3/fig3_branch_trial_62f2f14eec6f,0.0,0.12420023902211359,0.0,0.0,0.9983695464568093,True,0.0011474608258048179,0.02366833767399945,-1.374245476632631,3.164720538284554,,,,,,,,,,,0.000358959922102052,0.0005458913730802082,fig2_hermitian_map,14.0,,,,,,,,,,
fig3_branch_trial_64d2450ea686,fig3,branch_trial,056697e838fdf90f8af053d13a5639d0d26706ba59f595f9bbc2d755d337fc52,cb20a339f3d8dfccb33e4fd8bf6738036431a0eb,056697e838fdf90f8af053d13a5639d0d26706ba59f595f9bbc2d755d337fc52,24,2.0,0.05,1.1500000000000001,0.04948168092155145,0.16428496619309318,SUCCESS,SUCCESS,8.830103827341606e-11,4.002238966538246e-11,3.3892877393526533e-10,0.9999413603804091,19,7002,28.360501817893237,True,True,SUCCESS,data/raw/fig3/fig3_branch_trial_64d2450ea686,-2.1889122479445977e-35,0.12437104697719495,0.0,3.153536777161879e-34,0.9651525848928231,True,0.023936358869123684,0.018621026818686826,-1.3739944091700507,3.296987010686666,,,,,,,,,,,0.0017764802546774575,0.00617564508365095,fig2_hermitian_map,16.0,,,,,,,,,,
fig3_branch_trial_663ead3b4492,fig3,branch_trial,056697e838fdf90f8af053d13a5639d0d26706ba59f595f9bbc2d755d337fc52,cb20a339f3d8dfccb33e4fd8bf6738036431a0eb,056697e838fdf90f8af053d13a5639d0d26706ba59f595f9bbc2d755d337fc52,40,2.0,0.05,1.9500000000000002,0.1,0.7389056098930651,SUCCESS,SUCCESS,5.878798522306809e-11,7.41216918688105e-11,7.895883946673621e-11,0.9815534157609146,21,9079,140.67855915008113,True,True,SUCCESS,data/raw/fig3/fig3_branch_trial_663ead3b4492,-1.4266686762666956e-17,0.12619434527160353,0.25,0.02980669870342837,0.46475066904460205,True,0.25611890941284843,0.008772816389465476,-1.3858117475847913,19.73423556386917,,,,,,,,,,,0.0006698507411137922,0.035459978425292686,fig2_hermitian_map,9.0,,,,,,,,,,
fig3_branch_trial_67e8694b26c8,fig3,branch_trial,056697e838fdf90f8af053d13a5639d0d26706ba59f595f9bbc2d755d337fc52,cb20a339f3d8dfccb33e4fd8bf6738036431a0eb,056697e838fdf90f8af053d13a5639d0d26706ba59f595f9bbc2d755d337fc52,24,2.0,0.05,1.1500000000000001,0.005994842503189421,0.019903578043979527,SUCCESS,SUCCESS,8.235357374180244e-11,8.419062750402776e-11,6.415888931243785e-10,0.9999993636522191,17,3553,13.78267685091123,True,True,SUCCESS,data/raw/fig3/fig3_branch_trial_67e8694b26c8,0.0,0.12417703635960366,0.0,0.0,0.9997868581331028,True,0.00018707631890314597,0.02137037366671679,-1.3742956180799615,3.1596329553545304,,,,,,,,,,,0.00017135495122461372,0.00020367449341749972,fig2_hermitian_map,13.0,,,,,,,,,,
fig3_branch_trial_681ec39d819a,fig3,branch_trial,056697e838fdf90f8af053d13a5639d0d26706ba59f595f9bbc2d755d337fc52,cb20a339f3d8dfccb33e4fd8bf6738036431a0eb,056697e838fdf90f8af053d13a5639d0d26706ba59f595f9bbc2d755d337fc52,40,2.0,0.1,3.9000000000000004,1e-12,5.459815003314424e-11,SUCCESS,SUCCESS,7.369543259026921e-11,6.493628210679576e-11,6.271102526156369e-10,0.9999999999999998,1,3,0.04193323012441397,True,True,SUCCESS,data/raw/fig3/fig3_branch_trial_681ec39d819a,0.0,0.12616890264839706,0.0,0.0,1.0000000000000038,True,3.775779754126702e-15,0.0018191677881447266,-1.3855207912384604,49.402449105460185,,,,,,,,,,,4.6589202997274094e-11,6.984177810441853e-11,fig2_hermitian_map,0.0,,,,,,,,,,
fig3_branch_trial_69ce77372fa4,fig3,branch_trial,056697e838fdf90f8af053d13a5639d0d26706ba59f595f9bbc2d755d337fc52,cb20a339f3d8dfccb33e4fd8bf6738036431a0eb,056697e838fdf90f8af053d13a5639d0d26706ba59f595f9bbc2d755d337fc52,40,2.0,0.1,3.9000000000000004,0.00035938136638046403,0.019621557760756952,SUCCESS,SUCCESS,8.938613071391369e-11,2.741955466271247e-11,4.905520434306254e-12,0.9999999812296687,13,3735,55.26201076991856,True,True,SUCCESS,data/raw/fig3/fig3_branch_trial_69ce77372fa4,-2.142969547766907e-18,0.12617022651087045,0.0,3.1284299340714806e-16,0.9986455476367491,True,0.00023382293294546335,0.0031868128993526312,-1.3855218044220545,49.438013008711245,,,,,,,,,,,1.0544387534825508e-05,6.411648735484511e-05,fig2_hermitian_map,13.0,,,,,,,,,,
fig3_branch_trial_6af72db50f95,fig3,branch_trial,056697e838fdf90f8af053d13a5639d0d26706ba59f595f9bbc2d755d337fc52,cb20a339f3d8dfccb33e4fd8bf6738036431a0eb,056697e838fdf90f8af053d13a5639d0d26706ba59f595f9bbc2d755d337fc52,40,2.0,0.05,1.9500000000000002,1e-12,7.38905609893065e-12,SUCCESS,SUCCESS,7.056680096374477e-11,6.493661253632063e-11,6.271096975041246e-10,0.9999999999999994,1,3,0.04183850809931755,True,True,SUCCESS,data/raw/fig3/fig3_branch_trial_6af72db50f95,0.0,0.12616890264839645,0.0,0.0,1.0000000000000007,True,6.930899663502037e-16,0.0018191677848640175,-1.3855207912384604,7.028687580587989,,,,,,,,,,,4.658465730071122e-11,6.983883695418466e-11,fig2_hermitian_map,0.0,,,,,,,,,,
fig3_branch_trial_6f1148ae2300,fig3,branch_trial,056697e838fdf90f8af053d13a5639d0d26706ba59f595f9bbc2d755d337fc52,cb20a339f3d8dfccb33e4fd8bf6738036431a0eb,056697e838fdf90f8af053d13a5639d0d26706ba59f595f9bbc2d755d337fc52,24,2.0,0.1,2.3000000000000003,1e-12,1.1023176380641605e-11,SUCCESS,SUCCESS,8.617079859641525e-11,2.0585533560627118e-11,7.708139682094384e-10,0.9999999999999994,1,11,0.0417792983353138,True,True,SUCCESS,data/raw/fig3/fig3_branch_trial_6f1148ae2300,0.0,0.12415580280783026,0.0,0.0,1.000000000000047,True,6.710950416311773e-14,0.019120736070532107,-1.374346883571062,9.974182454814308,,,,,,,,,,,6.912771671337086e-11,3.532635869956322e-10,fig2_hermitian_map,0.0,,,,,,,,,,
fig3_branch_trial_6fbed9ee8495,fig3,branch_trial,056697e838fdf90f8af053d13a5639d0d26706ba59f595f9bbc2d755d337fc52,cb20a339f3d8dfccb33e4fd8bf6738036431a0eb,056697e838fdf90f8af053d13a5639d0d26706ba59f595f9bbc2d755d337fc52,24,2.0,0.05,1.1500000000000001,1.2915496650148854e-06,4.288095899370641e-06,SUCCESS,SUCCESS,8.696100463391839e-11,7.450814653835993e-11,5.793510116092193e-11,0.9999999999998991,12,1429,5.449081937782466,True,True,SUCCESS,data/raw/fig3/fig3_branch_trial_6fbed9ee8495,0.0,0.12415580734874357,0.0,0.0,1.0000000772090996,True,5.582821118775146e-08,0.019121225242142215,-1.374346873805437,3.1581928511430184,,,,,,,,,,,3.654532328814071e-08,3.5643927216476824e-08,fig2_hermitian_map,5.0,,,,,,,,,,
fig3_branch_trial_70167418473e,fig3,branch_trial,056697e838fdf90f8af053d13a5639d0d26706ba59f595f9bbc2d755d337fc52,cb20a339f3d8dfccb33e4fd8bf6738036431a0eb,056697e838fdf90f8af053d13a5639d0d26706ba59f595f9bbc2d755d337fc52,40,2.0,0.05,1.9500000000000002,4.641588833612792e-09,3.4296960279735006e-08,SUCCESS,SUCCESS,5.202171823920407e-11,4.014145083666799e-11,6.064417856777027e-10,0.9999999999999994,1,3,0.04202641220763326,True,True,SUCCESS,data/raw/fig3/fig3_branch_trial_70167418473e,0.0,0.1261689026601199,0.0,0.0,1.0000000000011848,True,2.597194649309498e-12,0.0018191702544041455,-1.3855207912384604,7.028687574436469,,,,,,,,,,,1.4465748186043628e-10,2.2583383706799866e-10,fig2_hermitian_map,3.0,,,,,,,,,,
fig3_branch_trial_72858b4c2e5f,fig3,branch_trial,056697e838fdf90f8af053d13a5639d0d26706ba59f595f9bbc2d755d337fc52,cb20a339f3d8dfccb33e4fd8bf6738036431a0eb,056697e838fdf90f8af053d13a5639d0d26706ba59f595f9bbc2d755d337fc52,40,2.0,0.05,1.9500000000000002,0.0014677992676220735,0.010845651130428824,SUCCESS,SUCCESS,8.416479317182987e-11,3.105388935626636e-11,9.64345714393744e-10,0.9999999472345725,7,3011,42.6010983819142,True,True,SUCCESS,data/raw/fig3/fig3_branch_trial_72858b4c2e5f,7.085484164464589e-19,0.12616964037343745,0.0,4.465042506161665e-16,0.9996663217309785,True,0.00012115488526802391,0.00258825150640396,-1.3855213869415852,7.030378571360109,,,,,,,,,,,5.856957775842775e-06,2.1272569830520987e-05,fig2_hermitian_map,11.0,,,,,,,,,,
fig3_branch_trial_7293b97202dd,fig3,branch_trial,056697e838fdf90f8af053d13a5639d0d26706ba59f595f9bbc2d755d337fc52,cb20a339f3d8dfccb33e4fd8bf6738036431a0eb,056697e838fdf90f8af053d13a5639d0d26706ba59f595f9bbc2d755d337fc52,40,2.0,0.05,1.9500000000000002,0.1,0.7389056098930651,SUCCESS,SUCCESS,9.143901210333827e-11,4.0336411144131823e-11,6.889905312945643e-10,0.9934055246814362,20,8564,132.75194071698934,True,True,SUCCESS,data/raw/fig3/fig3_branch_trial_7293b97202dd,1.7796186002855052e-17,0.12619434524240064,0.25,0.029806698701656496,0.46475066841264745,True,0.25611890967094847,0.008772818467444099,-1.3858117462640243,19.734235597785727,,,,,,,,,,,0.0006698506660921566,0.03545997870206942,fig2_hermitian_map,17.0,,,,,,,,,,
fig3_branch_trial_763d6238bb06,fig3,branch_trial,056697e838fdf90f8af053d13a5639d0d26706ba59f595f9bbc2d755d337fc52,cb20a339f3d8dfccb33e4fd8bf6738036431a0eb,056697e838fdf90f8af053d13a5639d0d26706ba59f595f9bbc2d755d337fc52,24,2.0,0.1,2.3000000000000003,7.742636826811277e-08,8.534845139319194e-07,SUCCESS,SUCCESS,9.654462947854138e-11,5.393320544412257e-14,3.175210094852332e-10,0.9999999999999992,1,127,0.48275203397497535,True,True,SUCCESS,data/raw/fig3/fig3_branch_trial_763d6238bb06,0.0,0.12415580376207748,0.0,0.0,1.0000000189321272,True,7.83982115411071e-09,0.01912083132149256,-1.374346883571062,9.974182415501712,,,,,,,,,,,7.662457643393417e-09,7.616499110251116e-09,fig2_hermitian_map,4.0,,,,,,,,,,
fig3_branch_trial_7da8169e709d,fig3,branch_trial,056697e838fdf90f8af053d13a5639d0d26706ba59f595f9bbc2d755d337fc52,cb20a339f3d8dfccb33e4fd8bf6738036431a0eb,056697e838fdf90f8af053d13a5639d0d26706ba59f595f9bbc2d755d337fc52,40,2.0,0.1,3.9000000000000004,0.0029663488391777374,0.16195715897206936,SUCCESS,SUCCESS,9.127994277920667e-11,2.916911595440888e-11,2.080638994428341e-10,0.9999231073333859,14,5660,83.88161870557815,True,True,SUCCESS,data/raw/fig3/fig3_branch_trial_7da8169e709d,6.469007920283406e-18,0.12618096380465013,0.1,0.001640781979481259,0.9153629275607919,True,0.014974038415787351,0.0016427989589462913,-1.3855320745430517,104.95973410006629,,,,,,,,,,,0.00011376712446634464,0.003727318614638324,fig2_hermitian_map,16.0,,,,,,,,,,
fig3_branch_trial_801fcd29d437,fig3,branch_trial,056697e838fdf90f8af053d13a5639d0d26706ba59f595f9bbc2d755d337fc52,cb20a339f3d8dfccb33e4fd8bf6738036431a0eb,056697e838fdf90f8af053d13a5639d0d26706ba59f595f9bbc2d755d337fc52,24,2.0,0.1,2.3000000000000003,0.0014677992676220735,0.016179810218374686,SUCCESS,SUCCESS,8.852469836087118e-11,3.8261984074188653e-11,4.1574355069684543e-10,0.9999999341838286,16,3338,13.038692720234394,True,True,SUCCESS,data/raw/fig3/fig3_branch_trial_801fcd29d437,0.0,0.12417168010204661,0.0,0.0,0.9999122705580061,True,0.00010401385149233496,0.02080936542341405,-1.374307671599476,9.976391977580855,,,,,,,,,,,0.0001281101845240166,0.00014738912603756655,fig2_hermitian_map,11.0,,,,,,,,,,
fig3_branch_trial_80bab5314056,fig3,branch_trial,056697e838fdf90f8af053d13a5639d0d26706ba59f595f9bbc2d755d337fc52,cb20a339f3d8dfccb33e4fd8bf6738036431a0eb,056697e838fdf90f8af053d13a5639d0d26706ba59f595f9bbc2d755d337fc52,24,2.0,0.1,2.3000000000000003,1.2915496650148854e-06,1.4236979761817662e-05,SUCCESS,SUCCESS,8.919786540502348e-11,3.9243607313429946e-11,5.915100631526116e-10,0.9999999999998113,13,1638,6.242142866831273,True,True,SUCCESS,data/raw/fig3/fig3_branch_trial_80bab5314056,0.0,0.12415581635656386,0.0,0.0,1.0000003924283354,True,1.4283005218236857e-07,0.01912222470758662,-1.3743468493913742,9.974181784020104,,,,,,,,,,,1.0931894919310083e-07,1.0577668594207551e-07,fig2_hermitian_map,5.0,,,,,,,,,,
fig3_branch_trial_85850c5e2190,fig3,branch_trial,056697e838fdf90f8af053d13a5639d0d26706ba59f595f9bbc2d755d337fc52,cb20a339f3d8dfccb33e4fd8bf6738036431a0eb,056697e838fdf90f8af053d13a5639d0d26706ba59f595f9bbc2d755d337fc52,24,2.0,0.05,1.1500000000000001,1.6681005372000556e-11,5.538288822383832e-11,SUCCESS,SUCCESS,7.955392776174512e-11,2.4667317947860625e-11,7.687078751317244e-10,0.9999999999999996,1,3,0.01156605128198862,True,True,SUCCESS,data/raw/fig3/fig3_branch_trial_85850c5e2190,0.0,0.12415580280934735,0.0,0.0,1.0000000000000355,True,1.1945099180596057e-13,0.019120736080642464,-1.374346883571062,3.1581929096891455,,,,,,,,,,,5.2519487058910405e-11,2.674842982781175e-10,fig2_hermitian_map,1.0,,,,,,,,,,
fig3_branch_trial_89d11da67b78,fig3,branch_trial,056697e838fdf90f8af053d13a5639d0d26706ba59f595f9bbc2d755d337fc52,cb20a339f3d8dfccb33e4fd8bf6738036431a0eb,056697e838fdf90f8af053d13a5639d0d26706ba59f595f9bbc2d755d337fc52,24,2.0,0.05,1.1500000000000001,2.782559402207126e-10,9.238422559787572e-10,SUCCESS,SUCCESS,6.997965190857805e-11,2.1856555903875223e-11,7.69732499961151e-10,0.9999999999999997,1,3,0.011690507177263498,True,True,SUCCESS,data/raw/fig3/fig3_branch_trial_89d11da67b78,0.0,0.12415580280851542,0.0,0.0,1.0000000000005518,True,1.9316210090331035e-12,0.019120736180676223,-1.374346883571062,3.1581929096793284,,,,,,,,,,,6.268333424322765e-11,3.2559167740200726e-10,fig2_hermitian_map,2.0,,,,,,,,,,
fig3_branch_trial_8d02f7087c2b,fig3,branch_trial,056697e838fdf90f8af053d13a5639d0d26706ba59f595f9bbc2d755d337fc52,cb20a339f3d8dfccb33e4fd8bf6738036431a0eb,056697e838fdf90f8af053d13a5639d0d26706ba59f595f9bbc2d755d337fc52,24,2.0,0.05,1.1500000000000001,0.005994842503189421,0.019903578043979527,SUCCESS,SUCCESS,8.890674301783357e-11,5.921085234771966e-11,9.09020081429901e-10,0.9999977984062588,17,4014,15.589589095208794,True,True,SUCCESS,data/raw/fig3/fig3_branch_trial_8d02f7087c2b,0.0,0.12417703638503241,0.0,0.0,0.9997868581842058,True,0.00018707629402036328,0.021370375252844687,-1.3742956186362418,3.159632955318591,,,,,,,,,,,0.00017135513905893664,0.00020367486575434147,fig2_hermitian_map,8.0,,,,,,,,,,
fig3_branch_trial_8dda836ba014,fig3,branch_trial,056697e838fdf90f8af053d13a5639d0d26706ba59f595f9bbc2d755d337fc52,cb20a339f3d8dfccb33e4fd8bf6738036431a0eb,056697e838fdf90f8af053d13a5639d0d26706ba59f595f9bbc2d755d337fc52,40,2.0,0.05,1.9500000000000002,0.02448436746822229,0.18091636476952713,SUCCESS,SUCCESS,8.575245229414626e-11,3.666758931444811e-11,5.912281775266592e-11,0.9998337133553623,14,6542,95.77083506807685,True,True,SUCCESS,data/raw/fig3/fig3_branch_trial_8dda836ba014,1.6153335057618067e-18,0.12618301108540897,0.1,0.0029516211765046934,0.9128906574229291,True,0.03249753590125792,0.0029186794355439503,-1.3855438817610544,12.104982279613639,,,,,,,,,,,0.00013531398910966277,0.004590541774694524,fig2_hermitian_map,15.0,,,,,,,,,,
fig3_branch_trial_8e8aac8788f2,fig3,branch_trial,056697e838fdf90f8af053d13a5639d0d26706ba59f595f9bbc2d755d337fc52,cb20a339f3d8dfccb33e4fd8bf6738036431a0eb,056697e838fdf90f8af053d13a5639d0d26706ba59f595f9bbc2d755d337fc52,24,2.0,0.05,1.1500000000000001,4.641588833612792e-09,1.5410617634862826e-08,SUCCESS,SUCCESS,4.985334216953328e-11,2.1876074725467403e-11,7.641044463824187e-10,0.9999999999999996,1,3,0.011598930228501558,True,True,SUCCESS,data/raw/fig3/fig3_branch_trial_8e8aac8788f2,0.0,0.1241558028110086,0.0,0.0,1.0000000000091624,True,3.217661680158913e-11,0.019120737900835127,-1.374346883571062,3.158192909515692,,,,,,,,,,,5.594856258520419e-11,3.678025523780814e-10,fig2_hermitian_map,3.0,,,,,,,,,,
fig3_branch_trial_a1efce8afb90,fig3,branch_trial,056697e838fdf90f8af053d13a5639d0d26706ba59f595f9bbc2d755d337fc52,cb20a339f3d8dfccb33e4fd8bf6738036431a0eb,056697e838fdf90f8af053d13a5639d0d26706ba59f595f9bbc2d755d337fc52,24,2.0,0.05,1.1500000000000001,0.1,0.33201169227365485,SUCCESS,SUCCESS,9.587056921377139e-11,1.8601815102471486e-11,1.4583778629173594e-10,0.9995831969691547,20,7115,28.959262152202427,True,True,SUCCESS,data/raw/fig3/fig3_branch_trial_a1efce8afb90,2.5546528935623987e-19,0.12465027828168232,0.08333333333333333,0.0036152032402931734,0.8717174371633151,True,0.08956721409739775,0.00723040648058517,-1.373836101619891,3.8075770525078116,,,,,,,,,,,0.004235476296672537,0.02133813031783158,fig2_hermitian_map,17.0,,,,,,,,,,
fig3_branch_trial_ae2f5f43718c,fig3,branch_trial,056697e838fdf90f8af053d13a5639d0d26706ba59f595f9bbc2d755d337fc52,cb20a339f3d8dfccb33e4fd8bf6738036431a0eb,056697e838fdf90f8af053d13a5639d0d26706ba59f595f9bbc2d755d337fc52,24,2.0,0.05,1.1500000000000001,0.02448436746822229,0.08129096277374503,SUCCESS,SUCCESS,9.279088821911561e-11,1.7389513065636724e-11,9.799496769602456e-10,0.9999886519830481,17,5884,23.26667223731056,True,True,SUCCESS,data/raw/fig3/fig3_branch_trial_ae2f5f43718c,0.0,0.12425159053883574,0.0,0.0,0.9918787143994409,True,0.00558509423479205,0.022439922359503428,-1.3741514019020094,3.1870213063496697,,,,,,,,,,,0.0007776415264353226,0.0017426051135651791,fig2_hermitian_map,15.0,,,,,,,,,,
fig3_branch_trial_af6848be1aa5,fig3,branch_trial,056697e838fdf90f8af053d13a5639d0d26706ba59f595f9bbc2d755d337fc52,cb20a339f3d8dfccb33e4fd8bf6738036431a0eb,056697e838fdf90f8af053d13a5639d0d26706ba59f595f9bbc2d755d337fc52,24,2.0,0.05,1.1500000000000001,2.1544346900318867e-05,7.152975073305536e-05,SUCCESS,SUCCESS,8.62243641448471e-11,4.1998878048838206e-11,5.098338418108028e-10,0.9999999999715175,11,1607,6.176391355227679,True,True,SUCCESS,data/raw/fig3/fig3_branch_trial_af6848be1aa5,0.0,0.1241558766020458,0.0,0.0,1.0000013217498502,True,9.499630355001792e-07,0.019128828273140552,-1.374346698024187,3.1581919499409055,,,,,,,,,,,5.95542149130253e-07,5.780845856920733e-07,fig2_hermitian_map,6.0,,,,,,,,,,
fig3_branch_trial_b25cd4ac9fa3,fig3,branch_trial,056697e838fdf90f8af053d13a5639d0d26706ba59f595f9bbc2d755d337fc52,cb20a339f3d8dfccb33e4fd8bf6738036431a0eb,056697e838fdf90f8af053d13a5639d0d26706ba59f595f9bbc2d755d337fc52,24,2.0,0.1,2.3000000000000003,0.1,1.1023176380641606,SUCCESS,SUCCESS,9.041356487575236e-11,6.344150365511157e-11,8.727668587837911e-10,0.9773850600343972,21,6258,26.579541094601154,True,True,SUCCESS,data/raw/fig3/fig3_branch_trial_b25cd4ac9fa3,-1.708637033861678e-17,0.12552289104062708,0.3333333333333333,0.07469325735558363,0.3613551940507859,True,0.27328194275664075,0.04551306283275691,-1.3733618085809076,22.842275871862427,,,,,,,,,,,0.013232563802489954,0.09593258073266822,fig2_hermitian_map,9.0,,,,,,,,,,
fig3_branch_trial_b7697847c508,fig3,branch_trial,056697e838fdf90f8af053d13a5639d0d26706ba59f595f9bbc2d755d337fc52,cb20a339f3d8dfccb33e4fd8bf6738036431a0eb,056697e838fdf90f8af053d13a5639d0d26706ba59f595f9bbc2d755d337fc52,40,2.0,0.05,1.9500000000000002,0.005994842503189421,0.04429622756032048,SUCCESS,SUCCESS,8.841691649118236e-11,5.037725856767078e-11,4.133084985369351e-10,0.9999985779852317,13,4018,57.389373320154846,True,True,SUCCESS,data/raw/fig3/fig3_branch_trial_b7697847c508,3.137780853734027e-18,0.12617205944202411,0.0,2.221001458697289e-16,0.9941259491579287,True,0.0021227175848623154,0.004519773869533172,-1.3855238332306477,7.091735723526517,,,,,,,,,,,2.5539393254825785e-05,0.00031239823429586556,fig2_hermitian_map,13.0,,,,,,,,,,
fig3_branch_trial_b9c0333f4049,fig3,branch_trial,056697e838fdf90f8af053d13a5639d0d26706ba59f595f9bbc2d755d337fc52,cb20a339f3d8dfccb33e4fd8bf6738036431a0eb,056697e838fdf90f8af053d13a5639d0d26706ba59f595f9bbc2d755d337fc52,24,2.0,0.1,2.3000000000000003,2.1544346900318867e-05,0.0002374871358879441,SUCCESS,SUCCESS,9.124781573553086e-11,5.435216170110013e-11,4.732523262163113e-10,0.9999999999473911,13,1852,7.171952480915934,True,True,SUCCESS,data/raw/fig3/fig3_branch_trial_b9c0333f4049,0.0,0.12415602882434101,0.0,0.0,1.00000643972587,True,2.3563761851928867e-06,0.019145550918751253,-1.3743463073991866,9.974171864269474,,,,,,,,,,,1.8244202674751228e-06,1.7720261326051865e-06,fig2_hermitian_map,6.0,,,,,,,,,,
fig3_branch_trial_babf0778f580,fig3,branch_trial,056697e838fdf90f8af053d13a5639d0d26706ba59f595f9bbc2d755d337fc52,cb20a339f3d8dfccb33e4fd8bf6738036431a0eb,056697e838fdf90f8af053d13a5639d0d26706ba59f595f9bbc2d755d337fc52,40,2.0,0.1,3.9000000000000004,0.005994842503189421,0.32730731041420597,SUCCESS,SUCCESS,8.405861823038352e-11,5.001885623337433e-11,4.0534120504531757e-10,0.9983923981031221,16,8264,126.77180233597755,True,True,SUCCESS,data/raw/fig3/fig3_branch_trial_babf0778f580,-5.9836200804495e-19,0.12619078274188125,0.1,0.010045245007905436,0.7426312495958981,True,0.04954957664575903,0.01011729631095247,-1.3855524804515995,56.97066568177616,,,,,,,,,,,0.00027055224078629294,0.012276647259930665,fig2_hermitian_map,8.0,,,,,,,,,,
fig3_branch_trial_bba24449a7f1,fig3,branch_trial,056697e838fdf90f8af053d13a5639d0d26706ba59f595f9bbc2d755d337fc52,cb20a339f3d8dfccb33e4fd8bf6738036431a0eb,056697e838fdf90f8af053d13a5639d0d26706ba59f595f9bbc2d755d337fc52,24,2.0,0.1,2.3000000000000003,0.1,1.1023176380641606,SUCCESS,SUCCESS,8.460219431939816e-11,6.608171829175384e-11,6.654562456631652e-10,0.9922627189341404,13,3870,16.356433112174273,True,True,SUCCESS,data/raw/fig3/fig3_branch_trial_bba24449a7f1,-2.350698094278402e-18,0.12552289088903648,0.3333333333333333,0.07469325776212898,0.36135519489621587,True,0.2732819427987333,0.045513062816391,-1.3733618058397734,22.842275890617298,,,,,,,,,,,0.013232562752158328,0.09593257918303195,fig2_hermitian_map,17.0,,,,,,,,,,
fig3_branch_trial_bc540263050d,fig3,branch_trial,056697e838fdf90f8af053d13a5639d0d26706ba59f595f9bbc2d755d337fc52,cb20a339f3d8dfccb33e4fd8bf6738036431a0eb,056697e838fdf90f8af053d13a5639d0d26706ba59f595f9bbc2d755d337fc52,40,2.0,0.05,1.9500000000000002,2.782559402207126e-10,2.056048752151539e-09,SUCCESS,SUCCESS,5.5802058798193854e-11,4.7136607269658874e-11,6.112048644979495e-10,0.9999999999999996,1,3,0.04209691984578967,True,True,SUCCESS,data/raw/fig3/fig3_branch_trial_bc540263050d,0.0,0.12616890265669145,0.0,0.0,1.000000000000071,True,1.5553100125592345e-13,0.0018191679632026947,-1.3855207912384604,7.028687580220481,,,,,,,,,,,1.1602995902313325e-10,1.800373995040401e-10,fig2_hermitian_map,2.0,,,,,,,,,,
fig3_branch_trial_bcad2404649a,fig3,branch_trial,056697e838fdf90f8af053d13a5639d0d26706ba59f595f9bbc2d755d337fc52,cb20a339f3d8dfccb33e4fd8bf6738036431a0eb,056697e838fdf90f8af053d13a5639d0d26706ba59f595f9bbc2d755d337fc52,40,2.0,0.1,3.9000000000000004,0.00035938136638046403,0.019621557760756952,SUCCESS,SUCCESS,8.587290421630818e-11,6.078677351617499e-11,3.1091684782325046e-11,0.9999999683240932,14,3791,53.976220816839486,True,True,SUCCESS,data/raw/fig3/fig3_branch_trial_bcad2404649a,-2.6771970573602672e-20,0.12617022652993054,0.0,3.053548224884115e-16,0.9986455488509483,True,0.0002338228388306543,0.003186812974629971,-1.385521804422054,49.43801300788905,,,,,,,,,,,1.0544540459425338e-05,6.411648118159821e-05,fig2_hermitian_map,7.0,,,,,,,,,,
fig3_branch_trial_bd0f355c282d,fig3,branch_trial,056697e838fdf90f8af053d13a5639d0d26706ba59f595f9bbc2d755d337fc52,cb20a339f3d8dfccb33e4fd8bf6738036431a0eb,056697e838fdf90f8af053d13a5639d0d26706ba59f595f9bbc2d755d337fc52,40,2.0,0.1,3.9000000000000004,0.0007262917501736235,0.03965418594381441,SUCCESS,SUCCESS,9.218835481172017e-11,3.493296175438947e-11,8.384315464127212e-11,0.9999996776456349,13,4035,57.06909681390971,True,True,SUCCESS,data/raw/fig3/fig3_branch_trial_bd0f355c282d,-4.2569323805173165e-18,0.12617164461604177,0.0,2.617180046960536e-16,0.9943771591940733,True,0.0009657014642068739,0.004527631825642087,-1.3855229323517415,49.61460905387889,,,,,,,,,,,2.2114692679097375e-05,0.00024996084359064436,fig2_hermitian_map,14.0,,,,,,,,,,
fig3_branch_trial_bfcd4e907a2a,fig3,branch_trial,056697e838fdf90f8af053d13a5639d0d26706ba59f595f9bbc2d755d337fc52,cb20a339f3d8dfccb33e4fd8bf6738036431a0eb,056697e838fdf90f8af053d13a5639d0d26706ba59f595f9bbc2d755d337fc52,40,2.0,0.1,3.9000000000000004,0.0014677992676220735,0.0801391246321692,SUCCESS,SUCCESS,8.907595920989583e-11,5.5378082324470634e-11,4.2900394348066584e-10,0.9999947246011603,14,4364,63.146590523887426,True,True,SUCCESS,data/raw/fig3/fig3_branch_trial_bfcd4e907a2a,1.7267472786153593e-18,0.12617466882230413,0.0,4.162771783453955e-16,0.9773531633125201,True,0.003904871442451464,0.004148848228478497,-1.385525506186169,50.807928842735315,,,,,,,,,,,4.84777661504956e-05,0.0009839720992071634,fig2_hermitian_map,15.0,,,,,,,,,,
fig3_branch_trial_c0d0bf81abfd,fig3,branch_trial,056697e838fdf90f8af053d13a5639d0d26706ba59f595f9bbc2d755d337fc52,cb20a339f3d8dfccb33e4fd8bf6738036431a0eb,056697e838fdf90f8af053d13a5639d0d26706ba59f595f9bbc2d755d337fc52,24,2.0,0.1,2.3000000000000003,0.0029663488391777374,0.032698586460767676,SUCCESS,SUCCESS,8.857209895555949e-11,4.9184409939833976e-11,6.975643396245346e-10,0.9999997217992147,17,4449,17.35787340113893,True,True,SUCCESS,data/raw/fig3/fig3_branch_trial_c0d0bf81abfd,0.0,0.12418887886006248,0.0,0.0,0.998722598372258,True,0.00045469397112341616,0.022530516602944806,-1.3742678538414417,9.984875746050218,,,,,,,,,,,0.00026703479187190147,0.0003794979959952836,fig2_hermitian_map,12.0,,,,,,,,,,
fig3_branch_trial_c1230f762556,fig3,branch_trial,056697e838fdf90f8af053d13a5639d0d26706ba59f595f9bbc2d755d337fc52,cb20a339f3d8dfccb33e4fd8bf6738036431a0eb,056697e838fdf90f8af053d13a5639d0d26706ba59f595f9bbc2d755d337fc52,40,2.0,0.05,1.9500000000000002,0.00035938136638046403,0.002655489077095598,SUCCESS,SUCCESS,8.445315272765321e-11,5.4814894402351006e-11,2.3569768359266163e-10,0.999999989718577,12,2717,37.25562104862183,True,True,SUCCESS,data/raw/fig3/fig3_branch_trial_c1230f762556,0.0,0.1261690810111656,0.0,0.0,0.9999852653368722,True,5.59783453177642e-06,0.0020073387434280665,-1.3855209279572105,7.0284293755193685,,,,,,,,,,,1.4139853157422615e-06,2.125943161256576e-06,fig2_hermitian_map,7.0,,,,,,,,,,
fig3_branch_trial_c2c15f8507e2,fig3,branch_trial,056697e838fdf90f8af053d13a5639d0d26706ba59f595f9bbc2d755d337fc52,cb20a339f3d8dfccb33e4fd8bf6738036431a0eb,056697e838fdf90f8af053d13a5639d0d26706ba59f595f9bbc2d755d337fc52,24,2.0,0.1,2.3000000000000003,1.6681005372000556e-11,1.8387766442199225e-10,SUCCESS,SUCCESS,7.663340569579895e-11,1.82497052675751e-11,7.719290762153719e-10,0.9999999999999997,1,3,0.011632092762738466,True,True,SUCCESS,data/raw/fig3/fig3_branch_trial_c2c15f8507e2,0.0,0.12415580280699601,0.0,0.0,1.0000000000002314,True,4.738754725159962e-13,0.01912073608681153,-1.374346883571062,9.974182454807579,,,,,,,,,,,7.841515146907573e-11,4.0267424165547697e-10,fig2_hermitian_map,1.0,,,,,,,,,,
fig3_branch_trial_db409d33de89,fig3,branch_trial,056697e838fdf90f8af053d13a5639d0d26706ba59f595f9bbc2d755d337fc52,cb20a339f3d8dfccb33e4fd8bf6738036431a0eb,056697e838fdf90f8af053d13a5639d0d26706ba59f595f9bbc2d755d337fc52,40,2.0,0.05,1.9500000000000002,0.04948168092155145,0.36562291619873016,SUCCESS,SUCCESS,9.272935860998773e-11,2.4727743971825907e-11,3.5750558069480576e-10,0.9984923157284018,17,9094,137.2418677522801,True,True,SUCCESS,data/raw/fig3/fig3_branch_trial_db409d33de89,-6.559015353304898e-19,0.1261943413208686,0.1,0.011559034195816486,0.7406793087990877,True,0.10479196916337534,0.011394404932876483,-1.3855995605425924,8.764741877494385,,,,,,,,,,,0.0003207990811641247,0.014641266911566015,fig2_hermitian_map,16.0,,,,,,,,,,
fig3_branch_trial_dcc36ec53f96,fig3,branch_trial,056697e838fdf90f8af053d13a5639d0d26706ba59f595f9bbc2d755d337fc52,cb20a339f3d8dfccb33e4fd8bf6738036431a0eb,056697e838fdf90f8af053d13a5639d0d26706ba59f595f9bbc2d755d337fc52,40,2.0,0.1,3.9000000000000004,0.1,5.459815003314424,SUCCESS,SUCCESS,9.294745584362607e-11,1.4372499768140657e-11,9.394196531786747e-10,0.764534812027008,22,10996,192.01179423602298,True,True,SUCCESS,data/raw/fig3/fig3_branch_trial_dcc36ec53f96,-1.1675456719721847e-18,0.12571112806863857,0.95,0.12366614166642317,0.026164372890635657,True,0.5090902455190607,0.009038798075836147,-1.3869403371567322,30.28473025925425,,,,,,,,,,,0.004500580569718294,0.12063029609261783,fig2_hermitian_map,9.0,,,,,,,,,,
fig3_branch_trial_df453a0bf4c0,fig3,branch_trial,056697e838fdf90f8af053d13a5639d0d26706ba59f595f9bbc2d755d337fc52,cb20a339f3d8dfccb33e4fd8bf6738036431a0eb,056697e838fdf90f8af053d13a5639d0d26706ba59f595f9bbc2d755d337fc52,24,2.0,0.1,2.3000000000000003,0.005994842503189421,0.06608220628682401,SUCCESS,SUCCESS,8.14944542551619e-11,4.148727886247476e-11,3.641985601987585e-10,0.9999956369688872,17,6272,24.9289347846061,True,True,SUCCESS,data/raw/fig3/fig3_branch_trial_df453a0bf4c0,0.0,0.12422655416923686,0.0,0.0,0.9929804765429626,True,0.0022338408402316303,0.02353991598026639,-1.374188323472353,10.022155776721338,,,,,,,,,,,0.000573262372010129,0.0011632567406649596,fig2_hermitian_map,8.0,,,,,,,,,,
fig3_branch_trial_e50719c52745,fig3,branch_trial,056697e838fdf90f8af053d13a5639d0d26706ba59f595f9bbc2d755d337fc52,cb20a339f3d8dfccb33e4fd8bf6738036431a0eb,056697e838fdf90f8af053d13a5639d0d26706ba59f595f9bbc2d755d337fc52,24,2.0,0.05,1.1500000000000001,0.1,0.33201169227365485,SUCCESS,SUCCESS,8.884970222227982e-11,6.576466730215508e-11,3.1580715820211935e-10,0.9989832947886368,20,8240,34.225507009308785,True,True,SUCCESS,data/raw/fig3/fig3_branch_trial_e50719c52745,2.0916890415558862e-19,0.12465027832347059,0.08333333333333333,0.003615203024596442,0.8717174405107643,True,0.08956721195005425,0.00723040604919239,-1.3738361025317194,3.807577138524511,,,,,,,,,,,0.004235476584457827,0.02133813013228458,fig2_hermitian_map,9.0,,,,,,,,,,
fig3_branch_trial_e90f6c6ac0b4,fig3,branch_trial,056697e838fdf90f8af053d13a5639d0d26706ba59f595f9bbc2d755d337fc52,cb20a339f3d8dfccb33e4fd8bf6738036431a0eb,056697e838fdf90f8af053d13a5639d0d26706ba59f595f9bbc2d755d337fc52,24,2.0,0.05,1.1500000000000001,0.0014677992676220735,0.004873265187612358,SUCCESS,SUCCESS,9.002165720457259e-11,4.318438392688528e-11,1.2943213167915246e-10,0.9999999618605255,13,2160,8.44562996411696,True,True,SUCCESS,data/raw/fig3/fig3_branch_trial_e90f6c6ac0b4,0.0,0.12416086287368425,0.0,0.0,1.0000556446925393,True,4.432451700861182e-05,0.019671553498003647,-1.3743341413113805,3.1582280737256623,,,,,,,,,,,4.083857036852266e-05,4.1102465224800924e-05,fig2_hermitian_map,11.0,,,,,,,,,,
fig3_branch_trial_f72cfc80f4ec,fig3,branch_trial,056697e838fdf90f8af053d13a5639d0d26706ba59f595f9bbc2d755d337fc52,cb20a339f3d8dfccb33e4fd8bf6738036431a0eb,056697e838fdf90f8af053d13a5639d0d26706ba59f595f9bbc2d755d337fc52,40,2.0,0.05,1.9500000000000002,1.2915496650148854e-06,9.543332929350077e-06,SUCCESS,SUCCESS,9.867571818581038e-11,1.1874572100245652e-14,8.369258619467246e-10,0.9999999999998682,1,140,1.9542862782254815,True,True,SUCCESS,data/raw/fig3/fig3_branch_trial_f72cfc80f4ec,0.0,0.12616890328490935,0.0,0.0,1.000000012137522,True,4.933411883153587e-09,0.0018198425918136696,-1.3855207912384604,7.028685873753856,,,,,,,,,,,5.089893513799413e-09,5.25796113337335e-09,fig2_hermitian_map,5.0,,,,,,,,,,
fig3_branch_trial_f89a5a047e81,fig3,branch_trial,056697e838fdf90f8af053d13a5639d0d26706ba59f595f9bbc2d755d337fc52,cb20a339f3d8dfccb33e4fd8bf6738036431a0eb,056697e838fdf90f8af053d13a5639d0d26706ba59f595f9bbc2d755d337fc52,24,2.0,0.05,1.1500000000000001,1e-12,3.320116922736548e-12,SUCCESS,SUCCESS,8.92084372779883e-11,2.783938175250624e-11,7.670993840136475e-10,0.9999999999999996,1,6,0.023514288943260908,True,True,SUCCESS,data/raw/fig3/fig3_branch_trial_f89a5a047e81,0.0,0.1241558028104999,0.0,0.0,1.0000000000000044,True,1.2668204793165916e-14,0.019120736078139133,-1.374346883571062,3.158192909689736,,,,,,,,,,,3.975985027026281e-11,2.0163287214744508e-10,fig2_hermitian_map,0.0,,,,,,,,,,
fig3_branch_trial_f8cbcfd87b24,fig3,branch_trial,056697e838fdf90f8af053d13a5639d0d26706ba59f595f9bbc2d755d337fc52,cb20a339f3d8dfccb33e4fd8bf6738036431a0eb,056697e838fdf90f8af053d13a5639d0d26706ba59f595f9bbc2d755d337fc52,24,2.0,0.05,1.1500000000000001,0.0007262917501736235,0.002411373530595393,SUCCESS,SUCCESS,8.996358180247906e-11,4.989223903056036e-11,2.1333546040835927e-10,0.9999999906566579,13,1966,7.724099094979465,True,True,SUCCESS,data/raw/fig3/fig3_branch_trial_f8cbcfd87b24,0.0,0.12415829537234255,0.0,0.0,1.0000362741391973,True,2.6963440847309564e-05,0.019393297574173296,-1.3743405641527868,3.1581847781638004,,,,,,,,,,,2.0118678608615173e-05,1.984131783312485e-05,fig2_hermitian_map,10.0,,,,,,,,,,
fig3_branch_trial_fa001716a020,fig3,branch_trial,056697e838fdf90f8af053d13a5639d0d26706ba59f595f9bbc2d755d337fc52,cb20a339f3d8dfccb33e4fd8bf6738036431a0eb,056697e838fdf90f8af053d13a5639d0d26706ba59f595f9bbc2d755d337fc52,40,2.0,0.05,1.9500000000000002,2.1544346900318867e-05,0.00015919238786127877,SUCCESS,SUCCESS,9.506118651586767e-11,8.725735682415138e-12,3.5139713361331815e-10,0.9999999999631696,12,1950,26.625285463873297,True,True,SUCCESS,data/raw/fig3/fig3_branch_trial_fa001716a020,0.0,0.12616891341344244,0.0,0.0,1.0000003310820718,True,1.1156530051130038e-07,0.0018304510758651027,-1.3855208010040854,7.028659859003319,,,,,,,,,,,8.53722241796903e-08,8.905476279874252e-08,fig2_hermitian_map,6.0,,,,,,,,,,
fig3_branch_trial_fd5d5c44927e,fig3,branch_trial,056697e838fdf90f8af053d13a5639d0d26706ba59f595f9bbc2d755d337fc52,cb20a339f3d8dfccb33e4fd8bf6738036431a0eb,056697e838fdf90f8af053d13a5639d0d26706ba59f595f9bbc2d755d337fc52,24,2.0,0.1,2.3000000000000003,0.02448436746822229,0.26989550117065764,SUCCESS,SUCCESS,8.429447572392742e-11,5.251267874273504e-11,2.954002598087868e-10,0.9997793615783265,17,7862,32.03498763917014,True,True,SUCCESS,data/raw/fig3/fig3_branch_trial_fd5d5c44927e,7.753365000551778e-20,0.12451706193269542,0.0,9.422156874864109e-18,0.8811833640318107,True,0.038284099121993,0.009076863770806076,-1.373757990724108,11.776293725707655,,,,,,,,,,,0.003067035482601346,0.0142333637695498,fig2_hermitian_map,15.0,,,,,,,,,,
fig3_branch_trial_fdb9389b833d,fig3,branch_trial,056697e838fdf90f8af053d13a5639d0d26706ba59f595f9bbc2d755d337fc52,cb20a339f3d8dfccb33e4fd8bf6738036431a0eb,056697e838fdf90f8af053d13a5639d0d26706ba59f595f9bbc2d755d337fc52,24,2.0,0.1,2.3000000000000003,0.005994842503189421,0.06608220628682401,SUCCESS,SUCCESS,8.76064413379911e-11,4.111747971348896e-11,8.386441541219369e-10,0.9999984615011666,17,5677,22.654497382696718,True,True,SUCCESS,data/raw/fig3/fig3_branch_trial_fdb9389b833d,0.0,0.12422655432899143,0.0,0.0,0.9929804780833739,True,0.0022338405204233858,0.02353991168713654,-1.374188325737846,10.022155773261778,,,,,,,,,,,0.0005732635855841032,0.001163258105567214,fig2_hermitian_map,13.0,,,,,,,,,,
fig3_branch_trial_fdf030796747,fig3,branch_trial,056697e838fdf90f8af053d13a5639d0d26706ba59f595f9bbc2d755d337fc52,cb20a339f3d8dfccb33e4fd8bf6738036431a0eb,056697e838fdf90f8af053d13a5639d0d26706ba59f595f9bbc2d755d337fc52,24,2.0,0.1,2.3000000000000003,4.641588833612792e-09,5.116505239933034e-08,SUCCESS,SUCCESS,5.576648824032209e-11,3.536537233210402e-11,7.514747712988878e-10,0.9999999999999996,1,3,0.011546276975423098,True,True,SUCCESS,data/raw/fig3/fig3_branch_trial_fdf030796747,0.0,0.12415580281664063,0.0,0.0,1.000000000055318,True,1.244544585458017e-10,0.019120741687365994,-1.374346883571062,9.974182452823838,,,,,,,,,,,6.691558554962335e-11,4.58306952035412e-10,fig2_hermitian_map,3.0,,,,,,,,,,
fig3_branch_trial_fe0fb2fb5aaa,fig3,branch_trial,056697e838fdf90f8af053d13a5639d0d26706ba59f595f9bbc2d755d337fc52,cb20a339f3d8dfccb33e4fd8bf6738036431a0eb,056697e838fdf90f8af053d13a5639d0d26706ba59f595f9bbc2d755d337fc52,24,2.0,0.1,2.3000000000000003,2.782559402207126e-10,3.0672643080141817e-09,SUCCESS,SUCCESS,6.407118961172315e-11,1.6264087005051952e-11,7.717099181903109e-10,0.9999999999999996,1,3,0.011564337182790041,True,True,SUCCESS,data/raw/fig3/fig3_branch_trial_fe0fb2fb5aaa,0.0,0.12415580280684797,0.0,0.0,1.0000000000033455,True,7.478201456255495e-12,0.01912073640142742,-1.374346883571062,9.974182454695383,,,,,,,,,,,8.316877626122617e-11,4.447839653216974e-10,fig2_hermitian_map,2.0,,,,,,,,,,
fig3_branch_trial_ffa55fd71565,fig3,branch_trial,056697e838fdf90f8af053d13a5639d0d26706ba59f595f9bbc2d755d337fc52,cb20a339f3d8dfccb33e4fd8bf6738036431a0eb,056697e838fdf90f8af053d13a5639d0d26706ba59f595f9bbc2d755d337fc52,24,2.0,0.1,2.3000000000000003,0.00035938136638046403,0.003961524189527838,SUCCESS,SUCCESS,8.754071295926824e-11,2.882679369840431e-11,3.753629629343891e-10,0.9999999855666618,13,2390,9.375234468840063,True,True,SUCCESS,data/raw/fig3/fig3_branch_trial_ffa55fd71565,0.0,0.12415960045097052,0.0,0.0,1.0000773167464316,True,3.246166701176425e-05,0.01953453093039803,-1.374337268235375,9.974172750792363,,,,,,,,,,,3.064956648184054e-05,3.070268573634991e-05,fig2_hermitian_map,7.0,,,,,,,,,,
fig3_obc_seed_01bf30c22e2f,fig3,obc_seed,056697e838fdf90f8af053d13a5639d0d26706ba59f595f9bbc2d755d337fc52,cb20a339f3d8dfccb33e4fd8bf6738036431a0eb,056697e838fdf90f8af053d13a5639d0d26706ba59f595f9bbc2d755d337fc52,40,2.0,0.05,1.9500000000000002,0.0,0.0,SUCCESS,SUCCESS,0.0,0.0,6.397635754495923e-10,,1,0,0.0,True,True,,data/raw/fig3/fig3_obc_seed_01bf30c22e2f,0.0,0.1261689026427852,0.0,5.08780533563106e-16,0.9999999999999999,True,1.7675960644702783e-16,0.0018191677580625676,-1.3855207912384604,7.061500671996982,,,,,,,,,,,,,fig2_hermitian_map,,SUCCESS,False,,,,,,,,
fig3_obc_seed_3345ea0ba06b,fig3,obc_seed,056697e838fdf90f8af053d13a5639d0d26706ba59f595f9bbc2d755d337fc52,cb20a339f3d8dfccb33e4fd8bf6738036431a0eb,056697e838fdf90f8af053d13a5639d0d26706ba59f595f9bbc2d755d337fc52,24,2.0,0.05,1.1500000000000001,0.0,0.0,SUCCESS,SUCCESS,0.0,0.0,7.619783692902615e-10,,1,0,0.0,True,True,,data/raw/fig3/fig3_obc_seed_3345ea0ba06b,0.0,0.12415580281408296,0.0,0.0,1.0,True,9.445988102948982e-17,0.019120736089210943,-1.374346883571062,3.1649555596777317,,,,,,,,,,,,,fig2_hermitian_map,,SUCCESS,False,,,,,,,,
fig3_obc_seed_be375f54b713,fig3,obc_seed,056697e838fdf90f8af053d13a5639d0d26706ba59f595f9bbc2d755d337fc52,cb20a339f3d8dfccb33e4fd8bf6738036431a0eb,056697e838fdf90f8af053d13a5639d0d26706ba59f595f9bbc2d755d337fc52,24,2.0,0.1,2.3000000000000003,0.0,0.0,SUCCESS,SUCCESS,0.0,0.0,7.619783692902615e-10,,1,0,0.0,True,True,,data/raw/fig3/fig3_obc_seed_be375f54b713,0.0,0.12415580281408296,0.0,0.0,1.0,True,1.26792302215028e-16,0.019120736089212942,-1.374346883571062,10.080422459593603,,,,,,,,,,,,,fig2_hermitian_map,,SUCCESS,False,,,,,,,,
fig3_obc_seed_e62dfa589afc,fig3,obc_seed,056697e838fdf90f8af053d13a5639d0d26706ba59f595f9bbc2d755d337fc52,cb20a339f3d8dfccb33e4fd8bf6738036431a0eb,056697e838fdf90f8af053d13a5639d0d26706ba59f595f9bbc2d755d337fc52,40,2.0,0.1,3.9000000000000004,0.0,0.0,SUCCESS,SUCCESS,0.0,0.0,6.397635754495923e-10,,1,0,0.0,True,True,,data/raw/fig3/fig3_obc_seed_e62dfa589afc,0.0,0.1261689026427852,0.0,9.092953500057457e-16,1.0000000000000002,True,2.0739300316695942e-16,0.0018191677580523535,-1.3855207912384604,50.20113582223131,,,,,,,,,,,,,fig2_hermitian_map,,SUCCESS,False,,,,,,,,
fig4_bandwidth_control_0a593f2a6e94,fig4,bandwidth_control,056697e838fdf90f8af053d13a5639d0d26706ba59f595f9bbc2d755d337fc52,cb20a339f3d8dfccb33e4fd8bf6738036431a0eb,056697e838fdf90f8af053d13a5639d0d26706ba59f595f9bbc2d755d337fc52,24,2.0,0.0,0.0,1.0,1.0,SUCCESS,SUCCESS,1.0449183402519101e-11,5.6763517466897044e-11,4.68891925287096e-10,,31,3013,5.243744989857078,True,True,,data/raw/fig4/fig4_bandwidth_control_0a593f2a6e94,0.0,0.12819196083781037,0.0,0.0,1.0,True,0.0,2.220446049250313e-16,-1.3994662783386538,1.000000000000006,,,,,,,,,,,,,,,,,5.452849361301597e-11,,,,,,,
fig4_bandwidth_control_551c44701f66,fig4,bandwidth_control,056697e838fdf90f8af053d13a5639d0d26706ba59f595f9bbc2d755d337fc52,cb20a339f3d8dfccb33e4fd8bf6738036431a0eb,056697e838fdf90f8af053d13a5639d0d26706ba59f595f9bbc2d755d337fc52,40,2.0,0.0,0.0,1.0,1.0,SUCCESS,SUCCESS,5.544728479323287e-11,6.036286755111683e-11,8.881485547007628e-10,,32,3541,16.222890036180615,True,True,,data/raw/fig4/fig4_bandwidth_control_551c44701f66,0.0,0.12649947812902992,0.0,0.0,1.0,True,0.0,0.0,-1.4037186166108504,1.0000000000000333,,,,,,,,,,,,,,,,,8.020507478107605e-11,,,,,,,
fig4_branch_trial_041d4f7b6557,fig4,branch_trial,056697e838fdf90f8af053d13a5639d0d26706ba59f595f9bbc2d755d337fc52,cb20a339f3d8dfccb33e4fd8bf6738036431a0eb,056697e838fdf90f8af053d13a5639d0d26706ba59f595f9bbc2d755d337fc52,24,2.0,0.05,1.1500000000000001,1.9306977288832496e-08,6.410142202354297e-08,SUCCESS,SUCCESS,8.751271092368515e-11,2.19164350364491e-11,1.433579921439332e-10,0.9999999999999993,1,10,0.0388234700076282,True,True,SUCCESS,data/raw/fig4/fig4_branch_trial_041d4f7b6557,1.8784253487485697e-33,0.1241558029213425,0.0,5.837997212334353e-32,1.0000000001493545,True,3.292710391611053e-10,0.019120746916838405,-1.3743468846512323,3.1581929089190814,,,,,,,,,,,5.285591809161263e-10,7.167097218872467e-10,direct_obc,5.0,,,,,,,,,,
fig4_branch_trial_09ae86439847,fig4,branch_trial,056697e838fdf90f8af053d13a5639d0d26706ba59f595f9bbc2d755d337fc52,cb20a339f3d8dfccb33e4fd8bf6738036431a0eb,056697e838fdf90f8af053d13a5639d0d26706ba59f595f9bbc2d755d337fc52,24,2.0,0.05,1.1500000000000001,1.389495494373136e-07,4.6132875049344347e-07,SUCCESS,SUCCESS,9.696038163564561e-11,1.822063763459943e-12,4.3283410189332017e-10,0.9999999999999991,1,63,0.2438137298449874,True,True,SUCCESS,data/raw/fig4/fig4_branch_trial_09ae86439847,8.030350882055958e-34,0.12415580343957017,0.0,1.195716991168108e-32,1.0000000047727122,True,4.136777320650781e-09,0.01912079493460861,-1.3743468846512323,3.1581929037095713,,,,,,,,,,,4.71322244494913e-09,4.990299210585029e-09,direct_obc,6.0,,,,,,,,,,
fig4_branch_trial_111a5fdc029e,fig4,branch_trial,056697e838fdf90f8af053d13a5639d0d26706ba59f595f9bbc2d755d337fc52,cb20a339f3d8dfccb33e4fd8bf6738036431a0eb,056697e838fdf90f8af053d13a5639d0d26706ba59f595f9bbc2d755d337fc52,40,2.0,0.05,1.9500000000000002,0.1389495494373136,1.026706015713448,SUCCESS,SUCCESS,8.705608879386431e-11,7.50627558032021e-11,4.810810638744556e-10,0.9944086233625954,19,8294,139.35495072370395,True,True,SUCCESS,data/raw/fig4/fig4_branch_trial_111a5fdc029e,-1.6428500206214553e-17,0.12618151913886658,0.45,0.047145035646276534,0.3385035211059258,True,0.35218672492802994,0.018300835207231803,-1.3860546164338026,16.240965522413717,,,,,,,,,,,0.0009154069669377953,0.0487414409907079,direct_obc,26.0,,,,,,,,,,
fig4_branch_trial_1c8fba9ff7da,fig4,branch_trial,056697e838fdf90f8af053d13a5639d0d26706ba59f595f9bbc2d755d337fc52,cb20a339f3d8dfccb33e4fd8bf6738036431a0eb,056697e838fdf90f8af053d13a5639d0d26706ba59f595f9bbc2d755d337fc52,24,2.0,0.05,1.1500000000000001,0.6105402296585326,2.027064948500753,SUCCESS,SUCCESS,5.135291783135747e-11,6.923898026135101e-11,4.04916433716096e-10,0.9838260270921564,25,6199,25.98250334104523,True,True,SUCCESS,data/raw/fig4/fig4_branch_trial_1c8fba9ff7da,2.3893941936512376e-17,0.1269095780686203,0.8333333333333334,0.09044346494297262,0.2318556775669198,True,0.6857905241936848,0.02265261788014694,-1.3850044974090898,4.6852588598274885,,,,,,,,,,,0.027901296507458387,0.2041606143245073,direct_obc,25.0,,,,,,,,,,
fig4_branch_trial_1e31ce2af580,fig4,branch_trial,056697e838fdf90f8af053d13a5639d0d26706ba59f595f9bbc2d755d337fc52,cb20a339f3d8dfccb33e4fd8bf6738036431a0eb,056697e838fdf90f8af053d13a5639d0d26706ba59f595f9bbc2d755d337fc52,24,2.0,0.05,1.1500000000000001,7.1968567300115285e-12,2.3894405819821692e-11,SUCCESS,SUCCESS,7.15701148062512e-11,4.100761418698079e-11,2.320186265336588e-10,0.9999999999999994,1,3,0.011626441031694412,True,True,SUCCESS,data/raw/fig4/fig4_branch_trial_1e31ce2af580,-1.2741171693949772e-33,0.12415580286363133,0.0,2.4650509482330674e-32,1.0000000000000149,True,5.2071890882447835e-14,0.01912073918096424,-1.3743468846512323,3.158192909689506,,,,,,,,,,,5.7042608976541414e-11,1.326359724060606e-10,direct_obc,1.0,,,,,,,,,,
fig4_branch_trial_239262e8a218,fig4,branch_trial,056697e838fdf90f8af053d13a5639d0d26706ba59f595f9bbc2d755d337fc52,cb20a339f3d8dfccb33e4fd8bf6738036431a0eb,056697e838fdf90f8af053d13a5639d0d26706ba59f595f9bbc2d755d337fc52,24,2.0,0.05,1.1500000000000001,0.3727593720314938,1.2376046991904113,SUCCESS,SUCCESS,8.819954768692514e-11,6.07193590166307e-11,8.259146699884923e-10,0.9944880341401265,20,5605,23.88314457796514,True,True,SUCCESS,data/raw/fig4/fig4_branch_trial_239262e8a218,3.300123957119847e-19,0.12596263096918242,0.5833333333333334,0.07231060117725333,0.386860829806857,True,0.5021864524730697,0.015545749658084942,-1.377025361092071,12.718245787941704,,,,,,,,,,,0.01735744073975584,0.12800914358827656,direct_obc,24.0,,,,,,,,,,
fig4_branch_trial_2c9f69513551,fig4,branch_trial,056697e838fdf90f8af053d13a5639d0d26706ba59f595f9bbc2d755d337fc52,cb20a339f3d8dfccb33e4fd8bf6738036431a0eb,056697e838fdf90f8af053d13a5639d0d26706ba59f595f9bbc2d755d337fc52,40,2.0,0.05,1.9500000000000002,0.019306977288832457,0.142660338287963,SUCCESS,SUCCESS,8.704813388717504e-11,3.081366944258699e-11,8.1248197059125e-10,0.9998675371395284,14,6231,89.97869397699833,True,True,SUCCESS,data/raw/fig4/fig4_branch_trial_2c9f69513551,-2.6261520143856673e-19,0.12617993800846397,0.0,2.8330157864455947e-16,0.9431086041808542,True,0.02095899776954691,0.0021512428095232794,-1.3855365646734894,14.242900363472335,,,,,,,,,,,0.00010032210586922947,0.002972862106129837,direct_obc,12.0,,,,,,,,,,
fig4_branch_trial_2fd882971287,fig4,branch_trial,056697e838fdf90f8af053d13a5639d0d26706ba59f595f9bbc2d755d337fc52,cb20a339f3d8dfccb33e4fd8bf6738036431a0eb,056697e838fdf90f8af053d13a5639d0d26706ba59f595f9bbc2d755d337fc52,24,2.0,0.05,1.1500000000000001,0.22758459260747863,0.7556074572701929,SUCCESS,SUCCESS,8.35899386235406e-11,5.811667799590794e-11,9.09873176802023e-10,0.9979087138646208,17,6460,27.276433428749442,True,True,SUCCESS,data/raw/fig4/fig4_branch_trial_2fd882971287,8.619759025747976e-18,0.12533589367452308,0.25,0.03598669640983949,0.5962609019299004,True,0.3037344750378212,0.046633049321420914,-1.374490416422748,6.064035623032407,,,,,,,,,,,0.010804379752500478,0.07186465483030915,direct_obc,23.0,,,,,,,,,,
fig4_branch_trial_333b8237f6bc,fig4,branch_trial,056697e838fdf90f8af053d13a5639d0d26706ba59f595f9bbc2d755d337fc52,cb20a339f3d8dfccb33e4fd8bf6738036431a0eb,056697e838fdf90f8af053d13a5639d0d26706ba59f595f9bbc2d755d337fc52,24,2.0,0.05,1.1500000000000001,1.0,3.320116922736548,SUCCESS,SUCCESS,6.148727116323053e-12,5.605255836244238e-11,9.335108241970147e-10,0.9564649050469654,25,2311,9.647780551109463,True,True,SUCCESS,data/raw/fig4/fig4_branch_trial_333b8237f6bc,-4.1986812491484564e-18,0.12819196083082024,0.9166666666666666,0.10004167187531081,0.18085544775918883,True,0.7673136065679522,0.04934677761036249,-1.3994662774962965,1.0000000000002824,,,,,,,,,,,0.044403343788653994,0.20231006250308164,direct_obc,26.0,,,,,,,,,,
fig4_branch_trial_36450359965f,fig4,branch_trial,056697e838fdf90f8af053d13a5639d0d26706ba59f595f9bbc2d755d337fc52,cb20a339f3d8dfccb33e4fd8bf6738036431a0eb,056697e838fdf90f8af053d13a5639d0d26706ba59f595f9bbc2d755d337fc52,24,2.0,0.05,1.1500000000000001,5.179474679231202e-11,1.7196461533400967e-10,SUCCESS,SUCCESS,6.478218471404512e-11,3.5708574404369727e-11,2.2878920979962913e-10,0.9999999999999996,1,3,0.011709339916706085,True,True,SUCCESS,data/raw/fig4/fig4_branch_trial_36450359965f,-1.3180733187685151e-33,0.12415580286569347,0.0,2.60156177289363e-32,1.0000000000001104,True,3.790252802201599e-13,0.01912073920464996,-1.3743468846512323,3.1581929096878283,,,,,,,,,,,7.973334097987934e-11,1.889793086222011e-10,direct_obc,2.0,,,,,,,,,,
fig4_branch_trial_3703149ae8ea,fig4,branch_trial,056697e838fdf90f8af053d13a5639d0d26706ba59f595f9bbc2d755d337fc52,cb20a339f3d8dfccb33e4fd8bf6738036431a0eb,056697e838fdf90f8af053d13a5639d0d26706ba59f595f9bbc2d755d337fc52,40,2.0,0.05,1.9500000000000002,0.0016378937069540646,0.012102488484769063,SUCCESS,SUCCESS,8.928052309559729e-11,2.0717152778599185e-11,1.7253709572173648e-10,0.9999999601618756,10,3267,46.315110760275275,True,True,SUCCESS,data/raw/fig4/fig4_branch_trial_3703149ae8ea,-1.526172106688507e-18,0.1261697273323308,0.0,2.739855183395838e-16,0.9995808675109601,True,0.0001520318145389085,0.002677467553161339,-1.3855214604624195,7.0310511418064126,,,,,,,,,,,6.548298446418374e-06,2.6021731901187386e-05,direct_obc,17.0,,,,,,,,,,
fig4_branch_trial_3e96ba91bcac,fig4,branch_trial,056697e838fdf90f8af053d13a5639d0d26706ba59f595f9bbc2d755d337fc52,cb20a339f3d8dfccb33e4fd8bf6738036431a0eb,056697e838fdf90f8af053d13a5639d0d26706ba59f595f9bbc2d755d337fc52,40,2.0,0.05,1.9500000000000002,1.0,7.38905609893065,SUCCESS,SUCCESS,7.353612733788414e-11,2.1528646954713955e-11,8.289194886046403e-10,0.8016196149104823,25,3611,61.14089545980096,True,True,SUCCESS,data/raw/fig4/fig4_branch_trial_3e96ba91bcac,-9.107918248283687e-18,0.1264994781391756,0.95,0.1000416718753106,0.036802241071064126,True,0.8656416436976156,0.013622136695750908,-1.403718616587536,1.0000000000010025,,,,,,,,,,,0.008057736132156513,0.14525578917752907,direct_obc,14.0,,,,,,,,,,
fig4_branch_trial_469d6b6c0e6d,fig4,branch_trial,056697e838fdf90f8af053d13a5639d0d26706ba59f595f9bbc2d755d337fc52,cb20a339f3d8dfccb33e4fd8bf6738036431a0eb,056697e838fdf90f8af053d13a5639d0d26706ba59f595f9bbc2d755d337fc52,24,2.0,0.05,1.1500000000000001,1.0,3.320116922736548,SUCCESS,SUCCESS,8.663943877127313e-12,6.22570166301479e-11,5.379218182000045e-10,0.8224709756249765,27,2520,10.553353322204202,True,True,SUCCESS,data/raw/fig4/fig4_branch_trial_469d6b6c0e6d,-3.629553354207785e-18,0.1281919608359064,0.9166666666666666,0.10004167187531035,0.18085544775919543,True,0.7673136065679526,0.04934677692196825,-1.399466278200892,1.0000000000003955,,,,,,,,,,,0.04440334381861865,0.2023100625227339,direct_obc,14.0,,,,,,,,,,
fig4_branch_trial_47f5e85c894e,fig4,branch_trial,056697e838fdf90f8af053d13a5639d0d26706ba59f595f9bbc2d755d337fc52,cb20a339f3d8dfccb33e4fd8bf6738036431a0eb,056697e838fdf90f8af053d13a5639d0d26706ba59f595f9bbc2d755d337fc52,24,2.0,0.05,1.1500000000000001,0.019306977288832457,0.06410142202354284,SUCCESS,SUCCESS,8.738418797756876e-11,5.522013817486932e-11,3.4849123586866426e-10,0.9999958960674479,18,5222,21.004475364927202,True,True,SUCCESS,data/raw/fig4/fig4_branch_trial_47f5e85c894e,1.1098238724339127e-33,0.12422939555371307,0.0,2.5067063141677335e-32,0.995176050617368,True,0.0033302145636015627,0.023370003693627406,-1.3741895532344843,3.1756258710286462,,,,,,,,,,,0.0005959748872188266,0.0011577740631325147,direct_obc,18.0,,,,,,,,,,
fig4_branch_trial_48a5e360dba6,fig4,branch_trial,056697e838fdf90f8af053d13a5639d0d26706ba59f595f9bbc2d755d337fc52,cb20a339f3d8dfccb33e4fd8bf6738036431a0eb,056697e838fdf90f8af053d13a5639d0d26706ba59f595f9bbc2d755d337fc52,40,2.0,0.05,1.9500000000000002,0.03162277660168373,0.23366247031379261,SUCCESS,SUCCESS,7.48416794643548e-11,7.598144137263463e-11,1.582556308221683e-11,0.9997381436441807,17,7290,107.8627465609461,True,True,SUCCESS,data/raw/fig4/fig4_branch_trial_48a5e360dba6,2.472150238329558e-18,0.12618696205903968,0.1,0.005739379970826481,0.8658988213694935,True,0.05105906775994187,0.005775618827992247,-1.385556289260679,8.734994226439941,,,,,,,,,,,0.00018680565750550307,0.007183173983089865,direct_obc,23.0,,,,,,,,,,
fig4_branch_trial_4b9a277d051a,fig4,branch_trial,056697e838fdf90f8af053d13a5639d0d26706ba59f595f9bbc2d755d337fc52,cb20a339f3d8dfccb33e4fd8bf6738036431a0eb,056697e838fdf90f8af053d13a5639d0d26706ba59f595f9bbc2d755d337fc52,40,2.0,0.05,1.9500000000000002,1e-12,7.38905609893065e-12,SUCCESS,SUCCESS,7.881848799702564e-11,3.394119138329567e-11,8.37081515214777e-10,0.9999999999999994,1,3,0.04193277517333627,True,True,SUCCESS,data/raw/fig4/fig4_branch_trial_4b9a277d051a,2.85821268487962e-18,0.12616890281139728,0.0,2.2204997271328367e-16,0.9999999999865156,True,3.960550513711787e-12,0.0018191756794594394,-1.3855207939585132,7.028687580587097,,,,,,,,,,,1.2624090876837841e-11,5.327623886538994e-11,direct_obc,0.0,,,,,,,,,,
fig4_branch_trial_52606701f054,fig4,branch_trial,056697e838fdf90f8af053d13a5639d0d26706ba59f595f9bbc2d755d337fc52,cb20a339f3d8dfccb33e4fd8bf6738036431a0eb,056697e838fdf90f8af053d13a5639d0d26706ba59f595f9bbc2d755d337fc52,40,2.0,0.05,1.9500000000000002,0.002682695795279727,0.01982258972768728,SUCCESS,SUCCESS,8.638178962387873e-11,4.151637864128577e-11,7.623703890402567e-10,0.9999998828670893,11,3543,50.452258586417884,True,True,SUCCESS,data/raw/fig4/fig4_branch_trial_52606701f054,1.0403201107055519e-18,0.1261702688025231,0.0,4.445263337276515e-16,0.998843692638079,True,0.00041818135839775115,0.0032259640601177697,-1.3855219487436696,7.037486688932907,,,,,,,,,,,1.087946980203108e-05,6.586462255526123e-05,direct_obc,18.0,,,,,,,,,,
fig4_branch_trial_52bb23658120,fig4,branch_trial,056697e838fdf90f8af053d13a5639d0d26706ba59f595f9bbc2d755d337fc52,cb20a339f3d8dfccb33e4fd8bf6738036431a0eb,056697e838fdf90f8af053d13a5639d0d26706ba59f595f9bbc2d755d337fc52,40,2.0,0.05,1.9500000000000002,1.389495494373136e-07,1.026706015713448e-06,SUCCESS,SUCCESS,8.597819107897303e-11,7.1674959380983355e-12,8.246342497741921e-10,0.9999999999999994,1,9,0.1265697181224823,True,True,SUCCESS,data/raw/fig4/fig4_branch_trial_52bb23658120,1.2271468716581505e-18,0.1261689028550394,0.0,1.0478506938751711e-16,1.0000000001179863,True,1.831351065450099e-10,0.001819248298300602,-1.3855207939585132,7.028687396538804,,,,,,,,,,,3.584936461799365e-10,5.490438189041021e-10,direct_obc,6.0,,,,,,,,,,
fig4_branch_trial_560a935368f9,fig4,branch_trial,056697e838fdf90f8af053d13a5639d0d26706ba59f595f9bbc2d755d337fc52,cb20a339f3d8dfccb33e4fd8bf6738036431a0eb,056697e838fdf90f8af053d13a5639d0d26706ba59f595f9bbc2d755d337fc52,24,2.0,0.05,1.1500000000000001,3.727593720314938e-10,1.2376046991904112e-09,SUCCESS,SUCCESS,5.9655466354281e-11,3.1235425749447144e-11,2.2554946799147046e-10,0.9999999999999996,1,3,0.011737689841538668,True,True,SUCCESS,data/raw/fig4/fig4_branch_trial_560a935368f9,-1.201681352244169e-33,0.12415580286768059,0.0,3.7190580242407045e-32,1.0000000000007974,True,2.732424147523401e-12,0.019120739336665915,-1.3743468846512323,3.1581929096757615,,,,,,,,,,,1.0068550763165709e-10,2.40397586811547e-10,direct_obc,3.0,,,,,,,,,,
fig4_branch_trial_59b5bbcb7989,fig4,branch_trial,056697e838fdf90f8af053d13a5639d0d26706ba59f595f9bbc2d755d337fc52,cb20a339f3d8dfccb33e4fd8bf6738036431a0eb,056697e838fdf90f8af053d13a5639d0d26706ba59f595f9bbc2d755d337fc52,40,2.0,0.05,1.9500000000000002,0.001,0.007389056098930651,SUCCESS,SUCCESS,8.706181456095925e-11,6.71842808468653e-11,7.820528669100213e-10,0.9999999857833435,13,3162,45.152957706712186,True,True,SUCCESS,data/raw/fig4/fig4_branch_trial_59b5bbcb7989,5.610405039497704e-18,0.1261694026284366,0.0,2.2517548851651834e-16,0.9998512715331319,True,5.426293202280239e-05,0.002342979823442004,-1.3855211870249193,7.029046412545461,,,,,,,,,,,3.964941205603441e-06,1.0710989927721443e-05,direct_obc,16.0,,,,,,,,,,
fig4_branch_trial_61f0b4610ca1,fig4,branch_trial,056697e838fdf90f8af053d13a5639d0d26706ba59f595f9bbc2d755d337fc52,cb20a339f3d8dfccb33e4fd8bf6738036431a0eb,056697e838fdf90f8af053d13a5639d0d26706ba59f595f9bbc2d755d337fc52,40,2.0,0.05,1.9500000000000002,2.682695795279727e-09,1.982258972768728e-08,SUCCESS,SUCCESS,5.2432370717810984e-11,1.935373381013327e-11,8.434833942416731e-10,0.9999999999999996,1,3,0.0422208309173584,True,True,SUCCESS,data/raw/fig4/fig4_branch_trial_61f0b4610ca1,1.1604585610699158e-18,0.12616890281462792,0.0,3.803237860797125e-16,0.9999999999877347,True,3.816335581111761e-12,0.0018191770952316055,-1.3855207939585132,7.02868757703235,,,,,,,,,,,4.706497711857303e-11,2.1566968221713284e-10,direct_obc,4.0,,,,,,,,,,
fig4_branch_trial_62a757fc7dfa,fig4,branch_trial,056697e838fdf90f8af053d13a5639d0d26706ba59f595f9bbc2d755d337fc52,cb20a339f3d8dfccb33e4fd8bf6738036431a0eb,056697e838fdf90f8af053d13a5639d0d26706ba59f595f9bbc2d755d337fc52,40,2.0,0.05,1.9500000000000002,5.179474679231202e-05,0.0003827142896783019,SUCCESS,SUCCESS,6.151173867987492e-11,7.973131028530632e-11,2.1375856640304391e-10,0.9999999998215237,14,2131,29.40767632704228,True,True,SUCCESS,data/raw/fig4/fig4_branch_trial_62a757fc7dfa,9.862438375441388e-19,0.1261689283388053,0.0,2.1573400954267828e-16,1.0000005468811521,True,1.8618502639983733e-07,0.0018462837985482317,-1.385520811048357,7.028623576040094,,,,,,,,,,,2.0234131469486104e-07,2.1659343011686896e-07,direct_obc,9.0,,,,,,,,,,
fig4_branch_trial_72c2327735ee,fig4,branch_trial,056697e838fdf90f8af053d13a5639d0d26706ba59f595f9bbc2d755d337fc52,cb20a339f3d8dfccb33e4fd8bf6738036431a0eb,056697e838fdf90f8af053d13a5639d0d26706ba59f595f9bbc2d755d337fc52,24,2.0,0.05,1.1500000000000001,0.007196856730011514,0.02389440581982164,SUCCESS,SUCCESS,8.783436948755167e-11,4.520761632859879e-11,8.613622037856317e-10,0.999999453957441,15,3560,14.030168551020324,True,True,SUCCESS,data/raw/fig4/fig4_branch_trial_72c2327735ee,6.205463008419534e-34,0.12418147314481334,0.0,6.708442731133388e-32,0.9996038717853719,True,0.0003077997167353022,0.021821516992540868,-1.3742855921465051,3.160339094543609,,,,,,,,,,,0.00020718055682497933,0.00025873262651417004,direct_obc,16.0,,,,,,,,,,
fig4_branch_trial_758e6039b56e,fig4,branch_trial,056697e838fdf90f8af053d13a5639d0d26706ba59f595f9bbc2d755d337fc52,cb20a339f3d8dfccb33e4fd8bf6738036431a0eb,056697e838fdf90f8af053d13a5639d0d26706ba59f595f9bbc2d755d337fc52,40,2.0,0.05,1.9500000000000002,3.727593720314938e-10,2.7543399113428686e-09,SUCCESS,SUCCESS,5.717350446791824e-11,2.235220148564563e-11,8.423777231314489e-10,0.9999999999999996,1,3,0.042461826000362635,True,True,SUCCESS,data/raw/fig4/fig4_branch_trial_758e6039b56e,1.2164337734922535e-18,0.12616890281386667,0.0,4.802914422029067e-16,0.9999999999869762,True,3.816172805601623e-12,0.0018191758852359463,-1.3855207939585132,7.028687580094311,,,,,,,,,,,3.9482853334805755e-11,1.8107656434970866e-10,direct_obc,3.0,,,,,,,,,,
fig4_branch_trial_7daa00147217,fig4,branch_trial,056697e838fdf90f8af053d13a5639d0d26706ba59f595f9bbc2d755d337fc52,cb20a339f3d8dfccb33e4fd8bf6738036431a0eb,056697e838fdf90f8af053d13a5639d0d26706ba59f595f9bbc2d755d337fc52,40,2.0,0.05,1.9500000000000002,7.1968567300115285e-12,5.317797811402178e-11,SUCCESS,SUCCESS,7.078814148523251e-11,2.95164737849219e-11,8.391459749290675e-10,0.9999999999999993,1,3,0.04230668907985091,True,True,SUCCESS,data/raw/fig4/fig4_branch_trial_7daa00147217,3.73153168381729e-18,0.1261689028123878,0.0,3.3310258402115216e-16,0.9999999999866374,True,3.924924213150264e-12,0.001819175687148844,-1.3855207939585132,7.028687580578885,,,,,,,,,,,2.3139414297014125e-11,1.0078305758828392e-10,direct_obc,1.0,,,,,,,,,,
fig4_branch_trial_81f94b55c164,fig4,branch_trial,056697e838fdf90f8af053d13a5639d0d26706ba59f595f9bbc2d755d337fc52,cb20a339f3d8dfccb33e4fd8bf6738036431a0eb,056697e838fdf90f8af053d13a5639d0d26706ba59f595f9bbc2d755d337fc52,40,2.0,0.05,1.9500000000000002,7.196856730011514e-06,5.317797811402167e-05,SUCCESS,SUCCESS,9.867352384323809e-11,6.816420345316087e-16,5.556315407773127e-10,0.9999999999965477,1,501,7.058304845821112,True,True,SUCCESS,data/raw/fig4/fig4_branch_trial_81f94b55c164,-5.7238615093044545e-18,0.12616890623120844,0.0,1.1421650871952223e-16,1.0000001183743874,True,4.053076608526783e-08,0.001822935425655814,-1.3855207939585132,7.0286781455182235,,,,,,,,,,,2.7114539119708166e-08,2.7753442319629414e-08,direct_obc,8.0,,,,,,,,,,
fig4_branch_trial_86516412eff3,fig4,branch_trial,056697e838fdf90f8af053d13a5639d0d26706ba59f595f9bbc2d755d337fc52,cb20a339f3d8dfccb33e4fd8bf6738036431a0eb,056697e838fdf90f8af053d13a5639d0d26706ba59f595f9bbc2d755d337fc52,40,2.0,0.05,1.9500000000000002,0.007196856730011514,0.053177978114021675,SUCCESS,SUCCESS,8.726071631085245e-11,2.917054580278273e-11,1.2246914593561087e-10,0.999998428218914,11,3975,56.03575255535543,True,True,SUCCESS,data/raw/fig4/fig4_branch_trial_86516412eff3,3.9936030032522157e-19,0.1261727341025288,0.0,3.0479938840428245e-16,0.9915409008061011,True,0.003058962443538283,0.004470804360455438,-1.385524639173357,7.132016358805721,,,,,,,,,,,3.123686282601456e-05,0.00044622205746820687,direct_obc,20.0,,,,,,,,,,
fig4_branch_trial_87a919311ffa,fig4,branch_trial,056697e838fdf90f8af053d13a5639d0d26706ba59f595f9bbc2d755d337fc52,cb20a339f3d8dfccb33e4fd8bf6738036431a0eb,056697e838fdf90f8af053d13a5639d0d26706ba59f595f9bbc2d755d337fc52,24,2.0,0.05,1.1500000000000001,0.1389495494373136,0.4613287504934435,SUCCESS,SUCCESS,7.043740792822808e-11,8.197257459226459e-11,2.2622104189906622e-10,0.9977345563903017,21,7370,30.463277090806514,True,True,SUCCESS,data/raw/fig4/fig4_branch_trial_87a919311ffa,1.5502890037292006e-18,0.12487255312126619,0.0,3.1913812778727966e-16,0.7840403803996113,True,0.15381169681691328,0.002791879617156212,-1.373874673968075,8.600175670668262,,,,,,,,,,,0.006290897685767548,0.036103397484135505,direct_obc,13.0,,,,,,,,,,
fig4_branch_trial_8bfdc49d9872,fig4,branch_trial,056697e838fdf90f8af053d13a5639d0d26706ba59f595f9bbc2d755d337fc52,cb20a339f3d8dfccb33e4fd8bf6738036431a0eb,056697e838fdf90f8af053d13a5639d0d26706ba59f595f9bbc2d755d337fc52,24,2.0,0.05,1.1500000000000001,1e-06,3.320116922736548e-06,SUCCESS,SUCCESS,8.687987138722638e-11,7.45081463596045e-11,7.175013916338457e-10,0.999999999999949,12,1384,5.34978148387745,True,True,SUCCESS,data/raw/fig4/fig4_branch_trial_8bfdc49d9872,-1.4511810909102662e-33,0.1241558062464565,0.0,3.0604243227402353e-32,1.0000000592157008,True,4.2908501834302744e-08,0.019121111523089818,-1.3743468748856074,3.158192864397751,,,,,,,,,,,2.7368195891544135e-08,2.672821703843194e-08,direct_obc,7.0,,,,,,,,,,
fig4_branch_trial_8dc2cf3e7e24,fig4,branch_trial,056697e838fdf90f8af053d13a5639d0d26706ba59f595f9bbc2d755d337fc52,cb20a339f3d8dfccb33e4fd8bf6738036431a0eb,056697e838fdf90f8af053d13a5639d0d26706ba59f595f9bbc2d755d337fc52,40,2.0,0.05,1.9500000000000002,0.0006105402296585327,0.0045113160076009,SUCCESS,SUCCESS,9.227071090364292e-11,3.1655464635898155e-11,5.305501593610984e-10,0.9999999948157745,13,2944,41.525871915277094,True,True,SUCCESS,data/raw/fig4/fig4_branch_trial_8dc2cf3e7e24,4.384470130614178e-19,0.1261692064906757,0.0,1.101360164438393e-16,0.9999491733658176,True,1.8758216901075072e-05,0.002138891999706072,-1.3855210258921071,7.028506487261839,,,,,,,,,,,2.407876916362076e-06,4.6989680177702915e-06,direct_obc,15.0,,,,,,,,,,
fig4_branch_trial_8df56f0d02aa,fig4,branch_trial,056697e838fdf90f8af053d13a5639d0d26706ba59f595f9bbc2d755d337fc52,cb20a339f3d8dfccb33e4fd8bf6738036431a0eb,056697e838fdf90f8af053d13a5639d0d26706ba59f595f9bbc2d755d337fc52,40,2.0,0.05,1.9500000000000002,0.011787686347935854,0.08709987570149699,SUCCESS,SUCCESS,8.285567012398469e-11,7.824681260308907e-11,5.709868133862983e-10,0.9999916696754669,14,4362,62.322040021885186,True,True,SUCCESS,data/raw/fig4/fig4_branch_trial_8df56f0d02aa,-2.7820820974003555e-18,0.1261754052469036,0.0,4.4314446321422867e-16,0.977659460767116,True,0.008118293640324238,0.004073196104359189,-1.3855283355946921,7.600629561599437,,,,,,,,,,,5.498112117174282e-05,0.0011641780402934724,direct_obc,21.0,,,,,,,,,,
fig4_branch_trial_8ffbe5ddaa3a,fig4,branch_trial,056697e838fdf90f8af053d13a5639d0d26706ba59f595f9bbc2d755d337fc52,cb20a339f3d8dfccb33e4fd8bf6738036431a0eb,056697e838fdf90f8af053d13a5639d0d26706ba59f595f9bbc2d755d337fc52,24,2.0,0.05,1.1500000000000001,2.682695795279727e-09,8.906863708462405e-09,SUCCESS,SUCCESS,6.346766567941495e-11,2.8653564991838457e-11,2.193683013018699e-10,0.9999999999999994,1,3,0.011799986939877272,True,True,SUCCESS,data/raw/fig4/fig4_branch_trial_8ffbe5ddaa3a,-2.192024039289421e-33,0.12415580287108247,0.0,1.6340124150009064e-32,1.0000000000057412,True,1.966716234592822e-11,0.019120740253732782,-1.3743468846512323,3.1581929095889167,,,,,,,,,,,1.2988768667758986e-10,2.933881841123319e-10,direct_obc,4.0,,,,,,,,,,
fig4_branch_trial_90b487f1f7a0,fig4,branch_trial,056697e838fdf90f8af053d13a5639d0d26706ba59f595f9bbc2d755d337fc52,cb20a339f3d8dfccb33e4fd8bf6738036431a0eb,056697e838fdf90f8af053d13a5639d0d26706ba59f595f9bbc2d755d337fc52,24,2.0,0.05,1.1500000000000001,0.0003727593720314938,0.0012376046991904113,SUCCESS,SUCCESS,8.968438122907508e-11,6.340046405035102e-11,1.6839318828232308e-10,0.9999999928473235,13,1944,7.649388419929892,True,True,SUCCESS,data/raw/fig4/fig4_branch_trial_90b487f1f7a0,1.459345313138606e-33,0.12415707933614695,0.0,5.928552836123532e-32,1.0000207555903364,True,1.5131331387642467e-05,0.01926062861067801,-1.3743436374151785,3.1581824968694776,,,,,,,,,,,1.0303639341666192e-05,1.0074641308152554e-05,direct_obc,10.0,,,,,,,,,,
fig4_branch_trial_a11dcbe19fb6,fig4,branch_trial,056697e838fdf90f8af053d13a5639d0d26706ba59f595f9bbc2d755d337fc52,cb20a339f3d8dfccb33e4fd8bf6738036431a0eb,056697e838fdf90f8af053d13a5639d0d26706ba59f595f9bbc2d755d337fc52,40,2.0,0.05,1.9500000000000002,0.05179474679231202,0.38271428967830184,SUCCESS,SUCCESS,8.865045513313536e-11,4.3617146223769385e-11,4.881292037239859e-10,0.9989259393638197,17,8589,129.32742632785812,True,True,SUCCESS,data/raw/fig4/fig4_branch_trial_a11dcbe19fb6,-2.897547392103771e-19,0.1261949888440082,0.1,0.012275121483911964,0.724893503795551,True,0.11207577245251296,0.011837275216999121,-1.3856064475655399,9.02040403859571,,,,,,,,,,,0.00033800034149282396,0.015648036631882366,direct_obc,24.0,,,,,,,,,,
fig4_branch_trial_a281339d266a,fig4,branch_trial,056697e838fdf90f8af053d13a5639d0d26706ba59f595f9bbc2d755d337fc52,cb20a339f3d8dfccb33e4fd8bf6738036431a0eb,056697e838fdf90f8af053d13a5639d0d26706ba59f595f9bbc2d755d337fc52,24,2.0,0.05,1.1500000000000001,0.05179474679231202,0.17196461533400967,SUCCESS,SUCCESS,8.934827559248966e-11,4.849643314013304e-11,4.310373169502668e-10,0.9999587699047184,13,6361,25.835205048322678,True,True,SUCCESS,data/raw/fig4/fig4_branch_trial_a281339d266a,6.777068791332688e-34,0.12438297229711398,0.0,2.4310443114185662e-32,0.9618644141574887,True,0.02620522777108523,0.018342992763645594,-1.373982325437269,3.313814858383914,,,,,,,,,,,0.0018781326027976929,0.006709460805416133,direct_obc,20.0,,,,,,,,,,
fig4_branch_trial_a470baa780da,fig4,branch_trial,056697e838fdf90f8af053d13a5639d0d26706ba59f595f9bbc2d755d337fc52,cb20a339f3d8dfccb33e4fd8bf6738036431a0eb,056697e838fdf90f8af053d13a5639d0d26706ba59f595f9bbc2d755d337fc52,40,2.0,0.05,1.9500000000000002,0.0003727593720314938,0.0027543399113428685,SUCCESS,SUCCESS,8.568196034910884e-11,8.14236986937301e-11,2.6740665237667827e-10,0.9999999907089506,13,2765,38.33895666990429,True,True,SUCCESS,data/raw/fig4/fig4_branch_trial_a470baa780da,-4.268431896919648e-18,0.12616908766138685,0.0,4.773901822922138e-16,0.9999838782536441,True,6.105971388424474e-06,0.0020143448804845754,-1.3855209331186695,7.028428140455055,,,,,,,,,,,1.4653833926355115e-06,2.2367454306693224e-06,direct_obc,10.0,,,,,,,,,,
fig4_branch_trial_b087b8ce4cd8,fig4,branch_trial,056697e838fdf90f8af053d13a5639d0d26706ba59f595f9bbc2d755d337fc52,cb20a339f3d8dfccb33e4fd8bf6738036431a0eb,056697e838fdf90f8af053d13a5639d0d26706ba59f595f9bbc2d755d337fc52,24,2.0,0.05,1.1500000000000001,0.019306977288832457,0.06410142202354284,SUCCESS,SUCCESS,8.078039707085901e-11,8.571868077205455e-11,6.753564374406551e-11,0.9999804750934858,20,6062,24.351447503082454,True,True,SUCCESS,data/raw/fig4/fig4_branch_trial_b087b8ce4cd8,6.958802668695074e-34,0.12422939552692577,0.0,3.3446715853459834e-32,0.9951760487021322,True,0.0033302157234977965,0.02337000476516049,-1.3741895526532488,3.1756258716830974,,,,,,,,,,,0.0005959746887200983,0.0011577739083286148,direct_obc,12.0,,,,,,,,,,
fig4_branch_trial_b41bc00ee9cf,fig4,branch_trial,056697e838fdf90f8af053d13a5639d0d26706ba59f595f9bbc2d755d337fc52,cb20a339f3d8dfccb33e4fd8bf6738036431a0eb,056697e838fdf90f8af053d13a5639d0d26706ba59f595f9bbc2d755d337fc52,40,2.0,0.05,1.9500000000000002,0.1389495494373136,1.026706015713448,SUCCESS,SUCCESS,8.317588065109581e-11,7.650045609142818e-11,5.931931612579433e-10,0.9688662924494051,20,8984,150.2899576406926,True,True,SUCCESS,data/raw/fig4/fig4_branch_trial_b41bc00ee9cf,6.62661472797184e-18,0.12618151909343567,0.45,0.047145035735002554,0.33850352467007805,True,0.3521867232678445,0.018300835197392562,-1.3860546163525296,16.240965493707886,,,,,,,,,,,0.0009154067720493785,0.04874144017357221,direct_obc,13.0,,,,,,,,,,
fig4_branch_trial_c3573ed72341,fig4,branch_trial,056697e838fdf90f8af053d13a5639d0d26706ba59f595f9bbc2d755d337fc52,cb20a339f3d8dfccb33e4fd8bf6738036431a0eb,056697e838fdf90f8af053d13a5639d0d26706ba59f595f9bbc2d755d337fc52,40,2.0,0.05,1.9500000000000002,0.019306977288832457,0.142660338287963,SUCCESS,SUCCESS,8.773114379772857e-11,3.677189080568925e-11,4.421181198921431e-10,0.9999513421869456,14,5512,79.50780187593773,True,True,SUCCESS,data/raw/fig4/fig4_branch_trial_c3573ed72341,-2.0831618575231785e-18,0.1261799380486322,0.0,1.959026340496638e-16,0.9431086051036468,True,0.020958997499284853,0.0021512390760276556,-1.3855365653682785,14.242913692580387,,,,,,,,,,,0.00010032241715740205,0.0029728623300598177,direct_obc,22.0,,,,,,,,,,
fig4_branch_trial_c3e85fc6cc5d,fig4,branch_trial,056697e838fdf90f8af053d13a5639d0d26706ba59f595f9bbc2d755d337fc52,cb20a339f3d8dfccb33e4fd8bf6738036431a0eb,056697e838fdf90f8af053d13a5639d0d26706ba59f595f9bbc2d755d337fc52,40,2.0,0.05,1.9500000000000002,0.002682695795279727,0.01982258972768728,SUCCESS,SUCCESS,8.497859528612246e-11,2.988398955092486e-11,7.566934856484409e-10,0.9999994668796717,9,3509,49.97786448383704,True,True,SUCCESS,data/raw/fig4/fig4_branch_trial_c3e85fc6cc5d,-8.647265801068624e-19,0.12617026880572837,0.0,4.449250694410433e-16,0.9988436920592793,True,0.00041818151615584815,0.0032259640713179216,-1.3855219487436694,7.037486689070404,,,,,,,,,,,1.0879496385269443e-05,6.586465816366566e-05,direct_obc,11.0,,,,,,,,,,
fig4_branch_trial_c6a71b6f639e,fig4,branch_trial,056697e838fdf90f8af053d13a5639d0d26706ba59f595f9bbc2d755d337fc52,cb20a339f3d8dfccb33e4fd8bf6738036431a0eb,056697e838fdf90f8af053d13a5639d0d26706ba59f595f9bbc2d755d337fc52,40,2.0,0.05,1.9500000000000002,0.004393970560760791,0.03246729497051125,SUCCESS,SUCCESS,8.804598262427528e-11,3.9951282944292054e-11,8.829218467454325e-10,0.9999996157243205,13,3857,53.98712117597461,True,True,SUCCESS,data/raw/fig4/fig4_branch_trial_c6a71b6f639e,3.949338583991943e-18,0.12617118074373798,0.0,2.1826241655468464e-16,0.9968534369399122,True,0.0011367192559900811,0.0041261895851161245,-1.3855228618296072,7.05780260910432,,,,,,,,,,,1.8269160399175984e-05,0.00017059462776202274,direct_obc,19.0,,,,,,,,,,
fig4_branch_trial_d11d2f9b710d,fig4,branch_trial,056697e838fdf90f8af053d13a5639d0d26706ba59f595f9bbc2d755d337fc52,cb20a339f3d8dfccb33e4fd8bf6738036431a0eb,056697e838fdf90f8af053d13a5639d0d26706ba59f595f9bbc2d755d337fc52,40,2.0,0.05,1.9500000000000002,1e-06,7.38905609893065e-06,SUCCESS,SUCCESS,9.836421493577115e-11,1.5915407414002745e-13,6.564880861148481e-10,0.9999999999999337,1,90,1.2667132993228734,True,True,SUCCESS,data/raw/fig4/fig4_branch_trial_d11d2f9b710d,-3.131008332552586e-19,0.12616890329094474,0.0,2.221096728648699e-16,1.000000006969994,True,3.193792820580219e-09,0.0018196981204392504,-1.3855207939585132,7.028686258367651,,,,,,,,,,,3.8107327117722535e-09,4.047985614397255e-09,direct_obc,7.0,,,,,,,,,,
fig4_branch_trial_d1213639dc67,fig4,branch_trial,056697e838fdf90f8af053d13a5639d0d26706ba59f595f9bbc2d755d337fc52,cb20a339f3d8dfccb33e4fd8bf6738036431a0eb,056697e838fdf90f8af053d13a5639d0d26706ba59f595f9bbc2d755d337fc52,24,2.0,0.05,1.1500000000000001,0.011787686347935854,0.03913649692369241,SUCCESS,SUCCESS,6.825036987760896e-11,8.041067709053468e-11,3.1851077331168653e-11,0.999998520161055,18,4377,17.464651581831276,True,True,SUCCESS,data/raw/fig4/fig4_branch_trial_d1213639dc67,-1.9821247667665815e-33,0.12419895876801906,0.0,2.079681734029369e-32,0.9984759197364377,True,0.0010748107173911643,0.02354527017351704,-1.3742481006118072,3.1643529806232276,,,,,,,,,,,0.00034858894481062176,0.0005235301029850783,direct_obc,17.0,,,,,,,,,,
fig4_branch_trial_d84e2bfde400,fig4,branch_trial,056697e838fdf90f8af053d13a5639d0d26706ba59f595f9bbc2d755d337fc52,cb20a339f3d8dfccb33e4fd8bf6738036431a0eb,056697e838fdf90f8af053d13a5639d0d26706ba59f595f9bbc2d755d337fc52,24,2.0,0.05,1.1500000000000001,1e-12,3.320116922736548e-12,SUCCESS,SUCCESS,7.919045881362704e-11,4.715519421547884e-11,2.357223305438083e-10,0.9999999999999997,1,3,0.011784920003265142,True,True,SUCCESS,data/raw/fig4/fig4_branch_trial_d84e2bfde400,-5.3162950645963936e-34,0.12415580286123303,0.0,3.090646609865961e-32,1.0000000000000016,True,6.450844275949712e-15,0.01912073917142232,-1.3743468846512323,3.158192909689734,,,,,,,,,,,3.075784174003299e-11,6.993072184333294e-11,direct_obc,0.0,,,,,,,,,,
fig4_branch_trial_ddf2f60b6c46,fig4,branch_trial,056697e838fdf90f8af053d13a5639d0d26706ba59f595f9bbc2d755d337fc52,cb20a339f3d8dfccb33e4fd8bf6738036431a0eb,056697e838fdf90f8af053d13a5639d0d26706ba59f595f9bbc2d755d337fc52,24,2.0,0.05,1.1500000000000001,0.1389495494373136,0.4613287504934435,SUCCESS,SUCCESS,9.121345576143098e-11,5.854917941679406e-11,7.451105288325266e-10,0.9993401867373717,12,4396,18.214660960715264,True,True,SUCCESS,data/raw/fig4/fig4_branch_trial_ddf2f60b6c46,-7.042352414485396e-20,0.12487255320945136,0.0,3.0428157934150324e-16,0.7840403770414074,True,0.15381169899901767,0.002791876704894891,-1.3738746747532797,8.600175408311907,,,,,,,,,,,0.006290898353968406,0.03610339880611199,direct_obc,22.0,,,,,,,,,,
fig4_branch_trial_df04db37b939,fig4,branch_trial,056697e838fdf90f8af053d13a5639d0d26706ba59f595f9bbc2d755d337fc52,cb20a339f3d8dfccb33e4fd8bf6738036431a0eb,056697e838fdf90f8af053d13a5639d0d26706ba59f595f9bbc2d755d337fc52,24,2.0,0.05,1.1500000000000001,5.179474679231202e-05,0.0001719646153340097,SUCCESS,SUCCESS,8.689572701732127e-11,6.267632519995666e-11,1.044584418963268e-10,0.9999999998618792,14,1778,6.972908632829785,True,True,SUCCESS,data/raw/fig4/fig4_branch_trial_df04db37b939,-1.1413332945173365e-33,0.12415597992062166,0.0,2.9303164162198993e-32,1.0000031536995588,True,2.268841608332202e-06,0.019140177114220336,-1.374346432991076,3.1581906763200607,,,,,,,,,,,1.4292814925478925e-06,1.3878320602262411e-06,direct_obc,9.0,,,,,,,,,,
fig4_branch_trial_e1c684e8bc05,fig4,branch_trial,056697e838fdf90f8af053d13a5639d0d26706ba59f595f9bbc2d755d337fc52,cb20a339f3d8dfccb33e4fd8bf6738036431a0eb,056697e838fdf90f8af053d13a5639d0d26706ba59f595f9bbc2d755d337fc52,24,2.0,0.05,1.1500000000000001,0.004393970560760791,0.014588496016788102,SUCCESS,SUCCESS,9.031324399419577e-11,5.952369486248399e-11,3.720039831733857e-10,0.99999979695996,16,3001,11.852201524190605,True,True,SUCCESS,data/raw/fig4/fig4_branch_trial_e1c684e8bc05,4.015182465865857e-34,0.12417121964984248,0.0,3.4833179496878223e-32,0.9999578927215594,True,8.573807026952124e-05,0.020769599977615405,-1.3743091042252993,3.1589107879728564,,,,,,,,,,,0.00012440681321693065,0.0001386860185739018,direct_obc,15.0,,,,,,,,,,
fig4_branch_trial_f345299a1a64,fig4,branch_trial,056697e838fdf90f8af053d13a5639d0d26706ba59f595f9bbc2d755d337fc52,cb20a339f3d8dfccb33e4fd8bf6738036431a0eb,056697e838fdf90f8af053d13a5639d0d26706ba59f595f9bbc2d755d337fc52,24,2.0,0.05,1.1500000000000001,0.08483428982440708,0.2816597612743509,SUCCESS,SUCCESS,9.347013043962918e-11,2.8829705907874954e-11,6.567909549559658e-10,0.999833955617196,18,6851,27.58120843814686,True,True,SUCCESS,data/raw/fig4/fig4_branch_trial_f345299a1a64,6.944270436524463e-34,0.12456366287539933,0.0,2.017283979610458e-32,0.9035560226913684,True,0.06691384866585715,0.004006208090780783,-1.373859583194967,5.9038553354986645,,,,,,,,,,,0.003456446254555578,0.01613906177136195,direct_obc,21.0,,,,,,,,,,
fig4_branch_trial_f9206abf2560,fig4,branch_trial,056697e838fdf90f8af053d13a5639d0d26706ba59f595f9bbc2d755d337fc52,cb20a339f3d8dfccb33e4fd8bf6738036431a0eb,056697e838fdf90f8af053d13a5639d0d26706ba59f595f9bbc2d755d337fc52,24,2.0,0.05,1.1500000000000001,7.196856730011514e-06,2.3894405819821644e-05,SUCCESS,SUCCESS,8.72974436756049e-11,4.926304953212707e-11,6.045700606804871e-10,0.9999999999973385,13,1601,6.18467139499262,True,True,SUCCESS,data/raw/fig4/fig4_branch_trial_f9206abf2560,-8.21071070971184e-34,0.1241558273977001,0.0,4.6454298009323325e-32,1.000000443279162,True,3.184195568366306e-07,0.019123437957797362,-1.3743468211746697,3.1581925841970993,,,,,,,,,,,1.9812158836924235e-07,1.9206329275373615e-07,direct_obc,8.0,,,,,,,,,,
fig4_branch_trial_f932041127f0,fig4,branch_trial,056697e838fdf90f8af053d13a5639d0d26706ba59f595f9bbc2d755d337fc52,cb20a339f3d8dfccb33e4fd8bf6738036431a0eb,056697e838fdf90f8af053d13a5639d0d26706ba59f595f9bbc2d755d337fc52,40,2.0,0.05,1.9500000000000002,5.179474679231202e-11,3.8271428967830186e-10,SUCCESS,SUCCESS,6.355742417472347e-11,2.5685755385360047e-11,8.409005713971851e-10,0.9999999999999994,1,3,0.042242301162332296,True,True,SUCCESS,data/raw/fig4/fig4_branch_trial_f932041127f0,3.60740737286378e-18,0.12616890281319013,0.0,4.441143750128411e-16,0.999999999986769,True,3.884720383504868e-12,0.001819175714254051,-1.3855207939585132,7.0286875805197795,,,,,,,,,,,3.194193264232375e-11,1.4316618750706648e-10,direct_obc,2.0,,,,,,,,,,
fig4_branch_trial_fa3aeaa7d001,fig4,branch_trial,056697e838fdf90f8af053d13a5639d0d26706ba59f595f9bbc2d755d337fc52,cb20a339f3d8dfccb33e4fd8bf6738036431a0eb,056697e838fdf90f8af053d13a5639d0d26706ba59f595f9bbc2d755d337fc52,40,2.0,0.05,1.9500000000000002,1.9306977288832496e-08,1.426603382879633e-07,SUCCESS,SUCCESS,5.6347496286476066e-11,1.6060463570011207e-11,8.43274783335346e-10,0.9999999999999998,1,3,0.04221899714320898,True,True,SUCCESS,data/raw/fig4/fig4_branch_trial_fa3aeaa7d001,1.752942961709459e-19,0.1261689028167961,0.0,4.467381684911189e-16,0.9999999999924649,True,1.1252032415219406e-11,0.0018191857858960159,-1.3855207939585132,7.028687554996406,,,,,,,,,,,6.314793681039884e-11,2.524271007857303e-10,direct_obc,5.0,,,,,,,,,,
fig4_branch_trial_fb1b4fe5b65c,fig4,branch_trial,056697e838fdf90f8af053d13a5639d0d26706ba59f595f9bbc2d755d337fc52,cb20a339f3d8dfccb33e4fd8bf6738036431a0eb,056697e838fdf90f8af053d13a5639d0d26706ba59f595f9bbc2d755d337fc52,24,2.0,0.05,1.1500000000000001,0.03162277660168373,0.10499131573916749,SUCCESS,SUCCESS,8.946186369105099e-11,5.347468426816308e-11,6.196719803952533e-10,0.9999878770515052,18,6018,24.193319410085678,True,True,SUCCESS,data/raw/fig4/fig4_branch_trial_fb1b4fe5b65c,-7.320673616892136e-34,0.12428373974133435,0.0,2.6127724943091016e-32,0.9860112824784302,True,0.009601459776187716,0.02122348154382836,-1.3741018385070163,3.2081407628733425,,,,,,,,,,,0.0010429179718377795,0.0027438325047301772,direct_obc,19.0,,,,,,,,,,
fig4_branch_trial_fc0a4bccd8a3,fig4,branch_trial,056697e838fdf90f8af053d13a5639d0d26706ba59f595f9bbc2d755d337fc52,cb20a339f3d8dfccb33e4fd8bf6738036431a0eb,056697e838fdf90f8af053d13a5639d0d26706ba59f595f9bbc2d755d337fc52,24,2.0,0.05,1.1500000000000001,0.002682695795279727,0.008906863708462404,SUCCESS,SUCCESS,8.586692831624828e-11,3.2420655185144146e-11,6.835648713732212e-10,0.9999996299952173,13,2755,10.91524524288252,True,True,SUCCESS,data/raw/fig4/fig4_branch_trial_fc0a4bccd8a3,1.7309412341580162e-33,0.1241651193110728,0.0,3.346774703459398e-32,1.0000488014256546,True,5.612887963619631e-05,0.02012743643006143,-1.374323684541746,3.158412078783296,,,,,,,,,,,7.518330298077792e-05,7.86758070038493e-05,direct_obc,11.0,,,,,,,,,,
fig4_branch_trial_febad73594e1,fig4,branch_trial,056697e838fdf90f8af053d13a5639d0d26706ba59f595f9bbc2d755d337fc52,cb20a339f3d8dfccb33e4fd8bf6738036431a0eb,056697e838fdf90f8af053d13a5639d0d26706ba59f595f9bbc2d755d337fc52,40,2.0,0.05,1.9500000000000002,0.08483428982440708,0.6268453266254855,SUCCESS,SUCCESS,8.954395965634962e-11,3.334612190248725e-11,4.712177315013832e-10,0.997031942681853,18,8834,143.94338151300326,True,True,SUCCESS,data/raw/fig4/fig4_branch_trial_febad73594e1,-8.384518176750483e-18,0.12619701231865857,0.2,0.021833468417902003,0.5320330369137883,True,0.21351371761303212,0.011015399712264118,-1.3857350740871641,14.653163909254431,,,,,,,,,,,0.0005703812947825437,0.02960755737849374,direct_obc,25.0,,,,,,,,,,
fig4_momentum_benchmark_b3c82862c830,fig4,momentum_benchmark,056697e838fdf90f8af053d13a5639d0d26706ba59f595f9bbc2d755d337fc52,cb20a339f3d8dfccb33e4fd8bf6738036431a0eb,056697e838fdf90f8af053d13a5639d0d26706ba59f595f9bbc2d755d337fc52,24,2.0,0.05,1.1500000000000001,1.0,3.320116922736548,SUCCESS,SUCCESS,6.148727116323053e-12,5.605255836244238e-11,9.335108241970147e-10,0.9564649050469654,25,2311,9.647780551109463,True,True,,data/raw/fig4/fig4_momentum_benchmark_b3c82862c830,-4.1986812491484564e-18,0.12819196083082024,0.9166666666666666,0.10004167187531081,0.18085544775918883,True,0.7673136065679522,0.04934677761036249,-1.3994662774962965,1.0000000000002824,,,,,,,,,,,,,,,,,,4.314779571692463e-16,7.10959875994756e-15,1.0941355880580787e-15,,,,
fig4_momentum_benchmark_dcd6459cc1c5,fig4,momentum_benchmark,056697e838fdf90f8af053d13a5639d0d26706ba59f595f9bbc2d755d337fc52,cb20a339f3d8dfccb33e4fd8bf6738036431a0eb,056697e838fdf90f8af053d13a5639d0d26706ba59f595f9bbc2d755d337fc52,40,2.0,0.05,1.9500000000000002,1.0,7.38905609893065,SUCCESS,SUCCESS,7.353612733788414e-11,2.1528646954713955e-11,8.289194886046403e-10,0.8016196149104823,25,3611,61.14089545980096,True,True,,data/raw/fig4/fig4_momentum_benchmark_dcd6459cc1c5,-9.107918248283687e-18,0.1264994781391756,0.95,0.1000416718753106,0.036802241071064126,True,0.8656416436976156,0.013622136695750908,-1.403718616587536,1.0000000000010025,,,,,,,,,,,,,,,,,,2.8356229535111957e-16,1.8367539534361572e-14,1.4233458340418147e-15,,,,
fig4_obc_seed_b96c5c2e74f0,fig4,obc_seed,056697e838fdf90f8af053d13a5639d0d26706ba59f595f9bbc2d755d337fc52,cb20a339f3d8dfccb33e4fd8bf6738036431a0eb,056697e838fdf90f8af053d13a5639d0d26706ba59f595f9bbc2d755d337fc52,40,2.0,0.05,1.9500000000000002,0.0,0.0,SUCCESS,SUCCESS,8.770906583448052e-11,3.905881654916399e-11,8.346452418095396e-10,,31,12278,134.53462249133736,True,True,,data/raw/fig4/fig4_obc_seed_b96c5c2e74f0,3.0919930413336927e-18,0.12616890281016876,0.0,4.3021142397558437e-16,0.9999999999863934,True,3.996271234899208e-12,0.0018191756736825049,-1.3855207939585132,7.028687580588388,,,,,,,,,,,,,direct_obc,,SUCCESS,False,,,,,,,,
fig4_obc_seed_dd092fc79bcc,fig4,obc_seed,056697e838fdf90f8af053d13a5639d0d26706ba59f595f9bbc2d755d337fc52,cb20a339f3d8dfccb33e4fd8bf6738036431a0eb,056697e838fdf90f8af053d13a5639d0d26706ba59f595f9bbc2d755d337fc52,24,2.0,0.05,1.1500000000000001,0.0,0.0,SUCCESS,SUCCESS,8.758448331458183e-11,5.4277222370553893e-11,2.4006518994923454e-10,,31,8963,17.211124524008483,True,True,,data/raw/fig4/fig4_obc_seed_dd092fc79bcc,3.248666825021118e-35,0.12415580285839675,0.0,0.0,1.0,True,2.9356153919935327e-16,0.019120739162684863,-1.3743468846512323,3.1581929096897694,,,,,,,,,,,,,direct_obc,,SUCCESS,False,,,,,,,,
fig4_pbc_seed_endpoint_4c65e82aefea,fig4,pbc_seed_endpoint,056697e838fdf90f8af053d13a5639d0d26706ba59f595f9bbc2d755d337fc52,cb20a339f3d8dfccb33e4fd8bf6738036431a0eb,056697e838fdf90f8af053d13a5639d0d26706ba59f595f9bbc2d755d337fc52,40,2.0,0.05,1.9500000000000002,1.0,7.38905609893065,SUCCESS,SUCCESS,5.958512632604932e-11,1.4200807223374598e-11,8.195586431725133e-10,0.9999999999999997,1,3,0.05301163624972105,True,True,,data/raw/fig4/fig4_pbc_seed_endpoint_4c65e82aefea,-1.196842788929241e-17,0.12649947812856907,0.95,0.10004167187531027,0.03680224107106413,True,0.8656416436976158,0.013622136704379196,-1.403718616587536,1.0000000000006501,,,,,,,,,,,,,,,,,,,,,1.1701074151829612e-11,8.384634148906029e-11,1.7471746272067967e-11,
fig4_pbc_seed_endpoint_99b42d018e56,fig4,pbc_seed_endpoint,056697e838fdf90f8af053d13a5639d0d26706ba59f595f9bbc2d755d337fc52,cb20a339f3d8dfccb33e4fd8bf6738036431a0eb,056697e838fdf90f8af053d13a5639d0d26706ba59f595f9bbc2d755d337fc52,24,2.0,0.05,1.1500000000000001,1.0,3.320116922736548,SUCCESS,SUCCESS,5.003101163214458e-12,3.6462436040527165e-11,9.57813495183757e-10,0.9999999999999991,1,3,0.01294071413576603,True,True,,data/raw/fig4/fig4_pbc_seed_endpoint_99b42d018e56,9.008050543444476e-19,0.12819196082992046,0.9166666666666666,0.10004167187531025,0.18085544775918888,True,0.7673136065679523,0.04934677762557015,-1.3994662774962965,1.0000000000003197,,,,,,,,,,,,,,,,,,,,,3.0378136314551176e-11,7.019304598985877e-12,2.424593860031258e-11,
fig4_pbc_seed_random_083d16d3ad25,fig4,pbc_seed_random,056697e838fdf90f8af053d13a5639d0d26706ba59f595f9bbc2d755d337fc52,cb20a339f3d8dfccb33e4fd8bf6738036431a0eb,056697e838fdf90f8af053d13a5639d0d26706ba59f595f9bbc2d755d337fc52,40,2.0,0.05,1.9500000000000002,1.0,7.38905609893065,SUCCESS,SUCCESS,9.577575821718201e-11,5.758570874486313e-14,8.004721330223674e-10,0.9999999999999991,1,1033,18.237260872032493,True,True,,data/raw/fig4/fig4_pbc_seed_random_083d16d3ad25,2.0184901674890315e-12,0.1264994780827585,0.95,0.1000416718753106,0.036943360242496844,True,0.8656416438474883,0.013622136722335254,-1.403718616587536,1.0019137065908845,,,,,,,,,,,,,,,,,,,,,3.557736348914111e-11,4.3685895669768623e-10,7.800121659761737e-11,
fig4_pbc_seed_random_9aab966b2a8d,fig4,pbc_seed_random,056697e838fdf90f8af053d13a5639d0d26706ba59f595f9bbc2d755d337fc52,cb20a339f3d8dfccb33e4fd8bf6738036431a0eb,056697e838fdf90f8af053d13a5639d0d26706ba59f595f9bbc2d755d337fc52,24,2.0,0.05,1.1500000000000001,1.0,3.320116922736548,SUCCESS,SUCCESS,5.539451006031287e-11,5.3388055198413944e-11,2.747347904730191e-10,0.9999999999999994,14,926,3.8729345751926303,True,True,,data/raw/fig4/fig4_pbc_seed_random_9aab966b2a8d,1.2187856055507975e-12,0.12819196083470252,0.9166666666666666,0.10004167187531043,0.18460780544328195,True,0.7673136066637788,0.04934677532677265,-1.3994662799377027,1.0100639004516159,,,,,,,,,,,,,,,,,,,,,1.5103074656587355e-09,3.112674460611996e-11,3.6162512984106537e-09,
fig4_pbc_seed_uniform_53616f4a0222,fig4,pbc_seed_uniform,056697e838fdf90f8af053d13a5639d0d26706ba59f595f9bbc2d755d337fc52,cb20a339f3d8dfccb33e4fd8bf6738036431a0eb,056697e838fdf90f8af053d13a5639d0d26706ba59f595f9bbc2d755d337fc52,24,2.0,0.05,1.1500000000000001,1.0,3.320116922736548,SUCCESS,SUCCESS,5.0030365978541955e-12,3.6462447605038545e-11,9.57813495183757e-10,0.9999999999999991,1,3,0.01278288010507822,True,True,,data/raw/fig4/fig4_pbc_seed_uniform_53616f4a0222,8.310946954880837e-18,0.12819196082992046,0.9166666666666666,0.1000416718753106,0.1808554477591888,True,0.7673136065679524,0.049346777625568904,-1.3994662774962965,1.0000000000004114,,,,,,,,,,,,,,,,,,,,,3.0378113186987324e-11,7.019719648729473e-12,2.425037948253651e-11,
fig4_pbc_seed_uniform_c4bd19b1b790,fig4,pbc_seed_uniform,056697e838fdf90f8af053d13a5639d0d26706ba59f595f9bbc2d755d337fc52,cb20a339f3d8dfccb33e4fd8bf6738036431a0eb,056697e838fdf90f8af053d13a5639d0d26706ba59f595f9bbc2d755d337fc52,40,2.0,0.05,1.9500000000000002,1.0,7.38905609893065,SUCCESS,SUCCESS,5.95859184525702e-11,1.4200918251678266e-11,8.195586431725133e-10,0.9999999999999989,1,3,0.053228387143462896,True,True,,data/raw/fig4/fig4_pbc_seed_uniform_c4bd19b1b790,1.7150791621524392e-17,0.12649947812856918,0.95,0.10004167187531023,0.03680224107106396,True,0.8656416436976163,0.013622136704378294,-1.403718616587536,1.0000000000004736,,,,,,,,,,,,,,,,,,,,,1.1700977009936062e-11,8.38456338905723e-11,1.7469969915586862e-11,
green_green_0fc2ad3611e4,green,green,056697e838fdf90f8af053d13a5639d0d26706ba59f595f9bbc2d755d337fc52,cb20a339f3d8dfccb33e4fd8bf6738036431a0eb,056697e838fdf90f8af053d13a5639d0d26706ba59f595f9bbc2d755d337fc52,80,2.0,0.0,0.0,0.0,0.0,SUCCESS,SUCCESS,0.0,0.0,8.384710703523979e-10,,1,0,0.0,True,True,,data/raw/green/green_green_0fc2ad3611e4,0.0,0.1264981200684503,0.0,0.0,1.0,True,0.0,0.0008927106810379115,-1.3941266737639044,1.0000000000003257,,,,,,,,,,,,,,,,,,,,,,,,0.0
green_green_31a027815546,green,green,056697e838fdf90f8af053d13a5639d0d26706ba59f595f9bbc2d755d337fc52,cb20a339f3d8dfccb33e4fd8bf6738036431a0eb,056697e838fdf90f8af053d13a5639d0d26706ba59f595f9bbc2d755d337fc52,80,2.0,0.02531645569620253,2.0,0.0,0.0,SUCCESS,SUCCESS,0.0,0.0,8.384710703523979e-10,,1,0,0.0,True,True,,data/raw/green/green_green_31a027815546,0.0,0.1264981200684503,0.0,5.427792580365553e-16,1.0,True,1.0691986423764165e-16,0.0008927106810383556,-1.3941266737639044,7.407406441979011,,,,,,,,,,,,,,,,,,,,,,,,1.598896961988604e-14
green_green_f3a9f1d66842,green,green,056697e838fdf90f8af053d13a5639d0d26706ba59f595f9bbc2d755d337fc52,cb20a339f3d8dfccb33e4fd8bf6738036431a0eb,056697e838fdf90f8af053d13a5639d0d26706ba59f595f9bbc2d755d337fc52,80,2.0,0.0759493670886076,6.0,0.0,0.0,SUCCESS,SUCCESS,0.0,0.0,8.384710703523979e-10,,1,0,0.0,True,True,,data/raw/green/green_green_f3a9f1d66842,0.0,0.1264981200684503,0.0,1.4191299400158242e-15,1.0,True,1.4277490692663105e-16,0.0008927106810361352,-1.3941266737639044,409.56754547125826,,,,,,,,,,,,,,,,,,,,,,,,1.4912584459379884e-14
green_hermitian_reference_b472d4e13a8a,green,hermitian_reference,056697e838fdf90f8af053d13a5639d0d26706ba59f595f9bbc2d755d337fc52,cb20a339f3d8dfccb33e4fd8bf6738036431a0eb,056697e838fdf90f8af053d13a5639d0d26706ba59f595f9bbc2d755d337fc52,80,2.0,0.0,0.0,0.0,0.0,SUCCESS,SUCCESS,6.32395092206552e-11,6.883457268567379e-11,8.384710703523979e-10,,32,8103,59.902797081973404,True,True,,data/raw/green/green_hermitian_reference_b472d4e13a8a,0.0,0.1264981200684503,0.0,0.0,1.0,True,0.0,0.0008927106810379115,-1.3941266737639044,1.0000000000003257,,,,,,,,,,,,,,,,,,,,,,,,
