run_id,q,g,L,omega,center_ldos,edge_ldos,local_difference,G_1L_abs,G_L1_abs,stripped_1L_abs,covariance_error
green_green_0fc2ad3611e4,0.0,0.0,80,-5.0,0.0002546361489785,0.0002003702612229,0.0,8.914734309520711e-54,8.914734309520654e-54,8.914734309520711e-54,0.0
green_green_0fc2ad3611e4,0.0,0.0,80,-4.99,0.0002557717518368,0.0002011380722696,0.0,1.1018021653597463e-53,1.1018021653597519e-53,1.1018021653597463e-53,0.0
green_green_0fc2ad3611e4,0.0,0.0,80,-4.98,0.0002569154147785,0.0002019105547145,0.0,1.3625789881422542e-53,1.362578988142243e-53,1.3625789881422542e-53,0.0
green_green_0fc2ad3611e4,0.0,0.0,80,-4.97,0.0002580672177795,0.0002026877486548,0.0,1.6861036678737435e-53,1.6861036678737544e-53,1.6861036678737435e-53,0.0
green_green_0fc2ad3611e4,0.0,0.0,80,-4.96,0.0002592272418458,0.0002034696946412,0.0,2.087723916869928e-53,2.0877239168699275e-53,2.087723916869928e-53,0.0
green_green_0fc2ad3611e4,0.0,0.0,80,-4.95,0.00026039556903,0.0002042564336846,0.0,2.586602978506901e-53,2.586602978506955e-53,2.586602978506901e-53,0.0
green_green_0fc2ad3611e4,0.0,0.0,80,-4.94,0.0002615722824475,0.0002050480072622,0.0,3.2066836472841314e-53,3.2066836472841736e-53,3.2066836472841314e-53,0.0
green_green_0fc2ad3611e4,0.0,0.0,80,-4.93,0.0002627574662943,0.0002058444573248,0.0,3.977899798110731e-53,3.977899798110703e-53,3.977899798110731e-53,0.0
green_green_0fc2ad3611e4,0.0,0.0,80,-4.92,0.0002639512058638,0.0002066458263032,0.0,4.937699994214598e-53,4.937699994214712e-53,4.937699994214598e-53,0.0
green_green_0fc2ad3611e4,0.0,0.0,80,-4.91,0.0002651535875647,0.0002074521571151,0.0,6.13296485698522e-53,6.13296485698519e-53,6.13296485698522e-53,0.0
green_green_0fc2ad3611e4,0.0,0.0,80,-4.9,0.0002663646989393,0.0002082634931724,0.0,7.622421603018642e-53,7.622421603018602e-53,7.622421603018642e-53,0.0
green_green_0fc2ad3611e4,0.0,0.0,80,-4.89,0.0002675846286814,0.0002090798783879,0.0,9.479686743994008e-53,9.479686743993928e-53,9.479686743994008e-53,0.0
green_green_0fc2ad3611e4,0.0,0.0,80,-4.88,0.0002688134666557,0.0002099013571834,0.0,1.1797103014237433e-52,1.1797103014237403e-52,1.1797103014237433e-52,0.0
green_green_0fc2ad3611e4,0.0,0.0,80,-4.87,0.0002700513039164,0.0002107279744961,0.0,1.4690581198329835e-52,1.4690581198329772e-52,1.4690581198329835e-52,0.0
green_green_0fc2ad3611e4,0.0,0.0,80,-4.86,0.0002712982327271,0.0002115597757871,0.0,1.830571431227023e-52,1.8305714312270202e-52,1.830571431227023e-52,0.0
green_green_0fc2ad3611e4,0.0,0.0,80,-4.85,0.0002725543465806,0.0002123968070483,0.0,2.282550392155661e-52,2.2825503921556258e-52,2.282550392155661e-52,0.0
green_green_0fc2ad3611e4,0.0,0.0,80,-4.84,0.000273819740219,0.0002132391148107,0.0,2.848013058360045e-52,2.848013058360032e-52,2.848013058360045e-52,0.0
green_green_0fc2ad3611e4,0.0,0.0,80,-4.83,0.0002750945096547,0.0002140867461524,0.0,3.5559318027982216e-52,3.555931802798215e-52,3.5559318027982216e-52,0.0
green_green_0fc2ad3611e4,0.0,0.0,80,-4.82,0.0002763787521912,0.0002149397487062,0.0,4.4427990857221015e-52,4.442799085722073e-52,4.4427990857221015e-52,0.0
green_green_0fc2ad3611e4,0.0,0.0,80,-4.81,0.0002776725664451,0.0002157981706686,0.0,5.5546117410388746e-52,5.554611741038899e-52,5.5546117410388746e-52,0.0
green_green_0fc2ad3611e4,0.0,0.0,80,-4.8,0.0002789760523676,0.0002166620608074,0.0,6.949387474140177e-52,6.949387474140065e-52,6.949387474140177e-52,0.0
green_green_0fc2ad3611e4,0.0,0.0,80,-4.79,0.000280289311267,0.0002175314684709,0.0,8.700358655232431e-52,8.700358655232462e-52,8.700358655232431e-52,0.0
green_green_0fc2ad3611e4,0.0,0.0,80,-4.78,0.0002816124458318,0.0002184064435963,0.0,1.090002868690819e-51,1.0900028686908131e-51,1.090002868690819e-51,0.0
green_green_0fc2ad3611e4,0.0,0.0,80,-4.77,0.000282945560154,0.0002192870367187,0.0,1.366532773537874e-51,1.3665327735378975e-51,1.366532773537874e-51,0.0
green_green_0fc2ad3611e4,0.0,0.0,80,-4.76,0.0002842887597526,0.0002201732989799,0.0,1.7144170678474002e-51,1.7144170678474002e-51,1.7144170678474002e-51,0.0
green_green_0fc2ad3611e4,0.0,0.0,80,-4.75,0.000285642151598,0.0002210652821379,0.0,2.152380491807878e-51,2.15238049180786e-51,2.152380491807878e-51,0.0
green_green_0fc2ad3611e4,0.0,0.0,80,-4.74,0.0002870058441372,0.0002219630385762,0.0,2.704144462655218e-51,2.704144462655217e-51,2.704144462655218e-51,0.0
green_green_0fc2ad3611e4,0.0,0.0,80,-4.73,0.0002883799473183,0.000222866621313,0.0,3.3997828022063466e-51,3.3997828022063335e-51,3.3997828022063466e-51,0.0
green_green_0fc2ad3611e4,0.0,0.0,80,-4.72,0.0002897645726173,0.0002237760840116,0.0,4.277451442232682e-51,4.27745144223265e-51,4.277451442232682e-51,0.0
green_green_0fc2ad3611e4,0.0,0.0,80,-4.71,0.0002911598330635,0.0002246914809896,0.0,5.385596979694764e-51,5.385596979694765e-51,5.385596979694764e-51,0.0
green_green_0fc2ad3611e4,0.0,0.0,80,-4.7,0.000292565843267,0.0002256128672294,0.0,6.785778847100446e-51,6.785778847100479e-51,6.785778847100446e-51,0.0
green_green_0fc2ad3611e4,0.0,0.0,80,-4.69,0.000293982719446,0.0002265402983885,0.0,8.556278417063162e-51,8.556278417063074e-51,8.556278417063162e-51,0.0
green_green_0fc2ad3611e4,0.0,0.0,80,-4.68,0.0002954105794548,0.0002274738308096,0.0,1.0796718124530965e-50,1.0796718124531162e-50,1.0796718124530965e-50,0.0
green_green_0fc2ad3611e4,0.0,0.0,80,-4.67,0.0002968495428125,0.0002284135215318,0.0,1.3633977978143874e-50,1.363397797814395e-50,1.3633977978143874e-50,0.0
green_green_0fc2ad3611e4,0.0,0.0,80,-4.66,0.0002982997307321,0.0002293594283011,0.0,1.7229779951734554e-50,1.72297799517345e-50,1.7229779951734554e-50,0.0
green_green_0fc2ad3611e4,0.0,0.0,80,-4.65,0.0002997612661506,0.0002303116095814,0.0,2.1790418304724614e-50,2.179041830472457e-50,2.1790418304724614e-50,0.0
green_green_0fc2ad3611e4,0.0,0.0,80,-4.64,0.0003012342737591,0.0002312701245664,0.0,2.7579253179104992e-50,2.757925317910507e-50,2.7579253179104992e-50,0.0
green_green_0fc2ad3611e4,0.0,0.0,80,-4.63,0.0003027188800343,0.0002322350331903,0.0,3.493276538188533e-50,3.493276538188517e-50,3.493276538188533e-50,0.0
green_green_0fc2ad3611e4,0.0,0.0,80,-4.62,0.0003042152132702,0.0002332063961401,0.0,4.428120450904393e-50,4.428120450904442e-50,4.428120450904393e-50,0.0
green_green_0fc2ad3611e4,0.0,0.0,80,-4.61,0.0003057234036106,0.0002341842748675,0.0,5.617516672568053e-50,5.617516672568042e-50,5.617516672568053e-50,0.0
green_green_0fc2ad3611e4,0.0,0.0,80,-4.6,0.000307243583082,0.0002351687316008,0.0,7.131983379729888e-50,7.131983379729915e-50,7.131983379729888e-50,0.0
green_green_0fc2ad3611e4,0.0,0.0,80,-4.59,0.000308775885628,0.0002361598293577,0.0,9.061911911930924e-50,9.061911911931012e-50,9.061911911930924e-50,0.0
green_green_0fc2ad3611e4,0.0,0.0,80,-4.58,0.0003103204471437,0.0002371576319577,0.0,1.1523263585695289e-49,1.1523263585695308e-49,1.1523263585695289e-49,0.0
green_green_0fc2ad3611e4,0.0,0.0,80,-4.57,0.000311877405511,0.0002381622040352,0.0,1.4664927451974884e-49,1.4664927451974903e-49,1.4664927451974884e-49,0.0
green_green_0fc2ad3611e4,0.0,0.0,80,-4.56,0.0003134469006349,0.0002391736110525,0.0,1.8678231484781245e-49,1.8678231484781355e-49,1.8678231484781245e-49,0.0
green_green_0fc2ad3611e4,0.0,0.0,80,-4.55,0.0003150290744807,0.0002401919193136,0.0,2.380924818483932e-49,2.3809248184839325e-49,2.380924818483932e-49,0.0
green_green_0fc2ad3611e4,0.0,0.0,80,-4.54,0.0003166240711113,0.0002412171959775,0.0,3.037472960598357e-49,3.0374729605983737e-49,3.037472960598357e-49,0.0
green_green_0fc2ad3611e4,0.0,0.0,80,-4.53,0.0003182320367263,0.0002422495090724,0.0,3.878276055563776e-49,3.878276055563813e-49,3.878276055563776e-49,0.0
green_green_0fc2ad3611e4,0.0,0.0,80,-4.52,0.0003198531197013,0.00024328892751,0.0,4.9559550873720725e-49,4.9559550873720566e-49,4.9559550873720725e-49,0.0
green_green_0fc2ad3611e4,0.0,0.0,80,-4.51,0.0003214874706284,0.0002443355210998,0.0,6.3384222892758535e-49,6.3384222892758535e-49,6.3384222892758535e-49,0.0
green_green_0fc2ad3611e4,0.0,0.0,80,-4.5,0.0003231352423573,0.0002453893605643,0.0,8.113402093210641e-49,8.113402093210629e-49,8.113402093210641e-49,0.0
green_green_0fc2ad3611e4,0.0,0.0,80,-4.49,0.0003247965900376,0.0002464505175539,0.0,1.0394311891290316e-48,1.03943118912904e-48,1.0394311891290316e-48,0.0
green_green_0fc2ad3611e4,0.0,0.0,80,-4.48,0.0003264716711624,0.0002475190646626,0.0,1.3327918665541884e-48,1.3327918665541931e-48,1.3327918665541884e-48,0.0
green_green_0fc2ad3611e4,0.0,0.0,80,-4.47,0.0003281606456116,0.0002485950754434,0.0,1.7104317024656757e-48,1.7104317024656538e-48,1.7104317024656757e-48,0.0
green_green_0fc2ad3611e4,0.0,0.0,80,-4.46,0.000329863675698,0.0002496786244247,0.0,2.196994465379738e-48,2.196994465379753e-48,2.196994465379738e-48,0.0
green_green_0fc2ad3611e4,0.0,0.0,80,-4.45,0.000331580926213,0.0002507697871267,0.0,2.824457582851016e-48,2.8244575828510174e-48,2.824457582851016e-48,0.0
green_green_0fc2ad3611e4,0.0,0.0,80,-4.44,0.000333312564474,0.000251868640078,0.0,3.634352997832477e-48,3.634352997832444e-48,3.634352997832477e-48,0.0
green_green_0fc2ad3611e4,0.0,0.0,80,-4.43,0.0003350587603729,0.0002529752608328,0.0,4.6806723577713427e-48,4.6806723577712856e-48,4.6806723577713427e-48,0.0
green_green_0fc2ad3611e4,0.0,0.0,80,-4.42,0.0003368196864255,0.0002540897279886,0.0,6.033671083995083e-48,6.033671083995099e-48,6.033671083995083e-48,0.0
green_green_0fc2ad3611e4,0.0,0.0,80,-4.41,0.0003385955178221,0.0002552121212038,0.0,7.784854299939829e-48,7.784854299939765e-48,7.784854299939829e-48,0.0
green_green_0fc2ad3611e4,0.0,0.0,80,-4.4,0.0003403864324798,0.0002563425212157,0.0,1.0053518231212815e-47,1.0053518231212864e-47,1.0053518231212815e-47,0.0
green_green_0fc2ad3611e4,0.0,0.0,80,-4.39,0.0003421926110949,0.0002574810098596,0.0,1.2995340856468591e-47,1.2995340856468484e-47,1.2995340856468591e-47,0.0
green_green_0fc2ad3611e4,0.0,0.0,80,-4.38,0.0003440142371979,0.0002586276700876,0.0,1.6813675073716076e-47,1.6813675073716159e-47,1.6813675073716076e-47,0.0
green_green_0fc2ad3611e4,0.0,0.0,80,-4.37,0.0003458514972088,0.0002597825859878,0.0,2.177440953997792e-47,2.1774409539977958e-47,2.177440953997792e-47,0.0
green_green_0fc2ad3611e4,0.0,0.0,80,-4.36,0.0003477045804942,0.0002609458428045,0.0,2.822554416253671e-47,2.8225544162536515e-47,2.822554416253671e-47,0.0
green_green_0fc2ad3611e4,0.0,0.0,80,-4.35,0.0003495736794257,0.0002621175269579,0.0,3.662300244422263e-47,3.662300244422247e-47,3.662300244422263e-47,0.0
green_green_0fc2ad3611e4,0.0,0.0,80,-4.34,0.0003514589894394,0.0002632977260654,0.0,4.756470300818751e-47,4.756470300818761e-47,4.756470300818751e-47,0.0
green_green_0fc2ad3611e4,0.0,0.0,80,-4.33,0.0003533607090976,0.0002644865289623,0.0,6.183557994792125e-47,6.183557994792125e-47,6.183557994792125e-47,0.0
green_green_0fc2ad3611e4,0.0,0.0,80,-4.32,0.0003552790401511,0.0002656840257236,0.0,8.046713303765205e-47,8.046713303765271e-47,8.046713303765205e-47,0.0
green_green_0fc2ad3611e4,0.0,0.0,80,-4.31,0.0003572141876037,0.0002668903076858,0.0,1.0481628084979692e-46,1.0481628084979745e-46,1.0481628084979692e-46,0.0
green_green_0fc2ad3611e4,0.0,0.0,80,-4.3,0.0003591663597777,0.0002681054674699,0.0,1.3666988562254999e-46,1.3666988562254952e-46,1.3666988562254999e-46,0.0
green_green_0fc2ad3611e4,0.0,0.0,80,-4.29,0.0003611357683821,0.0002693295990039,0.0,1.783834574850693e-46,1.7838345748506864e-46,1.783834574850693e-46,0.0
green_green_0fc2ad3611e4,0.0,0.0,80,-4.28,0.0003631226285808,0.0002705627975467,0.0,2.3306541537826478e-46,2.330654153782627e-46,2.3306541537826478e-46,0.0
green_green_0fc2ad3611e4,0.0,0.0,80,-4.27,0.0003651271590643,0.0002718051597123,0.0,3.048221369395541e-46,3.0482213693955523e-46,3.048221369395541e-46,0.0
green_green_0fc2ad3611e4,0.0,0.0,80,-4.26,0.0003671495821219,0.000273056783494,0.0,3.990842139616747e-46,3.9908421396167604e-46,3.990842139616747e-46,0.0
green_green_0fc2ad3611e4,0.0,0.0,80,-4.25,0.0003691901237166,0.0002743177682897,0.0,5.230413103826939e-46,5.2304131038269335e-46,5.230413103826939e-46,0.0
green_green_0fc2ad3611e4,0.0,0.0,80,-4.24,0.000371249013561,0.0002755882149281,0.0,6.8622242936697125e-46,6.862224293669707e-46,6.8622242936697125e-46,0.0
green_green_0fc2ad3611e4,0.0,0.0,80,-4.23,0.0003733264851961,0.0002768682256944,0.0,9.012710953787872e-46,9.012710953787865e-46,9.012710953787872e-46,0.0
green_green_0fc2ad3611e4,0.0,0.0,80,-4.22,0.0003754227760716,0.0002781579043573,0.0,1.1849821169231436e-45,1.1849821169231386e-45,1.1849821169231436e-45,0.0
green_green_0fc2ad3611e4,0.0,0.0,80,-4.21,0.0003775381276283,0.0002794573561971,0.0,1.5596898105445047e-45,1.5596898105444982e-45,1.5596898105445047e-45,0.0
green_green_0fc2ad3611e4,0.0,0.0,80,-4.2,0.0003796727853825,0.0002807666880332,0.0,2.055129011769615e-45,2.0551290117696256e-45,2.055129011769615e-45,0.0
green_green_0fc2ad3611e4,0.0,0.0,80,-4.19,0.0003818269990133,0.0002820860082533,0.0,2.710932844247429e-45,2.710932844247448e-45,2.710932844247429e-45,0.0
green_green_0fc2ad3611e4,0.0,0.0,80,-4.18,0.0003840010224513,0.0002834154268428,0.0,3.5799891258871724e-45,3.5799891258871506e-45,3.5799891258871724e-45,0.0
green_green_0fc2ad3611e4,0.0,0.0,80,-4.17,0.0003861951139703,0.0002847550554149,0.0,4.732956021098322e-45,4.732956021098338e-45,4.732956021098322e-45,0.0
green_green_0fc2ad3611e4,0.0,0.0,80,-4.16,0.0003884095362811,0.0002861050072418,0.0,6.264344724678989e-45,6.264344724679029e-45,6.264344724678989e-45,0.0
green_green_0fc2ad3611e4,0.0,0.0,80,-4.15,0.0003906445566277,0.0002874653972859,0.0,8.300723050324429e-45,8.300723050324352e-45,8.300723050324429e-45,0.0
green_green_0fc2ad3611e4,0.0,0.0,80,-4.14,0.0003929004468868,0.0002888363422324,0.0,1.1011793179555849e-44,1.1011793179555728e-44,1.1011793179555849e-44,0.0
green_green_0fc2ad3611e4,0.0,0.0,80,-4.13,0.0003951774836691,0.0002902179605224,0.0,1.462536930373888e-44,1.4625369303738841e-44,1.462536930373888e-44,0.0
green_green_0fc2ad3611e4,0.0,0.0,80,-4.12,0.0003974759484238,0.0002916103723868,0.0,1.9447653750400136e-44,1.9447653750400096e-44,1.9447653750400136e-44,0.0
green_green_0fc2ad3611e4,0.0,0.0,80,-4.11,0.000399796127546,0.0002930136998811,0.0,2.58907210860538e-44,2.5890721086053786e-44,2.58907210860538e-44,0.0
green_green_0fc2ad3611e4,0.0,0.0,80,-4.1,0.000402138312487,0.0002944280669212,0.0,3.450982068041929e-44,3.450982068041908e-44,3.450982068041929e-44,0.0
green_green_0fc2ad3611e4,0.0,0.0,80,-4.09,0.0004045027998676,0.0002958535993194,0.0,4.605407133615084e-44,4.605407133615077e-44,4.605407133615084e-44,0.0
green_green_0fc2ad3611e4,0.0,0.0,80,-4.08,0.0004068898915946,0.0002972904248219,0.0,6.153544666953907e-44,6.153544666953937e-44,6.153544666953907e-44,0.0
green_green_0fc2ad3611e4,0.0,0.0,80,-4.07,0.0004092998949807,0.0002987386731475,0.0,8.232277553315402e-44,8.232277553315371e-44,8.232277553315402e-44,0.0
green_green_0fc2ad3611e4,0.0,0.0,80,-4.06,0.0004117331228675,0.0003001984760261,0.0,1.1027000048902264e-43,1.1027000048902303e-43,1.1027000048902264e-43,0.0
green_green_0fc2ad3611e4,0.0,0.0,80,-4.05,0.0004141898937521,0.0003016699672395,0.0,1.4789141723814237e-43,1.4789141723814245e-43,1.4789141723814237e-43,0.0
green_green_0fc2ad3611e4,0.0,0.0,80,-4.04,0.000416670531918,0.0003031532826622,0.0,1.9860143266672e-43,1.986014326667201e-43,1.9860143266672e-43,0.0
green_green_0fc2ad3611e4,0.0,0.0,80,-4.03,0.0004191753675685,0.0003046485603041,0.0,2.670430504497613e-43,2.6704305044976232e-43,2.670430504497613e-43,0.0
green_green_0fc2ad3611e4,0.0,0.0,80,-4.02,0.000421704736965,0.000306155940353,0.0,3.5953855032041875e-43,3.595385503204176e-43,3.5953855032041875e-43,0.0
green_green_0fc2ad3611e4,0.0,0.0,80,-4.01,0.000424258982569,0.0003076755652198,0.0,4.8470869145982855e-43,4.847086914598258e-43,4.8470869145982855e-43,0.0
green_green_0fc2ad3611e4,0.0,0.0,80,-4.0,0.0004268384531884,0.0003092075795837,0.0,6.543246742453725e-43,6.5432467424536544e-43,6.543246742453725e-43,0.0
green_green_0fc2ad3611e4,0.0,0.0,80,-3.99,0.000429443504128,0.0003107521304388,0.0,8.844820495252205e-43,8.844820495252156e-43,8.844820495252205e-43,0.0
green_green_0fc2ad3611e4,0.0,0.0,80,-3.98,0.0004320744973445,0.0003123093671423,0.0,1.1972206006824222e-42,1.1972206006824214e-42,1.1972206006824222e-42,0.0
green_green_0fc2ad3611e4,0.0,0.0,80,-3.97,0.0004347318016062,0.0003138794414632,0.0,1.6227629285073282e-42,1.6227629285073228e-42,1.6227629285073282e-42,0.0
green_green_0fc2ad3611e4,0.0,0.0,80,-3.96,0.0004374157926579,0.0003154625076334,0.0,2.2026126696883418e-42,2.20261266968834e-42,2.2026126696883418e-42,0.0
green_green_0fc2ad3611e4,0.0,0.0,80,-3.95,0.0004401268533903,0.0003170587223988,0.0,2.993848931077837e-42,2.9938489310778807e-42,2.993848931077837e-42,0.0
green_green_0fc2ad3611e4,0.0,0.0,80,-3.94,0.0004428653740148,0.0003186682450732,0.0,4.075087886233699e-42,4.075087886233687e-42,4.075087886233699e-42,0.0
green_green_0fc2ad3611e4,0.0,0.0,80,-3.93,0.000445631752244,0.0003202912375919,0.0,5.5547715304469394e-42,5.5547715304469496e-42,5.5547715304469394e-42,0.0
green_green_0fc2ad3611e4,0.0,0.0,80,-3.92,0.0004484263934776,0.0003219278645688,0.0,7.582710015452442e-42,7.582710015452436e-42,7.582710015452442e-42,0.0
green_green_0fc2ad3611e4,0.0,0.0,80,-3.91,0.0004512497109944,0.0003235782933531,0.0,1.0366180072528851e-41,1.0366180072528826e-41,1.0366180072528851e-41,0.0
green_green_0fc2ad3611e4,0.0,0.0,80,-3.9,0.0004541021261499,0.000325242694089,0.0,1.4192413805483256e-41,1.4192413805483238e-41,1.4192413805483256e-41,0.0
green_green_0fc2ad3611e4,0.0,0.0,80,-3.89,0.0004569840685809,0.0003269212397759,0.0,1.9460065308347264e-41,1.9460065308347243e-41,1.9460065308347264e-41,0.0
green_green_0fc2ad3611e4,0.0,0.0,80,-3.88,0.0004598959764165,0.0003286141063315,0.0,2.672331113493163e-41,2.672331113493161e-41,2.672331113493163e-41,0.0
green_green_0fc2ad3611e4,0.0,0.0,80,-3.87,0.0004628382964956,0.0003303214726551,0.0,3.675375931165276e-41,3.6753759311652656e-41,3.675375931165276e-41,0.0
green_green_0fc2ad3611e4,0.0,0.0,80,-3.86,0.0004658114845923,0.0003320435206944,0.0,5.062750369302168e-41,5.062750369302156e-41,5.062750369302168e-41,0.0
green_green_0fc2ad3611e4,0.0,0.0,80,-3.85,0.0004688160056485,0.0003337804355127,0.0,6.984774407160144e-41,6.984774407160179e-41,6.984774407160144e-41,0.0
green_green_0fc2ad3611e4,0.0,0.0,80,-3.84,0.0004718523340136,0.0003355324053587,0.0,9.65177981878294e-41,9.651779818782947e-41,9.65177981878294e-41,0.0
green_green_0fc2ad3611e4,0.0,0.0,80,-3.83,0.0004749209536939,0.0003372996217384,0.0,1.3358563790370476e-40,1.335856379037048e-40,1.3358563790370476e-40,0.0
green_green_0fc2ad3611e4,0.0,0.0,80,-3.82,0.0004780223586088,0.0003390822794889,0.0,1.8519012456663936e-40,1.851901245666394e-40,1.8519012456663936e-40,0.0
green_green_0fc2ad3611e4,0.0,0.0,80,-3.81,0.000481157052857,0.000340880576854,0.0,2.571521096612187e-40,2.571521096612178e-40,2.571521096612187e-40,0.0
green_green_0fc2ad3611e4,0.0,0.0,80,-3.8,0.000484325550992,0.0003426947155625,0.0,3.576722652156086e-40,3.5767226521561036e-40,3.576722652156086e-40,0.0
green_green_0fc2ad3611e4,0.0,0.0,80,-3.79,0.0004875283783063,0.0003445249009087,0.0,4.983244726326199e-40,4.983244726326224e-40,4.983244726326199e-40,0.0
green_green_0fc2ad3611e4,0.0,0.0,80,-3.78,0.0004907660711269,0.0003463713418351,0.0,6.954725575444091e-40,6.954725575444077e-40,6.954725575444091e-40,0.0
green_green_0fc2ad3611e4,0.0,0.0,80,-3.77,0.0004940391771208,0.0003482342510177,0.0,9.722945574491832e-40,9.72294557449178e-40,9.722945574491832e-40,0.0
green_green_0fc2ad3611e4,0.0,0.0,80,-3.76,0.0004973482556118,0.0003501138449538,0.0,1.3616805168068551e-39,1.3616805168068551e-39,1.3616805168068551e-39,0.0
green_green_0fc2ad3611e4,0.0,0.0,80,-3.75,0.0005006938779086,0.0003520103440524,0.0,1.9103887054773616e-39,1.9103887054773684e-39,1.9103887054773616e-39,0.0
green_green_0fc2ad3611e4,0.0,0.0,80,-3.74,0.0005040766276458,0.0003539239727279,0.0,2.6850183200429928e-39,2.6850183200429928e-39,2.6850183200429928e-39,0.0
green_green_0fc2ad3611e4,0.0,0.0,80,-3.73,0.0005074971011372,0.0003558549594958,0.0,3.7806094352211644e-39,3.7806094352211625e-39,3.7806094352211644e-39,0.0
green_green_0fc2ad3611e4,0.0,0.0,80,-3.72,0.0005109559077424,0.0003578035370721,0.0,5.333050531013438e-39,5.3330505310134136e-39,5.333050531013438e-39,0.0
green_green_0fc2ad3611e4,0.0,0.0,80,-3.71,0.000514453670248,0.0003597699424754,0.0,7.537015501725052e-39,7.537015501725057e-39,7.537015501725052e-39,0.0
green_green_0fc2ad3611e4,0.0,0.0,80,-3.7,0.0005179910252632,0.0003617544171325,0.0,1.0671947425311091e-38,1.067194742531105e-38,1.0671947425311091e-38,0.0
green_green_0fc2ad3611e4,0.0,0.0,80,-3.69,0.0005215686236313,0.0003637572069873,0.0,1.51397769976121e-38,1.513977699761208e-38,1.51397769976121e-38,0.0
green_green_0fc2ad3611e4,0.0,0.0,80,-3.68,0.0005251871308573,0.0003657785626132,0.0,2.1519790245171163e-38,2.1519790245171262e-38,2.1519790245171163e-38,0.0
green_green_0fc2ad3611e4,0.0,0.0,80,-3.67,0.000528847227553,0.0003678187393288,0.0,3.0648612753375433e-38,3.064861275337541e-38,3.0648612753375433e-38,0.0
green_green_0fc2ad3611e4,0.0,0.0,80,-3.66,0.0005325496099,0.0003698779973184,0.0,4.373705975797521e-38,4.373705975797534e-38,4.373705975797521e-38,0.0
green_green_0fc2ad3611e4,0.0,0.0,80,-3.65,0.0005362949901323,0.0003719566017551,0.0,6.254121807977304e-38,6.254121807977267e-38,6.254121807977304e-38,0.0
green_green_0fc2ad3611e4,0.0,0.0,80,-3.64,0.0005400840970389,0.0003740548229293,0.0,8.961348625931718e-38,8.961348625931679e-38,8.961348625931718e-38,0.0
green_green_0fc2ad3611e4,0.0,0.0,80,-3.63,0.0005439176764876,0.0003761729363806,0.0,1.286717730442969e-37,1.2867177304429748e-37,1.286717730442969e-37,0.0
green_green_0fc2ad3611e4,0.0,0.0,80,-3.62,0.0005477964919716,0.0003783112230352,0.0,1.8514370998127425e-37,1.851437099812734e-37,1.8514370998127425e-37,0.0
green_green_0fc2ad3611e4,0.0,0.0,80,-3.61,0.0005517213251801,0.0003804699693465,0.0,2.669707026009322e-37,2.6697070260093164e-37,2.669707026009322e-37,0.0
green_green_0fc2ad3611e4,0.0,0.0,80,-3.6,0.0005556929765937,0.0003826494674427,0.0,3.857986791315194e-37,3.857986791315178e-37,3.857986791315194e-37,0.0
green_green_0fc2ad3611e4,0.0,0.0,80,-3.59,0.0005597122661072,0.0003848500152773,0.0,5.587457275949149e-37,5.587457275949136e-37,5.587457275949149e-37,0.0
green_green_0fc2ad3611e4,0.0,0.0,80,-3.58,0.0005637800336804,0.0003870719167872,0.0,8.110324745552891e-37,8.11032474555289e-37,8.110324745552891e-37,0.0
green_green_0fc2ad3611e4,0.0,0.0,80,-3.5700000000000003,0.0005678971400191,0.0003893154820545,0.0,1.1799059287376964e-36,1.1799059287376904e-36,1.1799059287376964e-36,0.0
green_green_0fc2ad3611e4,0.0,0.0,80,-3.56,0.0005720644672882,0.0003915810274756,0.0,1.720507476364915e-36,1.7205074763649115e-36,1.720507476364915e-36,0.0
green_green_0fc2ad3611e4,0.0,0.0,80,-3.55,0.0005762829198588,0.0003938688759362,0.0,2.5146705855473467e-36,2.5146705855473517e-36,2.5146705855473467e-36,0.0
green_green_0fc2ad3611e4,0.0,0.0,80,-3.54,0.0005805534250914,0.0003961793569923,0.0,3.6841449578872394e-36,3.684144957887224e-36,3.6841449578872394e-36,0.0
green_green_0fc2ad3611e4,0.0,0.0,80,-3.53,0.0005848769341582,0.0003985128070583,0.0,5.410526326428296e-36,5.410526326428288e-36,5.410526326428296e-36,0.0
green_green_0fc2ad3611e4,0.0,0.0,80,-3.52,0.0005892544229062,0.000400869569603,0.0,7.965372147517393e-36,7.965372147517416e-36,7.965372147517393e-36,0.0
green_green_0fc2ad3611e4,0.0,0.0,80,-3.51,0.0005936868927638,0.0004032499953522,0.0,1.1755832225328409e-35,1.1755832225328417e-35,1.1755832225328409e-35,0.0
green_green_0fc2ad3611e4,0.0,0.0,80,-3.5,0.0005981753716954,0.0004056544424995,0.0,1.7393977380537163e-35,1.7393977380537129e-35,1.7393977380537163e-35,0.0
green_green_0fc2ad3611e4,0.0,0.0,80,-3.49,0.0006027209152058,0.0004080832769259,0.0,2.5802428162223737e-35,2.5802428162223646e-35,2.5802428162223737e-35,0.0
green_green_0fc2ad3611e4,0.0,0.0,80,-3.48,0.0006073246073979,0.0004105368724279,0.0,3.837574763983987e-35,3.8375747639839975e-35,3.837574763983987e-35,0.0
green_green_0fc2ad3611e4,0.0,0.0,80,-3.47,0.0006119875620891,0.0004130156109548,0.0,5.72277505864726e-35,5.722775058647248e-35,5.72277505864726e-35,0.0
green_green_0fc2ad3611e4,0.0,0.0,80,-3.46,0.0006167109239891,0.0004155198828562,0.0,8.557158069943535e-35,8.557158069943552e-35,8.557158069943535e-35,0.0
green_green_0fc2ad3611e4,0.0,0.0,80,-3.45,0.0006214958699445,0.0004180500871395,0.0,1.2830558036803902e-34,1.2830558036803906e-34,1.2830558036803902e-34,0.0
green_green_0fc2ad3611e4,0.0,0.0,80,-3.44,0.0006263436102552,0.0004206066317386,0.0,1.9291912921137742e-34,1.929191292113773e-34,1.9291912921137742e-34,0.0
green_green_0fc2ad3611e4,0.0,0.0,80,-3.43,0.0006312553900677,0.0004231899337943,0.0,2.90897540957576e-34,2.908975409575765e-34,2.90897540957576e-34,0.0
green_green_0fc2ad3611e4,0.0,0.0,80,-3.42,0.0006362324908528,0.0004258004199467,0.0,4.399078424510058e-34,4.399078424510069e-34,4.399078424510058e-34,0.0
green_green_0fc2ad3611e4,0.0,0.0,80,-3.41,0.0006412762319719,0.0004284385266408,0.0,6.6721039748509524e-34,6.6721039748509636e-34,6.6721039748509524e-34,0.0
green_green_0fc2ad3611e4,0.0,0.0,80,-3.4,0.0006463879723427,0.0004311047004462,0.0,1.0150012873968797e-33,1.0150012873968805e-33,1.0150012873968797e-33,0.0
green_green_0fc2ad3611e4,0.0,0.0,80,-3.39,0.0006515691122086,0.0004337993983911,0.0,1.548806018328351e-33,1.5488060183283466e-33,1.548806018328351e-33,0.0
green_green_0fc2ad3611e4,0.0,0.0,80,-3.38,0.0006568210950244,0.0004365230883122,0.0,2.370712130184644e-33,2.3707121301846458e-33,2.370712130184644e-33,0.0
green_green_0fc2ad3611e4,0.0,0.0,80,-3.37,0.0006621454094656,0.0004392762492213,0.0,3.640302513090571e-33,3.640302513090579e-33,3.640302513090571e-33,0.0
green_green_0fc2ad3611e4,0.0,0.0,80,-3.36,0.0006675435915739,0.0004420593716892,0.0,5.6078877268044665e-33,5.607887726804472e-33,5.6078877268044665e-33,0.0
green_green_0fc2ad3611e4,0.0,0.0,80,-3.35,0.0006730172270499,0.0004448729582496,0.0,8.66745325440993e-33,8.667453254409955e-33,8.66745325440993e-33,0.0
green_green_0fc2ad3611e4,0.0,0.0,80,-3.34,0.0006785679537074,0.0004477175238219,0.0,1.3441327154761618e-32,1.344132715476163e-32,1.3441327154761618e-32,0.0
green_green_0fc2ad3611e4,0.0,0.0,80,-3.33,0.0006841974641046,0.0004505935961568,0.0,2.0916078690308284e-32,2.0916078690308275e-32,2.0916078690308284e-32,0.0
green_green_0fc2ad3611e4,0.0,0.0,80,-3.3200000000000003,0.0006899075083677,0.0004535017163045,0.0,3.266148064620444e-32,3.266148064620445e-32,3.266148064620444e-32,0.0
green_green_0fc2ad3611e4,0.0,0.0,80,-3.31,0.000695699897227,0.0004564424391082,0.0,5.118468188368497e-32,5.118468188368496e-32,5.118468188368497e-32,0.0
green_green_0fc2ad3611e4,0.0,0.0,80,-3.3,0.0007015765052858,0.000459416333724,0.0,8.05053655076742e-32,8.05053655076741e-32,8.05053655076742e-32,0.0
green_green_0fc2ad3611e4,0.0,0.0,80,-3.29,0.0007075392745455,0.0004624239841698,0.0,1.27093577516781e-31,1.2709357751678098e-31,1.27093577516781e-31,0.0
green_green_0fc2ad3611e4,0.0,0.0,80,-3.28,0.0007135902182145,0.0004654659899055,0.0,2.014052691812115e-31,2.0140526918121163e-31,2.014052691812115e-31,0.0
green_green_0fc2ad3611e4,0.0,0.0,80,-3.27,0.0007197314248283,0.0004685429664459,0.0,3.204071839432368e-31,3.2040718394323624e-31,3.204071839432368e-31,0.0
green_green_0fc2ad3611e4,0.0,0.0,80,-3.26,0.0007259650627162,0.0004716555460106,0.0,5.11746559816657e-31,5.1174655981665774e-31,5.11746559816657e-31,0.0
green_green_0fc2ad3611e4,0.0,0.0,80,-3.25,0.0007322933848524,0.0004748043782129,0.0,8.206677501438231e-31,8.206677501438231e-31,8.206677501438231e-31,0.0
green_green_0fc2ad3611e4,0.0,0.0,80,-3.24,0.0007387187341323,0.0004779901307907,0.0,1.3215375454576784e-30,1.3215375454576784e-30,1.3215375454576784e-30,0.0
green_green_0fc2ad3611e4,0.0,0.0,80,-3.23,0.0007452435491249,0.0004812134903839,0.0,2.1371394511381976e-30,2.1371394511382035e-30,2.1371394511381976e-30,0.0
green_green_0fc2ad3611e4,0.0,0.0,80,-3.22,0.0007518703703545,0.0004844751633625,0.0,3.4711276970262455e-30,3.4711276970262455e-30,3.4711276970262455e-30,0.0
green_green_0fc2ad3611e4,0.0,0.0,80,-3.21,0.0007586018471753,0.0004877758767083,0.0,5.662883035076699e-30,5.662883035076699e-30,5.662883035076699e-30,0.0
green_green_0fc2ad3611e4,0.0,0.0,80,-3.2,0.0007654407453109,0.0004911163789577,0.0,9.280697108952653e-30,9.280697108952661e-30,9.280697108952653e-30,0.0
green_green_0fc2ad3611e4,0.0,0.0,80,-3.19,0.0007723899551393,0.0004944974412091,0.0,1.5280877583642902e-29,1.5280877583642897e-29,1.5280877583642902e-29,0.0
green_green_0fc2ad3611e4,0.0,0.0,80,-3.18,0.0007794525008187,0.0004979198582023,0.0,2.528083600346313e-29,2.5280836003463135e-29,2.528083600346313e-29,0.0
green_green_0fc2ad3611e4,0.0,0.0,80,-3.17,0.0007866315503614,0.0005013844494775,0.0,4.203034356380286e-29,4.203034356380277e-29,4.203034356380286e-29,0.0
green_green_0fc2ad3611e4,0.0,0.0,80,-3.16,0.0007939304267806,0.00050489206062,0.0,7.022925869545376e-29,7.022925869545373e-29,7.022925869545376e-29,0.0
green_green_0fc2ad3611e4,0.0,0.0,80,-3.15,0.0008013526204542,0.0005084435646024,0.0,1.1795452273396394e-28,1.1795452273396396e-28,1.1795452273396394e-28,0.0
green_green_0fc2ad3611e4,0.0,0.0,80,-3.14,0.000808901802872,0.0005120398632316,0.0,1.9916491936918822e-28,1.9916491936918822e-28,1.9916491936918822e-28,0.0
green_green_0fc2ad3611e4,0.0,0.0,80,-3.13,0.0008165818419606,0.0005156818887152,0.0,3.3812399603638423e-28,3.381239960363846e-28,3.3812399603638423e-28,0.0
green_green_0fc2ad3611e4,0.0,0.0,80,-3.12,0.0008243968192117,0.0005193706053577,0.0,5.7725831805504195e-28,5.772583180550416e-28,5.7725831805504195e-28,0.0
green_green_0fc2ad3611e4,0.0,0.0,80,-3.11,0.0008323510488789,0.0005231070114035,0.0,9.912080398633268e-28,9.91208039863327e-28,9.912080398633268e-28,0.0
green_green_0fc2ad3611e4,0.0,0.0,80,-3.1,0.0008404490995508,0.0005268921410437,0.0,1.7121137239360157e-27,1.7121137239360157e-27,1.7121137239360157e-27,0.0
green_green_0fc2ad3611e4,0.0,0.0,80,-3.09,0.0008486958184673,0.0005307270666053,0.0,2.9754318030750172e-27,2.975431803075015e-27,2.9754318030750172e-27,0.0
green_green_0fc2ad3611e4,0.0,0.0,80,-3.08,0.000857096359008,0.0005346129009471,0.0,5.203521314925233e-27,5.203521314925224e-27,5.203521314925233e-27,0.0
green_green_0fc2ad3611e4,0.0,0.0,80,-3.0700000000000003,0.0008656562118619,0.0005385508000879,0.0,9.15923446731641e-27,9.159234467316407e-27,9.15923446731641e-27,0.0
green_green_0fc2ad3611e4,0.0,0.0,80,-3.06,0.0008743812404849,0.0005425419660973,0.0,1.623022732266808e-26,1.6230227322668084e-26,1.623022732266808e-26,0.0
green_green_0fc2ad3611e4,0.0,0.0,80,-3.05,0.0008832777215681,0.0005465876502847,0.0,2.8959267981493406e-26,2.895926798149344e-26,2.8959267981493406e-26,0.0
green_green_0fc2ad3611e4,0.0,0.0,80,-3.04,0.0008923523913808,0.0005506891567286,0.0,5.204120393404836e-26,5.204120393404838e-26,5.204120393404836e-26,0.0
green_green_0fc2ad3611e4,0.0,0.0,80,-3.03,0.0009016124990303,0.000554847846193,0.0,9.421255535812688e-26,9.421255535812688e-26,9.421255535812688e-26,0.0
green_green_0fc2ad3611e4,0.0,0.0,80,-3.02,0.0009110658678953,0.0005590651404894,0.0,1.7186324104596602e-25,1.7186324104596584e-25,1.7186324104596602e-25,0.0
green_green_0fc2ad3611e4,0.0,0.0,80,-3.01,0.0009207209667562,0.0005633425273505,0.0,3.160004702609891e-25,3.16000470260989e-25,3.160004702609891e-25,0.0
green_green_0fc2ad3611e4,0.0,0.0,80,-3.0,0.0009305869924812,0.0005676815658954,0.0,5.857981381558997e-25,5.857981381558991e-25,5.857981381558997e-25,0.0
green_green_0fc2ad3611e4,0.0,0.0,80,-2.99,0.0009406739665406,0.0005720838927815,0.0,1.0952081955373928e-24,1.0952081955373911e-24,1.0952081955373928e-24,0.0
green_green_0fc2ad3611e4,0.0,0.0,80,-2.98,0.0009509928481484,0.0005765512291556,0.0,2.0657385809959647e-24,2.065738580995965e-24,2.0657385809959647e-24,0.0
green_green_0fc2ad3611e4,0.0,0.0,80,-2.97,0.0009615556674917,0.00058108538854,0.0,3.9321944429736234e-24,3.9321944429736256e-24,3.9321944429736234e-24,0.0
green_green_0fc2ad3611e4,0.0,0.0,80,-2.96,0.0009723756833519,0.000585688285819,0.0,7.556781588961926e-24,7.556781588961908e-24,7.556781588961926e-24,0.0
green_green_0fc2ad3611e4,0.0,0.0,80,-2.95,0.0009834675705032,0.0005903619475236,0.0,1.4667418806619996e-23,1.4667418806619982e-23,1.4667418806619996e-23,0.0
green_green_0fc2ad3611e4,0.0,0.0,80,-2.94,0.0009948476436656,0.0005951085236585,0.0,2.876541558539354e-23,2.876541558539354e-23,2.876541558539354e-23,0.0
green_green_0fc2ad3611e4,0.0,0.0,80,-2.93,0.0010065341265983,0.0005999303013696,0.0,5.702782215925393e-23,5.702782215925403e-23,5.702782215925393e-23,0.0
green_green_0fc2ad3611e4,0.0,0.0,80,-2.92,0.0010185474772843,0.0006048297208198,0.0,1.143448116557055e-22,1.1434481165570556e-22,1.143448116557055e-22,0.0
green_green_0fc2ad3611e4,0.0,0.0,80,-2.91,0.0010309107832725,0.0006098093937321,0.0,2.320016623334169e-22,2.320016623334172e-22,2.320016623334169e-22,0.0
green_green_0fc2ad3611e4,0.0,0.0,80,-2.9,0.0010436502453881,0.0006148721251735,0.0,4.7660775780238025e-22,4.766077578023807e-22,4.7660775780238025e-22,0.0
green_green_0fc2ad3611e4,0.0,0.0,80,-2.89,0.0010567957735723,0.0006200209393002,0.0,9.919691987793209e-22,9.919691987793216e-22,9.919691987793209e-22,0.0
green_green_0fc2ad3611e4,0.0,0.0,80,-2.88,0.0010703817261278,0.0006252591099849,0.0,2.09313829395366e-21,2.093138293953657e-21,2.09313829395366e-21,0.0
green_green_0fc2ad3611e4,0.0,0.0,80,-2.87,0.0010844478339156,0.0006305901974983,0.0,4.48108153178874e-21,4.48108153178874e-21,4.48108153178874e-21,0.0
green_green_0fc2ad3611e4,0.0,0.0,80,-2.86,0.0010990403652282,0.000636018092766,0.0,9.741055107848299e-21,9.741055107848296e-21,9.741055107848299e-21,0.0
green_green_0fc2ad3611e4,0.0,0.0,80,-2.85,0.0011142136068758,0.000641547071179,0.0,2.1520638091111358e-20,2.1520638091111382e-20,2.1520638091111358e-20,0.0
green_green_0fc2ad3611e4,0.0,0.0,80,-2.84,0.0011300317650245,0.0006471818585661,0.0,4.836795378049966e-20,4.836795378049968e-20,4.836795378049966e-20,0.0
green_green_0fc2ad3611e4,0.0,0.0,80,-2.83,0.0011465714294317,0.0006529277127999,0.0,1.1070997296511997e-19,1.107099729651199e-19,1.1070997296511997e-19,0.0
green_green_0fc2ad3611e4,0.0,0.0,80,-2.82,0.0011639248029736,0.0006587905257116,0.0,2.5838538871363085e-19,2.5838538871363075e-19,2.5838538871363085e-19,0.0
green_green_0fc2ad3611e4,0.0,0.0,80,-2.81,0.0011822039842304,0.0006647769516905,0.0,6.157271446564868e-19,6.157271446564866e-19,6.157271446564868e-19,0.0
green_green_0fc2ad3611e4,0.0,0.0,80,-2.8,0.0012015467195832,0.000670894571782,0.0,1.5003978233673572e-18,1.5003978233673574e-18,1.5003978233673572e-18,0.0
green_green_0fc2ad3611e4,0.0,0.0,80,-2.79,0.0012221242375435,0.0006771521056471,0.0,3.7451172793975995e-18,3.745117279397598e-18,3.7451172793975995e-18,0.0
green_green_0fc2ad3611e4,0.0,0.0,80,-2.78,0.0012441520831992,0.000683559689009,0.0,9.594198312646533e-18,9.594198312646522e-18,9.594198312646533e-18,0.0
green_green_0fc2ad3611e4,0.0,0.0,80,-2.77,0.0012679053551749,0.000690129242156,0.0,2.528132082313679e-17,2.5281320823136804e-17,2.528132082313679e-17,0.0
green_green_0fc2ad3611e4,0.0,0.0,80,-2.76,0.0012937405346422,0.0006968749673244,0.0,6.869851476635394e-17,6.869851476635398e-17,6.869851476635394e-17,0.0
green_green_0fc2ad3611e4,0.0,0.0,80,-2.75,0.001322127407323,0.0007038140321126,0.0,1.9308005884152183e-16,1.9308005884152183e-16,1.9308005884152183e-16,0.0
green_green_0fc2ad3611e4,0.0,0.0,80,-2.74,0.0013536968257604,0.0007109675273538,0.0,5.632156458925068e-16,5.632156458925068e-16,5.632156458925068e-16,0.0
green_green_0fc2ad3611e4,0.0,0.0,80,-2.73,0.00138931402651,0.0007183618399083,0.0,1.7121316751479412e-15,1.7121316751479396e-15,1.7121316751479412e-15,0.0
green_green_0fc2ad3611e4,0.0,0.0,80,-2.72,0.0014301944650427,0.000726030670146,0.0,5.450651114398101e-15,5.450651114398101e-15,5.450651114398101e-15,0.0
green_green_0fc2ad3611e4,0.0,0.0,80,-2.71,0.0014780928766948,0.0007340180825641,0.0,1.8279963382164943e-14,1.827996338216493e-14,1.8279963382164943e-14,0.0
green_green_0fc2ad3611e4,0.0,0.0,80,-2.7,0.0015356234297185,0.0007423832709407,0.0,6.505214506634995e-14,6.505214506634996e-14,6.505214506634995e-14,0.0
green_green_0fc2ad3611e4,0.0,0.0,80,-2.69,0.0016068249221899,0.0007512082838039,0.0,2.478628101254337e-13,2.4786281012543373e-13,2.478628101254337e-13,0.0
green_green_0fc2ad3611e4,0.0,0.0,80,-2.68,0.0016982062498662,0.0007606110945962,0.0,1.0226849065133749e-12,1.022684906513375e-12,1.0226849065133749e-12,0.0
green_green_0fc2ad3611e4,0.0,0.0,80,-2.67,0.0018207810057704,0.0007707688103909,0.0,4.635765547053942e-12,4.635765547053938e-12,4.635765547053942e-12,0.0
green_green_0fc2ad3611e4,0.0,0.0,80,-2.66,0.0019942319796814,0.0007819611330974,0.0,2.351646912938472e-11,2.351646912938472e-11,2.351646912938472e-11,0.0
green_green_0fc2ad3611e4,0.0,0.0,80,-2.65,0.0022557282535889,0.0007946561006245,0.0,1.3662441778896642e-10,1.3662441778896634e-10,1.3662441778896642e-10,0.0
green_green_0fc2ad3611e4,0.0,0.0,80,-2.64,0.0026777228997965,0.0008096840427657,0.0,9.3265536027417e-10,9.326553602741702e-10,9.3265536027417e-10,0.0
green_green_0fc2ad3611e4,0.0,0.0,80,-2.63,0.0033885432919844,0.0008285585280335,0.0,7.57975892777649e-09,7.579758927776488e-09,7.57975892777649e-09,0.0
green_green_0fc2ad3611e4,0.0,0.0,80,-2.62,0.0044722729175009,0.0008536864777741,0.0,6.899578631193028e-08,6.89957863119302e-08,6.899578631193028e-08,0.0
green_green_0fc2ad3611e4,0.0,0.0,80,-2.61,0.0054709897573956,0.0008865783708868,0.0,5.450810852899019e-07,5.450810852899019e-07,5.450810852899019e-07,0.0
green_green_0fc2ad3611e4,0.0,0.0,80,-2.6,0.0057144220165273,0.0009241490441625,0.0,2.7055668451824186e-06,2.7055668451824186e-06,2.7055668451824186e-06,0.0
green_green_0fc2ad3611e4,0.0,0.0,80,-2.59,0.0054329756756953,0.0009619530461824,0.0,8.241838931072848e-06,8.241838931072843e-06,8.241838931072848e-06,0.0
green_green_0fc2ad3611e4,0.0,0.0,80,-2.58,0.0052767441817174,0.0009984255226993,0.0,1.798946829344677e-05,1.798946829344677e-05,1.798946829344677e-05,0.0
green_green_0fc2ad3611e4,0.0,0.0,80,-2.57,0.0048993638852679,0.0010330332327508,0.0,3.190241051320137e-05,3.190241051320135e-05,3.190241051320137e-05,0.0
green_green_0fc2ad3611e4,0.0,0.0,80,-2.56,0.0044989960579783,0.0010670867466843,0.0,4.9692835860002e-05,4.969283586000201e-05,4.9692835860002e-05,0.0
green_green_0fc2ad3611e4,0.0,0.0,80,-2.55,0.0045741112350648,0.0010991119907739,0.0,7.070910669788674e-05,7.070910669788679e-05,7.070910669788674e-05,0.0
green_green_0fc2ad3611e4,0.0,0.0,80,-2.54,0.0046408939642734,0.0011323843738712,0.0,9.502892385186044e-05,9.50289238518606e-05,9.502892385186044e-05,0.0
green_green_0fc2ad3611e4,0.0,0.0,80,-2.53,0.0041829727143501,0.0011613250862597,0.0,0.0001212237938933,0.0001212237938933,0.0001212237938933,0.0
green_green_0fc2ad3611e4,0.0,0.0,80,-2.52,0.0038369578846764,0.0011975567293987,0.0,0.0001513781747023,0.0001513781747023,0.0001513781747023,0.0
green_green_0fc2ad3611e4,0.0,0.0,80,-2.51,0.0039425630266807,0.0012211397551929,0.0,0.0001808790978704,0.0001808790978704,0.0001808790978704,0.0
green_green_0fc2ad3611e4,0.0,0.0,80,-2.5,0.0043521895213229,0.0012596605121494,0.0,0.0002157768968886,0.0002157768968886,0.0002157768968886,0.0
green_green_0fc2ad3611e4,0.0,0.0,80,-2.49,0.0043372170909234,0.0012888500894917,0.0,0.0002507125833628,0.0002507125833628,0.0002507125833628,0.0
green_green_0fc2ad3611e4,0.0,0.0,80,-2.48,0.0038170665018582,0.0013103632770375,0.0,0.0002839125971532,0.0002839125971532,0.0002839125971532,0.0
green_green_0fc2ad3611e4,0.0,0.0,80,-2.47,0.0034920802018814,0.001360614882228,0.0,0.0003287026478631,0.000328702647863,0.0003287026478631,0.0
green_green_0fc2ad3611e4,0.0,0.0,80,-2.46,0.0035145432559217,0.0013791567070242,0.0,0.0003646631577015,0.0003646631577015,0.0003646631577015,0.0
green_green_0fc2ad3611e4,0.0,0.0,80,-2.45,0.0038891117133852,0.0014000547268277,0.0,0.000400787644262,0.000400787644262,0.000400787644262,0.0
green_green_0fc2ad3611e4,0.0,0.0,80,-2.44,0.0043868778441803,0.0014627435624852,0.0,0.0004563991743079,0.0004563991743079,0.0004563991743079,0.0
green_green_0fc2ad3611e4,0.0,0.0,80,-2.43,0.004250524314649,0.0014793987042275,0.0,0.0004953362912495,0.0004953362912495,0.0004953362912495,0.0
green_green_0fc2ad3611e4,0.0,0.0,80,-2.42,0.0037016449928249,0.0014862956368296,0.0,0.0005277884845555,0.0005277884845556,0.0005277884845555,0.0
green_green_0fc2ad3611e4,0.0,0.0,80,-2.41,0.0033853869665835,0.0015589690574424,0.0,0.0005932315502924,0.0005932315502924,0.0005932315502924,0.0
green_green_0fc2ad3611e4,0.0,0.0,80,-2.4,0.0033400488831874,0.0016008956139213,0.0,0.0006483156861945,0.0006483156861945,0.0006483156861945,0.0
green_green_0fc2ad3611e4,0.0,0.0,80,-2.39,0.003539020813807,0.0015811299496061,0.0,0.00066990055454,0.00066990055454,0.00066990055454,0.0
green_green_0fc2ad3611e4,0.0,0.0,80,-2.38,0.0040458230186774,0.0016313319659863,0.0,0.0007272728662979,0.0007272728662979,0.0007272728662979,0.0
green_green_0fc2ad3611e4,0.0,0.0,80,-2.37,0.0045642733155433,0.0017285548679863,0.0,0.0008160815400965,0.0008160815400965,0.0008160815400965,0.0
green_green_0fc2ad3611e4,0.0,0.0,80,-2.36,0.0043372464530378,0.0017225950465035,0.0,0.0008498032439747,0.0008498032439747,0.0008498032439747,0.0
green_green_0fc2ad3611e4,0.0,0.0,80,-2.35,0.0037701136768823,0.0017019824291239,0.0,0.0008686857300169,0.0008686857300169,0.0008686857300169,0.0
green_green_0fc2ad3611e4,0.0,0.0,80,-2.34,0.0034581985053031,0.0017920746949818,0.0,0.000956323003315,0.000956323003315,0.000956323003315,0.0
green_green_0fc2ad3611e4,0.0,0.0,80,-2.33,0.0033891342285433,0.0018995968971526,0.0,0.0010618722592383,0.0010618722592383,0.0010618722592383,0.0
green_green_0fc2ad3611e4,0.0,0.0,80,-2.32,0.0034655014399329,0.0018620204050665,0.0,0.0010776524678163,0.0010776524678163,0.0010776524678163,0.0
green_green_0fc2ad3611e4,0.0,0.0,80,-2.31,0.0037632504436299,0.0018348165353949,0.0,0.0010908887664858,0.0010908887664858,0.0010908887664858,0.0
green_green_0fc2ad3611e4,0.0,0.0,80,-2.3,0.0043621771631882,0.0019452745028726,0.0,0.0011997174202521,0.0011997174202521,0.0011997174202521,0.0
green_green_0fc2ad3611e4,0.0,0.0,80,-2.29,0.0048809672542995,0.0020852167855549,0.0,0.0013366577014501,0.0013366577014501,0.0013366577014501,0.0
green_green_0fc2ad3611e4,0.0,0.0,80,-2.28,0.0045756592737989,0.0020418638122016,0.0,0.0013508749478626,0.0013508749478626,0.0013508749478626,0.0
green_green_0fc2ad3611e4,0.0,0.0,80,-2.27,0.0039936411131805,0.0019787669647432,0.0,0.0013380484440827,0.0013380484440827,0.0013380484440827,0.0
green_green_0fc2ad3611e4,0.0,0.0,80,-2.26,0.0036879557805377,0.0020737018709408,0.0,0.0014417931197429,0.0014417931197429,0.0014417931197429,0.0
green_green_0fc2ad3611e4,0.0,0.0,80,-2.25,0.0036266691368255,0.0022696479774398,0.0,0.001629005591028,0.001629005591028,0.001629005591028,0.0
green_green_0fc2ad3611e4,0.0,0.0,80,-2.24,0.0036616775248371,0.0022862582486139,0.0,0.0016916398280258,0.0016916398280258,0.0016916398280258,0.0
green_green_0fc2ad3611e4,0.0,0.0,80,-2.23,0.0038033582838661,0.0021648533056445,0.0,0.0016374199801578,0.0016374199801578,0.0016374199801578,0.0
green_green_0fc2ad3611e4,0.0,0.0,80,-2.22,0.0041956266303524,0.0021838079013971,0.0,0.0016835998701659,0.0016835998701659,0.0016835998701659,0.0
green_green_0fc2ad3611e4,0.0,0.0,80,-2.21,0.0048861731919611,0.0023909845362187,0.0,0.0018898042594464,0.0018898042594464,0.0018898042594464,0.0
green_green_0fc2ad3611e4,0.0,0.0,80,-2.2,0.0053698914534475,0.0025724429838518,0.0,0.0020845792441599,0.0020845792441599,0.0020845792441599,0.0
green_green_0fc2ad3611e4,0.0,0.0,80,-2.19,0.0049639773071003,0.002461317501642,0.0,0.0020494134377178,0.0020494134377178,0.0020494134377178,0.0
green_green_0fc2ad3611e4,0.0,0.0,80,-2.18,0.0043785285404748,0.0023441665884758,0.0,0.0019849446216846,0.0019849446216846,0.0019849446216846,0.0
green_green_0fc2ad3611e4,0.0,0.0,80,-2.17,0.0040951939760099,0.0024410721034701,0.0,0.0021023776684042,0.0021023776684042,0.0021023776684042,0.0
green_green_0fc2ad3611e4,0.0,0.0,80,-2.16,0.0040636074962974,0.0027285924196145,0.0,0.0023936363292577,0.0023936363292577,0.0023936363292577,0.0
green_green_0fc2ad3611e4,0.0,0.0,80,-2.15,0.0041192294438697,0.0028755266741549,0.0,0.0025769957696643,0.0025769957696643,0.0025769957696643,0.0
green_green_0fc2ad3611e4,0.0,0.0,80,-2.14,0.004186958235399,0.0026875672679427,0.0,0.0024727105938994,0.0024727105938994,0.0024727105938994,0.0
green_green_0fc2ad3611e4,0.0,0.0,80,-2.13,0.0044171991779618,0.0025691874871977,0.0,0.002398056135986,0.002398056135986,0.002398056135986,0.0
green_green_0fc2ad3611e4,0.0,0.0,80,-2.12,0.00494203833146,0.0027077099200968,0.0,0.0025615101654095,0.0025615101654095,0.0025615101654095,0.0
green_green_0fc2ad3611e4,0.0,0.0,80,-2.11,0.0057364486846151,0.003061844573833,0.0,0.0029314520007841,0.0029314520007841,0.0029314520007841,0.0
green_green_0fc2ad3611e4,0.0,0.0,80,-2.1,0.0060846978156223,0.0032377421763147,0.0,0.0031544334397792,0.0031544334397792,0.0031544334397792,0.0
green_green_0fc2ad3611e4,0.0,0.0,80,-2.09,0.0055386641501399,0.003001823767657,0.0,0.0030069916767021,0.0030069916767021,0.0030069916767021,0.0
green_green_0fc2ad3611e4,0.0,0.0,80,-2.08,0.0049875125851052,0.0028355363362701,0.0,0.0028817929257594,0.0028817929257594,0.0028817929257594,0.0
green_green_0fc2ad3611e4,0.0,0.0,80,-2.07,0.0047653103440007,0.0029600090743929,0.0,0.0030381292801331,0.0030381292801331,0.0030381292801331,0.0
green_green_0fc2ad3611e4,0.0,0.0,80,-2.06,0.0047953429719788,0.0033626382456599,0.0,0.0034753137668705,0.0034753137668705,0.0034753137668705,0.0
green_green_0fc2ad3611e4,0.0,0.0,80,-2.05,0.0049121873615641,0.0036783743091892,0.0,0.0038387886839053,0.0038387886839053,0.0038387886839053,0.0
green_green_0fc2ad3611e4,0.0,0.0,80,-2.04,0.0049691845673819,0.0034536946861004,0.0,0.0037112861654875,0.0037112861654875,0.0037112861654875,0.0
green_green_0fc2ad3611e4,0.0,0.0,80,-2.03,0.0051173902093183,0.0031773187120332,0.0,0.0034800295068957,0.0034800295068957,0.0034800295068957,0.0
green_green_0fc2ad3611e4,0.0,0.0,80,-2.02,0.0055146287996435,0.0032098434371839,0.0,0.003543304183797,0.003543304183797,0.003543304183797,0.0
green_green_0fc2ad3611e4,0.0,0.0,80,-2.01,0.0062549606453022,0.0035904079601003,0.0,0.0039802671574191,0.0039802671574191,0.0039802671574191,0.0
green_green_0fc2ad3611e4,0.0,0.0,80,-2.0,0.0071072157520115,0.0041167109797355,0.0,0.0045620561071329,0.0045620561071329,0.0045620561071329,0.0
green_green_0fc2ad3611e4,0.0,0.0,80,-1.99,0.0071046674933503,0.0041007592368548,0.0,0.0046459181851722,0.0046459181851722,0.0046459181851722,0.0
green_green_0fc2ad3611e4,0.0,0.0,80,-1.98,0.006446710049366,0.0036882952588188,0.0,0.0043024077992527,0.0043024077992527,0.0043024077992527,0.0
green_green_0fc2ad3611e4,0.0,0.0,80,-1.97,0.0060199544734946,0.0035291407966505,0.0,0.0041609402662536,0.0041609402662536,0.0041609402662536,0.0
green_green_0fc2ad3611e4,0.0,0.0,80,-1.96,0.0059308328257365,0.0037656697517003,0.0,0.0044554887309622,0.0044554887309622,0.0044554887309622,0.0
green_green_0fc2ad3611e4,0.0,0.0,80,-1.95,0.0060837418372027,0.0043730184874984,0.0,0.0051516274765984,0.0051516274765984,0.0051516274765984,0.0
green_green_0fc2ad3611e4,0.0,0.0,80,-1.94,0.0062976166309788,0.0048491137305909,0.0,0.005719176290831,0.005719176290831,0.005719176290831,0.0
green_green_0fc2ad3611e4,0.0,0.0,80,-1.93,0.0063843505688359,0.0045211186536284,0.0,0.0055073144520844,0.0055073144520844,0.0055073144520844,0.0
green_green_0fc2ad3611e4,0.0,0.0,80,-1.92,0.0065306737048047,0.0040738608302875,0.0,0.0050843850793139,0.0050843850793139,0.0050843850793139,0.0
green_green_0fc2ad3611e4,0.0,0.0,80,-1.91,0.0069160617369608,0.0040292020910149,0.0,0.0050583716046871,0.0050583716046871,0.0050583716046871,0.0
green_green_0fc2ad3611e4,0.0,0.0,80,-1.9,0.0076436518130284,0.0044488872965936,0.0,0.0055769247669071,0.0055769247669071,0.0055769247669071,0.0
green_green_0fc2ad3611e4,0.0,0.0,80,-1.89,0.0086890321148868,0.0052498072500407,0.0,0.0065060990692679,0.0065060990692679,0.0065060990692679,0.0
green_green_0fc2ad3611e4,0.0,0.0,80,-1.88,0.0092390725995035,0.0056427323428544,0.0,0.007029991543481,0.007029991543481,0.007029991543481,0.0
green_green_0fc2ad3611e4,0.0,0.0,80,-1.87,0.0087392041688785,0.0051066089206502,0.0,0.0066024142969332,0.0066024142969332,0.0066024142969332,0.0
green_green_0fc2ad3611e4,0.0,0.0,80,-1.86,0.0082182579615389,0.0046295456127264,0.0,0.0061149725091912,0.0061149725091912,0.0061149725091912,0.0
green_green_0fc2ad3611e4,0.0,0.0,80,-1.85,0.0080828298249515,0.0046536056801533,0.0,0.0061645443133705,0.0061645443133705,0.0061645443133705,0.0
green_green_0fc2ad3611e4,0.0,0.0,80,-1.84,0.0082645365844844,0.0052214335746117,0.0,0.0068757971156667,0.0068757971156667,0.0068757971156667,0.0
green_green_0fc2ad3611e4,0.0,0.0,80,-1.83,0.0086636881633012,0.0062204980872442,0.0,0.0080555096658154,0.0080555096658154,0.0080555096658154,0.0
green_green_0fc2ad3611e4,0.0,0.0,80,-1.82,0.0090174800735854,0.0066485279136612,0.0,0.0086548676148207,0.0086548676148207,0.0086548676148207,0.0
green_green_0fc2ad3611e4,0.0,0.0,80,-1.81,0.0091961568619031,0.0059645779968735,0.0,0.0080789141096495,0.0080789141096495,0.0080789141096495,0.0
green_green_0fc2ad3611e4,0.0,0.0,80,-1.7999999999999998,0.009497183703213,0.005390393235468,0.0,0.0074630625018822,0.0074630625018822,0.0074630625018822,0.0
green_green_0fc2ad3611e4,0.0,0.0,80,-1.79,0.0100809798818562,0.0054124998890104,0.0,0.0075032273329654,0.0075032273329654,0.0075032273329654,0.0
green_green_0fc2ad3611e4,0.0,0.0,80,-1.7799999999999998,0.0110476745114223,0.0060741473027863,0.0,0.0083473319397297,0.0083473319397297,0.0083473319397297,0.0
green_green_0fc2ad3611e4,0.0,0.0,80,-1.77,0.0123971672845246,0.0072996475008368,0.0,0.0098243684402614,0.0098243684402613,0.0098243684402614,0.0
green_green_0fc2ad3611e4,0.0,0.0,80,-1.7599999999999998,0.0133046808061398,0.0079945425286638,0.0,0.0107426027029514,0.0107426027029514,0.0107426027029514,0.0
green_green_0fc2ad3611e4,0.0,0.0,80,-1.75,0.0130563500047893,0.0072359403786168,0.0,0.0101218475600851,0.0101218475600851,0.0101218475600851,0.0
green_green_0fc2ad3611e4,0.0,0.0,80,-1.7399999999999998,0.0127479719049254,0.0064554910017917,0.0,0.0092694230637879,0.0092694230637879,0.0092694230637879,0.0
green_green_0fc2ad3611e4,0.0,0.0,80,-1.73,0.0128905628999734,0.0063750569419702,0.0,0.0091661966632629,0.0091661966632629,0.0091661966632629,0.0
green_green_0fc2ad3611e4,0.0,0.0,80,-1.7199999999999998,0.0134246593952605,0.0070496077780859,0.0,0.0100363876344993,0.0100363876344993,0.0100363876344993,0.0
green_green_0fc2ad3611e4,0.0,0.0,80,-1.71,0.0142773160630077,0.0084890887778117,0.0,0.0118134439002011,0.0118134439002011,0.0118134439002011,0.0
green_green_0fc2ad3611e4,0.0,0.0,80,-1.6999999999999995,0.0152291681368727,0.009745586701718,0.0,0.013372655660434,0.013372655660434,0.013372655660434,0.0
green_green_0fc2ad3611e4,0.0,0.0,80,-1.69,0.0159462114764558,0.0091487901179258,0.0,0.0129911383727762,0.0129911383727762,0.0129911383727762,0.0
green_green_0fc2ad3611e4,0.0,0.0,80,-1.6799999999999995,0.0167118885213725,0.0080395991629592,0.0,0.011801601583998,0.011801601583998,0.011801601583998,0.0
green_green_0fc2ad3611e4,0.0,0.0,80,-1.67,0.017825742654197,0.0077132594151854,0.0,0.0113627926962011,0.011362792696201,0.0113627926962011,0.0
green_green_0fc2ad3611e4,0.0,0.0,80,-1.66,0.0193945118917459,0.0082936041696073,0.0,0.0120899605672383,0.0120899605672383,0.0120899605672383,0.0
green_green_0fc2ad3611e4,0.0,0.0,80,-1.65,0.0215456524080595,0.009853866441422,0.0,0.0140551842852669,0.0140551842852669,0.0140551842852669,0.0
green_green_0fc2ad3611e4,0.0,0.0,80,-1.64,0.0240521946668183,0.0118665416469293,0.0,0.0164916778358974,0.0164916778358974,0.0164916778358974,0.0
green_green_0fc2ad3611e4,0.0,0.0,80,-1.63,0.025696994574768,0.0120173093918629,0.0,0.0169777532379977,0.0169777532379977,0.0169777532379977,0.0
green_green_0fc2ad3611e4,0.0,0.0,80,-1.62,0.0266598217088192,0.0105741566839319,0.0,0.0155209921480689,0.0155209921480689,0.0155209921480689,0.0
green_green_0fc2ad3611e4,0.0,0.0,80,-1.61,0.0281983578030142,0.0098036800742333,0.0,0.0145005259977572,0.0145005259977572,0.0145005259977572,0.0
green_green_0fc2ad3611e4,0.0,0.0,80,-1.6,0.0305635750966245,0.0101647073393675,0.0,0.014844845516429,0.014844845516429,0.014844845516429,0.0
green_green_0fc2ad3611e4,0.0,0.0,80,-1.59,0.0337614489420709,0.01172785869725,0.0,0.0167762815505826,0.0167762815505826,0.0167762815505826,0.0
green_green_0fc2ad3611e4,0.0,0.0,80,-1.58,0.0378474450890354,0.0144312193332946,0.0,0.0200277230086788,0.0200277230086788,0.0200277230086788,0.0
green_green_0fc2ad3611e4,0.0,0.0,80,-1.5699999999999998,0.0426421092133019,0.0161905169294481,0.0,0.022244721201626,0.022244721201626,0.022244721201626,0.0
green_green_0fc2ad3611e4,0.0,0.0,80,-1.56,0.0480687553119726,0.0149538610801167,0.0,0.0211613411960034,0.0211613411960034,0.0211613411960034,0.0
green_green_0fc2ad3611e4,0.0,0.0,80,-1.5499999999999998,0.054965860940963,0.0135694071175952,0.0,0.0193605128206099,0.01936051282061,0.0193605128206099,0.0
green_green_0fc2ad3611e4,0.0,0.0,80,-1.54,0.0641796335442417,0.0136257999940282,0.0,0.0190098847855461,0.0190098847855461,0.0190098847855461,0.0
green_green_0fc2ad3611e4,0.0,0.0,80,-1.5299999999999998,0.0766697439829293,0.0152518638802208,0.0,0.0206537817085105,0.0206537817085105,0.0206537817085105,0.0
green_green_0fc2ad3611e4,0.0,0.0,80,-1.52,0.0939731511769138,0.0186551613558941,0.0,0.0244459016793135,0.0244459016793135,0.0244459016793135,0.0
green_green_0fc2ad3611e4,0.0,0.0,80,-1.5099999999999998,0.1181792566348566,0.0228423695358901,0.0,0.0289814027099473,0.0289814027099473,0.0289814027099473,0.0
green_green_0fc2ad3611e4,0.0,0.0,80,-1.5,0.1522431677562296,0.0238055431474219,0.0,0.0299838321196506,0.0299838321196506,0.0299838321196506,0.0
green_green_0fc2ad3611e4,0.0,0.0,80,-1.4899999999999998,0.204734122658744,0.0226141166639233,0.0,0.0277597705814662,0.0277597705814662,0.0277597705814662,0.0
green_green_0fc2ad3611e4,0.0,0.0,80,-1.48,0.293070785025583,0.0234233296512129,0.0,0.0264678377380809,0.0264678377380809,0.0264678377380809,0.0
green_green_0fc2ad3611e4,0.0,0.0,80,-1.4699999999999998,0.4454366829682641,0.0274675329550529,0.0,0.0277454611787456,0.0277454611787456,0.0277454611787456,0.0
green_green_0fc2ad3611e4,0.0,0.0,80,-1.46,0.6758161526609551,0.0356856248550004,0.0,0.0320821442968385,0.0320821442968385,0.0320821442968385,0.0
green_green_0fc2ad3611e4,0.0,0.0,80,-1.4499999999999995,0.8750717319232363,0.0479612934926726,0.0,0.0388250405618029,0.0388250405618028,0.0388250405618029,0.0
green_green_0fc2ad3611e4,0.0,0.0,80,-1.44,0.9061935063019128,0.0582135805527111,0.0,0.042234060017898,0.042234060017898,0.042234060017898,0.0
green_green_0fc2ad3611e4,0.0,0.0,80,-1.4299999999999995,0.840251831311709,0.0621100590457792,0.0,0.0383976316393274,0.0383976316393274,0.0383976316393274,0.0
green_green_0fc2ad3611e4,0.0,0.0,80,-1.42,0.7983572914441287,0.0657671778998597,0.0,0.0387908519741905,0.0387908519741906,0.0387908519741905,0.0
green_green_0fc2ad3611e4,0.0,0.0,80,-1.41,0.7028612222764874,0.0723670690691565,0.0,0.0415295481016576,0.0415295481016576,0.0415295481016576,0.0
green_green_0fc2ad3611e4,0.0,0.0,80,-1.4,0.6268660395036898,0.0803496862147074,0.0,0.0334641489118541,0.0334641489118541,0.0334641489118541,0.0
green_green_0fc2ad3611e4,0.0,0.0,80,-1.39,0.6413911151607807,0.0892860227775275,0.0,0.0190774899174703,0.0190774899174703,0.0190774899174703,0.0
green_green_0fc2ad3611e4,0.0,0.0,80,-1.38,0.6159409003544097,0.0979544581611831,0.0,0.0327575982969294,0.0327575982969295,0.0327575982969294,0.0
green_green_0fc2ad3611e4,0.0,0.0,80,-1.37,0.5130011976740382,0.0991538209207923,0.0,0.0543195110755028,0.0543195110755028,0.0543195110755028,0.0
green_green_0fc2ad3611e4,0.0,0.0,80,-1.36,0.4662651226260458,0.0976080218310944,0.0,0.0694212827609155,0.0694212827609155,0.0694212827609155,0.0
green_green_0fc2ad3611e4,0.0,0.0,80,-1.35,0.5078930717494289,0.100298132606943,0.0,0.0777752657086905,0.0777752657086905,0.0777752657086905,0.0
green_green_0fc2ad3611e4,0.0,0.0,80,-1.34,0.5582445828169544,0.1079711348478197,0.0,0.0763117833500562,0.0763117833500561,0.0763117833500562,0.0
green_green_0fc2ad3611e4,0.0,0.0,80,-1.33,0.485973751640552,0.1098018520611971,0.0,0.0622715256427903,0.0622715256427902,0.0622715256427903,0.0
green_green_0fc2ad3611e4,0.0,0.0,80,-1.3199999999999998,0.3872032220201917,0.1170197285481151,0.0,0.0446664589788211,0.0446664589788212,0.0446664589788211,0.0
green_green_0fc2ad3611e4,0.0,0.0,80,-1.31,0.3511225731932025,0.1244842341481191,0.0,0.0346516320588329,0.034651632058833,0.0346516320588329,0.0
green_green_0fc2ad3611e4,0.0,0.0,80,-1.2999999999999998,0.3809205064959025,0.1185553019425106,0.0,0.0444224342905976,0.0444224342905976,0.0444224342905976,0.0
green_green_0fc2ad3611e4,0.0,0.0,80,-1.29,0.4656561740647343,0.1187245545113114,0.0,0.0685820181643315,0.0685820181643315,0.0685820181643315,0.0
green_green_0fc2ad3611e4,0.0,0.0,80,-1.2799999999999998,0.4956186026586566,0.1224400846283433,0.0,0.0973636768249696,0.0973636768249696,0.0973636768249696,0.0
green_green_0fc2ad3611e4,0.0,0.0,80,-1.27,0.4023659591607784,0.1220016307700099,0.0,0.1204792955614106,0.1204792955614107,0.1204792955614106,0.0
green_green_0fc2ad3611e4,0.0,0.0,80,-1.2599999999999998,0.3175501977921203,0.1331144288572701,0.0,0.1420837369178225,0.1420837369178226,0.1420837369178225,0.0
green_green_0fc2ad3611e4,0.0,0.0,80,-1.25,0.2853519965715136,0.1401194310109298,0.0,0.1554920257294202,0.1554920257294202,0.1554920257294202,0.0
green_green_0fc2ad3611e4,0.0,0.0,80,-1.2399999999999998,0.298485268965196,0.1291505797907039,0.0,0.1535169050735544,0.1535169050735543,0.1535169050735544,0.0
green_green_0fc2ad3611e4,0.0,0.0,80,-1.23,0.3666742347245687,0.1291523528556507,0.0,0.1530551645442691,0.1530551645442691,0.1530551645442691,0.0
green_green_0fc2ad3611e4,0.0,0.0,80,-1.2199999999999998,0.4506224629719255,0.1421146253132662,0.0,0.1560401078325367,0.1560401078325366,0.1560401078325367,0.0
green_green_0fc2ad3611e4,0.0,0.0,80,-1.21,0.4199605292956643,0.1384956091360539,0.0,0.1476053475096628,0.1476053475096627,0.1476053475096628,0.0
green_green_0fc2ad3611e4,0.0,0.0,80,-1.1999999999999995,0.3202637037196619,0.1292467036612914,0.0,0.1364031135555698,0.1364031135555699,0.1364031135555698,0.0
green_green_0fc2ad3611e4,0.0,0.0,80,-1.19,0.262184186117976,0.140069662864828,0.0,0.1375539262257423,0.1375539262257423,0.1375539262257423,0.0
green_green_0fc2ad3611e4,0.0,0.0,80,-1.1799999999999995,0.2487856587331548,0.1561643197100971,0.0,0.1432418320846571,0.1432418320846569,0.1432418320846571,0.0
green_green_0fc2ad3611e4,0.0,0.0,80,-1.17,0.2571573115229563,0.1472854228454274,0.0,0.1390539623423218,0.1390539623423217,0.1390539623423218,0.0
green_green_0fc2ad3611e4,0.0,0.0,80,-1.16,0.2929250684249681,0.1353583869790955,0.0,0.1398507680219002,0.1398507680219004,0.1398507680219002,0.0
green_green_0fc2ad3611e4,0.0,0.0,80,-1.15,0.3730953649215253,0.1438512469040805,0.0,0.1592309813856884,0.1592309813856882,0.1592309813856884,0.0
green_green_0fc2ad3611e4,0.0,0.0,80,-1.14,0.427160483660001,0.1557365414061251,0.0,0.1846264831715907,0.1846264831715911,0.1846264831715907,0.0
green_green_0fc2ad3611e4,0.0,0.0,80,-1.13,0.3562454667250164,0.1451341842720146,0.0,0.1952982872393951,0.1952982872393953,0.1952982872393951,0.0
green_green_0fc2ad3611e4,0.0,0.0,80,-1.12,0.2639770617551171,0.1406690983629925,0.0,0.204974180331227,0.204974180331227,0.204974180331227,0.0
green_green_0fc2ad3611e4,0.0,0.0,80,-1.11,0.2184604478981487,0.1585474303585899,0.0,0.2262304557870463,0.2262304557870462,0.2262304557870463,0.0
green_green_0fc2ad3611e4,0.0,0.0,80,-1.1,0.2092706787903427,0.1696248971942197,0.0,0.2404428405846597,0.2404428405846597,0.2404428405846597,0.0
green_green_0fc2ad3611e4,0.0,0.0,80,-1.09,0.2151116409768033,0.1511831874292068,0.0,0.2342372269576962,0.2342372269576963,0.2342372269576962,0.0
green_green_0fc2ad3611e4,0.0,0.0,80,-1.08,0.2430137227256961,0.1367633222025598,0.0,0.229435901683535,0.2294359016835354,0.229435901683535,0.0
green_green_0fc2ad3611e4,0.0,0.0,80,-1.0699999999999998,0.3170643922584009,0.1483265243146894,0.0,0.2433435118289649,0.2433435118289648,0.2433435118289649,0.0
green_green_0fc2ad3611e4,0.0,0.0,80,-1.06,0.4093052944186217,0.1746831052018864,0.0,0.2667644810368232,0.266764481036823,0.2667644810368232,0.0
green_green_0fc2ad3611e4,0.0,0.0,80,-1.0499999999999998,0.3914227899945128,0.1713451538167663,0.0,0.2654933584775986,0.2654933584775988,0.2654933584775986,0.0
green_green_0fc2ad3611e4,0.0,0.0,80,-1.04,0.2883007095487747,0.1472649010522339,0.0,0.2460153279191982,0.2460153279191982,0.2460153279191982,0.0
green_green_0fc2ad3611e4,0.0,0.0,80,-1.0299999999999998,0.2166307288552282,0.1441209656556098,0.0,0.2432219457395394,0.2432219457395392,0.2432219457395394,0.0
green_green_0fc2ad3611e4,0.0,0.0,80,-1.02,0.1889974212474976,0.1666934282434881,0.0,0.2631213784905407,0.2631213784905402,0.2631213784905407,0.0
green_green_0fc2ad3611e4,0.0,0.0,80,-1.0099999999999998,0.1837299968636763,0.1855332883708291,0.0,0.2781980508528213,0.2781980508528213,0.2781980508528213,0.0
green_green_0fc2ad3611e4,0.0,0.0,80,-1.0,0.1832563768362735,0.1648303622461057,0.0,0.2613021052761058,0.2613021052761058,0.2613021052761058,0.0
green_green_0fc2ad3611e4,0.0,0.0,80,-0.9900000000000002,0.2038365785701505,0.142891427562825,0.0,0.2421015721451883,0.2421015721451885,0.2421015721451883,0.0
green_green_0fc2ad3611e4,0.0,0.0,80,-0.9799999999999996,0.2659905271858347,0.1489475011873522,0.0,0.2462459749355656,0.2462459749355653,0.2462459749355656,0.0
green_green_0fc2ad3611e4,0.0,0.0,80,-0.9699999999999998,0.366484302452467,0.1798222015882303,0.0,0.270101844861091,0.2701018448610914,0.270101844861091,0.0
green_green_0fc2ad3611e4,0.0,0.0,80,-0.96,0.4056230219166038,0.1948358498956804,0.0,0.2797209635568966,0.2797209635568966,0.2797209635568966,0.0
green_green_0fc2ad3611e4,0.0,0.0,80,-0.9500000000000002,0.320081860746603,0.1681389705192786,0.0,0.2578572578797784,0.2578572578797783,0.2578572578797784,0.0
green_green_0fc2ad3611e4,0.0,0.0,80,-0.9399999999999996,0.2304208315056513,0.1462196797537061,0.0,0.2437380634334638,0.2437380634334637,0.2437380634334638,0.0
green_green_0fc2ad3611e4,0.0,0.0,80,-0.9299999999999996,0.1858487244051047,0.1534672067267953,0.0,0.2577940461234668,0.257794046123467,0.2577940461234668,0.0
green_green_0fc2ad3611e4,0.0,0.0,80,-0.92,0.1751734086441133,0.1844115343392012,0.0,0.2931227820829985,0.2931227820829987,0.2931227820829985,0.0
green_green_0fc2ad3611e4,0.0,0.0,80,-0.91,0.1729153038203451,0.1953509975832492,0.0,0.3122410247914141,0.3122410247914143,0.3122410247914141,0.0
green_green_0fc2ad3611e4,0.0,0.0,80,-0.9000000000000004,0.1699313780855264,0.1686903492073117,0.0,0.2968234409461212,0.2968234409461212,0.2968234409461212,0.0
green_green_0fc2ad3611e4,0.0,0.0,80,-0.8899999999999997,0.1890395829058369,0.1538558713513187,0.0,0.283151405801341,0.2831514058013412,0.283151405801341,0.0
green_green_0fc2ad3611e4,0.0,0.0,80,-0.8799999999999999,0.2474588072848454,0.1642437421511378,0.0,0.2884774181115893,0.288477418111589,0.2884774181115893,0.0
green_green_0fc2ad3611e4,0.0,0.0,80,-0.8700000000000001,0.342749057288869,0.1902994383342502,0.0,0.3162025319350883,0.3162025319350882,0.3162025319350883,0.0
green_green_0fc2ad3611e4,0.0,0.0,80,-0.8600000000000003,0.3830288993287045,0.2000676793036351,0.0,0.3381762877572717,0.3381762877572719,0.3381762877572717,0.0
green_green_0fc2ad3611e4,0.0,0.0,80,-0.8499999999999996,0.3037238756352646,0.1710498799658068,0.0,0.3244559790579942,0.324455979057994,0.3244559790579942,0.0
green_green_0fc2ad3611e4,0.0,0.0,80,-0.8399999999999999,0.2219430916213329,0.1506290898083385,0.0,0.3119663361719314,0.3119663361719313,0.3119663361719314,0.0
green_green_0fc2ad3611e4,0.0,0.0,80,-0.8300000000000001,0.1856753526157262,0.1615829719521472,0.0,0.3273452581232721,0.3273452581232716,0.3273452581232721,0.0
green_green_0fc2ad3611e4,0.0,0.0,80,-0.8200000000000003,0.1830537351165973,0.1983434491648857,0.0,0.3648830744821336,0.3648830744821335,0.3648830744821336,0.0
green_green_0fc2ad3611e4,0.0,0.0,80,-0.8099999999999996,0.1821777209634614,0.2150589007012969,0.0,0.3822482928446378,0.3822482928446377,0.3822482928446378,0.0
green_green_0fc2ad3611e4,0.0,0.0,80,-0.7999999999999998,0.1681578073393228,0.1829077599244991,0.0,0.3569600985241681,0.3569600985241679,0.3569600985241681,0.0
green_green_0fc2ad3611e4,0.0,0.0,80,-0.79,0.1690428836826352,0.1532887940130519,0.0,0.3310972684382933,0.3310972684382935,0.3310972684382933,0.0
green_green_0fc2ad3611e4,0.0,0.0,80,-0.7800000000000002,0.2028011217397373,0.1539985419268357,0.0,0.3345234624773984,0.3345234624773982,0.3345234624773984,0.0
green_green_0fc2ad3611e4,0.0,0.0,80,-0.7699999999999996,0.2768308480191954,0.1862911429057077,0.0,0.3694665369697134,0.3694665369697136,0.3694665369697134,0.0
green_green_0fc2ad3611e4,0.0,0.0,80,-0.7599999999999998,0.3511535663014372,0.2229368608373663,0.0,0.4054838022920428,0.4054838022920429,0.4054838022920428,0.0
green_green_0fc2ad3611e4,0.0,0.0,80,-0.75,0.3274520420712595,0.2054393174151026,0.0,0.3906059556525867,0.390605955652587,0.3906059556525867,0.0
green_green_0fc2ad3611e4,0.0,0.0,80,-0.7400000000000002,0.2556217602356666,0.1665305527466716,0.0,0.3531205628377612,0.3531205628377611,0.3531205628377612,0.0
green_green_0fc2ad3611e4,0.0,0.0,80,-0.7299999999999995,0.2021861141896796,0.1536641383159857,0.0,0.3404200871718263,0.3404200871718264,0.3404200871718263,0.0
green_green_0fc2ad3611e4,0.0,0.0,80,-0.7199999999999998,0.1800922103408776,0.1739459028293758,0.0,0.3616679108724847,0.3616679108724844,0.3616679108724847,0.0
green_green_0fc2ad3611e4,0.0,0.0,80,-0.71,0.1845637139260617,0.2156570222855637,0.0,0.4001596993196223,0.4001596993196224,0.4001596993196223,0.0
green_green_0fc2ad3611e4,0.0,0.0,80,-0.7000000000000002,0.1833954953998112,0.2216703688837291,0.0,0.4018158450120517,0.4018158450120508,0.4018158450120517,0.0
green_green_0fc2ad3611e4,0.0,0.0,80,-0.6899999999999995,0.1706331390444374,0.1828957885522676,0.0,0.360215655432192,0.360215655432192,0.360215655432192,0.0
green_green_0fc2ad3611e4,0.0,0.0,80,-0.6799999999999997,0.1784320931994255,0.1600905044202634,0.0,0.3326928570618613,0.332692857061861,0.3326928570618613,0.0
green_green_0fc2ad3611e4,0.0,0.0,80,-0.6699999999999999,0.219924259158887,0.1693849916845625,0.0,0.3425363336805267,0.3425363336805269,0.3425363336805267,0.0
green_green_0fc2ad3611e4,0.0,0.0,80,-0.6600000000000001,0.2944874823714824,0.2056021610802545,0.0,0.379780338472362,0.379780338472362,0.379780338472362,0.0
green_green_0fc2ad3611e4,0.0,0.0,80,-0.6499999999999995,0.3425508089734154,0.2312798021032371,0.0,0.3997719324691876,0.3997719324691878,0.3997719324691876,0.0
green_green_0fc2ad3611e4,0.0,0.0,80,-0.6399999999999997,0.2879714015868045,0.2010936034554879,0.0,0.3660384276876106,0.3660384276876107,0.3660384276876106,0.0
green_green_0fc2ad3611e4,0.0,0.0,80,-0.6299999999999999,0.218447766244382,0.1672343466446058,0.0,0.3256692966689595,0.325669296668959,0.3256692966689595,0.0
green_green_0fc2ad3611e4,0.0,0.0,80,-0.6200000000000001,0.190775635173719,0.1658947291541295,0.0,0.3159079373948709,0.315907937394871,0.3159079373948709,0.0
green_green_0fc2ad3611e4,0.0,0.0,80,-0.6100000000000003,0.198976403276513,0.1980252280239098,0.0,0.3403151253664164,0.3403151253664168,0.3403151253664164,0.0
green_green_0fc2ad3611e4,0.0,0.0,80,-0.5999999999999996,0.2126810907390972,0.2360060985848791,0.0,0.3725015415908259,0.3725015415908254,0.3725015415908259,0.0
green_green_0fc2ad3611e4,0.0,0.0,80,-0.5899999999999999,0.1986399460155948,0.2206403400548471,0.0,0.3579279526707687,0.3579279526707686,0.3579279526707687,0.0
green_green_0fc2ad3611e4,0.0,0.0,80,-0.5800000000000001,0.1810468681361382,0.1799778723245479,0.0,0.3171043698993224,0.3171043698993224,0.3171043698993224,0.0
green_green_0fc2ad3611e4,0.0,0.0,80,-0.5700000000000003,0.1940577190129287,0.167224994561926,0.0,0.298028653294715,0.2980286532947152,0.298028653294715,0.0
green_green_0fc2ad3611e4,0.0,0.0,80,-0.5599999999999996,0.2484442275420384,0.1911005374129804,0.0,0.3100545012948014,0.3100545012948016,0.3100545012948014,0.0
green_green_0fc2ad3611e4,0.0,0.0,80,-0.5499999999999998,0.3249567225964891,0.2355973821555445,0.0,0.3353580637583969,0.3353580637583965,0.3353580637583969,0.0
green_green_0fc2ad3611e4,0.0,0.0,80,-0.54,0.3267704567992124,0.2370419355199083,0.0,0.3286712264350848,0.328671226435085,0.3286712264350848,0.0
green_green_0fc2ad3611e4,0.0,0.0,80,-0.5300000000000002,0.255149098666435,0.1959182521196812,0.0,0.2936046342829435,0.2936046342829438,0.2936046342829435,0.0
green_green_0fc2ad3611e4,0.0,0.0,80,-0.5199999999999996,0.2081137530782985,0.1768917604737169,0.0,0.2747923582863025,0.2747923582863023,0.2747923582863025,0.0
green_green_0fc2ad3611e4,0.0,0.0,80,-0.5099999999999998,0.2059288716062632,0.1962646674183974,0.0,0.2845313817806075,0.2845313817806075,0.2845313817806075,0.0
green_green_0fc2ad3611e4,0.0,0.0,80,-0.5,0.2338044677087929,0.2384171478801245,0.0,0.305381586001867,0.3053815860018666,0.305381586001867,0.0
green_green_0fc2ad3611e4,0.0,0.0,80,-0.4900000000000002,0.2471958601090962,0.2438627255634058,0.0,0.2931523295505339,0.2931523295505334,0.2931523295505339,0.0
green_green_0fc2ad3611e4,0.0,0.0,80,-0.4799999999999995,0.2339027238140265,0.2099785809179397,0.0,0.2570057850065614,0.2570057850065613,0.2570057850065614,0.0
green_green_0fc2ad3611e4,0.0,0.0,80,-0.4699999999999997,0.2411715667545145,0.1966354398526946,0.0,0.2430889009690563,0.243088900969056,0.2430889009690563,0.0
green_green_0fc2ad3611e4,0.0,0.0,80,-0.4599999999999999,0.2927615582102029,0.2218407498220012,0.0,0.2554331939842892,0.2554331939842894,0.2554331939842892,0.0
green_green_0fc2ad3611e4,0.0,0.0,80,-0.4500000000000002,0.3433159579109921,0.2544342485781858,0.0,0.2651168396529453,0.2651168396529451,0.2651168396529453,0.0
green_green_0fc2ad3611e4,0.0,0.0,80,-0.4399999999999995,0.3201762566642232,0.2462211331906482,0.0,0.2394600289096817,0.239460028909682,0.2394600289096817,0.0
green_green_0fc2ad3611e4,0.0,0.0,80,-0.4299999999999997,0.2803171715819276,0.2294616093441063,0.0,0.2091019018264467,0.2091019018264464,0.2091019018264467,0.0
green_green_0fc2ad3611e4,0.0,0.0,80,-0.4199999999999999,0.2819636893066599,0.2436126239222388,0.0,0.204375557605642,0.2043755576056426,0.204375557605642,0.0
green_green_0fc2ad3611e4,0.0,0.0,80,-0.4100000000000001,0.3161899495725374,0.2730184858305207,0.0,0.2038815598510247,0.203881559851025,0.2038815598510247,0.0
green_green_0fc2ad3611e4,0.0,0.0,80,-0.3999999999999994,0.3466821401471869,0.2775366646613451,0.0,0.1788886006167134,0.1788886006167132,0.1788886006167134,0.0
green_green_0fc2ad3611e4,0.0,0.0,80,-0.3899999999999997,0.3781232328112873,0.2824708172397883,0.0,0.1474383017380498,0.1474383017380495,0.1474383017380498,0.0
green_green_0fc2ad3611e4,0.0,0.0,80,-0.3799999999999999,0.4165315644665113,0.3043486168582712,0.0,0.1218653632879018,0.1218653632879016,0.1218653632879018,0.0
green_green_0fc2ad3611e4,0.0,0.0,80,-0.3700000000000001,0.4252201274843931,0.3115089532749904,0.0,0.0849851854054862,0.0849851854054867,0.0849851854054862,0.0
green_green_0fc2ad3611e4,0.0,0.0,80,-0.3600000000000003,0.398155718809081,0.2850633143225187,0.0,0.0440928546728666,0.0440928546728667,0.0440928546728666,0.0
green_green_0fc2ad3611e4,0.0,0.0,80,-0.3499999999999996,0.3087728305073934,0.2155801490591573,0.0,0.0162330802333142,0.0162330802333145,0.0162330802333142,0.0
green_green_0fc2ad3611e4,0.0,0.0,80,-0.3399999999999998,0.2056030742930837,0.143782125554701,0.0,0.0049583219082176,0.0049583219082174,0.0049583219082176,0.0
green_green_0fc2ad3611e4,0.0,0.0,80,-0.33,0.1372717897380908,0.0973555604823769,0.0,0.0015576248374204,0.0015576248374206,0.0015576248374204,0.0
green_green_0fc2ad3611e4,0.0,0.0,80,-0.3200000000000003,0.0972052012026774,0.0700210018372033,0.0,0.0005399481009978,0.0005399481009976,0.0005399481009978,0.0
green_green_0fc2ad3611e4,0.0,0.0,80,-0.3099999999999996,0.0729488716767124,0.053303988826755,0.0,0.0002061577759469,0.0002061577759469,0.0002061577759469,0.0
green_green_0fc2ad3611e4,0.0,0.0,80,-0.2999999999999998,0.0573570748174123,0.0424477022357543,0.0,8.518631506874641e-05,8.518631506881641e-05,8.518631506874641e-05,0.0
green_green_0fc2ad3611e4,0.0,0.0,80,-0.29,0.0467580064923091,0.0350011259306895,0.0,3.740603992418671e-05,3.740603992417708e-05,3.740603992418671e-05,0.0
green_green_0fc2ad3611e4,0.0,0.0,80,-0.2800000000000002,0.0392092412428752,0.0296575948559761,0.0,1.7170896307279258e-05,1.7170896307315982e-05,1.7170896307279258e-05,0.0
green_green_0fc2ad3611e4,0.0,0.0,80,-0.2699999999999996,0.0336253144636743,0.0256807100066649,0.0,8.120554092652691e-06,8.12055409267607e-06,8.120554092652691e-06,0.0
green_green_0fc2ad3611e4,0.0,0.0,80,-0.2599999999999998,0.0293654697927167,0.0226322278864057,0.0,3.910288617644526e-06,3.910288617748781e-06,3.910288617644526e-06,0.0
green_green_0fc2ad3611e4,0.0,0.0,80,-0.25,0.0260325100272267,0.0202384424681986,0.0,1.914759207867037e-06,1.9147592079110163e-06,1.914759207867037e-06,0.0
green_green_0fc2ad3611e4,0.0,0.0,80,-0.2400000000000002,0.0233695887897469,0.0183211461715341,0.0,9.91808731281227e-07,9.918087311263883e-07,9.91808731281227e-07,0.0
green_green_0fc2ad3611e4,0.0,0.0,80,-0.2299999999999995,0.0212044829970005,0.0167600972400541,0.0,6.142948323635405e-07,6.14294832349369e-07,6.142948323635405e-07,0.0
green_green_0fc2ad3611e4,0.0,0.0,80,-0.2199999999999997,0.019418055384819,0.0154716424822066,0.0,4.889148401998065e-07,4.889148402333124e-07,4.889148401998065e-07,0.0
green_green_0fc2ad3611e4,0.0,0.0,80,-0.2099999999999999,0.0179256424743743,0.0143960257984543,0.0,4.42952818564941e-07,4.429528186015831e-07,4.42952818564941e-07,0.0
green_green_0fc2ad3611e4,0.0,0.0,80,-0.2000000000000001,0.0166656558512288,0.0134895722320685,0.0,4.111081582497592e-07,4.111081581469105e-07,4.111081582497592e-07,0.0
green_green_0fc2ad3611e4,0.0,0.0,80,-0.1899999999999995,0.0155923690089738,0.0127197164648468,0.0,3.796091032901399e-07,3.7960910331432686e-07,3.796091032901399e-07,0.0
green_green_0fc2ad3611e4,0.0,0.0,80,-0.1799999999999997,0.0146712188247948,0.012061748902665,0.0,3.480604618902946e-07,3.480604617966876e-07,3.480604618902946e-07,0.0
green_green_0fc2ad3611e4,0.0,0.0,80,-0.1699999999999999,0.0138756653891776,0.011496631240246,0.0,3.1799373005853885e-07,3.1799373007023844e-07,3.1799373005853885e-07,0.0
green_green_0fc2ad3611e4,0.0,0.0,80,-0.1600000000000001,0.0131850447389167,0.0110094964886622,0.0,2.905299438248786e-07,2.905299438252124e-07,2.905299438248786e-07,0.0
green_green_0fc2ad3611e4,0.0,0.0,80,-0.1499999999999994,0.0125830701744901,0.010588597993312,0.0,2.661877071642185e-07,2.661877071723597e-07,2.661877071642185e-07,0.0
green_green_0fc2ad3611e4,0.0,0.0,80,-0.1399999999999996,0.0120567668734874,0.0102245596065336,0.0,2.450711586462077e-07,2.450711586436396e-07,2.450711586462077e-07,0.0
green_green_0fc2ad3611e4,0.0,0.0,80,-0.1299999999999999,0.0115957019316608,0.0099098319763438,0.0,2.2705512618674027e-07,2.27055126218026e-07,2.2705512618674027e-07,0.0
green_green_0fc2ad3611e4,0.0,0.0,80,-0.1200000000000001,0.0111914196085964,0.0096382925304761,0.0,2.119096255804048e-07,2.1190962553931558e-07,2.119096255804048e-07,0.0
green_green_0fc2ad3611e4,0.0,0.0,80,-0.1100000000000003,0.0108370215620643,0.0094049473528438,0.0,1.9937344294649734e-07,1.993734429332449e-07,1.9937344294649734e-07,0.0
green_green_0fc2ad3611e4,0.0,0.0,80,-0.0999999999999996,0.0105268511573615,0.0092057064586828,0.0,1.8919435566971897e-07,1.8919435563942645e-07,1.8919435566971897e-07,0.0
green_green_0fc2ad3611e4,0.0,0.0,80,-0.0899999999999998,0.0102562535980567,0.0090372127333763,0.0,1.8114952827475958e-07,1.8114952829392984e-07,1.8114952827475958e-07,0.0
green_green_0fc2ad3611e4,0.0,0.0,80,-0.08,0.0100213920789108,0.0088967106682615,0.0,1.750548702773189e-07,1.750548702852047e-07,1.750548702773189e-07,0.0
green_green_0fc2ad3611e4,0.0,0.0,80,-0.0700000000000002,0.0098191059032577,0.0087819450249633,0.0,1.7076869345584077e-07,1.7076869342169017e-07,1.7076869345584077e-07,0.0
green_green_0fc2ad3611e4,0.0,0.0,80,-0.0599999999999996,0.0096468004688297,0.0086910823277821,0.0,1.6819282248488673e-07,1.681928224355587e-07,1.6819282248488673e-07,0.0
green_green_0fc2ad3611e4,0.0,0.0,80,-0.0499999999999998,0.0095023618020345,0.0086226500300244,0.0,1.672730149367506e-07,1.672730149480081e-07,1.672730149367506e-07,0.0
green_green_0fc2ad3611e4,0.0,0.0,80,-0.04,0.0093840902960601,0.0085754895905586,0.0,1.6799981741288718e-07,1.6799981743947226e-07,1.6799981741288718e-07,0.0
green_green_0fc2ad3611e4,0.0,0.0,80,-0.0300000000000002,0.0092906497366503,0.0085487207069746,0.0,1.7041060335485333e-07,1.7041060336032558e-07,1.7041060335485333e-07,0.0
green_green_0fc2ad3611e4,0.0,0.0,80,-0.0199999999999995,0.0092210287511576,0.0085417146997627,0.0,1.7459338252571049e-07,1.7459338249148726e-07,1.7459338252571049e-07,0.0
green_green_0fc2ad3611e4,0.0,0.0,80,-0.0099999999999997,0.0091745126077218,0.00855407560901,0.0,1.806929614432303e-07,1.8069296143867718e-07,1.806929614432303e-07,0.0
green_green_0fc2ad3611e4,0.0,0.0,80,0.0,0.0091506639032338,0.008585628008178,0.0,1.8892014099021085e-07,1.8892014096799106e-07,1.8892014099021085e-07,0.0
green_green_0fc2ad3611e4,0.0,0.0,80,0.0099999999999997,0.0091493111692841,0.0086364108997828,0.0,1.9956485229543045e-07,1.9956485228576345e-07,1.9956485229543045e-07,0.0
green_green_0fc2ad3611e4,0.0,0.0,80,0.0200000000000004,0.0091705448379431,0.0087066773663794,0.0,2.130144711831399e-07,2.130144711693308e-07,2.130144711831399e-07,0.0
green_green_0fc2ad3611e4,0.0,0.0,80,0.0300000000000002,0.0092147203782229,0.008796899932203,0.0,2.2977905325854105e-07,2.2977905329110594e-07,2.2977905325854105e-07,0.0
green_green_0fc2ad3611e4,0.0,0.0,80,0.04,0.0092824687686812,0.008907781868075,0.0,2.50525963161255e-07,2.505259632352208e-07,2.50525963161255e-07,0.0
green_green_0fc2ad3611e4,0.0,0.0,80,0.0499999999999998,0.0093747148394999,0.0090402749660427,0.0,2.761274371610629e-07,2.761274371577836e-07,2.761274371610629e-07,0.0
green_green_0fc2ad3611e4,0.0,0.0,80,0.0600000000000005,0.0094927044276935,0.0091956046437702,0.0,3.077261852102253e-07,3.07726185182604e-07,3.077261852102253e-07,0.0
green_green_0fc2ad3611e4,0.0,0.0,80,0.0700000000000002,0.0096380417759241,0.0093753036393935,0.0,3.4682646382186085e-07,3.468264638071122e-07,3.4682646382186085e-07,0.0
green_green_0fc2ad3611e4,0.0,0.0,80,0.08,0.0098127392118489,0.0095812560605996,0.0,3.954215433075226e-07,3.954215433002686e-07,3.954215433075226e-07,0.0
green_green_0fc2ad3611e4,0.0,0.0,80,0.0899999999999998,0.0100192819287192,0.0098157542045269,0.0,4.561738003659995e-07,4.5617380037683803e-07,4.561738003659995e-07,0.0
green_green_0fc2ad3611e4,0.0,0.0,80,0.1000000000000005,0.0102607117296068,0.0100815714340494,0.0,5.326718344376158e-07,5.326718344954463e-07,5.326718344376158e-07,0.0
green_green_0fc2ad3611e4,0.0,0.0,80,0.1100000000000003,0.010540735012484,0.0103820555761595,0.0,6.298017492603808e-07,6.298017492541443e-07,6.298017492603808e-07,0.0
green_green_0fc2ad3611e4,0.0,0.0,80,0.1200000000000001,0.0108638622304695,0.0107212489386387,0.0,7.542898984707557e-07,7.542898984760206e-07,7.542898984707557e-07,0.0
green_green_0fc2ad3611e4,0.0,0.0,80,0.1299999999999999,0.0112355888129683,0.0111040433291419,0.0,9.155067646823472e-07,9.155067646915886e-07,9.155067646823472e-07,0.0
green_green_0fc2ad3611e4,0.0,0.0,80,0.1399999999999996,0.01166263146197,0.011536381719925,0.0,1.1266744575222449e-06,1.1266744575167982e-06,1.1266744575222449e-06,0.0
green_green_0fc2ad3611e4,0.0,0.0,80,0.1500000000000003,0.0121532394343542,0.0120255229147332,0.0,1.406707961047313e-06,1.4067079610439978e-06,1.406707961047313e-06,0.0
green_green_0fc2ad3611e4,0.0,0.0,80,0.1600000000000001,0.0127176088144278,0.0125803924986377,0.0,1.7830683675149764e-06,1.7830683675044844e-06,1.7830683675149764e-06,0.0
green_green_0fc2ad3611e4,0.0,0.0,80,0.1699999999999999,0.0133684403580019,0.0132120536946821,0.0,2.29626153417793e-06,2.296261534198252e-06,2.29626153417793e-06,0.0
green_green_0fc2ad3611e4,0.0,0.0,80,0.1799999999999997,0.0141217006788078,0.0139343474790488,0.0,3.0070646411716795e-06,3.007064641195908e-06,3.0070646411716795e-06,0.0
green_green_0fc2ad3611e4,0.0,0.0,80,0.1900000000000004,0.0149976764029722,0.0147647756880199,0.0,4.008371376303704e-06,4.008371376307287e-06,4.008371376303704e-06,0.0
green_green_0fc2ad3611e4,0.0,0.0,80,0.2000000000000001,0.0160224583611699,0.0157257394474965,0.0,5.445037474473552e-06,5.445037474450714e-06,5.445037474473552e-06,0.0
green_green_0fc2ad3611e4,0.0,0.0,80,0.2099999999999999,0.0172300700515352,0.016846307774116,0.0,7.547933556872288e-06,7.547933556859073e-06,7.547933556872288e-06,0.0
green_green_0fc2ad3611e4,0.0,0.0,80,0.2199999999999997,0.0186655833396152,0.0181647950385667,0.0,1.0693924827446196e-05,1.0693924827450288e-05,1.0693924827446196e-05,0.0
green_green_0fc2ad3611e4,0.0,0.0,80,0.2300000000000004,0.0203897852295008,0.0197326032991455,0.0,1.551460593249093e-05,1.5514605932484476e-05,1.551460593249093e-05,0.0
green_green_0fc2ad3611e4,0.0,0.0,80,0.2400000000000002,0.0224863503805508,0.0216200976846511,0.0,2.3099817006598385e-05,2.309981700661941e-05,2.3099817006598385e-05,0.0
green_green_0fc2ad3611e4,0.0,0.0,80,0.25,0.0250731896950822,0.0239258514513404,0.0,3.539236511760018e-05,3.5392365117636194e-05,3.539236511760018e-05,0.0
green_green_0fc2ad3611e4,0.0,0.0,80,0.2599999999999998,0.0283210060446971,0.0267916717428076,0.0,5.5984816568985766e-05,5.598481656899788e-05,5.5984816568985766e-05,0.0
green_green_0fc2ad3611e4,0.0,0.0,80,0.2700000000000004,0.0324847847542347,0.0304279326148823,0.0,9.180230908012816e-05,9.180230908014994e-05,9.180230908012816e-05,0.0
green_green_0fc2ad3611e4,0.0,0.0,80,0.2800000000000002,0.037959533859315,0.0351580960054727,0.0,0.0001568444145641,0.0001568444145641,0.0001568444145641,0.0
green_green_0fc2ad3611e4,0.0,0.0,80,0.29,0.0453837123226928,0.0415006853623752,0.0,0.0002810107363713,0.0002810107363712,0.0002810107363713,0.0
green_green_0fc2ad3611e4,0.0,0.0,80,0.2999999999999998,0.0558412155211744,0.0503280876875561,0.0,0.0005323720036655,0.0005323720036656,0.0005323720036655,0.0
green_green_0fc2ad3611e4,0.0,0.0,80,0.3100000000000005,0.071276135433769,0.0631902169041064,0.0,0.0010778380479446,0.0010778380479446,0.0010778380479446,0.0
green_green_0fc2ad3611e4,0.0,0.0,80,0.3200000000000003,0.0953713872091066,0.0829976223340888,0.0,0.0023625899783718,0.0023625899783716,0.0023625899783718,0.0
green_green_0fc2ad3611e4,0.0,0.0,80,0.33,0.1353001257899427,0.115401600990974,0.0,0.0056801120563792,0.0056801120563792,0.0056801120563792,0.0
green_green_0fc2ad3611e4,0.0,0.0,80,0.3399999999999998,0.2034861217481392,0.1704485230446682,0.0,0.0149670914122665,0.014967091412266,0.0149670914122665,0.0
green_green_0fc2ad3611e4,0.0,0.0,80,0.3500000000000005,0.305722205066198,0.2554748962581785,0.0,0.0405177626002906,0.0405177626002905,0.0405177626002906,0.0
green_green_0fc2ad3611e4,0.0,0.0,80,0.3600000000000003,0.3907772296292205,0.3381912777047319,0.0,0.0931515145095107,0.0931515145095107,0.0931515145095107,0.0
green_green_0fc2ad3611e4,0.0,0.0,80,0.3700000000000001,0.4063196587750332,0.366121740355697,0.0,0.1570463717036143,0.1570463717036141,0.1570463717036143,0.0
green_green_0fc2ad3611e4,0.0,0.0,80,0.3799999999999999,0.3924818512230128,0.3501050342770456,0.0,0.2045597083030966,0.2045597083030968,0.2045597083030966,0.0
green_green_0fc2ad3611e4,0.0,0.0,80,0.3899999999999997,0.3870258263309911,0.3384693121395818,0.0,0.2447335794141898,0.2447335794141896,0.2447335794141898,0.0
green_green_0fc2ad3611e4,0.0,0.0,80,0.4000000000000003,0.3701383016999147,0.3273911463320852,0.0,0.2785235818401251,0.2785235818401244,0.2785235818401251,0.0
green_green_0fc2ad3611e4,0.0,0.0,80,0.4100000000000001,0.3141247636622735,0.2926055644445418,0.0,0.2808871037787113,0.2808871037787115,0.2808871037787113,0.0
green_green_0fc2ad3611e4,0.0,0.0,80,0.4199999999999999,0.2734327369146078,0.2714397837941175,0.0,0.2866297051226179,0.2866297051226181,0.2866297051226179,0.0
green_green_0fc2ad3611e4,0.0,0.0,80,0.4299999999999997,0.2752066901623183,0.2879527012108492,0.0,0.3248107352528712,0.3248107352528702,0.3248107352528712,0.0
green_green_0fc2ad3611e4,0.0,0.0,80,0.4400000000000004,0.2820099349582404,0.2980912829323487,0.0,0.3529740343187768,0.3529740343187765,0.3529740343187768,0.0
green_green_0fc2ad3611e4,0.0,0.0,80,0.4500000000000002,0.2552785225760777,0.2614472386019467,0.0,0.3318786467576374,0.3318786467576372,0.3318786467576374,0.0
green_green_0fc2ad3611e4,0.0,0.0,80,0.4599999999999999,0.2270745086847551,0.2265749516379911,0.0,0.3128362450046137,0.3128362450046145,0.3128362450046137,0.0
green_green_0fc2ad3611e4,0.0,0.0,80,0.4699999999999997,0.2340591189078107,0.23015698840132,0.0,0.3350138768395295,0.3350138768395291,0.3350138768395295,0.0
green_green_0fc2ad3611e4,0.0,0.0,80,0.4800000000000004,0.2792311754548463,0.2719020775168501,0.0,0.3868588656022206,0.3868588656022197,0.3868588656022206,0.0
green_green_0fc2ad3611e4,0.0,0.0,80,0.4900000000000002,0.297502691399768,0.2914235336329739,0.0,0.4106573886372425,0.4106573886372419,0.4106573886372425,0.0
green_green_0fc2ad3611e4,0.0,0.0,80,0.5,0.2452300140786078,0.246547687050426,0.0,0.3761139143570383,0.3761139143570374,0.3761139143570383,0.0
green_green_0fc2ad3611e4,0.0,0.0,80,0.5099999999999998,0.1943916210631677,0.2028355432239941,0.0,0.3471557048559073,0.3471557048559071,0.3471557048559073,0.0
green_green_0fc2ad3611e4,0.0,0.0,80,0.5200000000000005,0.1812084751357817,0.1974229216327911,0.0,0.3555929128922729,0.3555929128922726,0.3555929128922729,0.0
green_green_0fc2ad3611e4,0.0,0.0,80,0.5300000000000002,0.2067658939871999,0.2340372075397428,0.0,0.4013640057403859,0.4013640057403848,0.4013640057403859,0.0
green_green_0fc2ad3611e4,0.0,0.0,80,0.54,0.2504555062705398,0.2896851675207388,0.0,0.4585909933464643,0.4585909933464644,0.4585909933464643,0.0
green_green_0fc2ad3611e4,0.0,0.0,80,0.5499999999999998,0.2426920160121446,0.2818063773922983,0.0,0.4605094924242588,0.4605094924242592,0.4605094924242588,0.0
green_green_0fc2ad3611e4,0.0,0.0,80,0.5600000000000005,0.1914972050037023,0.2212091102696029,0.0,0.4142471331406499,0.41424713314065,0.4142471331406499,0.0
green_green_0fc2ad3611e4,0.0,0.0,80,0.5700000000000003,0.1612274849670754,0.1848096906716126,0.0,0.3837741506931981,0.383774150693198,0.3837741506931981,0.0
green_green_0fc2ad3611e4,0.0,0.0,80,0.5800000000000001,0.1647792788690068,0.187373462586057,0.0,0.3913520698214197,0.3913520698214198,0.3913520698214197,0.0
green_green_0fc2ad3611e4,0.0,0.0,80,0.5899999999999999,0.2025058249935159,0.2283708552078052,0.0,0.4414745647506775,0.4414745647506775,0.4414745647506775,0.0
green_green_0fc2ad3611e4,0.0,0.0,80,0.6000000000000005,0.2584078625188064,0.2890378580256564,0.0,0.5167300126170106,0.5167300126170115,0.5167300126170106,0.0
green_green_0fc2ad3611e4,0.0,0.0,80,0.6100000000000003,0.261829694192937,0.2925397021290795,0.0,0.5357264338367145,0.5357264338367146,0.5357264338367145,0.0
green_green_0fc2ad3611e4,0.0,0.0,80,0.6200000000000001,0.2045613636061747,0.231240872956684,0.0,0.4793738322682915,0.4793738322682911,0.4793738322682915,0.0
green_green_0fc2ad3611e4,0.0,0.0,80,0.6299999999999999,0.1619436240285219,0.1869731846614878,0.0,0.428827347282556,0.4288273472825558,0.428827347282556,0.0
green_green_0fc2ad3611e4,0.0,0.0,80,0.6399999999999997,0.1524061757717081,0.1801779185423564,0.0,0.4208819790314223,0.4208819790314234,0.4208819790314223,0.0
green_green_0fc2ad3611e4,0.0,0.0,80,0.6500000000000004,0.1702873787806247,0.2064714889680729,0.0,0.4649966475178399,0.4649966475178401,0.4649966475178399,0.0
green_green_0fc2ad3611e4,0.0,0.0,80,0.6600000000000001,0.2094694868439515,0.2611117676299888,0.0,0.5492652904100677,0.5492652904100674,0.5492652904100677,0.0
green_green_0fc2ad3611e4,0.0,0.0,80,0.6699999999999999,0.2430759163590098,0.3082692802254325,0.0,0.6103226601352445,0.6103226601352424,0.6103226601352445,0.0
green_green_0fc2ad3611e4,0.0,0.0,80,0.6799999999999997,0.2146042281980597,0.2736058780941715,0.0,0.5736618444321159,0.5736618444321158,0.5736618444321159,0.0
green_green_0fc2ad3611e4,0.0,0.0,80,0.6900000000000004,0.1671330638802588,0.213374617687448,0.0,0.500370926301306,0.5003709263013056,0.500370926301306,0.0
green_green_0fc2ad3611e4,0.0,0.0,80,0.7000000000000002,0.1449198806061014,0.1851830216606234,0.0,0.4673847048937499,0.4673847048937503,0.4673847048937499,0.0
green_green_0fc2ad3611e4,0.0,0.0,80,0.71,0.1455519341578481,0.1853647929247677,0.0,0.4856263560604035,0.4856263560604034,0.4856263560604035,0.0
green_green_0fc2ad3611e4,0.0,0.0,80,0.7199999999999998,0.1703155895174216,0.2151592312390767,0.0,0.5424846523939105,0.5424846523939113,0.5424846523939105,0.0
green_green_0fc2ad3611e4,0.0,0.0,80,0.7300000000000004,0.2222210994619534,0.2790584531812054,0.0,0.626543817208063,0.6265438172080627,0.626543817208063,0.0
green_green_0fc2ad3611e4,0.0,0.0,80,0.7400000000000002,0.2530490853989118,0.3202025258768008,0.0,0.6700338300697516,0.670033830069751,0.6700338300697516,0.0
green_green_0fc2ad3611e4,0.0,0.0,80,0.75,0.210761020389846,0.2763381199135951,0.0,0.6184057018298464,0.618405701829847,0.6184057018298464,0.0
green_green_0fc2ad3611e4,0.0,0.0,80,0.7599999999999998,0.1591813120280277,0.2184449401534387,0.0,0.5557588737098131,0.5557588737098137,0.5557588737098131,0.0
green_green_0fc2ad3611e4,0.0,0.0,80,0.7700000000000005,0.1335960614232961,0.1850436389119666,0.0,0.5248504358763453,0.5248504358763453,0.5248504358763453,0.0
green_green_0fc2ad3611e4,0.0,0.0,80,0.7800000000000002,0.1340741924200799,0.1835959645612731,0.0,0.5323884080460657,0.5323884080460655,0.5323884080460657,0.0
green_green_0fc2ad3611e4,0.0,0.0,80,0.79,0.161670578090216,0.2190849387877782,0.0,0.5868552208168909,0.5868552208168908,0.5868552208168909,0.0
green_green_0fc2ad3611e4,0.0,0.0,80,0.7999999999999998,0.2155238885577788,0.2904605209980374,0.0,0.6783085959192027,0.6783085959192023,0.6783085959192027,0.0
green_green_0fc2ad3611e4,0.0,0.0,80,0.8100000000000005,0.2532142801936642,0.3414815581885632,0.0,0.738885245550317,0.7388852455503168,0.738885245550317,0.0
green_green_0fc2ad3611e4,0.0,0.0,80,0.8200000000000003,0.2202832557853359,0.2980495700614941,0.0,0.6981095580914742,0.6981095580914743,0.6981095580914742,0.0
green_green_0fc2ad3611e4,0.0,0.0,80,0.8300000000000001,0.1666824376618587,0.2253749462346956,0.0,0.6137356777743104,0.6137356777743103,0.6137356777743104,0.0
green_green_0fc2ad3611e4,0.0,0.0,80,0.8399999999999999,0.1397947959435246,0.1867970749077359,0.0,0.5626204964770962,0.5626204964770957,0.5626204964770962,0.0
green_green_0fc2ad3611e4,0.0,0.0,80,0.8500000000000005,0.1417483273149576,0.1854916996221705,0.0,0.5634966294073811,0.5634966294073813,0.5634966294073811,0.0
green_green_0fc2ad3611e4,0.0,0.0,80,0.8600000000000003,0.1650202595276253,0.2214324971940896,0.0,0.6192483148061929,0.6192483148061934,0.6192483148061929,0.0
green_green_0fc2ad3611e4,0.0,0.0,80,0.8700000000000001,0.1971747446491177,0.2981993511277922,0.0,0.7242208297381607,0.7242208297381613,0.7242208297381607,0.0
green_green_0fc2ad3611e4,0.0,0.0,80,0.8799999999999999,0.220036108810646,0.3671839171702501,0.0,0.8106745273505126,0.8106745273505117,0.8106745273505126,0.0
green_green_0fc2ad3611e4,0.0,0.0,80,0.8899999999999997,0.191601919025968,0.326365563961992,0.0,0.7699228348214553,0.7699228348214551,0.7699228348214553,0.0
green_green_0fc2ad3611e4,0.0,0.0,80,0.9000000000000004,0.1466741000840482,0.2441186147798442,0.0,0.668751891351741,0.6687518913517415,0.668751891351741,0.0
green_green_0fc2ad3611e4,0.0,0.0,80,0.91,0.1239998999786194,0.1987016603413741,0.0,0.6042461879961389,0.6042461879961392,0.6042461879961389,0.0
green_green_0fc2ad3611e4,0.0,0.0,80,0.92,0.1252600458330775,0.1927562927260842,0.0,0.596095667964293,0.5960956679642931,0.596095667964293,0.0
green_green_0fc2ad3611e4,0.0,0.0,80,0.9299999999999996,0.1514579599487551,0.2246018093670349,0.0,0.6464306668698656,0.646430666869866,0.6464306668698656,0.0
green_green_0fc2ad3611e4,0.0,0.0,80,0.9400000000000004,0.2086525062098664,0.3005226777407698,0.0,0.7535869163295893,0.7535869163295897,0.7535869163295893,0.0
green_green_0fc2ad3611e4,0.0,0.0,80,0.9500000000000002,0.2751241726871061,0.388162889603695,0.0,0.8643238218542065,0.8643238218542058,0.8643238218542065,0.0
green_green_0fc2ad3611e4,0.0,0.0,80,0.96,0.2659073554070234,0.3704407387671825,0.0,0.8505800507140934,0.8505800507140934,0.8505800507140934,0.0
green_green_0fc2ad3611e4,0.0,0.0,80,0.9699999999999998,0.197118855305331,0.2800985094611603,0.0,0.7425517676848483,0.7425517676848483,0.7425517676848483,0.0
green_green_0fc2ad3611e4,0.0,0.0,80,0.9800000000000004,0.1450086397645295,0.2214031407243593,0.0,0.661133313110739,0.6611333131107392,0.661133313110739,0.0
green_green_0fc2ad3611e4,0.0,0.0,80,0.9900000000000002,0.1224800578144462,0.2069252653396204,0.0,0.6394681952143818,0.6394681952143813,0.6394681952143818,0.0
green_green_0fc2ad3611e4,0.0,0.0,80,1.0,0.1240983873249772,0.2327823292068987,0.0,0.6803079683186746,0.6803079683186748,0.6803079683186746,0.0
green_green_0fc2ad3611e4,0.0,0.0,80,1.0099999999999998,0.1493728790256002,0.3048538796429734,0.0,0.7860388090331352,0.7860388090331343,0.7860388090331352,0.0
green_green_0fc2ad3611e4,0.0,0.0,80,1.0200000000000005,0.1906963569423332,0.4074017189214403,0.0,0.9210459759259482,0.9210459759259476,0.9210459759259482,0.0
green_green_0fc2ad3611e4,0.0,0.0,80,1.0300000000000002,0.1996664143523078,0.4250557586404186,0.0,0.9502864774509272,0.9502864774509284,0.9502864774509272,0.0
green_green_0fc2ad3611e4,0.0,0.0,80,1.04,0.1667600741521375,0.3338946297189688,0.0,0.8454865512631482,0.8454865512631481,0.8454865512631482,0.0
green_green_0fc2ad3611e4,0.0,0.0,80,1.0499999999999998,0.1443177229685608,0.2609798012929162,0.0,0.7483094524226753,0.7483094524226752,0.7483094524226753,0.0
green_green_0fc2ad3611e4,0.0,0.0,80,1.0600000000000005,0.1387357519899315,0.2356083547312047,0.0,0.717103192433231,0.7171031924332312,0.717103192433231,0.0
green_green_0fc2ad3611e4,0.0,0.0,80,1.0700000000000005,0.1480097977541235,0.2520917820321599,0.0,0.7506599859214012,0.7506599859214009,0.7506599859214012,0.0
green_green_0fc2ad3611e4,0.0,0.0,80,1.08,0.1852736475947939,0.3178826867274946,0.0,0.8494110725501552,0.8494110725501552,0.8494110725501552,0.0
green_green_0fc2ad3611e4,0.0,0.0,80,1.09,0.2475653930994531,0.4272248855276744,0.0,0.9899168130358452,0.9899168130358468,0.9899168130358452,0.0
green_green_0fc2ad3611e4,0.0,0.0,80,1.1000000000000003,0.2740502126819737,0.4867195705393052,0.0,1.0677537131714625,1.0677537131714618,1.0677537131714625,0.0
green_green_0fc2ad3611e4,0.0,0.0,80,1.1100000000000003,0.224575887264674,0.4168518048471707,0.0,1.00943080847297,1.0094308084729695,1.00943080847297,0.0
green_green_0fc2ad3611e4,0.0,0.0,80,1.12,0.1632253602294003,0.3197340267299578,0.0,0.9003705410958734,0.9003705410958742,0.9003705410958734,0.0
green_green_0fc2ad3611e4,0.0,0.0,80,1.13,0.1297961587334917,0.274034704257122,0.0,0.8399587863749646,0.8399587863749648,0.8399587863749646,0.0
green_green_0fc2ad3611e4,0.0,0.0,80,1.1400000000000006,0.1221870763990706,0.2823400787810126,0.0,0.8539606376399387,0.8539606376399395,0.8539606376399387,0.0
green_green_0fc2ad3611e4,0.0,0.0,80,1.1500000000000004,0.1371679396839175,0.3462661762777742,0.0,0.9516574033342152,0.951657403334215,0.9516574033342152,0.0
green_green_0fc2ad3611e4,0.0,0.0,80,1.16,0.1751199513860618,0.4720872894824429,0.0,1.126920983540748,1.126920983540747,1.126920983540748,0.0
green_green_0fc2ad3611e4,0.0,0.0,80,1.17,0.2074583419951566,0.5734838451791286,0.0,1.2651429230019189,1.2651429230019189,1.2651429230019189,0.0
green_green_0fc2ad3611e4,0.0,0.0,80,1.1799999999999995,0.1844890380303666,0.5008504836388884,0.0,1.2041955001716242,1.2041955001716234,1.2041955001716242,0.0
green_green_0fc2ad3611e4,0.0,0.0,80,1.1900000000000004,0.1453945067518024,0.3795909870693762,0.0,1.0626962355715632,1.0626962355715637,1.0626962355715632,0.0
green_green_0fc2ad3611e4,0.0,0.0,80,1.2000000000000002,0.1284122795458051,0.3217488323129607,0.0,0.9848355310562856,0.984835531056286,0.9848355310562856,0.0
green_green_0fc2ad3611e4,0.0,0.0,80,1.21,0.1369371957670498,0.3311947128562167,0.0,1.0009371248388232,1.0009371248388224,1.0009371248388232,0.0
green_green_0fc2ad3611e4,0.0,0.0,80,1.2199999999999998,0.1731237333581899,0.4098635186210586,0.0,1.115782705457691,1.1157827054576912,1.115782705457691,0.0
green_green_0fc2ad3611e4,0.0,0.0,80,1.2300000000000004,0.2371735174031983,0.5561780493043952,0.0,1.305214573657126,1.305214573657125,1.305214573657126,0.0
green_green_0fc2ad3611e4,0.0,0.0,80,1.2400000000000002,0.2790988651874723,0.6510373214292756,0.0,1.4198803078174922,1.4198803078174929,1.4198803078174922,0.0
green_green_0fc2ad3611e4,0.0,0.0,80,1.25,0.2413630080272783,0.5633011055258057,0.0,1.3343888105461883,1.3343888105461876,1.3343888105461883,0.0
green_green_0fc2ad3611e4,0.0,0.0,80,1.2599999999999998,0.1832371147582548,0.4388924182627183,0.0,1.200599686722135,1.2005996867221345,1.200599686722135,0.0
green_green_0fc2ad3611e4,0.0,0.0,80,1.2700000000000005,0.1483775687970164,0.3778118928880579,0.0,1.1280962589385222,1.1280962589385228,1.1280962589385222,0.0
green_green_0fc2ad3611e4,0.0,0.0,80,1.2800000000000002,0.1393182906976382,0.3922200759918466,0.0,1.1484384093447786,1.1484384093447786,1.1484384093447786,0.0
green_green_0fc2ad3611e4,0.0,0.0,80,1.29,0.1457688120188199,0.4844925170220448,0.0,1.2756392662202944,1.275639266220294,1.2756392662202944,0.0
green_green_0fc2ad3611e4,0.0,0.0,80,1.2999999999999998,0.1668079894381807,0.6484399829485663,0.0,1.4868295343356164,1.4868295343356142,1.4868295343356164,0.0
green_green_0fc2ad3611e4,0.0,0.0,80,1.3100000000000005,0.1780213644091439,0.7276513857860164,0.0,1.593520070798135,1.5935200707981363,1.593520070798135,0.0
green_green_0fc2ad3611e4,0.0,0.0,80,1.3200000000000005,0.1565993289958917,0.5957238955926356,0.0,1.4595476242039225,1.4595476242039225,1.4595476242039225,0.0
green_green_0fc2ad3611e4,0.0,0.0,80,1.33,0.1401891396828202,0.4588905880100125,0.0,1.2923035981762503,1.2923035981762512,1.2923035981762503,0.0
green_green_0fc2ad3611e4,0.0,0.0,80,1.34,0.1440965276576738,0.4112436297686612,0.0,1.228236783925508,1.2282367839255088,1.228236783925508,0.0
green_green_0fc2ad3611e4,0.0,0.0,80,1.3500000000000003,0.1675391766614649,0.4497500311238763,0.0,1.281193289820458,1.2811932898204592,1.281193289820458,0.0
green_green_0fc2ad3611e4,0.0,0.0,80,1.3600000000000003,0.2189190203319034,0.5751806505932338,0.0,1.4365595685028485,1.4365595685028478,1.4365595685028485,0.0
green_green_0fc2ad3611e4,0.0,0.0,80,1.37,0.2820566815398465,0.7377974342360007,0.0,1.6248330654681111,1.6248330654681102,1.6248330654681111,0.0
green_green_0fc2ad3611e4,0.0,0.0,80,1.38,0.2809409108490651,0.7387481706237972,0.0,1.6389600164114226,1.6389600164114206,1.6389600164114226,0.0
green_green_0fc2ad3611e4,0.0,0.0,80,1.3900000000000006,0.2133652621004047,0.5727754777205668,0.0,1.456710364624501,1.4567103646245,1.456710364624501,0.0
green_green_0fc2ad3611e4,0.0,0.0,80,1.4000000000000004,0.1617490556628223,0.4545942346304078,0.0,1.30641843183627,1.3064184318362704,1.30641843183627,0.0
green_green_0fc2ad3611e4,0.0,0.0,80,1.41,0.1415985407966338,0.4307971681574302,0.0,1.2740689215491408,1.2740689215491403,1.2740689215491408,0.0
green_green_0fc2ad3611e4,0.0,0.0,80,1.42,0.1441596653360005,0.4980294242683183,0.0,1.3636467132468275,1.3636467132468255,1.3636467132468275,0.0
green_green_0fc2ad3611e4,0.0,0.0,80,1.4299999999999995,0.1643475609436119,0.6557540397119039,0.0,1.5553284654622046,1.5553284654622048,1.5553284654622046,0.0
green_green_0fc2ad3611e4,0.0,0.0,80,1.4400000000000004,0.1858376003604355,0.785775628919892,0.0,1.6968486482973102,1.6968486482973106,1.6968486482973102,0.0
green_green_0fc2ad3611e4,0.0,0.0,80,1.4500000000000002,0.1711153563667826,0.6860512195895083,0.0,1.5886178842972176,1.588617884297219,1.5886178842972176,0.0
green_green_0fc2ad3611e4,0.0,0.0,80,1.46,0.1438479761373932,0.5163622841113744,0.0,1.3851695173986418,1.3851695173986425,1.3851695173986418,0.0
green_green_0fc2ad3611e4,0.0,0.0,80,1.4699999999999998,0.1366672691900278,0.4326956423867917,0.0,1.271834835491751,1.271834835491752,1.271834835491751,0.0
green_green_0fc2ad3611e4,0.0,0.0,80,1.4800000000000004,0.1572681330519187,0.4440401426706019,0.0,1.2851977716054968,1.2851977716054974,1.2851977716054968,0.0
green_green_0fc2ad3611e4,0.0,0.0,80,1.4900000000000002,0.2123731654473412,0.5516305482791024,0.0,1.4212959718458948,1.4212959718458988,1.4212959718458948,0.0
green_green_0fc2ad3611e4,0.0,0.0,80,1.5,0.2908433351347845,0.7228437193626487,0.0,1.6114985212124189,1.6114985212124184,1.6114985212124189,0.0
green_green_0fc2ad3611e4,0.0,0.0,80,1.5099999999999998,0.3027679556558563,0.7491040836886745,0.0,1.6289063977324274,1.6289063977324263,1.6289063977324274,0.0
green_green_0fc2ad3611e4,0.0,0.0,80,1.5200000000000005,0.2273642145886269,0.5826731572533312,0.0,1.4324166852049849,1.4324166852049829,1.4324166852049849,0.0
green_green_0fc2ad3611e4,0.0,0.0,80,1.5300000000000002,0.1626789145325523,0.4502794725729016,0.0,1.2584576089436978,1.2584576089436983,1.2584576089436978,0.0
green_green_0fc2ad3611e4,0.0,0.0,80,1.54,0.1324421240836461,0.4125005128812514,0.0,1.2018969736845446,1.2018969736845435,1.2018969736845446,0.0
green_green_0fc2ad3611e4,0.0,0.0,80,1.5499999999999998,0.1293369599485076,0.4650617749912902,0.0,1.267854261099691,1.267854261099692,1.267854261099691,0.0
green_green_0fc2ad3611e4,0.0,0.0,80,1.5600000000000005,0.1482079214637089,0.6065800940003806,0.0,1.4331398303539562,1.4331398303539562,1.4331398303539562,0.0
green_green_0fc2ad3611e4,0.0,0.0,80,1.5700000000000005,0.1683303001055858,0.730276003156289,0.0,1.555903704354521,1.5559037043545203,1.555903704354521,0.0
green_green_0fc2ad3611e4,0.0,0.0,80,1.58,0.1550814932831305,0.6395514388024371,0.0,1.4450644847285592,1.4450644847285612,1.4450644847285592,0.0
green_green_0fc2ad3611e4,0.0,0.0,80,1.59,0.1344530453362271,0.4802849687740159,0.0,1.2473827129699724,1.2473827129699713,1.2473827129699724,0.0
green_green_0fc2ad3611e4,0.0,0.0,80,1.6000000000000003,0.1345719016861062,0.4007867012880294,0.0,1.1363845049535446,1.1363845049535444,1.1363845049535446,0.0
green_green_0fc2ad3611e4,0.0,0.0,80,1.6100000000000003,0.1621353471568968,0.4087921866972298,0.0,1.1418710456600487,1.1418710456600487,1.1418710456600487,0.0
green_green_0fc2ad3611e4,0.0,0.0,80,1.62,0.225267838208737,0.50391688326838,0.0,1.256345459309959,1.25634545930996,1.256345459309959,0.0
green_green_0fc2ad3611e4,0.0,0.0,80,1.63,0.3096846376163842,0.6508753453333094,0.0,1.4116537173477983,1.4116537173477968,1.4116537173477983,0.0
green_green_0fc2ad3611e4,0.0,0.0,80,1.6400000000000006,0.3164285258546116,0.660668131802994,0.0,1.4076626633213256,1.4076626633213274,1.4076626633213256,0.0
green_green_0fc2ad3611e4,0.0,0.0,80,1.6500000000000004,0.2344634263597092,0.5121653253604003,0.0,1.230851021121378,1.2308510211213768,1.230851021121378,0.0
green_green_0fc2ad3611e4,0.0,0.0,80,1.66,0.1673367415188326,0.4018730561599988,0.0,1.0856694572801011,1.0856694572801004,1.0856694572801011,0.0
green_green_0fc2ad3611e4,0.0,0.0,80,1.67,0.1363134815991561,0.376366768538897,0.0,1.0457961905865103,1.0457961905865083,1.0457961905865103,0.0
green_green_0fc2ad3611e4,0.0,0.0,80,1.6799999999999995,0.1330662581022106,0.4327822650885611,0.0,1.112736908417289,1.1127369084172891,1.112736908417289,0.0
green_green_0fc2ad3611e4,0.0,0.0,80,1.6900000000000004,0.1504809709964535,0.562141858585736,0.0,1.2543013381610049,1.2543013381610062,1.2543013381610049,0.0
green_green_0fc2ad3611e4,0.0,0.0,80,1.7000000000000002,0.1636068978750898,0.6386524915491881,0.0,1.3216024476698618,1.3216024476698622,1.3216024476698618,0.0
green_green_0fc2ad3611e4,0.0,0.0,80,1.71,0.1485630810731225,0.5313983370483426,0.0,1.194604470455154,1.1946044704551528,1.194604470455154,0.0
green_green_0fc2ad3611e4,0.0,0.0,80,1.7199999999999998,0.1364197946506121,0.4061190564176104,0.0,1.038089863355265,1.0380898633552644,1.038089863355265,0.0
green_green_0fc2ad3611e4,0.0,0.0,80,1.7300000000000004,0.1480291090011217,0.3577595874245277,0.0,0.969417125884388,0.9694171258843892,0.969417125884388,0.0
green_green_0fc2ad3611e4,0.0,0.0,80,1.7400000000000002,0.1913953513927823,0.3877987959572509,0.0,1.0020747229525306,1.0020747229525298,1.0020747229525306,0.0
green_green_0fc2ad3611e4,0.0,0.0,80,1.75,0.2731517660822665,0.4931019057654923,0.0,1.118155192099155,1.118155192099155,1.118155192099155,0.0
green_green_0fc2ad3611e4,0.0,0.0,80,1.7599999999999998,0.344890834731515,0.5937935143388122,0.0,1.212333738208646,1.2123337382086463,1.212333738208646,0.0
green_green_0fc2ad3611e4,0.0,0.0,80,1.7700000000000005,0.301865808847376,0.5290070948217866,0.0,1.1323199117900915,1.1323199117900913,1.1323199117900915,0.0
green_green_0fc2ad3611e4,0.0,0.0,80,1.7800000000000002,0.2131845687200284,0.4041402311023744,0.0,0.982315317661971,0.9823153176619724,0.982315317661971,0.0
green_green_0fc2ad3611e4,0.0,0.0,80,1.79,0.1585992053502624,0.3442693522363392,0.0,0.9013262071916626,0.9013262071916628,0.9013262071916626,0.0
green_green_0fc2ad3611e4,0.0,0.0,80,1.7999999999999998,0.1386479600019333,0.3599258110079176,0.0,0.914909654791064,0.914909654791064,0.914909654791064,0.0
green_green_0fc2ad3611e4,0.0,0.0,80,1.8100000000000005,0.1442374348281219,0.4483575903029678,0.0,1.0105137656015772,1.010513765601578,1.0105137656015772,0.0
green_green_0fc2ad3611e4,0.0,0.0,80,1.8200000000000005,0.1596680438327803,0.5489182930653175,0.0,1.1042887369724628,1.1042887369724603,1.1042887369724628,0.0
green_green_0fc2ad3611e4,0.0,0.0,80,1.83,0.1548744052479135,0.5060484377507,0.0,1.048230448798142,1.0482304487981422,1.048230448798142,0.0
green_green_0fc2ad3611e4,0.0,0.0,80,1.84,0.1437453717815353,0.3899668300110457,0.0,0.9123056201038828,0.9123056201038834,0.9123056201038828,0.0
green_green_0fc2ad3611e4,0.0,0.0,80,1.8500000000000003,0.1539821387195553,0.3302447898241542,0.0,0.8338483227602048,0.8338483227602053,0.8338483227602048,0.0
green_green_0fc2ad3611e4,0.0,0.0,80,1.8600000000000003,0.1967674247704264,0.3430200090531939,0.0,0.8430777329437894,0.8430777329437891,0.8430777329437894,0.0
green_green_0fc2ad3611e4,0.0,0.0,80,1.87,0.2800539663957923,0.4245782724896646,0.0,0.927649632990486,0.927649632990486,0.927649632990486,0.0
green_green_0fc2ad3611e4,0.0,0.0,80,1.88,0.3594291182756414,0.5129551177055293,0.0,1.0063934740428042,1.006393474042803,1.0063934740428042,0.0
green_green_0fc2ad3611e4,0.0,0.0,80,1.8900000000000008,0.3219529139523474,0.4671455838950974,0.0,0.9488371535376902,0.9488371535376906,0.9488371535376902,0.0
green_green_0fc2ad3611e4,0.0,0.0,80,1.9000000000000004,0.2288472691182234,0.3628285598285538,0.0,0.8284233497706319,0.8284233497706323,0.8284233497706319,0.0
green_green_0fc2ad3611e4,0.0,0.0,80,1.91,0.1698007165672166,0.314441434575374,0.0,0.7652186591329485,0.7652186591329483,0.7652186591329485,0.0
green_green_0fc2ad3611e4,0.0,0.0,80,1.92,0.1478047425561224,0.3355284960073507,0.0,0.7831831787843266,0.783183178784327,0.7831831787843266,0.0
green_green_0fc2ad3611e4,0.0,0.0,80,1.93,0.151775786322876,0.4182680383713681,0.0,0.8636736528683642,0.8636736528683641,0.8636736528683642,0.0
green_green_0fc2ad3611e4,0.0,0.0,80,1.9400000000000004,0.1613735894902057,0.4806787060186052,0.0,0.912987453711144,0.9129874537111444,0.912987453711144,0.0
green_green_0fc2ad3611e4,0.0,0.0,80,1.95,0.15521427089286,0.414319282390277,0.0,0.8370197694958983,0.8370197694958988,0.8370197694958983,0.0
green_green_0fc2ad3611e4,0.0,0.0,80,1.96,0.1557705548646052,0.3273580919122792,0.0,0.7366931574022383,0.7366931574022381,0.7366931574022383,0.0
green_green_0fc2ad3611e4,0.0,0.0,80,1.97,0.1848840015155904,0.3010071271998128,0.0,0.7000425858462048,0.7000425858462055,0.7000425858462048,0.0
green_green_0fc2ad3611e4,0.0,0.0,80,1.9800000000000004,0.2546474677480557,0.3407392814300202,0.0,0.7364265291726338,0.7364265291726337,0.7364265291726338,0.0
green_green_0fc2ad3611e4,0.0,0.0,80,1.99,0.3521378229493468,0.4231452928258951,0.0,0.8089448287784141,0.8089448287784144,0.8089448287784141,0.0
green_green_0fc2ad3611e4,0.0,0.0,80,2.0,0.3676260495919959,0.4349607332594585,0.0,0.8079480706268783,0.8079480706268778,0.8079480706268783,0.0
green_green_0fc2ad3611e4,0.0,0.0,80,2.01,0.2765499908234628,0.3513043663248527,0.0,0.7168987508808752,0.7168987508808744,0.7168987508808752,0.0
green_green_0fc2ad3611e4,0.0,0.0,80,2.0200000000000005,0.1989360223425872,0.2940122650139121,0.0,0.648971093939023,0.6489710939390231,0.648971093939023,0.0
green_green_0fc2ad3611e4,0.0,0.0,80,2.03,0.1636714132195231,0.2998663365704365,0.0,0.6480684667585803,0.6480684667585804,0.6480684667585803,0.0
green_green_0fc2ad3611e4,0.0,0.0,80,2.04,0.15930879474925,0.3628293505970442,0.0,0.7026423569489477,0.7026423569489478,0.7026423569489477,0.0
green_green_0fc2ad3611e4,0.0,0.0,80,2.05,0.1659032988190643,0.4146887009042717,0.0,0.7388018462050829,0.7388018462050832,0.7388018462050829,0.0
green_green_0fc2ad3611e4,0.0,0.0,80,2.0600000000000005,0.1641826227953612,0.3621694235117407,0.0,0.6798368110746684,0.6798368110746681,0.6798368110746684,0.0
green_green_0fc2ad3611e4,0.0,0.0,80,2.0700000000000003,0.173850465592657,0.2932994650350222,0.0,0.6040151129029157,0.6040151129029169,0.6040151129029157,0.0
green_green_0fc2ad3611e4,0.0,0.0,80,2.08,0.2172752153005752,0.2793241517635763,0.0,0.5822241230780916,0.5822241230780907,0.5822241230780916,0.0
green_green_0fc2ad3611e4,0.0,0.0,80,2.09,0.3052204106609721,0.3236743928935634,0.0,0.6173073016909209,0.6173073016909209,0.6173073016909209,0.0
green_green_0fc2ad3611e4,0.0,0.0,80,2.1000000000000005,0.391885313253753,0.3812950856298903,0.0,0.6579442568902931,0.6579442568902931,0.6579442568902931,0.0
green_green_0fc2ad3611e4,0.0,0.0,80,2.1100000000000003,0.3549467374183388,0.3522426519816948,0.0,0.6211646013729792,0.621164601372979,0.6211646013729792,0.0
green_green_0fc2ad3611e4,0.0,0.0,80,2.12,0.2562834808847637,0.2861071167416642,0.0,0.5513592033934862,0.5513592033934863,0.5513592033934862,0.0
green_green_0fc2ad3611e4,0.0,0.0,80,2.13,0.1946716424702368,0.2661943470956807,0.0,0.5242902354199881,0.5242902354199873,0.5242902354199881,0.0
green_green_0fc2ad3611e4,0.0,0.0,80,2.140000000000001,0.1737729757473449,0.3020257201896462,0.0,0.5490597408691001,0.5490597408691,0.5490597408691001,0.0
green_green_0fc2ad3611e4,0.0,0.0,80,2.1500000000000004,0.1753284957297853,0.352343615631399,0.0,0.5811050457800804,0.5811050457800799,0.5811050457800804,0.0
green_green_0fc2ad3611e4,0.0,0.0,80,2.16,0.1782247361447775,0.3264333182831685,0.0,0.5480941785236862,0.5480941785236861,0.5480941785236862,0.0
green_green_0fc2ad3611e4,0.0,0.0,80,2.17,0.1938833298753546,0.2689444633328218,0.0,0.4887941197695382,0.4887941197695375,0.4887941197695382,0.0
green_green_0fc2ad3611e4,0.0,0.0,80,2.18,0.2468144835618113,0.2556404234437198,0.0,0.4685378123438418,0.4685378123438422,0.4685378123438418,0.0
green_green_0fc2ad3611e4,0.0,0.0,80,2.1900000000000004,0.3447737628147557,0.2924065922480877,0.0,0.4911003891586332,0.4911003891586333,0.4911003891586332,0.0
green_green_0fc2ad3611e4,0.0,0.0,80,2.2,0.4152048088308775,0.3266863838075738,0.0,0.5070696409061839,0.507069640906184,0.5070696409061839,0.0
green_green_0fc2ad3611e4,0.0,0.0,80,2.21,0.3510012463160222,0.2895047037858455,0.0,0.4665940281444646,0.4665940281444649,0.4665940281444646,0.0
green_green_0fc2ad3611e4,0.0,0.0,80,2.22,0.2554729706844496,0.2464579916337007,0.0,0.4218903756402383,0.4218903756402385,0.4218903756402383,0.0
green_green_0fc2ad3611e4,0.0,0.0,80,2.2300000000000004,0.2051255337525228,0.2503542902334978,0.0,0.4164136836360933,0.4164136836360934,0.4164136836360933,0.0
green_green_0fc2ad3611e4,0.0,0.0,80,2.24,0.1929030802008767,0.2892995929892991,0.0,0.4365593700344341,0.4365593700344337,0.4365593700344341,0.0
green_green_0fc2ad3611e4,0.0,0.0,80,2.25,0.1969240908035942,0.2916885796208684,0.0,0.4265749542109112,0.4265749542109107,0.4265749542109112,0.0
green_green_0fc2ad3611e4,0.0,0.0,80,2.26,0.2162311660741346,0.247429473908028,0.0,0.3830720473858918,0.3830720473858913,0.3830720473858918,0.0
green_green_0fc2ad3611e4,0.0,0.0,80,2.2700000000000005,0.2749032355643392,0.2301443138192443,0.0,0.3606799110663319,0.3606799110663314,0.3606799110663319,0.0
green_green_0fc2ad3611e4,0.0,0.0,80,2.28,0.378273130270406,0.2550172659914794,0.0,0.369407930039935,0.3694079300399353,0.369407930039935,0.0
green_green_0fc2ad3611e4,0.0,0.0,80,2.29,0.4360400692171482,0.2735671731690544,0.0,0.3707840433848083,0.3707840433848086,0.3707840433848083,0.0
green_green_0fc2ad3611e4,0.0,0.0,80,2.3,0.3588053067064096,0.2411751480997196,0.0,0.3375661025803376,0.3375661025803378,0.3375661025803376,0.0
green_green_0fc2ad3611e4,0.0,0.0,80,2.3100000000000005,0.2685204847438963,0.2173880924505039,0.0,0.3113214738533214,0.3113214738533216,0.3113214738533214,0.0
green_green_0fc2ad3611e4,0.0,0.0,80,2.3200000000000003,0.2278201851025556,0.2325581546278862,0.0,0.3119077882219515,0.3119077882219512,0.3119077882219515,0.0
green_green_0fc2ad3611e4,0.0,0.0,80,2.33,0.2237806936138842,0.2498958808030981,0.0,0.3116801947354666,0.3116801947354665,0.3116801947354666,0.0
green_green_0fc2ad3611e4,0.0,0.0,80,2.34,0.2443492991134,0.2244441960010124,0.0,0.2846439365174423,0.2846439365174419,0.2846439365174423,0.0
green_green_0fc2ad3611e4,0.0,0.0,80,2.3500000000000005,0.306863879499657,0.2044604516719318,0.0,0.2621753062567442,0.2621753062567444,0.2621753062567442,0.0
green_green_0fc2ad3611e4,0.0,0.0,80,2.3600000000000003,0.4136210957218026,0.2175439387171909,0.0,0.2600464847190652,0.2600464847190653,0.2600464847190652,0.0
green_green_0fc2ad3611e4,0.0,0.0,80,2.37,0.46050198484393,0.2253738286116676,0.0,0.253187221351479,0.253187221351479,0.253187221351479,0.0
green_green_0fc2ad3611e4,0.0,0.0,80,2.38,0.3766814316955415,0.2011605746412862,0.0,0.2287461135634034,0.2287461135634035,0.2287461135634034,0.0
green_green_0fc2ad3611e4,0.0,0.0,80,2.390000000000001,0.2951392724736176,0.1918613094938896,0.0,0.213593301717769,0.2135933017177688,0.213593301717769,0.0
green_green_0fc2ad3611e4,0.0,0.0,80,2.4000000000000004,0.2680975583969974,0.2043559209679698,0.0,0.2095356692709936,0.209535669270994,0.2095356692709936,0.0
green_green_0fc2ad3611e4,0.0,0.0,80,2.41,0.2848388021077952,0.1963743557697993,0.0,0.1943405132271174,0.1943405132271173,0.1943405132271174,0.0
green_green_0fc2ad3611e4,0.0,0.0,80,2.42,0.3510874049388955,0.1784814612141403,0.0,0.1752429462806219,0.1752429462806218,0.1752429462806219,0.0
green_green_0fc2ad3611e4,0.0,0.0,80,2.43,0.4600334902365142,0.1822025618136536,0.0,0.166684991677559,0.1666849916775589,0.166684991677559,0.0
green_green_0fc2ad3611e4,0.0,0.0,80,2.4400000000000004,0.4921636687635255,0.1820397323771074,0.0,0.1556436518379366,0.1556436518379369,0.1556436518379366,0.0
green_green_0fc2ad3611e4,0.0,0.0,80,2.45,0.4066516393275214,0.1661534296079918,0.0,0.1385051447422902,0.1385051447422902,0.1385051447422902,0.0
green_green_0fc2ad3611e4,0.0,0.0,80,2.46,0.3445609755903462,0.164591560261584,0.0,0.1276978532708864,0.1276978532708866,0.1276978532708864,0.0
green_green_0fc2ad3611e4,0.0,0.0,80,2.47,0.3489646957154632,0.1633291579449043,0.0,0.1166300440678707,0.1166300440678707,0.1166300440678707,0.0
green_green_0fc2ad3611e4,0.0,0.0,80,2.4800000000000004,0.4198569336761245,0.1507192689991729,0.0,0.1020664755663887,0.1020664755663887,0.1020664755663887,0.0
green_green_0fc2ad3611e4,0.0,0.0,80,2.49,0.5282002677576568,0.1482590247081523,0.0,0.0913149273050379,0.091314927305038,0.0913149273050379,0.0
green_green_0fc2ad3611e4,0.0,0.0,80,2.5,0.5380835565156626,0.1425737443090141,0.0,0.0796185061555509,0.0796185061555509,0.0796185061555509,0.0
green_green_0fc2ad3611e4,0.0,0.0,80,2.51,0.4657522379250933,0.1333477887672033,0.0,0.0676110088245164,0.0676110088245165,0.0676110088245164,0.0
green_green_0fc2ad3611e4,0.0,0.0,80,2.5200000000000005,0.4538475409781216,0.1293809548995348,0.0,0.0573177358512276,0.0573177358512276,0.0573177358512276,0.0
green_green_0fc2ad3611e4,0.0,0.0,80,2.53,0.531849531647232,0.1203618262606361,0.0,0.0464929817875575,0.0464929817875575,0.0464929817875575,0.0
green_green_0fc2ad3611e4,0.0,0.0,80,2.54,0.6319250915132527,0.1139104245983022,0.0,0.0369152993137832,0.0369152993137831,0.0369152993137832,0.0
green_green_0fc2ad3611e4,0.0,0.0,80,2.55,0.6262022809437556,0.1054652153188502,0.0,0.0278198333373528,0.0278198333373528,0.0278198333373528,0.0
green_green_0fc2ad3611e4,0.0,0.0,80,2.5600000000000005,0.6200815022225507,0.0972616279329592,0.0,0.0198006443431281,0.0198006443431281,0.0198006443431281,0.0
green_green_0fc2ad3611e4,0.0,0.0,80,2.5700000000000003,0.7118883356558288,0.0879458169390575,0.0,0.0128734047386274,0.0128734047386274,0.0128734047386274,0.0
green_green_0fc2ad3611e4,0.0,0.0,80,2.58,0.7986363397774294,0.0781153573091628,0.0,0.007351075482165,0.007351075482165,0.007351075482165,0.0
green_green_0fc2ad3611e4,0.0,0.0,80,2.59,0.8401814252757575,0.0672164150203949,0.0,0.0034103408193844,0.0034103408193843,0.0034103408193844,0.0
green_green_0fc2ad3611e4,0.0,0.0,80,2.6000000000000005,0.9078881702858492,0.0554575089143088,0.0,0.0011335788449505,0.0011335788449505,0.0011335788449505,0.0
green_green_0fc2ad3611e4,0.0,0.0,80,2.6100000000000003,0.863108966317393,0.043502374844488,0.0,0.0002312348546796,0.0002312348546796,0.0002312348546796,0.0
green_green_0fc2ad3611e4,0.0,0.0,80,2.62,0.6561669732255826,0.0332644952297632,0.0,2.9634158992346203e-05,2.9634158992346213e-05,2.9634158992346203e-05,0.0
green_green_0fc2ad3611e4,0.0,0.0,80,2.63,0.430009170963022,0.0261120922016967,0.0,3.2959652711091103e-06,3.295965271109108e-06,3.2959652711091103e-06,0.0
green_green_0fc2ad3611e4,0.0,0.0,80,2.640000000000001,0.2828514296725121,0.0214595801323193,0.0,4.105680681422618e-07,4.105680681422624e-07,4.105680681422618e-07,0.0
green_green_0fc2ad3611e4,0.0,0.0,80,2.6500000000000004,0.1969912464091532,0.0183211467860954,0.0,6.088478820932699e-08,6.088478820932694e-08,6.088478820932699e-08,0.0
green_green_0fc2ad3611e4,0.0,0.0,80,2.66,0.1451464344910767,0.0160759759616171,0.0,1.0608379279922821e-08,1.0608379279922833e-08,1.0608379279922821e-08,0.0
green_green_0fc2ad3611e4,0.0,0.0,80,2.67,0.1119112083239455,0.0143853716669076,0.0,2.116776381284301e-09,2.116776381284301e-09,2.116776381284301e-09,0.0
green_green_0fc2ad3611e4,0.0,0.0,80,2.68,0.0893879649226394,0.0130600241836524,0.0,4.726637503270996e-10,4.726637503271002e-10,4.726637503270996e-10,0.0
green_green_0fc2ad3611e4,0.0,0.0,80,2.6900000000000004,0.0733989948668448,0.0119879785449198,0.0,1.1594693654720541e-10,1.1594693654720555e-10,1.1594693654720541e-10,0.0
green_green_0fc2ad3611e4,0.0,0.0,80,2.7,0.0616096832328114,0.0110992098181013,0.0,3.079836787360005e-11,3.079836787360003e-11,3.079836787360005e-11,0.0
green_green_0fc2ad3611e4,0.0,0.0,80,2.71,0.0526424127086288,0.0103477256618941,0.0,8.758716434719673e-12,8.758716434719668e-12,8.758716434719673e-12,0.0
green_green_0fc2ad3611e4,0.0,0.0,80,2.72,0.0456438902662608,0.0097020449759062,0.0,2.6429787165528948e-12,2.642978716552899e-12,2.6429787165528948e-12,0.0
green_green_0fc2ad3611e4,0.0,0.0,80,2.7300000000000004,0.0400629572503587,0.0091398576905754,0.0,8.401248432353549e-13,8.401248432353567e-13,8.401248432353549e-13,0.0
green_green_0fc2ad3611e4,0.0,0.0,80,2.74,0.0355305488342805,0.0086448818093934,0.0,2.796560250677717e-13,2.7965602506777143e-13,2.796560250677717e-13,0.0
green_green_0fc2ad3611e4,0.0,0.0,80,2.75,0.0317917442949773,0.0082049334495524,0.0,9.700883432351134e-14,9.700883432351137e-14,9.700883432351134e-14,0.0
green_green_0fc2ad3611e4,0.0,0.0,80,2.76,0.0286656689480138,0.0078106970198124,0.0,3.492427198462109e-14,3.4924271984621086e-14,3.492427198462109e-14,0.0
green_green_0fc2ad3611e4,0.0,0.0,80,2.7700000000000005,0.0260209446338259,0.0074549158014449,0.0,1.3003727034175148e-14,1.300372703417514e-14,1.3003727034175148e-14,0.0
green_green_0fc2ad3611e4,0.0,0.0,80,2.78,0.0237601629413694,0.0071318439243813,0.0,4.99283171121759e-15,4.992831711217591e-15,4.99283171121759e-15,0.0
green_green_0fc2ad3611e4,0.0,0.0,80,2.79,0.0218097782208463,0.0068368659590192,0.0,1.971769077913604e-15,1.9717690779136016e-15,1.971769077913604e-15,0.0
green_green_0fc2ad3611e4,0.0,0.0,80,2.8,0.0201133580140207,0.0065662269661758,0.0,7.991565130995855e-16,7.991565130995856e-16,7.991565130995855e-16,0.0
green_green_0fc2ad3611e4,0.0,0.0,80,2.8100000000000005,0.018626971416011,0.006316837131158,0.0,3.317653732620675e-16,3.3176537326206696e-16,3.317653732620675e-16,0.0
green_green_0fc2ad3611e4,0.0,0.0,80,2.8200000000000003,0.0173159729079147,0.0060861278669207,0.0,1.4083504810505808e-16,1.4083504810505806e-16,1.4083504810505808e-16,0.0
green_green_0fc2ad3611e4,0.0,0.0,80,2.83,0.0161527175607208,0.0058719441366507,0.0,6.1039705301217e-17,6.103970530121703e-17,6.1039705301217e-17,0.0
green_green_0fc2ad3611e4,0.0,0.0,80,2.84,0.0151149105130967,0.0056724627185512,0.0,2.6974244042501677e-17,2.697424404250166e-17,2.6974244042501677e-17,0.0
green_green_0fc2ad3611e4,0.0,0.0,80,2.8500000000000005,0.0141843963743475,0.0054861293517383,0.0,1.2139358449630373e-17,1.2139358449630368e-17,1.2139358449630373e-17,0.0
green_green_0fc2ad3611e4,0.0,0.0,80,2.8600000000000003,0.0133462588876799,0.0053116098259555,0.0,5.557492648953935e-18,5.557492648953939e-18,5.557492648953935e-18,0.0
green_green_0fc2ad3611e4,0.0,0.0,80,2.87,0.012588142772161,0.0051477515070631,0.0,2.5856603097245083e-18,2.5856603097245068e-18,2.5856603097245083e-18,0.0
green_green_0fc2ad3611e4,0.0,0.0,80,2.88,0.0118997369128322,0.0049935527689147,0.0,1.2214785126744861e-18,1.2214785126744861e-18,1.2214785126744861e-18,0.0
green_green_0fc2ad3611e4,0.0,0.0,80,2.890000000000001,0.0112723762451831,0.0048481384830896,0.0,5.854220485434537e-19,5.85422048543454e-19,5.854220485434537e-19,0.0
green_green_0fc2ad3611e4,0.0,0.0,80,2.9000000000000004,0.0106987320032182,0.0047107401986192,0.0,2.8444532606840105e-19,2.8444532606840134e-19,2.8444532606840105e-19,0.0
green_green_0fc2ad3611e4,0.0,0.0,80,2.91,0.0101725684814677,0.0045806799878132,0.0,1.400166096747745e-19,1.400166096747745e-19,1.400166096747745e-19,0.0
green_green_0fc2ad3611e4,0.0,0.0,80,2.92,0.0096885503802581,0.0044573571835347,0.0,6.97814161656788e-20,6.978141616567872e-20,6.97814161656788e-20,0.0
green_green_0fc2ad3611e4,0.0,0.0,80,2.9300000000000006,0.0092420889882854,0.0043402374160022,0.0,3.519080266746048e-20,3.5190802667460434e-20,3.519080266746048e-20,0.0
green_green_0fc2ad3611e4,0.0,0.0,80,2.9400000000000004,0.0088292184510888,0.0042288434926162,0.0,1.794801615253865e-20,1.794801615253862e-20,1.794801615253865e-20,0.0
green_green_0fc2ad3611e4,0.0,0.0,80,2.95,0.0084464955411863,0.0041227477656897,0.0,9.253102441219012e-21,9.253102441219015e-21,9.253102441219012e-21,0.0
green_green_0fc2ad3611e4,0.0,0.0,80,2.96,0.0080909179306484,0.0040215657095858,0.0,4.8199553406609455e-21,4.8199553406609455e-21,4.8199553406609455e-21,0.0
green_green_0fc2ad3611e4,0.0,0.0,80,2.97,0.0077598571376435,0.0039249504871877,0.0,2.5357025332652416e-21,2.535702533265239e-21,2.5357025332652416e-21,0.0
green_green_0fc2ad3611e4,0.0,0.0,80,2.9800000000000004,0.0074510031913344,0.0038325883305534,0.0,1.3467304591806324e-21,1.3467304591806328e-21,1.3467304591806324e-21,0.0
green_green_0fc2ad3611e4,0.0,0.0,80,2.99,0.007162318715958,0.0037441945954152,0.0,7.218200711380612e-22,7.218200711380615e-22,7.218200711380612e-22,0.0
green_green_0fc2ad3611e4,0.0,0.0,80,3.0,0.0068920006327065,0.0036595103763653,0.0,3.902943487581412e-22,3.9029434875814097e-22,3.902943487581412e-22,0.0
green_green_0fc2ad3611e4,0.0,0.0,80,3.01,0.0066384480584603,0.0035782995909357,0.0,2.1282820670068974e-22,2.1282820670069e-22,2.1282820670068974e-22,0.0
green_green_0fc2ad3611e4,0.0,0.0,80,3.02,0.0064002352732995,0.0035003464576865,0.0,1.1700567363139582e-22,1.170056736313958e-22,1.1700567363139582e-22,0.0
green_green_0fc2ad3611e4,0.0,0.0,80,3.03,0.0061760888557797,0.0034254533068852,0.0,6.483366477615367e-23,6.48336647761536e-23,6.483366477615367e-23,0.0
green_green_0fc2ad3611e4,0.0,0.0,80,3.040000000000001,0.0059648682621553,0.0033534386731426,0.0,3.619865991115072e-23,3.619865991115069e-23,3.619865991115072e-23,0.0
green_green_0fc2ad3611e4,0.0,0.0,80,3.0500000000000007,0.0057655492648869,0.003284135628064,0.0,2.0359716309807762e-23,2.0359716309807762e-23,2.0359716309807762e-23,0.0
green_green_0fc2ad3611e4,0.0,0.0,80,3.0600000000000005,0.0055772097757046,0.0032173903180093,0.0,1.1532765205157071e-23,1.1532765205157056e-23,1.1532765205157071e-23,0.0
green_green_0fc2ad3611e4,0.0,0.0,80,3.0700000000000003,0.005399017665844,0.003153060677785,0.0,6.577768053201661e-24,6.577768053201664e-24,6.577768053201661e-24,0.0
green_green_0fc2ad3611e4,0.0,0.0,80,3.08,0.0052302202658471,0.0030910152957786,0.0,3.776705986342194e-24,3.776705986342196e-24,3.776705986342194e-24,0.0
green_green_0fc2ad3611e4,0.0,0.0,80,3.09,0.005070135283347,0.0030311324098971,0.0,2.182470244666748e-24,2.1824702446667493e-24,2.182470244666748e-24,0.0
green_green_0fc2ad3611e4,0.0,0.0,80,3.1,0.0049181429224645,0.0029732990168484,0.0,1.2691108694843211e-24,1.2691108694843215e-24,1.2691108694843211e-24,0.0
green_green_0fc2ad3611e4,0.0,0.0,80,3.1099999999999994,0.0047736790251061,0.002917410079943,0.0,7.424831944104949e-25,7.424831944104944e-25,7.424831944104949e-25,0.0
green_green_0fc2ad3611e4,0.0,0.0,80,3.120000000000001,0.0046362290842995,0.0028633678227839,0.0,4.369514646971625e-25,4.3695146469716205e-25,4.369514646971625e-25,0.0
green_green_0fc2ad3611e4,0.0,0.0,80,3.130000000000001,0.004505323004129,0.0028110810980478,0.0,2.5862268039045285e-25,2.586226803904527e-25,2.5862268039045285e-25,0.0
green_green_0fc2ad3611e4,0.0,0.0,80,3.140000000000001,0.0043805305008884,0.0027604648220946,0.0,1.5392799056363446e-25,1.5392799056363453e-25,1.5392799056363446e-25,0.0
green_green_0fc2ad3611e4,0.0,0.0,80,3.1500000000000004,0.0042614570566082,0.0027114394674407,0.0,9.211282698583582e-26,9.211282698583584e-26,9.211282698583582e-26,0.0
green_green_0fc2ad3611e4,0.0,0.0,80,3.16,0.0041477403498115,0.0026639306062195,0.0,5.541292412742967e-26,5.541292412742965e-26,5.541292412742967e-26,0.0
green_green_0fc2ad3611e4,0.0,0.0,80,3.17,0.0040390470997248,0.00261786849868,0.0,3.350658753417435e-26,3.350658753417436e-26,3.350658753417435e-26,0.0
green_green_0fc2ad3611e4,0.0,0.0,80,3.18,0.0039350702696598,0.0025731877215642,0.0,2.03619732371006e-26,2.0361973237100603e-26,2.03619732371006e-26,0.0
green_green_0fc2ad3611e4,0.0,0.0,80,3.1899999999999995,0.0038355265832172,0.0025298268318692,0.0,1.2434401463116259e-26,1.243440146311625e-26,1.2434401463116259e-26,0.0
green_green_0fc2ad3611e4,0.0,0.0,80,3.1999999999999997,0.0037401543136263,0.0024877280620805,0.0,7.629435757454041e-27,7.629435757454034e-27,7.629435757454041e-27,0.0
green_green_0fc2ad3611e4,0.0,0.0,80,3.210000000000001,0.0036487113121439,0.0024468370434483,0.0,4.702965678027832e-27,4.702965678027828e-27,4.702965678027832e-27,0.0
green_green_0fc2ad3611e4,0.0,0.0,80,3.2200000000000006,0.003560973246175,0.0024071025543086,0.0,2.912154790119341e-27,2.9121547901193417e-27,2.912154790119341e-27,0.0
green_green_0fc2ad3611e4,0.0,0.0,80,3.2300000000000004,0.0034767320217906,0.0023684762908093,0.0,1.811230441143212e-27,1.8112304411432104e-27,1.811230441143212e-27,0.0
green_green_0fc2ad3611e4,0.0,0.0,80,3.24,0.0033957943687291,0.0023309126577222,0.0,1.13137025795166e-27,1.1313702579516624e-27,1.13137025795166e-27,0.0
green_green_0fc2ad3611e4,0.0,0.0,80,3.25,0.0033179805688728,0.0022943685772913,0.0,7.096832056670682e-28,7.0968320566706865e-28,7.096832056670682e-28,0.0
green_green_0fc2ad3611e4,0.0,0.0,80,3.26,0.0032431233116711,0.0022588033143079,0.0,4.470041857693743e-28,4.4700418576937445e-28,4.470041857693743e-28,0.0
green_green_0fc2ad3611e4,0.0,0.0,80,3.27,0.0031710666621085,0.0022241783158073,0.0,2.8268715202548653e-28,2.826871520254865e-28,2.8268715202548653e-28,0.0
green_green_0fc2ad3611e4,0.0,0.0,80,3.28,0.0031016651286377,0.0021904570639645,0.0,1.7947731860294612e-28,1.7947731860294616e-28,1.7947731860294612e-28,0.0
green_green_0fc2ad3611e4,0.0,0.0,80,3.290000000000001,0.0030347828200699,0.0021576049409223,0.0,1.143892200102824e-28,1.1438922001028232e-28,1.143892200102824e-28,0.0
green_green_0fc2ad3611e4,0.0,0.0,80,3.3000000000000007,0.0029702926817673,0.0021255891044232,0.0,7.318077095119316e-29,7.318077095119319e-29,7.318077095119316e-29,0.0
green_green_0fc2ad3611e4,0.0,0.0,80,3.3100000000000005,0.0029080758026524,0.0020943783732409,0.0,4.6990580688599394e-29,4.6990580688599416e-29,4.6990580688599394e-29,0.0
green_green_0fc2ad3611e4,0.0,0.0,80,3.3200000000000003,0.0028480207855657,0.0020639431215084,0.0,3.0282615860697626e-29,3.0282615860697626e-29,3.0282615860697626e-29,0.0
green_green_0fc2ad3611e4,0.0,0.0,80,3.33,0.0027900231743808,0.0020342551811398,0.0,1.9584507016021325e-29,1.958450701602131e-29,1.9584507016021325e-29,0.0
green_green_0fc2ad3611e4,0.0,0.0,80,3.34,0.0027339849320544,0.0020052877516211,0.0,1.2709767473128886e-29,1.2709767473128886e-29,1.2709767473128886e-29,0.0
green_green_0fc2ad3611e4,0.0,0.0,80,3.35,0.002679813964456,0.0019770153165221,0.0,8.276340150181643e-30,8.276340150181649e-30,8.276340150181643e-30,0.0
green_green_0fc2ad3611e4,0.0,0.0,80,3.3599999999999994,0.0026274236854045,0.0019494135661453,0.0,5.4073673072728575e-30,5.4073673072728575e-30,5.4073673072728575e-30,0.0
green_green_0fc2ad3611e4,0.0,0.0,80,3.370000000000001,0.0025767326188514,0.0019224593257842,0.0,3.54447742205841e-30,3.544477422058409e-30,3.54447742205841e-30,0.0
green_green_0fc2ad3611e4,0.0,0.0,80,3.380000000000001,0.0025276640345969,0.0018961304891184,0.0,2.330828135221092e-30,2.330828135221096e-30,2.330828135221092e-30,0.0
green_green_0fc2ad3611e4,0.0,0.0,80,3.390000000000001,0.0024801456143182,0.0018704059563142,0.0,1.5375658811189976e-30,1.5375658811189992e-30,1.5375658811189976e-30,0.0
green_green_0fc2ad3611e4,0.0,0.0,80,3.4000000000000004,0.0024341091450369,0.0018452655764452,0.0,1.0174128779638588e-30,1.0174128779638596e-30,1.0174128779638588e-30,0.0
green_green_0fc2ad3611e4,0.0,0.0,80,3.41,0.0023894902374551,0.0018206900938781,0.0,6.752678920358984e-31,6.7526789203589895e-31,6.752678920358984e-31,0.0
green_green_0fc2ad3611e4,0.0,0.0,80,3.42,0.0023462280668611,0.0017966610983075,0.0,4.495173424440959e-31,4.495173424440958e-31,4.495173424440959e-31,0.0
green_green_0fc2ad3611e4,0.0,0.0,80,3.43,0.0023042651345432,0.0017731609781485,0.0,3.0011321093713108e-31,3.001132109371311e-31,3.0011321093713108e-31,0.0
green_green_0fc2ad3611e4,0.0,0.0,80,3.4399999999999995,0.0022635470478596,0.0017501728770235,0.0,2.0094148355009776e-31,2.0094148355009785e-31,2.0094148355009776e-31,0.0
green_green_0fc2ad3611e4,0.0,0.0,80,3.4499999999999997,0.0022240223173025,0.0017276806531046,0.0,1.3492055026738647e-31,1.3492055026738666e-31,1.3492055026738647e-31,0.0
green_green_0fc2ad3611e4,0.0,0.0,80,3.460000000000001,0.0021856421690563,0.0017056688410906,0.0,9.084257270507883e-32,9.084257270507892e-32,9.084257270507883e-32,0.0
green_green_0fc2ad3611e4,0.0,0.0,80,3.4700000000000006,0.0021483603717032,0.0016841226166222,0.0,6.133141577551714e-32,6.133141577551714e-32,6.133141577551714e-32,0.0
green_green_0fc2ad3611e4,0.0,0.0,80,3.4800000000000004,0.0021121330758551,0.0016630277629492,0.0,4.151822746733869e-32,4.1518227467338716e-32,4.151822746733869e-32,0.0
green_green_0fc2ad3611e4,0.0,0.0,80,3.49,0.0020769186656137,0.0016423706396873,0.0,2.817976927601993e-32,2.817976927601997e-32,2.817976927601993e-32,0.0
green_green_0fc2ad3611e4,0.0,0.0,80,3.5,0.0020426776208622,0.0016221381535073,0.0,1.917608658693624e-32,1.9176086586936242e-32,1.917608658693624e-32,0.0
green_green_0fc2ad3611e4,0.0,0.0,80,3.51,0.0020093723894873,0.0016023177306207,0.0,1.3082419586645174e-32,1.3082419586645174e-32,1.3082419586645174e-32,0.0
green_green_0fc2ad3611e4,0.0,0.0,80,3.52,0.0019769672687138,0.0015828972909307,0.0,8.947543730894528e-33,8.947543730894529e-33,8.947543730894528e-33,0.0
green_green_0fc2ad3611e4,0.0,0.0,80,3.53,0.0019454282948102,0.0015638652237321,0.0,6.1346508383535044e-33,6.1346508383535003e-33,6.1346508383535044e-33,0.0
green_green_0fc2ad3611e4,0.0,0.0,80,3.540000000000001,0.0019147231404907,0.0015452103648509,0.0,4.216277573355087e-33,4.21627757335509e-33,4.216277573355087e-33,0.0
green_green_0fc2ad3611e4,0.0,0.0,80,3.5500000000000007,0.0018848210194006,0.0015269219751245,0.0,2.904727326939181e-33,2.9047273269391776e-33,2.904727326939181e-33,0.0
green_green_0fc2ad3611e4,0.0,0.0,80,3.5600000000000005,0.0018556925971262,0.0015089897201304,0.0,2.0058678206197832e-33,2.005867820619784e-33,2.0058678206197832e-33,0.0
green_green_0fc2ad3611e4,0.0,0.0,80,3.5700000000000003,0.0018273099082201,0.0014914036510785,0.0,1.3883672562932093e-33,1.388367256293209e-33,1.3883672562932093e-33,0.0
green_green_0fc2ad3611e4,0.0,0.0,80,3.58,0.0017996462787779,0.00147415418679,0.0,9.631551878658829e-34,9.631551878658827e-34,9.631551878658829e-34,0.0
green_green_0fc2ad3611e4,0.0,0.0,80,3.59,0.0017726762541411,0.001457232096689,0.0,6.696735643307839e-34,6.69673564330784e-34,6.696735643307839e-34,0.0
green_green_0fc2ad3611e4,0.0,0.0,80,3.6,0.0017463755313396,0.0014406284847416,0.0,4.6664919499073416e-34,4.666491949907346e-34,4.6664919499073416e-34,0.0
green_green_0fc2ad3611e4,0.0,0.0,80,3.61,0.0017207208959166,0.0014243347742811,0.0,3.2588488637300787e-34,3.2588488637300787e-34,3.2588488637300787e-34,0.0
green_green_0fc2ad3611e4,0.0,0.0,80,3.620000000000001,0.0016956901628138,0.0014083426936601,0.0,2.280712014153395e-34,2.280712014153394e-34,2.280712014153395e-34,0.0
green_green_0fc2ad3611e4,0.0,0.0,80,3.630000000000001,0.001671262121016,0.0013926442626801,0.0,1.5995423588370251e-34,1.5995423588370266e-34,1.5995423588370251e-34,0.0
green_green_0fc2ad3611e4,0.0,0.0,80,3.640000000000001,0.0016474164816835,0.0013772317797455,0.0,1.1241569745565931e-34,1.1241569745565931e-34,1.1241569745565931e-34,0.0
green_green_0fc2ad3611e4,0.0,0.0,80,3.65,0.0016241338295199,0.0013620978097009,0.0,7.916828863846877e-35,7.916828863846888e-35,7.916828863846877e-35,0.0
green_green_0fc2ad3611e4,0.0,0.0,80,3.66,0.0016013955771461,0.0013472351723053,0.0,5.586709697813138e-35,5.586709697813135e-35,5.586709697813138e-35,0.0
green_green_0fc2ad3611e4,0.0,0.0,80,3.67,0.0015791839222655,0.0013326369313076,0.0,3.9502925474346266e-35,3.9502925474346277e-35,3.9502925474346266e-35,0.0
green_green_0fc2ad3611e4,0.0,0.0,80,3.68,0.0015574818074279,0.0013182963840843,0.0,2.7987155431143755e-35,2.7987155431143755e-35,2.7987155431143755e-35,0.0
green_green_0fc2ad3611e4,0.0,0.0,80,3.69,0.0015362728822099,0.0013042070518068,0.0,1.986702858106324e-35,1.9867028581063256e-35,1.986702858106324e-35,0.0
green_green_0fc2ad3611e4,0.0,0.0,80,3.700000000000001,0.0015155414676463,0.0012903626701066,0.0,1.412993957634095e-35,1.4129939576340948e-35,1.412993957634095e-35,0.0
green_green_0fc2ad3611e4,0.0,0.0,80,3.710000000000001,0.0014952725227591,0.0012767571802082,0.0,1.006861545164418e-35,1.0068615451644184e-35,1.006861545164418e-35,0.0
green_green_0fc2ad3611e4,0.0,0.0,80,3.7200000000000006,0.0014754516130437,0.0012633847205036,0.0,7.18803764484542e-36,7.18803764484542e-36,7.18803764484542e-36,0.0
green_green_0fc2ad3611e4,0.0,0.0,80,3.73,0.0014560648807791,0.0012502396185411,0.0,5.141044795309419e-36,5.141044795309418e-36,5.141044795309419e-36,0.0
green_green_0fc2ad3611e4,0.0,0.0,80,3.74,0.0014370990170436,0.0012373163834061,0.0,3.683684607368367e-36,3.6836846073683744e-36,3.683684607368367e-36,0.0
green_green_0fc2ad3611e4,0.0,0.0,80,3.75,0.0014185412353224,0.0012246096984707,0.0,2.6441937358216263e-36,2.644193735821625e-36,2.6441937358216263e-36,0.0
green_green_0fc2ad3611e4,0.0,0.0,80,3.76,0.0014003792466037,0.0012121144144908,0.0,1.901401708104522e-36,1.901401708104524e-36,1.901401708104522e-36,0.0
green_green_0fc2ad3611e4,0.0,0.0,80,3.77,0.0013826012358686,0.0011998255430326,0.0,1.369665346726039e-36,1.3696653467260377e-36,1.369665346726039e-36,0.0
green_green_0fc2ad3611e4,0.0,0.0,80,3.78,0.0013651958398825,0.001187738250209,0.0,9.883378967868752e-37,9.88337896786875e-37,9.883378967868752e-37,0.0
green_green_0fc2ad3611e4,0.0,0.0,80,3.790000000000001,0.0013481521262092,0.0011758478507087,0.0,7.1439339636516175e-37,7.143933963651604e-37,7.1439339636516175e-37,0.0
green_green_0fc2ad3611e4,0.0,0.0,80,3.8000000000000007,0.0013314595733674,0.0011641498021034,0.0,5.172508610620399e-37,5.172508610620402e-37,5.172508610620399e-37,0.0
green_green_0fc2ad3611e4,0.0,0.0,80,3.810000000000001,0.0013151080520609,0.0011526396994164,0.0,3.7513519725184233e-37,3.751351972518423e-37,3.7513519725184233e-37,0.0
green_green_0fc2ad3611e4,0.0,0.0,80,3.82,0.0012990878074139,0.0011413132699391,0.0,2.7251372632253457e-37,2.72513726322535e-37,2.7251372632253457e-37,0.0
green_green_0fc2ad3611e4,0.0,0.0,80,3.83,0.0012833894421512,0.0011301663682828,0.0,1.982870176222112e-37,1.9828701762221127e-37,1.982870176222112e-37,0.0
green_green_0fc2ad3611e4,0.0,0.0,80,3.84,0.0012680039006655,0.0011191949716528,0.0,1.4450971198586149e-37,1.445097119858615e-37,1.4450971198586149e-37,0.0
green_green_0fc2ad3611e4,0.0,0.0,80,3.85,0.0012529224539174,0.0011083951753324,0.0,1.0548442514061704e-37,1.0548442514061708e-37,1.0548442514061704e-37,0.0
green_green_0fc2ad3611e4,0.0,0.0,80,3.86,0.0012381366851193,0.0010977631883679,0.0,7.711876263601741e-38,7.711876263601743e-38,7.711876263601741e-38,0.0
green_green_0fc2ad3611e4,0.0,0.0,80,3.870000000000001,0.0012236384761558,0.0010872953294416,0.0,5.646823170673153e-38,5.646823170673155e-38,5.646823170673153e-38,0.0
green_green_0fc2ad3611e4,0.0,0.0,80,3.880000000000001,0.0012094199946979,0.0010769880229255,0.0,4.14107328756413e-38,4.141073287564134e-38,4.14107328756413e-38,0.0
green_green_0fc2ad3611e4,0.0,0.0,80,3.890000000000001,0.0011954736819696,0.0010668377951051,0.0,3.0414351337256256e-38,3.041435133725625e-38,3.0414351337256256e-38,0.0
green_green_0fc2ad3611e4,0.0,0.0,80,3.9,0.0011817922411293,0.0010568412705653,0.0,2.237142148184346e-38,2.2371421481843453e-38,2.237142148184346e-38,0.0
green_green_0fc2ad3611e4,0.0,0.0,80,3.91,0.0011683686262316,0.0010469951687299,0.0,1.6479748894968682e-38,1.647974889496867e-38,1.6479748894968682e-38,0.0
green_green_0fc2ad3611e4,0.0,0.0,80,3.92,0.0011551960317345,0.0010372963005476,0.0,1.2157445608152736e-38,1.2157445608152754e-38,1.2157445608152736e-38,0.0
green_green_0fc2ad3611e4,0.0,0.0,80,3.93,0.0011422678825225,0.0010277415653165,0.0,8.981765201532281e-39,8.981765201532289e-39,8.981765201532281e-39,0.0
green_green_0fc2ad3611e4,0.0,0.0,80,3.94,0.0011295778244159,0.0010183279476412,0.0,6.645102595789055e-39,6.645102595789055e-39,6.645102595789055e-39,0.0
green_green_0fc2ad3611e4,0.0,0.0,80,3.950000000000001,0.0011171197151395,0.0010090525145157,0.0,4.92329041739187e-39,4.9232904173918736e-39,4.92329041739187e-39,0.0
green_green_0fc2ad3611e4,0.0,0.0,80,3.960000000000001,0.0011048876157247,0.0009999124125253,0.0,3.6527189399922387e-39,3.6527189399922406e-39,3.6527189399922387e-39,0.0
green_green_0fc2ad3611e4,0.0,0.0,80,3.9700000000000006,0.0010928757823219,0.0009909048651631,0.0,2.7137977786710816e-39,2.7137977786710888e-39,2.7137977786710816e-39,0.0
green_green_0fc2ad3611e4,0.0,0.0,80,3.98,0.0010810786583998,0.000982027170255,0.0,2.0189828918065234e-39,2.0189828918065247e-39,2.0189828918065234e-39,0.0
green_green_0fc2ad3611e4,0.0,0.0,80,3.99,0.001069490867312,0.0009732766974874,0.0,1.5040952727943536e-39,1.504095272794354e-39,1.5040952727943536e-39,0.0
green_green_0fc2ad3611e4,0.0,0.0,80,4.0,0.0010581072052091,0.0009646508860344,0.0,1.1220167454248464e-39,1.122016745424846e-39,1.1220167454248464e-39,0.0
green_green_0fc2ad3611e4,0.0,0.0,80,4.01,0.00104692263428,0.0009561472422783,0.0,8.381050528431958e-40,8.381050528431953e-40,8.381050528431958e-40,0.0
green_green_0fc2ad3611e4,0.0,0.0,80,4.02,0.0010359322763035,0.00094776333762,0.0,6.268543703654219e-40,6.268543703654218e-40,6.268543703654219e-40,0.0
green_green_0fc2ad3611e4,0.0,0.0,80,4.029999999999999,0.0010251314064944,0.0009394968063746,0.0,4.694593474552455e-40,4.694593474552455e-40,4.694593474552455e-40,0.0
green_green_0fc2ad3611e4,0.0,0.0,80,4.040000000000001,0.0010145154476283,0.0009313453437492,0.0,3.5203562410428966e-40,3.520356241042897e-40,3.5203562410428966e-40,0.0
green_green_0fc2ad3611e4,0.0,0.0,80,4.050000000000001,0.0010040799644308,0.000923306703898,0.0,2.6431802709852758e-40,2.643180270985273e-40,2.6431802709852758e-40,0.0
green_green_0fc2ad3611e4,0.0,0.0,80,4.0600000000000005,0.0009938206582184,0.0009153786980523,0.0,1.987068571901144e-40,1.9870685719011436e-40,1.987068571901144e-40,0.0
green_green_0fc2ad3611e4,0.0,0.0,80,4.07,0.0009837333617759,0.0009075591927209,0.0,1.495682022394083e-40,1.4956820223940807e-40,1.495682022394083e-40,0.0
green_green_0fc2ad3611e4,0.0,0.0,80,4.08,0.0009738140344606,0.0008998461079594,0.0,1.1271989676636814e-40,1.1271989676636806e-40,1.1271989676636814e-40,0.0
green_green_0fc2ad3611e4,0.0,0.0,80,4.09,0.0009640587575209,0.0008922374157036,0.0,8.505334768565791e-41,8.505334768565787e-41,8.505334768565791e-41,0.0
green_green_0fc2ad3611e4,0.0,0.0,80,4.1,0.0009544637296178,0.0008847311381654,0.0,6.425493407386338e-41,6.425493407386337e-41,6.425493407386338e-41,0.0
green_green_0fc2ad3611e4,0.0,0.0,80,4.109999999999999,0.0009450252625407,0.0008773253462882,0.0,4.860048454477103e-41,4.860048454477107e-41,4.860048454477103e-41,0.0
green_green_0fc2ad3611e4,0.0,0.0,80,4.120000000000001,0.0009357397771066,0.0008700181582586,0.0,3.680346025223775e-41,3.68034602522377e-41,3.680346025223775e-41,0.0
green_green_0fc2ad3611e4,0.0,0.0,80,4.130000000000001,0.0009266037992343,0.0008628077380734,0.0,2.7902660569344564e-41,2.790266056934458e-41,2.7902660569344564e-41,0.0
green_green_0fc2ad3611e4,0.0,0.0,80,4.140000000000001,0.0009176139561845,0.0008556922941574,0.0,2.1179053229450728e-41,2.117905322945071e-41,2.1179053229450728e-41,0.0
green_green_0fc2ad3611e4,0.0,0.0,80,4.15,0.0009087669729589,0.0008486700780323,0.0,1.6094095066875234e-41,1.6094095066875232e-41,1.6094095066875234e-41,0.0
green_green_0fc2ad3611e4,0.0,0.0,80,4.16,0.0009000596688488,0.000841739383033,0.0,1.2243931362823803e-41,1.2243931362823796e-41,1.2243931362823803e-41,0.0
green_green_0fc2ad3611e4,0.0,0.0,80,4.17,0.0008914889541281,0.000834898543069,0.0,9.325342641338314e-42,9.325342641338304e-42,9.325342641338314e-42,0.0
green_green_0fc2ad3611e4,0.0,0.0,80,4.18,0.0008830518268817,0.0008281459314305,0.0,7.110393816835079e-42,7.110393816835092e-42,7.110393816835079e-42,0.0
green_green_0fc2ad3611e4,0.0,0.0,80,4.19,0.0008747453699651,0.0008214799596362,0.0,5.4275381869001127e-42,5.427538186900113e-42,5.4275381869001127e-42,0.0
green_green_0fc2ad3611e4,0.0,0.0,80,4.200000000000001,0.0008665667480868,0.0008148990763216,0.0,4.1475152895354804e-42,4.147515289535482e-42,4.1475152895354804e-42,0.0
green_green_0fc2ad3611e4,0.0,0.0,80,4.210000000000001,0.0008585132050096,0.0008084017661656,0.0,3.172813525961642e-42,3.1728135259616426e-42,3.172813525961642e-42,0.0
green_green_0fc2ad3611e4,0.0,0.0,80,4.220000000000001,0.0008505820608641,0.0008019865488548,0.0,2.4297868767623506e-42,2.4297868767623506e-42,2.4297868767623506e-42,0.0
green_green_0fc2ad3611e4,0.0,0.0,80,4.23,0.0008427707095699,0.0007956519780826,0.0,1.8627501186239576e-42,1.8627501186239548e-42,1.8627501186239576e-42,0.0
green_green_0fc2ad3611e4,0.0,0.0,80,4.24,0.0008350766163591,0.0007893966405836,0.0,1.4295507190723104e-42,1.429550719072309e-42,1.4295507190723104e-42,0.0
green_green_0fc2ad3611e4,0.0,0.0,80,4.25,0.0008274973153976,0.0007832191551995,0.0,1.0982441998339533e-42,1.0982441998339525e-42,1.0982441998339533e-42,0.0
green_green_0fc2ad3611e4,0.0,0.0,80,4.26,0.0008200304074998,0.0007771181719778,0.0,8.44595069916943e-43,8.445950699169435e-43,8.44595069916943e-43,0.0
green_green_0fc2ad3611e4,0.0,0.0,80,4.27,0.000812673557933,0.0007710923712999,0.0,6.501961483196187e-43,6.501961483196195e-43,6.501961483196187e-43,0.0
green_green_0fc2ad3611e4,0.0,0.0,80,4.279999999999999,0.0008054244943057,0.0007651404630387,0.0,5.0105163306558516e-43,5.010516330655852e-43,5.0105163306558516e-43,0.0
green_green_0fc2ad3611e4,0.0,0.0,80,4.290000000000001,0.0007982810045388,0.0007592611857441,0.0,3.865083502658185e-43,3.865083502658185e-43,3.865083502658185e-43,0.0
green_green_0fc2ad3611e4,0.0,0.0,80,4.300000000000001,0.0007912409349134,0.0007534533058551,0.0,2.9844871758766243e-43,2.9844871758766235e-43,2.9844871758766243e-43,0.0
green_green_0fc2ad3611e4,0.0,0.0,80,4.3100000000000005,0.0007843021881936,0.0007477156169384,0.0,2.3068065373709762e-43,2.306806537370979e-43,2.3068065373709762e-43,0.0
green_green_0fc2ad3611e4,0.0,0.0,80,4.32,0.0007774627218203,0.0007420469389513,0.0,1.7847586200904898e-43,1.784758620090489e-43,1.7847586200904898e-43,0.0
green_green_0fc2ad3611e4,0.0,0.0,80,4.33,0.0007707205461725,0.0007364461175285,0.0,1.382200204065523e-43,1.3822002040655242e-43,1.382200204065523e-43,0.0
green_green_0fc2ad3611e4,0.0,0.0,80,4.34,0.0007640737228946,0.0007309120232925,0.0,1.0714746763653013e-43,1.0714746763653021e-43,1.0714746763653013e-43,0.0
green_green_0fc2ad3611e4,0.0,0.0,80,4.35,0.0007575203632853,0.0007254435511852,0.0,8.313975859797003e-44,8.313975859797006e-44,8.313975859797003e-44,0.0
green_green_0fc2ad3611e4,0.0,0.0,80,4.359999999999999,0.0007510586267461,0.0007200396198219,0.0,6.45725507993562e-44,6.457255079935613e-44,6.45725507993562e-44,0.0
green_green_0fc2ad3611e4,0.0,0.0,80,4.370000000000001,0.000744686719287,0.0007146991708651,0.0,5.019910301940607e-44,5.019910301940608e-44,5.019910301940607e-44,0.0
green_green_0fc2ad3611e4,0.0,0.0,80,4.380000000000001,0.0007384028920872,0.000709421168418,0.0,3.906153866174497e-44,3.906153866174497e-44,3.906153866174497e-44,0.0
green_green_0fc2ad3611e4,0.0,0.0,80,4.390000000000001,0.0007322054401079,0.0007042045984377,0.0,3.042318668725415e-44,3.0423186687254137e-44,3.042318668725415e-44,0.0
green_green_0fc2ad3611e4,0.0,0.0,80,4.4,0.0007260927007547,0.0006990484681662,0.0,2.371694045195626e-44,2.371694045195629e-44,2.371694045195626e-44,0.0
green_green_0fc2ad3611e4,0.0,0.0,80,4.41,0.0007200630525891,0.000693951805579,0.0,1.8505802062847556e-44,1.8505802062847556e-44,1.8505802062847556e-44,0.0
green_green_0fc2ad3611e4,0.0,0.0,80,4.42,0.0007141149140858,0.0006889136588512,0.0,1.4452706383261358e-44,1.445270638326136e-44,1.4452706383261358e-44,0.0
green_green_0fc2ad3611e4,0.0,0.0,80,4.43,0.0007082467424335,0.0006839330958398,0.0,1.129741903078351e-44,1.1297419030783496e-44,1.129741903078351e-44,0.0
green_green_0fc2ad3611e4,0.0,0.0,80,4.44,0.0007024570323791,0.0006790092035816,0.0,8.838832454347552e-45,8.838832454347542e-45,8.838832454347552e-45,0.0
green_green_0fc2ad3611e4,0.0,0.0,80,4.450000000000001,0.0006967443151118,0.0006741410878069,0.0,6.921385376224529e-45,6.921385376224525e-45,6.921385376224529e-45,0.0
green_green_0fc2ad3611e4,0.0,0.0,80,4.460000000000001,0.000691107157187,0.0006693278724671,0.0,5.424635048691705e-45,5.424635048691706e-45,5.424635048691705e-45,0.0
green_green_0fc2ad3611e4,0.0,0.0,80,4.470000000000001,0.0006855441594868,0.0006645686992777,0.0,4.255242612340893e-45,4.25524261234089e-45,4.255242612340893e-45,0.0
green_green_0fc2ad3611e4,0.0,0.0,80,4.48,0.0006800539562172,0.0006598627272739,0.0,3.340807210724451e-45,3.3408072107244493e-45,3.340807210724451e-45,0.0
green_green_0fc2ad3611e4,0.0,0.0,80,4.49,0.0006746352139392,0.0006552091323798,0.0,2.6251178791794695e-45,2.6251178791794682e-45,2.6251178791794695e-45,0.0
green_green_0fc2ad3611e4,0.0,0.0,80,4.5,0.000669286630634,0.0006506071069908,0.0,2.06449374778199e-45,2.064493747781989e-45,2.06449374778199e-45,0.0
green_green_0fc2ad3611e4,0.0,0.0,80,4.51,0.0006640069347987,0.0006460558595678,0.0,1.624960459053371e-45,1.6249604590533725e-45,1.624960459053371e-45,0.0
green_green_0fc2ad3611e4,0.0,0.0,80,4.52,0.000658794884574,0.0006415546142433,0.0,1.2800697090743933e-45,1.2800697090743941e-45,1.2800697090743933e-45,0.0
green_green_0fc2ad3611e4,0.0,0.0,80,4.529999999999999,0.0006536492669004,0.0006371026104398,0.0,1.0092138742867302e-45,1.0092138742867324e-45,1.0092138742867302e-45,0.0
green_green_0fc2ad3611e4,0.0,0.0,80,4.540000000000001,0.0006485688967031,0.0006326991024979,0.0,7.963221190733484e-46,7.96322119073349e-46,7.963221190733484e-46,0.0
green_green_0fc2ad3611e4,0.0,0.0,80,4.550000000000001,0.000643552616104,0.0006283433593167,0.0,6.2885072043274994e-46,6.288507204327483e-46,6.2885072043274994e-46,0.0
green_green_0fc2ad3611e4,0.0,0.0,80,4.5600000000000005,0.0006385992936596,0.0006240346640033,0.0,4.970005165609858e-46,4.970005165609858e-46,4.970005165609858e-46,0.0
green_green_0fc2ad3611e4,0.0,0.0,80,4.57,0.0006337078236247,0.0006197723135331,0.0,3.931098462187191e-46,3.9310984621871885e-46,3.931098462187191e-46,0.0
green_green_0fc2ad3611e4,0.0,0.0,80,4.58,0.0006288771252397,0.0006155556184195,0.0,3.1118320662427264e-46,3.1118320662427283e-46,3.1118320662427264e-46,0.0
green_green_0fc2ad3611e4,0.0,0.0,80,4.59,0.000624106142041,0.0006113839023932,0.0,2.465249657337317e-46,2.465249657337316e-46,2.465249657337317e-46,0.0
green_green_0fc2ad3611e4,0.0,0.0,80,4.6,0.0006193938411948,0.0006072565020899,0.0,1.954544655267424e-46,1.9545446552674253e-46,1.954544655267424e-46,0.0
green_green_0fc2ad3611e4,0.0,0.0,80,4.609999999999999,0.0006147392128517,0.0006031727667478,0.0,1.5508423886468476e-46,1.5508423886468482e-46,1.5508423886468476e-46,0.0
green_green_0fc2ad3611e4,0.0,0.0,80,4.620000000000001,0.0006101412695217,0.0005991320579127,0.0,1.231472098969286e-46,1.2314720989692866e-46,1.231472098969286e-46,0.0
green_green_0fc2ad3611e4,0.0,0.0,80,4.630000000000001,0.0006055990454703,0.0005951337491517,0.0,9.78619445743169e-47,9.786194457431698e-47,9.78619445743169e-47,0.0
green_green_0fc2ad3611e4,0.0,0.0,80,4.640000000000001,0.0006011115961334,0.0005911772257747,0.0,7.782748379212708e-47,7.782748379212705e-47,7.782748379212708e-47,0.0
green_green_0fc2ad3611e4,0.0,0.0,80,4.65,0.0005966779975498,0.0005872618845639,0.0,6.194119572237976e-47,6.194119572237972e-47,6.194119572237976e-47,0.0
green_green_0fc2ad3611e4,0.0,0.0,80,4.66,0.0005922973458134,0.0005833871335103,0.0,4.933455535924133e-47,4.9334555359241285e-47,4.933455535924133e-47,0.0
green_green_0fc2ad3611e4,0.0,0.0,80,4.67,0.0005879687565411,0.0005795523915573,0.0,3.9322897468986206e-47,3.932289746898625e-47,3.9322897468986206e-47,0.0
green_green_0fc2ad3611e4,0.0,0.0,80,4.68,0.000583691364358,0.0005757570883523,0.0,3.136607027030458e-47,3.136607027030457e-47,3.136607027030458e-47,0.0
green_green_0fc2ad3611e4,0.0,0.0,80,4.69,0.0005794643223985,0.0005720006640034,0.0,2.5037599909567635e-47,2.503759990956765e-47,2.5037599909567635e-47,0.0
green_green_0fc2ad3611e4,0.0,0.0,80,4.700000000000001,0.0005752868018229,0.0005682825688443,0.0,2.0000505264804272e-47,2.0000505264804267e-47,2.0000505264804272e-47,0.0
green_green_0fc2ad3611e4,0.0,0.0,80,4.710000000000001,0.0005711579913485,0.0005646022632041,0.0,1.5988313570256883e-47,1.5988313570256869e-47,1.5988313570256883e-47,0.0
green_green_0fc2ad3611e4,0.0,0.0,80,4.720000000000001,0.0005670770967958,0.0005609592171847,0.0,1.2790146597149202e-47,1.2790146597149214e-47,1.2790146597149202e-47,0.0
green_green_0fc2ad3611e4,0.0,0.0,80,4.73,0.0005630433406481,0.0005573529104423,0.0,1.0238995332504336e-47,1.0238995332504336e-47,1.0238995332504336e-47,0.0
green_green_0fc2ad3611e4,0.0,0.0,80,4.74,0.0005590559616239,0.0005537828319768,0.0,8.20249423472397e-48,8.202494234723979e-48,8.20249423472397e-48,0.0
green_green_0fc2ad3611e4,0.0,0.0,80,4.75,0.0005551142142638,0.0005502484799248,0.0,6.575656555022858e-48,6.575656555022865e-48,6.575656555022858e-48,0.0
green_green_0fc2ad3611e4,0.0,0.0,80,4.76,0.0005512173685279,0.0005467493613594,0.0,5.2751494461408217e-48,5.275149446140825e-48,5.2751494461408217e-48,0.0
green_green_0fc2ad3611e4,0.0,0.0,80,4.77,0.0005473647094068,0.0005432849920946,0.0,4.23477902721194e-48,4.23477902721194e-48,4.23477902721194e-48,0.0
green_green_0fc2ad3611e4,0.0,0.0,80,4.779999999999999,0.0005435555365435,0.0005398548964947,0.0,3.4019269653752885e-48,3.401926965375292e-48,3.4019269653752885e-48,0.0
green_green_0fc2ad3611e4,0.0,0.0,80,4.790000000000001,0.0005397891638663,0.0005364586072894,0.0,2.7347359140395062e-48,2.7347359140395047e-48,2.7347359140395062e-48,0.0
green_green_0fc2ad3611e4,0.0,0.0,80,4.800000000000001,0.0005360649192333,0.0005330956653926,0.0,2.1998847636882434e-48,2.1998847636882453e-48,2.1998847636882434e-48,0.0
green_green_0fc2ad3611e4,0.0,0.0,80,4.8100000000000005,0.0005323821440867,0.0005297656197265,0.0,1.7708287931548688e-48,1.7708287931548698e-48,1.7708287931548688e-48,0.0
green_green_0fc2ad3611e4,0.0,0.0,80,4.82,0.0005287401931172,0.0005264680270505,0.0,1.4264065406386226e-48,1.426406540638623e-48,1.4264065406386226e-48,0.0
green_green_0fc2ad3611e4,0.0,0.0,80,4.83,0.0005251384339386,0.0005232024517934,0.0,1.1497361654013156e-48,1.1497361654013162e-48,1.1497361654013156e-48,0.0
green_green_0fc2ad3611e4,0.0,0.0,80,4.84,0.0005215762467717,0.0005199684658911,0.0,9.273405054737851e-49,9.27340505473785e-49,9.273405054737851e-49,0.0
green_green_0fc2ad3611e4,0.0,0.0,80,4.85,0.0005180530241372,0.0005167656486273,0.0,7.484529376873367e-49,7.484529376873369e-49,7.484529376873367e-49,0.0
green_green_0fc2ad3611e4,0.0,0.0,80,4.859999999999999,0.0005145681705572,0.0005135935864792,0.0,6.0446628136629146e-49,6.0446628136629115e-49,6.0446628136629146e-49,0.0
green_green_0fc2ad3611e4,0.0,0.0,80,4.870000000000001,0.0005111211022658,0.000510451872966,0.0,4.884949551420619e-49,4.884949551420617e-49,4.884949551420619e-49,0.0
green_green_0fc2ad3611e4,0.0,0.0,80,4.880000000000001,0.0005077112469277,0.0005073401085023,0.0,3.9502686559429655e-49,3.9502686559429685e-49,3.9502686559429655e-49,0.0
green_green_0fc2ad3611e4,0.0,0.0,80,4.890000000000001,0.0005043380433642,0.0005042579002544,0.0,3.1964644270163213e-49,3.1964644270163225e-49,3.1964644270163213e-49,0.0
green_green_0fc2ad3611e4,0.0,0.0,80,4.9,0.0005010009412883,0.000501204862,0.0,2.5881412670306287e-49,2.588141267030629e-49,2.5881412670306287e-49,0.0
green_green_0fc2ad3611e4,0.0,0.0,80,4.91,0.0004976994010455,0.0004981806139924,0.0,2.0969067812072665e-49,2.096906781207268e-49,2.0969067812072665e-49,0.0
green_green_0fc2ad3611e4,0.0,0.0,80,4.92,0.0004944328933636,0.0004951847828267,0.0,1.699971030652883e-49,1.6999710306528849e-49,1.699971030652883e-49,0.0
green_green_0fc2ad3611e4,0.0,0.0,80,4.93,0.000491200899108,0.0004922170013103,0.0,1.3790289731542618e-49,1.3790289731542605e-49,1.3790289731542618e-49,0.0
green_green_0fc2ad3611e4,0.0,0.0,80,4.94,0.0004880029090446,0.0004892769083359,0.0,1.119368231678188e-49,1.1193682316781894e-49,1.119368231678188e-49,0.0
green_green_0fc2ad3611e4,0.0,0.0,80,4.950000000000001,0.0004848384236091,0.0004863641487579,0.0,9.091562762382636e-50,9.09156276238263e-50,9.091562762382636e-50,0.0
green_green_0fc2ad3611e4,0.0,0.0,80,4.960000000000001,0.0004817069526828,0.0004834783732721,0.0,7.388705586874172e-50,7.388705586874171e-50,7.388705586874172e-50,0.0
green_green_0fc2ad3611e4,0.0,0.0,80,4.970000000000001,0.0004786080153739,0.0004806192382972,0.0,6.008426271706613e-50,6.0084262717066115e-50,6.008426271706613e-50,0.0
green_green_0fc2ad3611e4,0.0,0.0,80,4.98,0.0004755411398057,0.0004777864058604,0.0,4.888931807486256e-50,4.8889318074862535e-50,4.888931807486256e-50,0.0
green_green_0fc2ad3611e4,0.0,0.0,80,4.99,0.0004725058629096,0.0004749795434852,0.0,3.980397306569835e-50,3.98039730656983e-50,3.980397306569835e-50,0.0
green_green_0fc2ad3611e4,0.0,0.0,80,5.0,0.0004695017302244,0.0004721983240815,0.0,3.242622694587335e-50,3.242622694587336e-50,3.242622694587335e-50,0.0
green_green_31a027815546,2.0,0.02531645569620253,80,-5.0,0.0002546361489785,0.0002003702612229,5.551157474611588e-17,1.2064780927581283e-54,6.587147192010954e-53,8.914734309520668e-54,2.6795616931927143e-16
green_green_31a027815546,2.0,0.02531645569620253,80,-4.99,0.0002557717518368,0.0002011380722696,5.551125711027526e-17,1.491127081196751e-54,8.141278009766472e-53,1.1018021653597512e-53,2.3860725030657225e-16
green_green_31a027815546,2.0,0.02531645569620253,80,-4.98,0.0002569154147785,0.0002019105547145,2.775578737305794e-17,1.8440501329248823e-54,1.0068172582607208e-52,1.362578988142248e-53,2.196515540419553e-16
green_green_31a027815546,2.0,0.02531645569620253,80,-4.97,0.0002580672177795,0.0002026877486548,2.775578737305794e-17,2.2818931745798254e-54,1.2458714590531676e-52,1.6861036678737282e-53,2.358910125458607e-16
green_green_31a027815546,2.0,0.02531645569620253,80,-4.96,0.0002592272418458,0.0002034696946412,2.7756422635651865e-17,2.8254270760943986e-54,1.542630914083098e-52,2.0877239168699115e-53,2.4043736126059485e-16
green_green_31a027815546,2.0,0.02531645569620253,80,-4.95,0.00026039556903,0.0002042564336846,2.775578737305794e-17,3.500586467168993e-54,1.911255451384869e-52,2.586602978506915e-53,2.30928323653523e-16
green_green_31a027815546,2.0,0.02531645569620253,80,-4.94,0.0002615722824475,0.0002050480072622,5.551284527130373e-17,4.3397743965541395e-54,2.3694365361306024e-52,3.206683647284145e-53,2.500091826042598e-16
green_green_31a027815546,2.0,0.02531645569620253,80,-4.93,0.0002627574662943,0.0002058444573248,2.775748137433345e-17,5.383501958641807e-54,2.93929247641651e-52,3.977899798110735e-53,2.6376252107174683e-16
green_green_31a027815546,2.0,0.02531645569620253,80,-4.92,0.0002639512058638,0.0002066458263032,5.551125711027526e-17,6.682450272544595e-54,3.648494225694127e-52,4.937699994214642e-53,2.520409434565696e-16
green_green_31a027815546,2.0,0.02531645569620253,80,-4.91,0.0002651535875647,0.0002074521571151,2.1684043449710093e-19,8.300065360002807e-54,4.531682138103352e-52,6.132964856985177e-53,2.481117644779435e-16
green_green_31a027815546,2.0,0.02531645569620253,80,-4.9,0.0002663646989393,0.0002082634931724,2.1684043449710093e-19,1.0315825865934032e-53,5.63225008344054e-52,7.62242160301864e-53,2.5041940398267284e-16
green_green_31a027815546,2.0,0.02531645569620253,80,-4.89,0.0002675846286814,0.0002090798783879,2.1684043449710093e-19,1.2829360904927927e-53,7.004593715166064e-52,9.479686743994013e-53,2.81973937838141e-16
green_green_31a027815546,2.0,0.02531645569620253,80,-4.88,0.0002688134666557,0.0002099013571834,2.7756422635651865e-17,1.5965642778033143e-53,8.71694559770636e-52,1.1797103014237389e-52,2.343097277330575e-16
green_green_31a027815546,2.0,0.02531645569620253,80,-4.87,0.0002700513039164,0.0002107279744961,2.7756422635651865e-17,1.9881539673864446e-53,1.085495286003557e-51,1.4690581198329978e-52,2.393291462703336e-16
green_green_31a027815546,2.0,0.02531645569620253,80,-4.86,0.0002712982327271,0.0002115597757871,2.1684043449710093e-19,2.477409031299619e-53,1.3526194998436218e-51,1.8305714312270332e-52,2.5058516646445665e-16
green_green_31a027815546,2.0,0.02531645569620253,80,-4.85,0.0002725543465806,0.0002123968070483,2.775578737305794e-17,3.0890960382422507e-53,1.6865892896274156e-51,2.282550392155641e-52,2.441586586333573e-16
green_green_31a027815546,2.0,0.02531645569620253,80,-4.84,0.000273819740219,0.0002132391148107,2.775578737305794e-17,3.8543665391472607e-53,2.1044128258709303e-51,2.848013058360029e-52,2.284384822214241e-16
green_green_31a027815546,2.0,0.02531645569620253,80,-4.83,0.0002750945096547,0.0002140867461524,2.775748137433345e-17,4.812430377017762e-53,2.6274979574847528e-51,3.5559318027982216e-52,2.4051729244247923e-16
green_green_31a027815546,2.0,0.02531645569620253,80,-4.82,0.0002763787521912,0.0002149397487062,2.775557561562892e-17,6.012674726295602e-53,3.2828091680678044e-51,4.4427990857220696e-52,2.632692738216642e-16
green_green_31a027815546,2.0,0.02531645569620253,80,-4.81,0.0002776725664451,0.0002157981706686,1.0842021724855044e-19,7.51734953242911e-53,4.10433377623149e-51,5.554611741038878e-52,2.2589899917367966e-16
green_green_31a027815546,2.0,0.02531645569620253,80,-4.8,0.0002789760523676,0.0002166620608074,5.551284527130373e-17,9.404973221337378e-53,5.134941389962794e-51,6.94938747414024e-52,2.4584271691391537e-16
green_green_31a027815546,2.0,0.02531645569620253,80,-4.79,0.000280289311267,0.0002175314684709,2.7756422635651865e-17,1.1774655028660013e-52,6.428743818432911e-51,8.700358655232473e-52,2.405596034918016e-16
green_green_31a027815546,2.0,0.02531645569620253,80,-4.78,0.0002816124458318,0.0002184064435963,1.0842021724855044e-19,1.475158469629919e-52,8.054092344751747e-51,1.0900028686908158e-51,2.4553654949342303e-16
green_green_31a027815546,2.0,0.02531645569620253,80,-4.77,0.000282945560154,0.0002192870367187,8.326849148016164e-17,1.849400999588621e-52,1.0097387324698665e-50,1.3665327735378744e-51,2.341382665843199e-16
green_green_31a027815546,2.0,0.02531645569620253,80,-4.76,0.0002842887597526,0.0002201732989799,2.775578737305794e-17,2.320211194628127e-52,1.2667923891288693e-50,1.7144170678474132e-51,2.356521853759078e-16
green_green_31a027815546,2.0,0.02531645569620253,80,-4.75,0.000285642151598,0.0002210652821379,1.0842021724855044e-19,2.912930234917796e-52,1.590406020021236e-50,2.152380491807883e-51,2.398631020859837e-16
green_green_31a027815546,2.0,0.02531645569620253,80,-4.74,0.0002870058441372,0.0002219630385762,2.775557561562892e-17,3.659661567661615e-52,1.9981075134172078e-50,2.7041444626552164e-51,2.527114177040407e-16
green_green_31a027815546,2.0,0.02531645569620253,80,-4.73,0.0002883799473183,0.000222866621313,5.551125711027526e-17,4.6011056847955874e-52,2.512118584968228e-50,3.3997828022063323e-51,2.221144580493593e-16
green_green_31a027815546,2.0,0.02531645569620253,80,-4.72,0.0002897645726173,0.0002237760840116,2.7756422635651865e-17,5.788901024654228e-52,3.16063286671093e-50,4.2774514422327225e-51,2.3943499825297273e-16
green_green_31a027815546,2.0,0.02531645569620253,80,-4.71,0.0002911598330635,0.0002246914809896,5.55121041351447e-17,7.288612926452328e-52,3.979447820919582e-50,5.385596979694735e-51,2.1612193806998434e-16
green_green_31a027815546,2.0,0.02531645569620253,80,-4.7,0.000292565843267,0.0002256128672294,1.0842021724855044e-19,9.183553022533458e-52,5.014050057616179e-50,6.785778847100385e-51,2.461538503550159e-16
green_green_31a027815546,2.0,0.02531645569620253,80,-4.69,0.000293982719446,0.0002265402983885,5.551125711027526e-17,1.1579663630245504e-51,6.322282122174892e-50,8.556278417063099e-51,2.2962659589799717e-16
green_green_31a027815546,2.0,0.02531645569620253,80,-4.68,0.0002954105794548,0.0002274738308096,0.0,1.4611769054092763e-51,7.977755590650113e-50,1.079671812453103e-50,2.5429343614976936e-16
green_green_31a027815546,2.0,0.02531645569620253,80,-4.67,0.0002968495428125,0.0002284135215318,1.0842021724855044e-19,1.845158271313824e-51,1.0074222813208965e-49,1.3633977978143746e-50,2.3311014071016486e-16
green_green_31a027815546,2.0,0.02531645569620253,80,-4.66,0.0002982997307321,0.0002293594283011,2.7756422635651865e-17,2.3317971498725174e-51,1.2731181063559704e-49,1.7229779951734632e-50,2.2088161617578696e-16
green_green_31a027815546,2.0,0.02531645569620253,80,-4.65,0.0002997612661506,0.0002303116095814,2.775557561562892e-17,2.949012433114188e-51,1.6101062327277598e-49,2.179041830472471e-50,2.548427456731896e-16
green_green_31a027815546,2.0,0.02531645569620253,80,-4.64,0.0003012342737591,0.0002312701245664,2.775748137433345e-17,3.732446040448437e-51,2.03784648907019e-49,2.757925317910508e-50,2.317005949549693e-16
green_green_31a027815546,2.0,0.02531645569620253,80,-4.63,0.0003027188800343,0.0002322350331903,1.0842021724855044e-19,4.727635697195577e-51,2.581201630975319e-49,3.493276538188524e-50,2.6074103973424433e-16
green_green_31a027815546,2.0,0.02531645569620253,80,-4.62,0.0003042152132702,0.0002332063961401,2.775748137433345e-17,5.992809354289807e-51,3.271963042455427e-49,4.428120450904375e-50,2.2425035520032697e-16
green_green_31a027815546,2.0,0.02531645569620253,80,-4.61,0.0003057234036106,0.0002341842748675,5.421010862427522e-19,7.602482099683934e-51,4.150814583028372e-49,5.617516672568067e-50,2.3606609914357027e-16
green_green_31a027815546,2.0,0.02531645569620253,80,-4.6,0.000307243583082,0.0002351687316008,2.775557561562892e-17,9.652089907345618e-51,5.269862528946506e-49,7.131983379729912e-50,2.4944695639525862e-16
green_green_31a027815546,2.0,0.02531645569620253,80,-4.59,0.000308775885628,0.0002361598293577,5.551379814611213e-17,1.2263964152664045e-50,6.695897548082522e-49,9.061911911930913e-50,2.3498594622982684e-16
green_green_31a027815546,2.0,0.02531645569620253,80,-4.58,0.0003103204471437,0.0002371576319577,1.0842021724855044e-19,1.559504141180213e-50,8.514604107746722e-49,1.152326358569526e-49,2.4749183396701053e-16
green_green_31a027815546,2.0,0.02531645569620253,80,-4.57,0.000311877405511,0.0002381622040352,2.7758963540648015e-17,1.9846821103573973e-50,1.0835997162939036e-48,1.4664927451974884e-49,2.3149535311733194e-16
green_green_31a027815546,2.0,0.02531645569620253,80,-4.56,0.0003134469006349,0.0002391736110525,2.7756422635651865e-17,2.527823748351883e-50,1.3801450026986125e-48,1.8678231484781218e-49,2.339915719411643e-16
green_green_31a027815546,2.0,0.02531645569620253,80,-4.55,0.0003150290744807,0.0002401919193136,2.1684043449710093e-19,3.2222313467460624e-50,1.759278705111412e-48,2.3809248184839515e-49,2.352700282923785e-16
green_green_31a027815546,2.0,0.02531645569620253,80,-4.54,0.0003166240711113,0.0002412171959775,2.7756422635651865e-17,4.110772634461266e-50,2.2444058104845955e-48,3.0374729605983235e-49,2.552995406256435e-16
green_green_31a027815546,2.0,0.02531645569620253,80,-4.53,0.0003182320367263,0.0002422495090724,2.7756422635651865e-17,5.248675884494953e-50,2.8656799341700214e-48,3.878276055563767e-49,2.421484585876846e-16
green_green_31a027815546,2.0,0.02531645569620253,80,-4.52,0.0003198531197013,0.00024328892751,2.7758963540648015e-17,6.707155854574338e-50,3.661983016437309e-48,4.9559550873720915e-49,2.406956265951227e-16
green_green_31a027815546,2.0,0.02531645569620253,80,-4.51,0.0003214874706284,0.0002443355210998,5.551284527130373e-17,8.578121757923998e-50,4.6834957874171374e-48,6.3384222892758034e-49,2.442513686265506e-16
green_green_31a027815546,2.0,0.02531645569620253,80,-4.5,0.0003231352423573,0.0002453893605643,2.7756422635651865e-17,1.098029570297181e-49,5.995038321991447e-48,8.113402093210586e-49,2.5664847469249755e-16
green_green_31a027815546,2.0,0.02531645569620253,80,-4.49,0.0003247965900376,0.0002464505175539,0.0,1.4067171438574704e-49,7.680415367452601e-48,1.0394311891290348e-48,2.460191780965154e-16
green_green_31a027815546,2.0,0.02531645569620253,80,-4.48,0.0003264716711624,0.0002475190646626,2.7758963540648015e-17,1.803737647555641e-49,9.848073870167354e-48,1.3327918665541834e-48,2.2010047123761282e-16
green_green_31a027815546,2.0,0.02531645569620253,80,-4.47,0.0003281606456116,0.0002485950754434,5.551284527130373e-17,2.3148175891007296e-49,1.2638475802908244e-47,1.710431702465669e-48,2.314216704142548e-16
green_green_31a027815546,2.0,0.02531645569620253,80,-4.46,0.000329863675698,0.0002496786244247,2.7756422635651865e-17,2.973308682414359e-49,1.623371535373094e-47,2.1969944653797277e-48,2.181920465259548e-16
green_green_31a027815546,2.0,0.02531645569620253,80,-4.45,0.000331580926213,0.0002507697871267,5.551284527130373e-17,3.822487669649411e-49,2.087007552873614e-47,2.8244575828510186e-48,2.629202933628709e-16
green_green_31a027815546,2.0,0.02531645569620253,80,-4.44,0.000333312564474,0.000251868640078,2.7758963540648015e-17,4.918561923434896e-49,2.685443818430079e-47,3.634352997832469e-48,2.2620871875351395e-16
green_green_31a027815546,2.0,0.02531645569620253,80,-4.43,0.0003350587603729,0.0002529752608328,2.1684043449710093e-19,6.334601192767639e-49,3.4585750632286143e-47,4.6806723577713087e-48,2.4952672284312696e-16
green_green_31a027815546,2.0,0.02531645569620253,80,-4.42,0.0003368196864255,0.0002540897279886,2.7756422635651865e-17,8.165685851090362e-49,4.458313412213542e-47,6.033671083995096e-48,2.46096424346353e-16
green_green_31a027815546,2.0,0.02531645569620253,80,-4.41,0.0003385955178221,0.0002552121212038,2.7756422635651865e-17,1.0535654616381109e-48,5.752272514425661e-47,7.78485429993977e-48,2.199538633763089e-16
green_green_31a027815546,2.0,0.02531645569620253,80,-4.4,0.0003403864324798,0.0002563425212157,5.551284527130373e-17,1.3605957373456348e-48,7.428601020205361e-47,1.0053518231212808e-47,2.5655582448114788e-16
green_green_31a027815546,2.0,0.02531645569620253,80,-4.39,0.0003421926110949,0.0002574810098596,5.551792708129603e-17,1.7587281355665036e-48,9.602330261317175e-47,1.2995340856468606e-47,2.278807799276707e-16
green_green_31a027815546,2.0,0.02531645569620253,80,-4.38,0.0003440142371979,0.0002586276700876,2.7758963540648015e-17,2.2754834783497442e-48,1.2423718834887982e-46,1.681367507371611e-47,2.3730762381039873e-16
green_green_31a027815546,2.0,0.02531645569620253,80,-4.37,0.0003458514972088,0.0002597825859878,5.551157474611588e-17,2.946845882402904e-48,1.6089233361198666e-46,2.1774409539977846e-47,2.524748907218327e-16
green_green_31a027815546,2.0,0.02531645569620253,80,-4.36,0.0003477045804942,0.0002609458428045,1.1102420827028943e-16,3.8199120137443887e-48,2.08560129239826e-46,2.8225544162536438e-47,2.4480565633441277e-16
green_green_31a027815546,2.0,0.02531645569620253,80,-4.35,0.0003495736794257,0.0002621175269579,2.7756422635651865e-17,4.9563844087640004e-48,2.7060941957163275e-46,3.6623002444222413e-47,2.3021201129947127e-16
green_green_31a027815546,2.0,0.02531645569620253,80,-4.34,0.0003514589894394,0.0002632977260654,0.0,6.437182553678429e-48,3.514582588564741e-46,4.756470300818758e-47,2.377085531889887e-16
green_green_31a027815546,2.0,0.02531645569620253,80,-4.33,0.0003533607090976,0.0002644865289623,5.551284527130373e-17,8.368535726352201e-48,4.569065691451034e-46,6.183557994792177e-47,2.5246864637811608e-16
green_green_31a027815546,2.0,0.02531645569620253,80,-4.32,0.0003552790401511,0.0002656840257236,2.7756422635651865e-17,1.0890042240888771e-47,5.945761601353266e-46,8.046713303765159e-47,2.5796453457290477e-16
green_green_31a027815546,2.0,0.02531645569620253,80,-4.31,0.0003572141876037,0.0002668903076858,5.551284527130373e-17,1.4185341056615618e-47,7.744933792804172e-46,1.04816280849797e-46,2.6302975916703635e-16
green_green_31a027815546,2.0,0.02531645569620253,80,-4.3,0.0003591663597777,0.0002681054674699,0.0,1.849625768064324e-47,1.0098614518994543e-45,1.3666988562254982e-46,2.400029177348196e-16
green_green_31a027815546,2.0,0.02531645569620253,80,-4.29,0.0003611357683821,0.0002693295990039,2.7758963540648015e-17,2.414157574346811e-47,1.3180853744783845e-45,1.783834574850693e-46,2.290935217276458e-16
green_green_31a027815546,2.0,0.02531645569620253,80,-4.28,0.0003631226285808,0.0002705627975467,5.551157474611588e-17,3.1541974002876303e-47,1.7221334289505814e-45,2.330654153782652e-46,2.370860533443415e-16
green_green_31a027815546,2.0,0.02531645569620253,80,-4.27,0.0003651271590643,0.0002718051597123,2.7756422635651865e-17,4.1253190239504336e-47,2.2523478700422922e-45,3.0482213693955593e-46,2.460146464543438e-16
green_green_31a027815546,2.0,0.02531645569620253,80,-4.26,0.0003671495821219,0.000273056783494,2.7758963540648015e-17,5.401017513176418e-47,2.948855645160442e-45,3.990842139616746e-46,2.4167682368441607e-16
green_green_31a027815546,2.0,0.02531645569620253,80,-4.25,0.0003691901237166,0.0002743177682897,2.7756422635651865e-17,7.078594388509067e-47,3.864781584475914e-45,5.23041310382692e-46,2.531477510235402e-16
green_green_31a027815546,2.0,0.02531645569620253,80,-4.24,0.000371249013561,0.0002755882149281,5.551284527130373e-17,9.287010684169584e-47,5.070536026937025e-45,6.8622242936697374e-46,2.5153421759445554e-16
green_green_31a027815546,2.0,0.02531645569620253,80,-4.23,0.0003733264851961,0.0002768682256944,2.7758963540648015e-17,1.2197377896606124e-46,6.659542684098532e-45,9.012710953787938e-46,2.379090755536943e-16
green_green_31a027815546,2.0,0.02531645569620253,80,-4.22,0.0003754227760716,0.0002781579043573,5.551284527130373e-17,1.603698904241141e-46,8.755899338174699e-45,1.1849821169231405e-45,2.518689221147608e-16
green_green_31a027815546,2.0,0.02531645569620253,80,-4.21,0.0003775381276283,0.0002794573561971,0.0,2.110810622712987e-46,1.1524635507043817e-44,1.5596898105445e-45,2.41292443399417e-16
green_green_31a027815546,2.0,0.02531645569620253,80,-4.2,0.0003796727853825,0.0002807666880332,5.551284527130373e-17,2.78131466895621e-46,1.5185463558505637e-44,2.0551290117696165e-45,2.5188997262919554e-16
green_green_31a027815546,2.0,0.02531645569620253,80,-4.19,0.0003818269990133,0.0002820860082533,2.775557561562892e-17,3.668848643116615e-46,2.0031234866577801e-44,2.7109328442474265e-45,2.253091444651202e-16
green_green_31a027815546,2.0,0.02531645569620253,80,-4.18,0.0003840010224513,0.0002834154268428,2.7756422635651865e-17,4.844988423359352e-46,2.645274048474192e-44,3.579989125887181e-45,2.37948701551269e-16
green_green_31a027815546,2.0,0.02531645569620253,80,-4.17,0.0003861951139703,0.0002847550554149,2.7758963540648015e-17,6.4053594366177485e-46,3.4972077553667026e-44,4.7329560210983364e-45,2.6681523370519737e-16
green_green_31a027815546,2.0,0.02531645569620253,80,-4.16,0.0003884095362811,0.0002861050072418,2.776319786554118e-17,8.477868676062166e-46,4.628759459369344e-44,6.264344724679025e-45,2.671781636824225e-16
green_green_31a027815546,2.0,0.02531645569620253,80,-4.15,0.0003906445566277,0.0002874653972859,1.1102420827028943e-16,1.1233807050843429e-45,6.13345082805342e-44,8.300723050324476e-45,2.5466901994710237e-16
green_green_31a027815546,2.0,0.02531645569620253,80,-4.14,0.0003929004468868,0.0002888363422324,5.551115123125783e-17,1.490284148898188e-45,8.136675755355955e-44,1.101179317955583e-44,2.6325625844354435e-16
green_green_31a027815546,2.0,0.02531645569620253,80,-4.13,0.0003951774836691,0.0002902179605224,2.775557561562892e-17,1.9793284971615618e-45,1.0806767425290426e-43,1.4625369303738876e-44,2.406609490324987e-16
green_green_31a027815546,2.0,0.02531645569620253,80,-4.12,0.0003974759484238,0.0002916103723868,2.7756422635651865e-17,2.631953728597982e-45,1.4369980455428528e-43,1.9447653750400186e-44,2.476131072224601e-16
green_green_31a027815546,2.0,0.02531645569620253,80,-4.11,0.000399796127546,0.0002930136998811,2.7756422635651865e-17,3.5039280713812185e-45,1.913079905466173e-43,2.58907210860537e-44,2.60473998013201e-16
green_green_31a027815546,2.0,0.02531645569620253,80,-4.1,0.000402138312487,0.0002944280669212,5.55149627486669e-17,4.670396356229232e-45,2.549950009716532e-43,3.4509820680419097e-44,2.724853893220032e-16
green_green_31a027815546,2.0,0.02531645569620253,80,-4.09,0.0004045027998676,0.0002958535993194,2.1684043449710093e-19,6.232740788477105e-45,3.4029611668697135e-43,4.605407133615058e-44,2.7234158155321345e-16
green_green_31a027815546,2.0,0.02531645569620253,80,-4.08,0.0004068898915946,0.0002972904248219,2.775557561562892e-17,8.3279171041136e-45,4.546888675139809e-43,6.153544666953947e-44,2.499130164160036e-16
green_green_31a027815546,2.0,0.02531645569620253,80,-4.07,0.0004092998949807,0.0002987386731475,2.7758963540648015e-17,1.1141176143603529e-44,6.082876066341511e-43,8.232277553315431e-44,2.5261752794880126e-16
green_green_31a027815546,2.0,0.02531645569620253,80,-4.06,0.0004117331228675,0.0003001984760261,8.326785621649077e-17,1.492342174868333e-44,8.147912196424962e-43,1.1027000048902287e-43,2.599748439534273e-16
green_green_31a027815546,2.0,0.02531645569620253,80,-4.05,0.0004141898937521,0.0003016699672395,8.326785621649077e-17,2.0014926840187952e-44,1.0927779785229869e-42,1.4789141723814157e-43,2.66447675592651e-16
green_green_31a027815546,2.0,0.02531645569620253,80,-4.04,0.000416670531918,0.0003031532826622,5.551157474611588e-17,2.687778114114781e-44,1.4674771273023955e-42,1.9860143266672145e-43,2.635380333182829e-16
green_green_31a027815546,2.0,0.02531645569620253,80,-4.03,0.0004191753675685,0.0003046485603041,2.775557561562892e-17,3.614034686898737e-44,1.973196080602855e-42,2.670430504497604e-43,2.6404433807540087e-16
green_green_31a027815546,2.0,0.02531645569620253,80,-4.02,0.000421704736965,0.000306155940353,5.551284527130373e-17,4.865825154209499e-44,2.656650518045772e-42,3.5953855032041875e-43,2.6523692507767323e-16
green_green_31a027815546,2.0,0.02531645569620253,80,-4.01,0.000424258982569,0.0003076755652198,2.1684043449710093e-19,6.559818804596361e-44,3.581539712835921e-42,4.847086914598271e-43,2.6201199724407284e-16
green_green_31a027815546,2.0,0.02531645569620253,80,-4.0,0.0004268384531884,0.0003092075795837,2.7756422635651865e-17,8.855321511770152e-44,4.83484172491358e-42,6.543246742453703e-43,2.7955395607112713e-16
green_green_31a027815546,2.0,0.02531645569620253,80,-3.99,0.000429443504128,0.0003107521304388,2.775557561562892e-17,1.1970162869019518e-43,6.535487482439001e-42,8.844820495252188e-43,2.418417146473065e-16
green_green_31a027815546,2.0,0.02531645569620253,80,-3.98,0.0004320744973445,0.0003123093671423,0.0,1.6202618909006231e-43,8.846330181237811e-42,1.1972206006824157e-42,2.600325206511121e-16
green_green_31a027815546,2.0,0.02531645569620253,80,-3.97,0.0004347318016062,0.0003138794414632,2.7758963540648015e-17,2.1961708055541365e-43,1.1990686314005566e-41,1.6227629285073228e-42,2.6852804774453663e-16
green_green_31a027815546,2.0,0.02531645569620253,80,-3.96,0.0004374157926579,0.0003154625076334,2.7756422635651865e-17,2.9809120951282373e-43,1.6275228580542534e-41,2.2026126696883446e-42,2.5016881883821284e-16
green_green_31a027815546,2.0,0.02531645569620253,80,-3.95,0.0004401268533903,0.0003170587223988,2.1684043449710093e-19,4.051733930550499e-43,2.2121717703457668e-41,2.9938489310778424e-42,2.4877877658091166e-16
green_green_31a027815546,2.0,0.02531645569620253,80,-3.94,0.0004428653740148,0.0003186682450732,5.551284527130373e-17,5.515031732975303e-43,3.011105299945363e-41,4.075087886233723e-42,2.780105031983369e-16
green_green_31a027815546,2.0,0.02531645569620253,80,-3.93,0.000445631752244,0.0003202912375919,4.336808689942019e-19,7.517565783877097e-43,4.104451845521529e-41,5.5547715304469426e-42,2.6891230579877994e-16
green_green_31a027815546,2.0,0.02531645569620253,80,-3.92,0.0004484263934776,0.0003219278645688,2.1684043449710093e-19,1.0262082076423534e-42,5.602906968610113e-41,7.582710015452423e-42,2.526892033749501e-16
green_green_31a027815546,2.0,0.02531645569620253,80,-3.91,0.0004512497109944,0.0003235782933531,5.551284527130373e-17,1.4029099161974165e-42,7.65962860875326e-41,1.0366180072528808e-41,2.534083527282633e-16
green_green_31a027815546,2.0,0.02531645569620253,80,-3.9,0.0004541021261499,0.000325242694089,5.551284527130373e-17,1.9207343421762826e-42,1.0486854178795318e-40,1.4192413805483208e-41,2.837678613389774e-16
green_green_31a027815546,2.0,0.02531645569620253,80,-3.89,0.0004569840685809,0.0003269212397759,5.55149627486669e-17,2.633633450308168e-42,1.437915142522323e-40,1.9460065308347338e-41,2.619858007172308e-16
green_green_31a027815546,2.0,0.02531645569620253,80,-3.88,0.0004598959764165,0.0003286141063315,4.336808689942019e-19,3.616606881466102e-42,1.974600451251879e-40,2.6723311134931664e-41,2.535730349530285e-16
green_green_31a027815546,2.0,0.02531645569620253,80,-3.87,0.0004628382964956,0.0003303214726551,4.336808689942019e-19,4.9740804264528185e-42,2.715755894003965e-40,3.675375931165277e-41,2.890037784326538e-16
green_green_31a027815546,2.0,0.02531645569620253,80,-3.86,0.0004658114845923,0.0003320435206944,5.55149627486669e-17,6.851687551857723e-42,3.740894649365542e-40,5.062750369302153e-41,2.5767857628672053e-16
green_green_31a027815546,2.0,0.02531645569620253,80,-3.85,0.0004688160056485,0.0003337804355127,2.1684043449710093e-19,9.45286422736868e-42,5.1610889932881595e-40,6.98477440716019e-41,2.7069846527217143e-16
green_green_31a027815546,2.0,0.02531645569620253,80,-3.84,0.0004718523340136,0.0003355324053587,4.336808689942019e-19,1.30622635551241e-41,7.131754253551358e-40,9.65177981878293e-41,2.792407014793498e-16
green_green_31a027815546,2.0,0.02531645569620253,80,-3.83,0.0004749209536939,0.0003372996217384,5.551157474611588e-17,1.8078850142041435e-41,9.870717724819069e-40,1.3358563790370452e-40,2.81621006958229e-16
green_green_31a027815546,2.0,0.02531645569620253,80,-3.82,0.0004780223586088,0.0003390822794889,2.1684043449710093e-19,2.5062757960849504e-41,1.3683802193908442e-39,1.851901245666377e-40,2.8248223161599887e-16
green_green_31a027815546,2.0,0.02531645569620253,80,-3.81,0.000481157052857,0.000340880576854,1.1102569054260746e-16,3.4801753595893287e-41,1.9001113642451088e-39,2.5715210966121697e-40,3.013074740048224e-16
green_green_31a027815546,2.0,0.02531645569620253,80,-3.8,0.000484325550992,0.0003426947155625,2.1684043449710093e-19,4.840567731883516e-41,2.6428604327097396e-39,3.576722652156081e-40,2.685893312832817e-16
green_green_31a027815546,2.0,0.02531645569620253,80,-3.79,0.0004875283783063,0.0003445249009087,1.1102759629222426e-16,6.744088364747125e-41,3.682147483752463e-39,4.9832447263261996e-40,2.661252112742275e-16
green_green_31a027815546,2.0,0.02531645569620253,80,-3.78,0.0004907660711269,0.0003463713418351,0.0,9.4121975558564e-41,5.13888574296239e-39,6.954725575444091e-40,2.5687779602942754e-16
green_green_31a027815546,2.0,0.02531645569620253,80,-3.77,0.0004940391771208,0.0003482342510177,5.551115123125783e-17,1.3158575932180259e-40,7.184339029676968e-39,9.72294557449186e-40,2.548664650669152e-16
green_green_31a027815546,2.0,0.02531645569620253,80,-3.76,0.0004973482556118,0.0003501138449538,2.1684043449710093e-19,1.8428341841983263e-40,1.0061533727506684e-38,1.3616805168068532e-39,2.763225864451486e-16
green_green_31a027815546,2.0,0.02531645569620253,80,-3.75,0.0005006938779086,0.0003520103440524,4.336808689942019e-19,2.585429965478026e-40,1.4115969315535584e-38,1.910388705477347e-39,2.99462325585144e-16
green_green_31a027815546,2.0,0.02531645569620253,80,-3.74,0.0005040766276458,0.0003539239727279,5.551157474611588e-17,3.633777148385127e-40,1.9839750993454183e-38,2.6850183200429947e-39,3.001767328073199e-16
green_green_31a027815546,2.0,0.02531645569620253,80,-3.73,0.0005074971011372,0.0003558549594958,5.551115123125783e-17,5.1164984872266445e-40,2.793513520499565e-38,3.780609435221149e-39,2.8138752721280353e-16
green_green_31a027815546,2.0,0.02531645569620253,80,-3.72,0.0005109559077424,0.0003578035370721,2.1684043449710093e-19,7.217499041298689e-40,3.940620955208991e-38,5.33305053101342e-39,2.8234565463321645e-16
green_green_31a027815546,2.0,0.02531645569620253,80,-3.71,0.000514453670248,0.0003597699424754,5.551792708129603e-17,1.020024127684702e-39,5.569143036075632e-38,7.537015501725064e-39,2.9808898823074913e-16
green_green_31a027815546,2.0,0.02531645569620253,80,-3.7,0.0005179910252632,0.0003617544171325,8.673617379884035e-19,1.4442910274907069e-39,7.885561821046174e-38,1.0671947425311023e-38,3.0054796038792274e-16
green_green_31a027815546,2.0,0.02531645569620253,80,-3.69,0.0005215686236313,0.0003637572069873,5.551284527130373e-17,2.0489460081109965e-39,1.118686615606555e-37,1.513977699761217e-38,2.9413116830017893e-16
green_green_31a027815546,2.0,0.02531645569620253,80,-3.68,0.0005251871308573,0.0003657785626132,5.551792708129603e-17,2.9123869080227383e-39,1.5901093735878966e-37,2.1519790245171194e-38,2.990576041906029e-16
green_green_31a027815546,2.0,0.02531645569620253,80,-3.67,0.000528847227553,0.0003678187393288,0.0,4.147838687787335e-39,2.2646431898909173e-37,3.064861275337551e-38,2.9426361644143526e-16
green_green_31a027815546,2.0,0.02531645569620253,80,-3.66,0.0005325496099,0.0003698779973184,5.551157474611588e-17,5.919167370282211e-39,3.231755881539589e-37,4.373705975797507e-38,3.099340643130845e-16
green_green_31a027815546,2.0,0.02531645569620253,80,-3.65,0.0005362949901323,0.0003719566017551,0.0,8.464033462788799e-39,4.621205688868962e-37,6.254121807977269e-38,3.1634671991667253e-16
green_green_31a027815546,2.0,0.02531645569620253,80,-3.64,0.0005400840970389,0.0003740548229293,5.551115123125783e-17,1.2127866544724934e-38,6.621590771908446e-37,8.961348625931676e-38,2.730360558405989e-16
green_green_31a027815546,2.0,0.02531645569620253,80,-3.63,0.0005439176764876,0.0003761729363806,1.1102420827028943e-16,1.7413830849507134e-38,9.507629493731857e-37,1.2867177304429738e-37,2.960410011225874e-16
green_green_31a027815546,2.0,0.02531645569620253,80,-3.62,0.0005477964919716,0.0003783112230352,5.551157474611588e-17,2.505647642979301e-38,1.3680372594157769e-36,1.8514370998127416e-37,2.796427973848354e-16
green_green_31a027815546,2.0,0.02531645569620253,80,-3.61,0.0005517213251801,0.0003804699693465,0.0,3.613055565237456e-38,1.972661498289219e-36,2.6697070260093155e-37,2.8461180126580323e-16
green_green_31a027815546,2.0,0.02531645569620253,80,-3.6,0.0005556929765937,0.0003826494674427,5.551157474611588e-17,5.221217351257515e-38,2.8506880829961365e-36,3.857986791315188e-37,2.980040483776662e-16
green_green_31a027815546,2.0,0.02531645569620253,80,-3.59,0.0005597122661072,0.0003848500152773,2.1684043449710093e-19,7.561801130130522e-38,4.1286035262366443e-36,5.587457275949162e-37,2.7898752798893675e-16
green_green_31a027815546,2.0,0.02531645569620253,80,-3.58,0.0005637800336804,0.0003870719167872,5.551157474611588e-17,1.0976130965803134e-37,5.992764452543545e-36,8.110324745552923e-37,3.058571623207934e-16
green_green_31a027815546,2.0,0.02531645569620253,80,-3.5700000000000003,0.0005678971400191,0.0003893154820545,5.551157474611588e-17,1.5968290305827397e-37,8.718391098903661e-36,1.1799059287376913e-36,2.9906692443998464e-16
green_green_31a027815546,2.0,0.02531645569620253,80,-3.56,0.0005720644672882,0.0003915810274756,2.1684043449710093e-19,2.328453666245549e-37,1.2712926261489908e-35,1.7205074763649112e-36,2.895077571705357e-16
green_green_31a027815546,2.0,0.02531645569620253,80,-3.55,0.0005762829198588,0.0003938688759362,4.336808689942019e-19,3.403236559418298e-37,1.8581042026940123e-35,2.5146705855473537e-36,2.974345817637285e-16
green_green_31a027815546,2.0,0.02531645569620253,80,-3.54,0.0005805534250914,0.0003961793569923,5.551792708129603e-17,4.985948013604061e-37,2.7222353770421174e-35,3.684144957887225e-36,3.0732679057993074e-16
green_green_31a027815546,2.0,0.02531645569620253,80,-3.53,0.0005848769341582,0.0003985128070583,5.551115123125783e-17,7.322351128463229e-37,3.99786825507196e-35,5.410526326428296e-36,3.044986480169055e-16
green_green_31a027815546,2.0,0.02531645569620253,80,-3.52,0.0005892544229062,0.000400869569603,5.551157474611588e-17,1.077995895669289e-36,5.885658164686543e-35,7.965372147517369e-36,2.926041819872234e-16
green_green_31a027815546,2.0,0.02531645569620253,80,-3.51,0.0005936868927638,0.0004032499953522,1.1102420827028943e-16,1.590978883896921e-36,8.686450380256811e-35,1.1755832225328425e-35,2.972889596248123e-16
green_green_31a027815546,2.0,0.02531645569620253,80,-3.5,0.0005981753716954,0.0004056544424995,5.551115123125783e-17,2.354018855406235e-36,1.2852507464831943e-34,1.739397738053719e-35,2.698187188726896e-16
green_green_31a027815546,2.0,0.02531645569620253,80,-3.49,0.0006027209152058,0.0004080832769259,5.551792708129603e-17,3.491978923526892e-36,1.9065558917929783e-34,2.580242816222367e-35,3.24508283870759e-16
green_green_31a027815546,2.0,0.02531645569620253,80,-3.48,0.0006073246073979,0.0004105368724279,1.1102569054260746e-16,5.1935926762544923e-36,2.8356055214918187e-34,3.837574763983981e-35,3.035664969790336e-16
green_green_31a027815546,2.0,0.02531645569620253,80,-3.47,0.0006119875620891,0.0004130156109548,5.55149627486669e-17,7.744933834614497e-36,4.228590594990564e-34,5.72277505864726e-35,2.9975024768269333e-16
green_green_31a027815546,2.0,0.02531645569620253,80,-3.46,0.0006167109239891,0.0004155198828562,5.551157474611588e-17,1.1580854110962773e-35,6.322932102623003e-34,8.557158069943555e-35,2.905535304503282e-16
green_green_31a027815546,2.0,0.02531645569620253,80,-3.45,0.0006214958699445,0.0004180500871395,2.1684043449710093e-19,1.7364272059946536e-35,9.48057131145295e-34,1.2830558036803904e-34,3.0286508742234653e-16
green_green_31a027815546,2.0,0.02531645569620253,80,-3.44,0.0006263436102552,0.0004206066317386,5.551284527130373e-17,2.610876499358244e-35,1.4254902682997158e-33,1.929191292113773e-34,2.9907949815007677e-16
green_green_31a027815546,2.0,0.02531645569620253,80,-3.43,0.0006312553900677,0.0004231899337943,1.1102569054260746e-16,3.936870109832769e-35,2.1494582491765026e-33,2.90897540957576e-34,3.0345137592610917e-16
green_green_31a027815546,2.0,0.02531645569620253,80,-3.42,0.0006362324908528,0.0004258004199467,5.551115123125783e-17,5.953505245611433e-35,3.250503726230036e-33,4.399078424510079e-34,3.149125231836065e-16
green_green_31a027815546,2.0,0.02531645569620253,80,-3.41,0.0006412762319719,0.0004284385266408,5.551284527130373e-17,9.029710812205852e-35,4.930055056807181e-33,6.6721039748509695e-34,3.458714278363109e-16
green_green_31a027815546,2.0,0.02531645569620253,80,-3.4,0.0006463879723427,0.0004311047004462,5.551284527130373e-17,1.3736548671538316e-34,7.499901453062357e-33,1.0150012873968793e-33,3.354574631368765e-16
green_green_31a027815546,2.0,0.02531645569620253,80,-3.39,0.0006515691122086,0.0004337993983911,4.336808689942019e-19,2.096081011690369e-34,1.144421455578957e-32,1.548806018328345e-33,2.929036082489282e-16
green_green_31a027815546,2.0,0.02531645569620253,80,-3.38,0.0006568210950244,0.0004365230883122,0.0,3.208409976110144e-34,1.7517324924349743e-32,2.370712130184661e-33,2.9624908796730596e-16
green_green_31a027815546,2.0,0.02531645569620253,80,-3.37,0.0006621454094656,0.0004392762492213,0.0,4.92661371676066e-34,2.689839948630442e-32,3.640302513090576e-33,2.7386321773941913e-16
green_green_31a027815546,2.0,0.02531645569620253,80,-3.36,0.0006675435915739,0.0004420593716892,0.0,7.589450738662089e-34,4.143699700986293e-32,5.607887726804484e-33,2.8593721233261794e-16
green_green_31a027815546,2.0,0.02531645569620253,80,-3.35,0.0006730172270499,0.0004448729582496,5.551792708129603e-17,1.1730122411256737e-33,6.404429833169404e-32,8.667453254409967e-33,2.875599118615688e-16
green_green_31a027815546,2.0,0.02531645569620253,80,-3.34,0.0006785679537074,0.0004477175238219,5.551792708129603e-17,1.8190858175656417e-33,9.93187203906136e-32,1.3441327154761654e-32,3.400052329633831e-16
green_green_31a027815546,2.0,0.02531645569620253,80,-3.33,0.0006841974641046,0.0004505935961568,5.551115123125783e-17,2.8306834337521454e-33,1.545500788123354e-31,2.0916078690308243e-32,2.935380563352158e-16
green_green_31a027815546,2.0,0.02531645569620253,80,-3.3200000000000003,0.0006899075083677,0.0004535017163045,5.551115123125783e-17,4.420250734181233e-33,2.4133751276894307e-31,3.266148064620452e-32,3.127558739901279e-16
green_green_31a027815546,2.0,0.02531645569620253,80,-3.31,0.000695699897227,0.0004564424391082,0.0,6.927093420104416e-33,3.782064858444679e-31,5.118468188368491e-32,3.2388977285752267e-16
green_green_31a027815546,2.0,0.02531645569620253,80,-3.3,0.0007015765052858,0.000459416333724,5.551792708129603e-17,1.0895216443048119e-32,5.9485866200112055e-31,8.050536550767421e-32,3.487154573721217e-16
green_green_31a027815546,2.0,0.02531645569620253,80,-3.29,0.0007075392745455,0.0004624239841698,5.551792708129603e-17,1.720024531078797e-32,9.391015740852851e-31,1.2709357751678118e-31,3.4268213531345796e-16
green_green_31a027815546,2.0,0.02531645569620253,80,-3.28,0.0007135902182145,0.0004654659899055,5.551284527130373e-17,2.7257239149985376e-32,1.4881948326001952e-30,2.0140526918121075e-31,3.1579716764302023e-16
green_green_31a027815546,2.0,0.02531645569620253,80,-3.27,0.0007197314248283,0.0004685429664459,0.0,4.3362396990003476e-32,2.3675066566569657e-30,3.204071839432373e-31,3.1379503123678323e-16
green_green_31a027815546,2.0,0.02531645569620253,80,-3.26,0.0007259650627162,0.0004716555460106,5.551115123125783e-17,6.925736561814924e-32,3.781324038920045e-30,5.1174655981665556e-31,3.5713215133998744e-16
green_green_31a027815546,2.0,0.02531645569620253,80,-3.25,0.0007322933848524,0.0004748043782129,8.673617379884035e-19,1.1106530240886747e-31,6.0639600443958914e-30,8.206677501438193e-31,3.3967833779276096e-16
green_green_31a027815546,2.0,0.02531645569620253,80,-3.24,0.0007387187341323,0.0004779901307907,4.336808689942019e-19,1.7885065802233258e-31,9.764915060229885e-30,1.3215375454576766e-30,2.93544361970714e-16
green_green_31a027815546,2.0,0.02531645569620253,80,-3.23,0.0007452435491249,0.0004812134903839,5.551284527130373e-17,2.892303729359289e-31,1.579144329569807e-29,2.1371394511382123e-30,3.4728891147594206e-16
green_green_31a027815546,2.0,0.02531645569620253,80,-3.22,0.0007518703703545,0.0004844751633625,4.336808689942019e-19,4.6976605002749885e-31,2.5648357279878936e-29,3.4711276970262525e-30,3.4985548361433023e-16
green_green_31a027815546,2.0,0.02531645569620253,80,-3.21,0.0007586018471753,0.0004877758767083,5.551284527130373e-17,7.663878794879092e-31,4.1843360427864274e-29,5.662883035076665e-30,4.067068475685743e-16
green_green_31a027815546,2.0,0.02531645569620253,80,-3.2,0.0007654407453109,0.0004911163789577,0.0,1.2560057718733176e-30,6.857559157523437e-29,9.280697108952637e-30,3.136779999465051e-16
green_green_31a027815546,2.0,0.02531645569620253,80,-3.19,0.0007723899551393,0.0004944974412091,5.551284527130373e-17,2.068041895886313e-30,1.129112617064289e-28,1.5280877583642866e-29,3.56147344340101e-16
green_green_31a027815546,2.0,0.02531645569620253,80,-3.18,0.0007794525008187,0.0004979198582023,0.0,3.4213891009870314e-30,1.8680151545745462e-28,2.528083600346308e-29,3.8921137214219273e-16
green_green_31a027815546,2.0,0.02531645569620253,80,-3.17,0.0007866315503614,0.0005013844494775,4.336808689942019e-19,5.6881884507393634e-30,3.1056456645026563e-28,4.2030343563802586e-29,3.4987719152512677e-16
green_green_31a027815546,2.0,0.02531645569620253,80,-3.16,0.0007939304267806,0.00050489206062,5.551284527130373e-17,9.504496617046596e-30,5.189279322870219e-28,7.022925869545389e-29,3.3976155185651663e-16
green_green_31a027815546,2.0,0.02531645569620253,80,-3.15,0.0008013526204542,0.0005084435646024,4.336808689942019e-19,1.5963408743240397e-29,8.715725856038429e-28,1.179545227339633e-28,3.541847439802405e-16
green_green_31a027815546,2.0,0.02531645569620253,80,-3.14,0.000808901802872,0.0005120398632316,5.551284527130373e-17,2.6954040773626295e-29,1.4716407621579329e-27,1.9916491936918883e-28,4.063004458184893e-16
green_green_31a027815546,2.0,0.02531645569620253,80,-3.13,0.0008165818419606,0.0005156818887152,5.553824967135427e-17,4.576010677267944e-29,2.4984171751074487e-27,3.3812399603638463e-28,3.5416187870803524e-16
green_green_31a027815546,2.0,0.02531645569620253,80,-3.12,0.0008243968192117,0.0005193706053577,5.551792708129603e-17,7.812341797466945e-29,4.265394095683048e-27,5.772583180550398e-28,3.378988247493871e-16
green_green_31a027815546,2.0,0.02531645569620253,80,-3.11,0.0008323510488789,0.0005231070114035,5.551284527130373e-17,1.341454208213111e-28,7.324091812261179e-27,9.912080398633275e-28,3.447299772626211e-16
green_green_31a027815546,2.0,0.02531645569620253,80,-3.1,0.0008404490995508,0.0005268921410437,5.551284527130373e-17,2.3170939576217316e-28,1.2650904353912281e-26,1.7121137239360215e-27,3.6028801202631343e-16
green_green_31a027815546,2.0,0.02531645569620253,80,-3.09,0.0008486958184673,0.0005307270666053,5.551284527130373e-17,4.0268090582038236e-28,2.1985632511463626e-26,2.975431803075015e-27,3.9714768533250943e-16
green_green_31a027815546,2.0,0.02531645569620253,80,-3.08,0.000857096359008,0.0005346129009471,5.551792708129603e-17,7.0422003098315605e-28,3.8449110907963796e-26,5.2035213149252206e-27,3.544101373389885e-16
green_green_31a027815546,2.0,0.02531645569620253,80,-3.0700000000000003,0.0008656562118619,0.0005385508000879,5.551284527130373e-17,1.2395675908648079e-27,6.767809730225976e-26,9.159234467316383e-27,3.774826007556123e-16
green_green_31a027815546,2.0,0.02531645569620253,80,-3.06,0.0008743812404849,0.0005425419660973,4.336808689942019e-19,2.1965224117078936e-27,1.1992606018559087e-25,1.623022732266807e-26,3.803983683840112e-16
green_green_31a027815546,2.0,0.02531645569620253,80,-3.05,0.0008832777215681,0.0005465876502847,5.551792708129603e-17,3.9192107346003945e-27,2.1398165569922152e-25,2.8959267981493527e-26,4.064098741359599e-16
green_green_31a027815546,2.0,0.02531645569620253,80,-3.04,0.0008923523913808,0.0005506891567286,1.1103585416259206e-16,7.043011074388798e-27,3.845353753245749e-25,5.204120393404866e-26,3.902902603892474e-16
green_green_31a027815546,2.0,0.02531645569620253,80,-3.03,0.0009016124990303,0.000554847846193,5.552639573108236e-17,1.275028286383711e-26,6.9614185676480505e-25,9.421255535812656e-26,4.455718792006042e-16
green_green_31a027815546,2.0,0.02531645569620253,80,-3.02,0.0009110658678953,0.0005590651404894,8.673617379884035e-19,2.325916040491792e-26,1.2699071294326779e-24,1.7186324104596506e-25,3.914694960084203e-16
green_green_31a027815546,2.0,0.02531645569620253,80,-3.01,0.0009207209667562,0.0005633425273505,1.6654757031124616e-16,4.2766013145673685e-26,2.3349452020468992e-24,3.1600047026098847e-25,4.208605570908104e-16
green_green_31a027815546,2.0,0.02531645569620253,80,-3.0,0.0009305869924812,0.0005676815658954,0.0,7.927915694680889e-26,4.328495305483059e-24,5.857981381558985e-25,4.727667997840971e-16
green_green_31a027815546,2.0,0.02531645569620253,80,-2.99,0.0009406739665406,0.0005720838927815,5.551792708129603e-17,1.4822031134611182e-25,8.092554796834387e-24,1.0952081955373874e-24,4.607402147523227e-16
green_green_31a027815546,2.0,0.02531645569620253,80,-2.98,0.0009509928481484,0.0005765512291556,5.551284527130373e-17,2.795673159518882e-25,1.526385826070459e-23,2.065738580995972e-24,4.317315114915424e-16
green_green_31a027815546,2.0,0.02531645569620253,80,-2.97,0.0009615556674917,0.00058108538854,5.551284527130373e-17,5.3216464868127135e-25,2.905520533103547e-23,3.932194442973635e-24,4.0154761929526655e-16
green_green_31a027815546,2.0,0.02531645569620253,80,-2.96,0.0009723756833519,0.000585688285819,1.665537812438881e-16,1.0226991766993808e-24,5.583748308820576e-23,7.556781588961916e-24,3.9304372857272396e-16
green_green_31a027815546,2.0,0.02531645569620253,80,-2.95,0.0009834675705032,0.0005903619475236,5.551284527130373e-17,1.985019278543931e-24,1.0837838038862484e-22,1.4667418806619958e-23,4.4377773538997797e-16
green_green_31a027815546,2.0,0.02531645569620253,80,-2.94,0.0009948476436656,0.0005951085236585,5.551115123125783e-17,3.892975665668113e-24,2.1254926946952695e-22,2.876541558539358e-23,3.961980341355336e-16
green_green_31a027815546,2.0,0.02531645569620253,80,-2.93,0.0010065341265983,0.0005999303013696,4.336808689942019e-19,7.717876464289771e-24,4.2138177713456684e-22,5.702782215925365e-23,4.758044915256638e-16
green_green_31a027815546,2.0,0.02531645569620253,80,-2.92,0.0010185474772843,0.0006048297208198,5.551284527130373e-17,1.5474887472062017e-23,8.44900227945666e-22,1.1434481165570537e-22,4.764716622988093e-16
green_green_31a027815546,2.0,0.02531645569620253,80,-2.91,0.0010309107832725,0.0006098093937321,1.1102569054260746e-16,3.139801068325814e-23,1.714273298026786e-21,2.3200166233341827e-22,4.800343155328216e-16
green_green_31a027815546,2.0,0.02531645569620253,80,-2.9,0.0010436502453881,0.0006148721251735,1.110299254973338e-16,6.450184589495199e-23,3.5216814595873226e-21,4.766077578023801e-22,5.38439632232469e-16
green_green_31a027815546,2.0,0.02531645569620253,80,-2.89,0.0010567957735723,0.0006200209393002,8.673617379884035e-19,1.342484324787947e-22,7.329716058191663e-21,9.919691987793177e-22,4.696911198712428e-16
green_green_31a027815546,2.0,0.02531645569620253,80,-2.88,0.0010703817261278,0.0006252591099849,5.552639573108236e-17,2.8327546386561747e-22,1.546631627684349e-20,2.0931382939536498e-21,5.025573951363725e-16
green_green_31a027815546,2.0,0.02531645569620253,80,-2.87,0.0010844478339156,0.0006305901974983,1.6653853581391122e-16,6.064484383109844e-22,3.3110962822269045e-20,4.481081531788748e-21,5.115519021480339e-16
green_green_31a027815546,2.0,0.02531645569620253,80,-2.86,0.0010990403652282,0.000636018092766,1.110299254973338e-16,1.318308452044098e-21,7.19772026546657e-20,9.741055107848267e-21,4.743434828352892e-16
green_green_31a027815546,2.0,0.02531645569620253,80,-2.85,0.0011142136068758,0.000641547071179,1.6654757031124616e-16,2.9125016514931957e-21,1.5901720214000572e-19,2.1520638091111382e-20,4.812286281814229e-16
green_green_31a027815546,2.0,0.02531645569620253,80,-2.84,0.0011300317650245,0.0006471818585661,4.336808689942019e-19,6.545890724459301e-21,3.573935238745968e-19,4.836795378049957e-20,5.643925666498687e-16
green_green_31a027815546,2.0,0.02531645569620253,80,-2.83,0.0011465714294317,0.0006529277127999,5.551284527130373e-17,1.4982965548352193e-20,8.180422009503625e-19,1.107099729651196e-19,5.373394311419816e-16
green_green_31a027815546,2.0,0.02531645569620253,80,-2.82,0.0011639248029736,0.0006587905257116,5.551792708129603e-17,3.4968659765761524e-20,1.9092241323490214e-18,2.58385388713631e-19,5.272747170618707e-16
green_green_31a027815546,2.0,0.02531645569620253,80,-2.81,0.0011822039842304,0.0006647769516905,0.0,8.332960751855668e-20,4.549642413501172e-18,6.157271446564888e-19,4.862604577085285e-16
green_green_31a027815546,2.0,0.02531645569620253,80,-2.8,0.0012015467195832,0.000670894571782,5.557210413939996e-17,2.0305676439301776e-19,1.1086523687574824e-17,1.500397823367352e-18,5.405379158382537e-16
green_green_31a027815546,2.0,0.02531645569620253,80,-2.79,0.0012221242375435,0.0006771521056471,1.3010426069826053e-18,5.068465077616075e-19,2.7672881674543452e-17,3.745117279397608e-18,5.192008497419752e-16
green_green_31a027815546,2.0,0.02531645569620253,80,-2.78,0.0012441520831992,0.000683559689009,1.1103585416259206e-16,1.2984335460702509e-18,7.089206955641097e-17,9.59419831264654e-18,5.663181494169071e-16
green_green_31a027815546,2.0,0.02531645569620253,80,-2.77,0.0012679053551749,0.000690129242156,1.734723475976807e-18,3.4214547141948908e-18,1.8680509781722088e-16,2.5281320823136786e-17,7.93890461107716e-16
green_green_31a027815546,2.0,0.02531645569620253,80,-2.76,0.0012937405346422,0.0006968749673244,1.1103585416259206e-16,9.297332953839098e-18,5.0761717952180225e-16,6.86985147663537e-17,7.344371343428201e-16
green_green_31a027815546,2.0,0.02531645569620253,80,-2.75,0.001322127407323,0.0007038140321126,5.551792708129603e-17,2.6130544450659245e-17,1.4266793863648373e-15,1.930800588415221e-16,7.215285230076277e-16
green_green_31a027815546,2.0,0.02531645569620253,80,-2.74,0.0013536968257604,0.0007109675273538,1.666147490140628e-16,7.622294896015348e-17,4.161632003295159e-15,5.632156458925018e-16,8.803121712862817e-16
green_green_31a027815546,2.0,0.02531645569620253,80,-2.73,0.00138931402651,0.0007183618399083,2.220717083251841e-16,2.3171182519452204e-16,1.2651036996424144e-14,1.712131675147936e-15,8.205393404342941e-16
green_green_31a027815546,2.0,0.02531645569620253,80,-2.72,0.0014301944650427,0.000726030670146,5.553824967135427e-17,7.376654123910208e-16,4.0275166859986087e-14,5.4506511143980645e-15,9.357219323745407e-16
green_green_31a027815546,2.0,0.02531645569620253,80,-2.71,0.0014780928766948,0.0007340180825641,1.734723475976807e-18,2.473924021880192e-15,1.3507167491721422e-13,1.827996338216487e-14,9.298958248195032e-16
green_green_31a027815546,2.0,0.02531645569620253,80,-2.7,0.0015356234297185,0.0007423832709407,8.673617379884035e-19,8.803850477703713e-15,4.80673949251036e-13,6.505214506635014e-14,1.1063816500789373e-15
green_green_31a027815546,2.0,0.02531645569620253,80,-2.69,0.0016068249221899,0.0007512082838039,1.6653345369377348e-16,3.354458361214815e-14,1.831472208855415e-12,2.478628101254324e-13,1.0888889269506965e-15
green_green_31a027815546,2.0,0.02531645569620253,80,-2.68,0.0016982062498662,0.0007606110945962,5.561946577567962e-17,1.3840535148479584e-13,7.556676145756959e-12,1.0226849065133712e-12,1.0514015247767017e-15
green_green_31a027815546,2.0,0.02531645569620253,80,-2.67,0.0018207810057704,0.0007707688103909,8.673617379884035e-19,6.273826433290768e-13,3.4253931688671544e-11,4.6357655470539466e-12,8.326148906424161e-16
green_green_31a027815546,2.0,0.02531645569620253,80,-2.66,0.0019942319796814,0.0007819611330974,5.56803001126317e-17,3.182608010350316e-12,1.7376450964579352e-10,2.3516469129384545e-11,1.3882694082025081e-15
green_green_31a027815546,2.0,0.02531645569620253,80,-2.65,0.0022557282535889,0.0007946561006245,7.806255641895632e-18,1.849010427850695e-11,1.0095254875264006e-09,1.3662441778896551e-10,1.4195668713412877e-15
green_green_31a027815546,2.0,0.02531645569620253,80,-2.64,0.0026777228997965,0.0008096840427657,5.575456304969595e-17,1.2622117734484959e-10,6.891442778034197e-09,9.326553602741682e-10,2.3010387476218725e-15
green_green_31a027815546,2.0,0.02531645569620253,80,-2.63,0.0033885432919844,0.0008285585280336,5.204170427930421e-18,1.0258088213558641e-09,5.6007263933710247e-08,7.579758927776407e-09,3.1905536445036778e-15
green_green_31a027815546,2.0,0.02531645569620253,80,-2.62,0.0044722729175009,0.0008536864777741,6.071532165918825e-17,9.337564282657893e-09,5.098137356486823e-07,6.89957863119303e-08,2.778113792546249e-15
green_green_31a027815546,2.0,0.02531645569620253,80,-2.61,0.0054709897573956,0.0008865783708868,1.7347234759768068e-17,7.376870306462902e-08,4.027634717673095e-06,5.450810852899013e-07,2.254895095366947e-15
green_green_31a027815546,2.0,0.02531645569620253,80,-2.6,0.0057144220165273,0.0009241490441625,1.7010907505015192e-16,3.66158655308351e-07,1.999158519845965e-05,2.7055668451824165e-06,2.7313797730942456e-15
green_green_31a027815546,2.0,0.02531645569620253,80,-2.59,0.0054329756756953,0.0009619530461824,6.206335383118183e-17,1.115411606127276e-06,6.089941022004749e-05,8.241838931072782e-06,4.267016722455048e-15
green_green_31a027815546,2.0,0.02531645569620253,80,-2.58,0.0052767441817174,0.0009984255226993,5.721958498152797e-17,2.4346097867696943e-06,0.0001329251904102,1.798946829344686e-05,3.2662524398917227e-15
green_green_31a027815546,2.0,0.02531645569620253,80,-2.57,0.0048993638852679,0.0010330332327508,6.059128614320848e-17,4.317521762734783e-06,0.0002357287009731,3.1902410513201266e-05,2.450108619981422e-15
green_green_31a027815546,2.0,0.02531645569620253,80,-2.56,0.0044989960579783,0.0010670867466843,5.575456304969595e-17,6.725194015943861e-06,0.0003671831518845,4.96928358600019e-05,2.538515493996918e-15
green_green_31a027815546,2.0,0.02531645569620253,80,-2.55,0.0045741112350648,0.0010991119907739,6.13071990641655e-17,9.56943698236636e-06,0.0005224735560959,7.070910669788668e-05,2.066721628267253e-15
green_green_31a027815546,2.0,0.02531645569620253,80,-2.54,0.0046408939642734,0.0011323843738712,2.4286128663675302e-17,1.2860766325162033e-05,0.0007021740493624,9.502892385186044e-05,3.0712577020792214e-15
green_green_31a027815546,2.0,0.02531645569620253,80,-2.53,0.0041829727143501,0.0011613250862597,5.815852873680767e-17,1.640585648157561e-05,0.0008957294136032,0.0001212237938933,2.0675938955270694e-15
green_green_31a027815546,2.0,0.02531645569620253,80,-2.52,0.0038369578846764,0.0011975567293987,5.553824967135427e-17,2.0486808149186992e-05,0.0011185418250295,0.0001513781747023,2.741443197040253e-15
green_green_31a027815546,2.0,0.02531645569620253,80,-2.51,0.0039425630266807,0.0012211397551929,1.1364755910069911e-16,2.4479323941874475e-05,0.0013365258012883,0.0001808790978704,3.5262863294074967e-15
green_green_31a027815546,2.0,0.02531645569620253,80,-2.5,0.0043521895213229,0.0012596605121494,1.666147490140628e-16,2.9202227456343863e-05,0.0015943875959634,0.0002157768968886,2.844285661081217e-15
green_green_31a027815546,2.0,0.02531645569620253,80,-2.49,0.0043372170909234,0.0012888500894917,1.3877787807814457e-17,3.3930258480398566e-05,0.0018525293431761,0.0002507125833628,2.8155831300466668e-15
green_green_31a027815546,2.0,0.02531645569620253,80,-2.48,0.0038170665018582,0.0013103632770375,1.1103585416259206e-16,3.8423391750172e-05,0.0020978461075581,0.0002839125971532,4.458041222329547e-15
green_green_31a027815546,2.0,0.02531645569620253,80,-2.47,0.0034920802018814,0.001360614882228,5.618469141565346e-17,4.448506594917741e-05,0.0024288023049274,0.0003287026478631,3.4481242242396065e-15
green_green_31a027815546,2.0,0.02531645569620253,80,-2.46,0.0035145432559217,0.0013791567070242,6.938893903907228e-18,4.935179173350038e-05,0.0026945165294701,0.0003646631577015,3.0714031127588738e-15
green_green_31a027815546,2.0,0.02531645569620253,80,-2.45,0.0038891117133852,0.0014000547268277,5.553824967135427e-17,5.424070935394569e-05,0.0029614423872108,0.000400787644262,4.799533362970477e-15
green_green_31a027815546,2.0,0.02531645569620253,80,-2.44,0.0043868778441803,0.0014627435624852,1.734723475976807e-18,6.176691152392053e-05,0.0033723591024669,0.0004563991743079,4.027656169681597e-15
green_green_31a027815546,2.0,0.02531645569620253,80,-2.43,0.004250524314649,0.0014793987042275,6.369057972232327e-17,6.703647727363047e-05,0.0036600676438791,0.0004953362912495,3.024577506777519e-15
green_green_31a027815546,2.0,0.02531645569620253,80,-2.42,0.0037016449928249,0.0014862956368296,5.594315114139762e-17,7.142840404635484e-05,0.0038998587207509,0.0005277884845556,3.04807888708421e-15
green_green_31a027815546,2.0,0.02531645569620253,80,-2.41,0.0033853869665835,0.0015589690574424,5.594315114139762e-17,8.028515988372492e-05,0.0043834212047665,0.0005932315502924,2.717093123048452e-15
green_green_31a027815546,2.0,0.02531645569620253,80,-2.4,0.0033400488831874,0.0016008956139213,3.2959746043559335e-17,8.773998701788143e-05,0.0047904409751084,0.0006483156861945,2.8879485335888755e-15
green_green_31a027815546,2.0,0.02531645569620253,80,-2.39,0.003539020813807,0.0015811299496061,5.682377955034956e-17,9.0661181289045e-05,0.0049499327782013,0.00066990055454,1.8733522943561403e-15
green_green_31a027815546,2.0,0.02531645569620253,80,-2.38,0.0040458230186774,0.0016313319659863,5.682377955034956e-17,9.842567935073769e-05,0.0053738600083057,0.0007272728662979,2.1347043508398278e-15
green_green_31a027815546,2.0,0.02531645569620253,80,-2.37,0.0045642733155433,0.0017285548679863,1.666147490140628e-16,0.0001104446263731,0.0060300722810753,0.0008160815400965,2.2945919179674298e-15
green_green_31a027815546,2.0,0.02531645569620253,80,-2.36,0.0043372464530378,0.0017225950465035,5.553824967135427e-17,0.0001150083627187,0.006279243842783,0.0008498032439747,2.492218242836291e-15
green_green_31a027815546,2.0,0.02531645569620253,80,-2.35,0.0037701136768823,0.0017019824291239,1.0408340855860844e-17,0.0001175638293154,0.0064187675914354,0.0008686857300169,2.1269269752795157e-15
green_green_31a027815546,2.0,0.02531645569620253,80,-2.34,0.0034581985053031,0.0017920746949818,2.0816681711721685e-17,0.0001294242445193,0.0070663243201926,0.000956323003315,2.393098641119005e-15
green_green_31a027815546,2.0,0.02531645569620253,80,-2.33,0.0033891342285433,0.0018995968971527,1.0408340855860844e-17,0.0001437087829651,0.0078462336934106,0.0010618722592383,2.489079358366517e-15
green_green_31a027815546,2.0,0.02531645569620253,80,-2.32,0.0034655014399329,0.0018620204050665,1.110764993427085e-16,0.0001458444019625,0.0079628345398459,0.0010776524678163,2.2724010261602304e-15
green_green_31a027815546,2.0,0.02531645569620253,80,-2.31,0.0037632504436299,0.0018348165353949,3.330849769336005e-16,0.000147635740192,0.0080606382932574,0.0010908887664858,2.005856654988949e-15
green_green_31a027815546,2.0,0.02531645569620253,80,-2.3,0.0043621771631882,0.0019452745028726,6.938893903907228e-18,0.0001623640968737,0.0088647793211078,0.0011997174202521,3.169481507301023e-15
green_green_31a027815546,2.0,0.02531645569620253,80,-2.29,0.0048809672542995,0.0020852167855549,1.1114420827879992e-16,0.0001808969486161,0.0098766387410827,0.0013366577014501,2.610957962271841e-15
green_green_31a027815546,2.0,0.02531645569620253,80,-2.28,0.0045756592737989,0.0020418638122016,1.1236938283130691e-16,0.0001828210436862,0.0099816907723971,0.0013508749478626,3.4982049902777428e-15
green_green_31a027815546,2.0,0.02531645569620253,80,-2.27,0.0039936411131805,0.0019787669647432,1.6711069443220838e-16,0.0001810851651642,0.0098869150164146,0.0013380484440827,2.362362107161281e-15
green_green_31a027815546,2.0,0.02531645569620253,80,-2.26,0.0036879557805376,0.0020737018709408,1.1983411512519015e-16,0.000195125480229,0.0106534902448329,0.0014417931197429,2.07678005641198e-15
green_green_31a027815546,2.0,0.02531645569620253,80,-2.25,0.0036266691368255,0.0022696479774398,2.0816681711721685e-17,0.0002204619330558,0.0120368136975781,0.001629005591028,1.7997692325605196e-15
green_green_31a027815546,2.0,0.02531645569620253,80,-2.24,0.0036616775248371,0.0022862582486139,1.1123893155135927e-16,0.0002289385552602,0.0124996215884683,0.0016916398280258,2.266542055344365e-15
green_green_31a027815546,2.0,0.02531645569620253,80,-2.23,0.0038033582838661,0.0021648533056445,6.938893903907228e-18,0.0002216006967919,0.0120989880908961,0.0016374199801578,1.9294981787776985e-15
green_green_31a027815546,2.0,0.02531645569620253,80,-2.22,0.0041956266303524,0.0021838079013971,2.4286128663675302e-17,0.000227850465286,0.0124402138888083,0.0016835998701659,2.200691937928194e-15
green_green_31a027815546,2.0,0.02531645569620253,80,-2.21,0.0048861731919611,0.0023909845362187,2.2259280555512065e-16,0.0002557571947139,0.0139638696890475,0.0018898042594464,2.39545741284436e-15
green_green_31a027815546,2.0,0.02531645569620253,80,-2.2,0.0053698914534475,0.0025724429838518,3.332294980281256e-16,0.0002821171224375,0.0154030729777643,0.0020845792441599,1.931855385591946e-15
green_green_31a027815546,2.0,0.02531645569620253,80,-2.19,0.0049639773071003,0.002461317501642,3.122502256758253e-17,0.0002773579480624,0.0151432308611997,0.0020494134377178,2.004844202146604e-15
green_green_31a027815546,2.0,0.02531645569620253,80,-2.18,0.0043785285404748,0.0023441665884758,2.220513810852149e-16,0.0002686330425846,0.0146668671628985,0.0019849446216846,2.2260805955508323e-15
green_green_31a027815546,2.0,0.02531645569620253,80,-2.17,0.0040951939760099,0.0024410721034701,1.113606002252634e-16,0.0002845258772238,0.0155345865329782,0.0021023776684042,2.0555658854568297e-15
green_green_31a027815546,2.0,0.02531645569620253,80,-2.16,0.0040636074962974,0.0027285924196145,1.5612511283791264e-17,0.0003239434505855,0.0176867131173241,0.0023936363292577,2.798175793553488e-15
green_green_31a027815546,2.0,0.02531645569620253,80,-2.15,0.0041192294438697,0.0028755266741549,5.204170427930421e-18,0.000348758452387,0.0190415663087565,0.0025769957696643,3.633518029619246e-15
green_green_31a027815546,2.0,0.02531645569620253,80,-2.14,0.004186958235399,0.0026875672679427,1.113606002252634e-16,0.0003346449885875,0.018270997294743,0.0024727105938994,3.069372880866527e-15
green_green_31a027815546,2.0,0.02531645569620253,80,-2.13,0.0044171991779618,0.0025691874871977,1.1103585416259206e-16,0.0003245416063809,0.017719371317186,0.002398056135986,2.754418909261288e-15
green_green_31a027815546,2.0,0.02531645569620253,80,-2.12,0.00494203833146,0.0027077099200968,5.204170427930421e-18,0.0003466627037491,0.0189271423101921,0.0025615101654095,2.814203483647619e-15
green_green_31a027815546,2.0,0.02531645569620253,80,-2.11,0.0057364486846151,0.003061844573833,1.1983411512519015e-16,0.0003967288868206,0.0216606632851162,0.0029314520007841,3.1108114100620907e-15
green_green_31a027815546,2.0,0.02531645569620253,80,-2.1,0.0060846978156223,0.0032377421763147,1.1188630228279524e-16,0.0004269061430235,0.0233082856468716,0.0031544334397792,3.746845648733855e-15
green_green_31a027815546,2.0,0.02531645569620253,80,-2.09,0.0055386641501399,0.003001823767657,1.115091260993919e-16,0.0004069520702566,0.0222188301881695,0.0030069916767021,2.7106722024305344e-15
green_green_31a027815546,2.0,0.02531645569620253,80,-2.08,0.0049875125851052,0.0028355363362701,1.1443916996305594e-16,0.0003900082618369,0.0212937295939381,0.0028817929257594,1.901948854303348e-15
green_green_31a027815546,2.0,0.02531645569620253,80,-2.07,0.0047653103440007,0.0029600090743929,1.153297605929378e-16,0.0004111660866362,0.0224489076867076,0.0030381292801331,2.445595958828501e-15
green_green_31a027815546,2.0,0.02531645569620253,80,-2.06,0.0047953429719788,0.0033626382456599,1.115091260993919e-16,0.0004703325729755,0.0256792883847922,0.0034753137668705,2.7863414488722866e-15
green_green_31a027815546,2.0,0.02531645569620253,80,-2.05,0.0049121873615641,0.0036783743091892,1.116844020239418e-16,0.0005195235538218,0.0283650249373164,0.0038387886839053,1.958930075704686e-15
green_green_31a027815546,2.0,0.02531645569620253,80,-2.04,0.0049691845673819,0.0034536946861004,2.224778631027185e-16,0.0005022679643783,0.0274229016759727,0.0037112861654875,3.72536941858637e-15
green_green_31a027815546,2.0,0.02531645569620253,80,-2.03,0.0051173902093183,0.0031773187120332,1.110764993427085e-16,0.0004709707789875,0.0257141332523869,0.0034800295068957,2.0637021951190987e-15
green_green_31a027815546,2.0,0.02531645569620253,80,-2.02,0.0055146287996435,0.0032098434371839,2.253004462861893e-16,0.0004795340753076,0.0261816733896519,0.003543304183797,2.2403868768029987e-15
green_green_31a027815546,2.0,0.02531645569620253,80,-2.01,0.0062549606453022,0.0035904079601002,3.4694469519536136e-17,0.0005386705831067,0.0294104173149014,0.0039802671574191,3.431713856855024e-15
green_green_31a027815546,2.0,0.02531645569620253,80,-2.0,0.0071072157520115,0.0041167109797355,2.230182521987838e-16,0.0006174071554001,0.0337092885020747,0.004562056107133,3.56394176166836e-15
green_green_31a027815546,2.0,0.02531645569620253,80,-1.99,0.0071046674933503,0.0041007592368548,1.0408340855860844e-17,0.0006287566534844,0.0343289501012798,0.0046459181851722,2.213334050189939e-15
green_green_31a027815546,2.0,0.02531645569620253,80,-1.98,0.006446710049366,0.0036882952588188,2.2591401799415137e-16,0.0005822675781112,0.0317907325891551,0.0043024077992527,2.553071225525096e-15
green_green_31a027815546,2.0,0.02531645569620253,80,-1.97,0.0060199544734946,0.0035291407966505,2.2422936607558627e-16,0.000563122029464,0.0307454210516474,0.0041609402662536,2.5339995294461008e-15
green_green_31a027815546,2.0,0.02531645569620253,80,-1.96,0.0059308328257365,0.0037656697517003,3.3306690738754696e-16,0.0006029848293623,0.0329218561812336,0.0044554887309622,1.9584528676499202e-15
green_green_31a027815546,2.0,0.02531645569620253,80,-1.95,0.0060837418372027,0.0043730184874984,3.331391796911832e-16,0.0006971969636749,0.0380656644253783,0.0051516274765984,2.338852913142289e-15
green_green_31a027815546,2.0,0.02531645569620253,80,-1.94,0.0062976166309788,0.004849113730591,2.2215299868541707e-16,0.0007740063431997,0.0422593144526248,0.005719176290831,1.7836411501409463e-15
green_green_31a027815546,2.0,0.02531645569620253,80,-1.93,0.0063843505688359,0.0045211186536284,1.1295700899707568e-16,0.0007453339612459,0.0406938554409034,0.0055073144520844,2.0688155380267658e-15
green_green_31a027815546,2.0,0.02531645569620253,80,-1.92,0.0065306737048047,0.0040738608302875,3.352462517570444e-16,0.0006880966947929,0.0375688065796164,0.0050843850793139,1.6265665100677252e-15
green_green_31a027815546,2.0,0.02531645569620253,80,-1.91,0.0069160617369608,0.0040292020910149,4.467376080957674e-16,0.0006845761538363,0.0373765915562712,0.0050583716046871,1.8964748762526734e-15
green_green_31a027815546,2.0,0.02531645569620253,80,-1.9,0.0076436518130284,0.0044488872965936,2.227212004505268e-16,0.0007547546929186,0.0412082099621922,0.0055769247669071,3.538799065347573e-15
green_green_31a027815546,2.0,0.02531645569620253,80,-1.89,0.0086890321148868,0.0052498072500407,2.227212004505268e-16,0.0008805047603048,0.0480739310080212,0.0065060990692679,1.9347161974380507e-15
green_green_31a027815546,2.0,0.02531645569620253,80,-1.88,0.0092390725995035,0.0056427323428544,4.444278938805074e-16,0.000951405896688,0.0519450018897899,0.0070299915434811,3.788172172967184e-15
green_green_31a027815546,2.0,0.02531645569620253,80,-1.87,0.0087392041688785,0.0051066089206503,2.2422936607558627e-16,0.0008935396089209,0.0487856096284217,0.0066024142969333,3.758706047025389e-15
green_green_31a027815546,2.0,0.02531645569620253,80,-1.86,0.0082182579615389,0.0046295456127264,1.1631705747361534e-16,0.0008275715365154,0.0451838749138328,0.0061149725091912,2.4709858612010288e-15
green_green_31a027815546,2.0,0.02531645569620253,80,-1.85,0.0080828298249515,0.0046536056801533,2.2473876566261383e-16,0.0008342803506746,0.0455501637558389,0.0061645443133705,1.8673149929954558e-15
green_green_31a027815546,2.0,0.02531645569620253,80,-1.84,0.0082645365844844,0.0052214335746117,1.153297605929378e-16,0.0009305379501262,0.0508056506125272,0.0068757971156667,2.4686470617037216e-15
green_green_31a027815546,2.0,0.02531645569620253,80,-1.83,0.0086636881633012,0.0062204980872442,1.4526172914154867e-16,0.0010901946822384,0.0595226128261883,0.0080555096658154,2.660135620239139e-15
green_green_31a027815546,2.0,0.02531645569620253,80,-1.82,0.0090174800735854,0.0066485279136612,4.594889227755669e-16,0.0011713089600271,0.0639513023347287,0.0086548676148207,2.191209363034018e-15
green_green_31a027815546,2.0,0.02531645569620253,80,-1.81,0.0091961568619031,0.0059645779968735,1.2571659638300646e-16,0.0010933621292736,0.0596955495746427,0.0080789141096495,2.396807387305432e-15
green_green_31a027815546,2.0,0.02531645569620253,80,-1.7999999999999998,0.0094971837032129,0.005390393235468,1.9428902930940242e-16,0.0010100156775047,0.0551449874962332,0.0074630625018822,2.2668999315943067e-15
green_green_31a027815546,2.0,0.02531645569620253,80,-1.79,0.0100809798818562,0.0054124998890104,5.555016879717332e-16,0.0010154513962955,0.0554417676863115,0.0075032273329654,2.1339616032348904e-15
green_green_31a027815546,2.0,0.02531645569620253,80,-1.7799999999999998,0.0110476745114223,0.0060741473027863,1.1631705747361534e-16,0.0011296885323333,0.061678903979059,0.0083473319397297,3.0837969575318478e-15
green_green_31a027815546,2.0,0.02531645569620253,80,-1.77,0.0123971672845246,0.0072996475008368,1.22156069063769e-15,0.0013295836854836,0.0725928095416553,0.0098243684402613,2.0186476943622992e-15
green_green_31a027815546,2.0,0.02531645569620253,80,-1.7599999999999998,0.0133046808061398,0.0079945425286637,0.0,0.0014538531795023,0.0793776940206325,0.0107426027029514,2.094117759295275e-15
green_green_31a027815546,2.0,0.02531645569620253,80,-1.75,0.0130563500047893,0.0072359403786169,3.4331750988916783e-16,0.0013698431064219,0.0747908994462936,0.0101218475600851,3.295679128019065e-15
green_green_31a027815546,2.0,0.02531645569620253,80,-1.7399999999999998,0.0127479719049253,0.0064554910017917,1.0069767205451572e-15,0.0012544799957777,0.0684922870230508,0.0092694230637879,2.2512123329798457e-15
green_green_31a027815546,2.0,0.02531645569620253,80,-1.73,0.0128905628999734,0.0063750569419702,9.714451465470121e-17,0.0012405098216251,0.0677295413586808,0.0091661966632629,2.0110427909834795e-15
green_green_31a027815546,2.0,0.02531645569620253,80,-1.7199999999999998,0.0134246593952606,0.0070496077780859,1.1443916996305594e-16,0.0013582773631874,0.0741594312619293,0.0100363876344993,2.4662225450802607e-15
green_green_31a027815546,2.0,0.02531645569620253,80,-1.71,0.0142773160630077,0.0084890887778117,6.662783593823664e-16,0.0015987757762335,0.0872901997001562,0.0118134439002011,1.7266513331374189e-15
green_green_31a027815546,2.0,0.02531645569620253,80,-1.6999999999999995,0.0152291681368727,0.009745586701718,2.3263411494723067e-16,0.0018097921414305,0.0988113028666297,0.0133726556604339,1.7340166458895597e-15
green_green_31a027815546,2.0,0.02531645569620253,80,-1.69,0.0159462114764558,0.0091487901179258,4.467376080957674e-16,0.0017581593912456,0.095992250225414,0.0129911383727761,2.0737390266460563e-15
green_green_31a027815546,2.0,0.02531645569620253,80,-1.6799999999999995,0.0167118885213725,0.0080395991629592,3.4694469519536136e-17,0.001597173093016,0.0872026961613904,0.011801601583998,3.2697253340379404e-15
green_green_31a027815546,2.0,0.02531645569620253,80,-1.67,0.0178257426541969,0.0077132594151854,2.45228796256662e-16,0.0015377867678992,0.0839603126727494,0.011362792696201,2.2840473777570868e-15
green_green_31a027815546,2.0,0.02531645569620253,80,-1.66,0.0193945118917459,0.0082936041696073,8.914520981537836e-16,0.0016361982376866,0.0893333968651831,0.0120899605672382,2.6441138243691578e-15
green_green_31a027815546,2.0,0.02531645569620253,80,-1.65,0.0215456524080595,0.009853866441422,8.886119947416683e-16,0.0019021623461893,0.1038545451646461,0.0140551842852669,2.236727962791797e-15
green_green_31a027815546,2.0,0.02531645569620253,80,-1.64,0.0240521946668183,0.0118665416469294,2.54762318889293e-16,0.0022319058909681,0.1218579326949377,0.0164916778358975,1.9534710709521066e-15
green_green_31a027815546,2.0,0.02531645569620253,80,-1.63,0.0256969945747679,0.0120173093918629,1.1102230246251563e-16,0.0022976890431857,0.1254495711093668,0.0169777532379978,3.019071986096204e-15
green_green_31a027815546,2.0,0.02531645569620253,80,-1.62,0.0266598217088193,0.0105741566839319,9.063162369069397e-16,0.0021005378684721,0.1146854816931431,0.0155209921480688,2.1537682693907416e-15
green_green_31a027815546,2.0,0.02531645569620253,80,-1.61,0.0281983578030141,0.0098036800742333,1.818360945611186e-15,0.0019624327929863,0.1071452000614304,0.0145005259977572,2.1438678921007325e-15
green_green_31a027815546,2.0,0.02531645569620253,80,-1.6,0.0305635750966244,0.0101647073393675,1.636931987477171e-15,0.0020090313725696,0.1096893963008533,0.014844845516429,2.077913407196895e-15
green_green_31a027815546,2.0,0.02531645569620253,80,-1.59,0.0337614489420711,0.0117278586972499,6.183017822721088e-16,0.0022704228153052,0.1239608855087103,0.0167762815505827,2.525752941231735e-15
green_green_31a027815546,2.0,0.02531645569620253,80,-1.58,0.0378474450890353,0.0144312193332946,7.447602459741819e-16,0.0027104575659639,0.147985968844972,0.0200277230086787,2.342552245135657e-15
green_green_31a027815546,2.0,0.02531645569620253,80,-1.5699999999999998,0.0426421092133021,0.0161905169294481,1.4655364458042814e-15,0.0030104956443415,0.1643674928638872,0.0222447212016261,2.5494875636179788e-15
green_green_31a027815546,2.0,0.02531645569620253,80,-1.56,0.0480687553119725,0.0149538610801167,1.5700924586837753e-15,0.0028638761044277,0.1563623372258811,0.0211613411960034,2.237998752165717e-15
green_green_31a027815546,2.0,0.02531645569620253,80,-1.5499999999999998,0.0549658609409629,0.0135694071175953,2.6888549628475104e-15,0.0026201604861833,0.1430559153355534,0.01936051282061,2.311340552723597e-15
green_green_31a027815546,2.0,0.02531645569620253,80,-1.54,0.0641796335442417,0.0136257999940283,1.5788995281571396e-15,0.0025727081417472,0.1404651051146088,0.0190098847855461,2.6943132909073687e-15
green_green_31a027815546,2.0,0.02531645569620253,80,-1.5299999999999998,0.0766697439829292,0.0152518638802207,1.4328437879674089e-15,0.0027951853974284,0.1526119516992528,0.0206537817085105,3.0647782814140706e-15
green_green_31a027815546,2.0,0.02531645569620253,80,-1.52,0.0939731511769138,0.0186551613558941,4.577566798522237e-16,0.0033083930277443,0.1806321388973914,0.0244459016793136,2.850370886499666e-15
green_green_31a027815546,2.0,0.02531645569620253,80,-1.5099999999999998,0.1181792566348567,0.0228423695358901,2.254190223843428e-15,0.003922206344345,0.2141452104495022,0.0289814027099474,3.786518164320717e-15
green_green_31a027815546,2.0,0.02531645569620253,80,-1.5,0.1522431677562296,0.0238055431474218,3.1091200647238457e-15,0.0040578704124319,0.2215522175930178,0.0299838321196506,3.487336689451277e-15
green_green_31a027815546,2.0,0.02531645569620253,80,-1.4899999999999998,0.2047341226587432,0.0226141166639232,2.494915946531976e-15,0.0037568764142261,0.2051185021198986,0.0277597705814663,4.36108351473189e-15
green_green_31a027815546,2.0,0.02531645569620253,80,-1.48,0.2930707850255822,0.023423329651213,2.591841747874025e-15,0.0035820323169439,0.1955723378640738,0.0264678377380811,5.646758614963647e-15
green_green_31a027815546,2.0,0.02531645569620253,80,-1.4699999999999998,0.4454366829682651,0.0274675329550527,4.555974381910842e-15,0.0037549398471559,0.2050127691404537,0.0277454611787457,9.472481440242771e-15
green_green_31a027815546,2.0,0.02531645569620253,80,-1.46,0.6758161526609581,0.0356856248550005,1.5190188108682065e-14,0.0043418460852504,0.2370567639833271,0.0320821442968383,1.012447927541554e-14
green_green_31a027815546,2.0,0.02531645569620253,80,-1.4499999999999995,0.8750717319232388,0.0479612934926726,1.130466570252318e-14,0.0052543978611046,0.2868804027544203,0.0388250405618032,1.145398059158814e-14
green_green_31a027815546,2.0,0.02531645569620253,80,-1.44,0.9061935063019146,0.0582135805527104,1.551136925266137e-14,0.0057157584747542,0.3120698387578516,0.0422340600178977,1.4284952497865757e-14
green_green_31a027815546,2.0,0.02531645569620253,80,-1.4299999999999995,0.8402518313117066,0.0621100590457794,1.6189853665531546e-14,0.0051965543535235,0.2837222542490655,0.0383976316393281,1.142594283770888e-14
green_green_31a027815546,2.0,0.02531645569620253,80,-1.42,0.7983572914441274,0.065767177899859,1.4122106698406828e-14,0.0052497709389165,0.2866277813626108,0.0387908519741905,1.5183633118169026e-14
green_green_31a027815546,2.0,0.02531645569620253,80,-1.41,0.7028612222764898,0.0723670690691566,9.305364597889226e-15,0.0056204131550263,0.3068641606863877,0.0415295481016578,1.5148122260064624e-14
green_green_31a027815546,2.0,0.02531645569620253,80,-1.4,0.6268660395036927,0.0803496862147067,1.5907698411173085e-14,0.0045288800712579,0.2472684736126615,0.0334641489118542,1.2944143925777874e-14
green_green_31a027815546,2.0,0.02531645569620253,80,-1.39,0.6413911151607802,0.0892860227775277,1.4156214300346551e-14,0.0025818575014246,0.140964643226983,0.0190774899174716,1.2172570668882868e-14
green_green_31a027815546,2.0,0.02531645569620253,80,-1.38,0.6159409003544118,0.0979544581611828,9.400949082939404e-15,0.0044332588436661,0.2420477314822457,0.0327575982969297,1.0307248136845912e-14
green_green_31a027815546,2.0,0.02531645569620253,80,-1.37,0.5130011976740381,0.0991538209207916,1.131911202159279e-14,0.0073513464166774,0.4013699146033723,0.0543195110755023,1.4659840056110084e-14
green_green_31a027815546,2.0,0.02531645569620253,80,-1.36,0.4662651226260448,0.0976080218310941,1.0881460057406232e-14,0.0093951489650975,0.5129577527801316,0.069421282760916,8.874836761810265e-15
green_green_31a027815546,2.0,0.02531645569620253,80,-1.35,0.5078930717494267,0.100298132606943,6.9057300056503065e-15,0.0105257376134885,0.5746858014307537,0.0777752657086911,8.781770159500132e-15
green_green_31a027815546,2.0,0.02531645569620253,80,-1.34,0.5582445828169501,0.10797113484782,1.6016867095914915e-14,0.0103276768139706,0.5638720481829935,0.0763117833500544,1.4148263023454582e-14
green_green_31a027815546,2.0,0.02531645569620253,80,-1.33,0.4859737516405484,0.1098018520611965,1.1773076328541347e-14,0.0084275345604427,0.4601277963405609,0.0622715256427884,1.19991360727734e-14
green_green_31a027815546,2.0,0.02531645569620253,80,-1.3199999999999998,0.3872032220201913,0.1170197285481146,1.0412188917680495e-14,0.0060449478770753,0.3300429711350949,0.0446664589788214,8.001425472270865e-15
green_green_31a027815546,2.0,0.02531645569620253,80,-1.31,0.3511225731932044,0.1244842341481191,6.9128658690944956e-15,0.0046895884392928,0.2560428532022079,0.0346516320588313,1.1905652788029945e-14
green_green_31a027815546,2.0,0.02531645569620253,80,-1.2999999999999998,0.3809205064959057,0.1185553019425106,1.021405182655144e-14,0.0060119227267777,0.3282398590242744,0.0444224342905965,8.45373271976472e-15
green_green_31a027815546,2.0,0.02531645569620253,80,-1.29,0.4656561740647368,0.1187245545113116,9.038606501942155e-15,0.0092815668532086,0.5067563795941411,0.0685820181643339,1.0384997759823008e-14
green_green_31a027815546,2.0,0.02531645569620253,80,-1.2799999999999998,0.4956186026586556,0.1224400846283429,9.06052232523378e-15,0.0131767407800652,0.7194256700578562,0.0973636768249694,6.517907953393593e-15
green_green_31a027815546,2.0,0.02531645569620253,80,-1.27,0.4023659591607791,0.1220016307700102,8.571036798352153e-15,0.0163050995889511,0.8902282736629159,0.1204792955614112,8.730494026591995e-15
green_green_31a027815546,2.0,0.02531645569620253,80,-1.2599999999999998,0.3175501977921184,0.1331144288572705,6.3937304447062406e-15,0.01922894277909,1.0498647028315078,0.1420837369178236,8.43726329221192e-15
green_green_31a027815546,2.0,0.02531645569620253,80,-1.25,0.2853519965715113,0.140119431010931,1.0519619473181291e-14,0.0210435573431262,1.1489393010510849,0.1554920257294235,1.598896961988604e-14
green_green_31a027815546,2.0,0.02531645569620253,80,-1.2399999999999998,0.2984852689651967,0.129150579790704,2.5208725561797295e-15,0.0207762538297375,1.1343450237227004,0.1535169050735533,5.530112494419159e-15
green_green_31a027815546,2.0,0.02531645569620253,80,-1.23,0.3666742347245668,0.1291523528556505,1.2180239549205818e-14,0.0207137640444248,1.1309331970486587,0.1530551645442677,7.265955434172985e-15
green_green_31a027815546,2.0,0.02531645569620253,80,-1.2199999999999998,0.4506224629719279,0.142114625313266,1.362029755883396e-14,0.0211177321897883,1.152989110457822,0.1560401078325394,9.319846593349304e-15
green_green_31a027815546,2.0,0.02531645569620253,80,-1.21,0.4199605292956627,0.1384956091360537,5.943842099167798e-15,0.0199762115124586,1.0906641932510448,0.147605347509661,6.382539854031635e-15
green_green_31a027815546,2.0,0.02531645569620253,80,-1.1999999999999995,0.3202637037196575,0.1292467036612906,1.3981759298281528e-14,0.0184601540073987,1.007890258130904,0.1364031135555685,7.054964200284477e-15
green_green_31a027815546,2.0,0.02531645569620253,80,-1.19,0.2621841861179745,0.1400696628648285,4.877405731848761e-15,0.0186158995660688,1.0163936775101714,0.1375539262257415,6.538209181043208e-15
green_green_31a027815546,2.0,0.02531645569620253,80,-1.1799999999999995,0.248785658733154,0.1561643197100962,4.1915743960560406e-15,0.0193856739165082,1.0584219329871325,0.1432418320846561,5.047207414422824e-15
green_green_31a027815546,2.0,0.02531645569620253,80,-1.17,0.2571573115229538,0.1472854228454264,8.031295347169209e-15,0.0188189073787713,1.0274775285260127,0.1390539623423214,7.177524170837188e-15
green_green_31a027815546,2.0,0.02531645569620253,80,-1.16,0.2929250684249672,0.1353583869790949,4.885296702437492e-15,0.0189267433011014,1.033365170392357,0.1398507680218987,6.377966716076272e-15
green_green_31a027815546,2.0,0.02531645569620253,80,-1.15,0.3730953649215245,0.1438512469040808,1.1042673571869571e-14,0.0215495699658759,1.1765666541466384,0.1592309813856883,6.356011386630328e-15
green_green_31a027815546,2.0,0.02531645569620253,80,-1.14,0.4271604836600033,0.155736541406126,7.563351716160654e-15,0.0249864773930073,1.3642154415031835,0.1846264831715937,7.441308501735935e-15
green_green_31a027815546,2.0,0.02531645569620253,80,-1.13,0.3562454667250154,0.1451341842720151,3.404331951109444e-15,0.0264307490191691,1.4430700004369768,0.1952982872393971,4.571824628576704e-15
green_green_31a027815546,2.0,0.02531645569620253,80,-1.12,0.2639770617551171,0.1406690983629926,1.887379141862766e-15,0.0277402387513191,1.5145657172997635,0.204974180331227,5.0102318136962415e-15
green_green_31a027815546,2.0,0.02531645569620253,80,-1.11,0.2184604478981483,0.1585474303585899,2.884978136427359e-15,0.0306169628106878,1.67162952909714,0.2262304557870457,6.464426549303076e-15
green_green_31a027815546,2.0,0.02531645569620253,80,-1.1,0.2092706787903435,0.1696248971942198,5.5888041509854494e-15,0.0325403999327406,1.776645637666297,0.2404428405846601,5.820567832133173e-15
green_green_31a027815546,2.0,0.02531645569620253,80,-1.09,0.2151116409768022,0.1511831874292069,3.718107736579399e-15,0.0317005614548787,1.7307920104483747,0.2342372269576974,5.481894758214099e-15
green_green_31a027815546,2.0,0.02531645569620253,80,-1.08,0.2430137227256956,0.1367633222025589,4.340176908844002e-15,0.0310507727389888,1.6953147486483786,0.2294359016835352,4.22666894748872e-15
green_green_31a027815546,2.0,0.02531645569620253,80,-1.0699999999999998,0.3170643922583993,0.1483265243146889,5.7152228177742574e-15,0.0329329630971649,1.7980788602150264,0.2433435118289649,4.328756323606301e-15
green_green_31a027815546,2.0,0.02531645569620253,80,-1.06,0.4093052944186217,0.1746831052018868,1.351696532481128e-14,0.0361026465985864,1.97113771558322,0.2667644810368234,6.213983062576359e-15
green_green_31a027815546,2.0,0.02531645569620253,80,-1.0499999999999998,0.3914227899945123,0.1713451538167651,9.290284974087036e-15,0.0359306188670052,1.9617453196844696,0.2654933584775975,6.985019933047291e-15
green_green_31a027815546,2.0,0.02531645569620253,80,-1.04,0.2883007095487721,0.1472649010522343,1.1462750303739271e-14,0.0332945540844926,1.8178210591917732,0.2460153279191965,7.104783148745418e-15
green_green_31a027815546,2.0,0.02531645569620253,80,-1.0299999999999998,0.2166307288552276,0.1441209656556101,3.356474311340335e-15,0.0329165109160203,1.7971806015605132,0.2432219457395375,4.002259612971129e-15
green_green_31a027815546,2.0,0.02531645569620253,80,-1.02,0.1889974212474968,0.166693428243488,2.4538581807281966e-15,0.0356096062836253,1.944218626494572,0.2631213784905412,3.6418012110514166e-15
green_green_31a027815546,2.0,0.02531645569620253,80,-1.0099999999999998,0.1837299968636772,0.1855332883708298,4.1992983306222406e-15,0.0376500120080401,2.055621004364665,0.2781980508528215,5.027281834890372e-15
green_green_31a027815546,2.0,0.02531645569620253,80,-1.0,0.1832563768362732,0.1648303622461058,5.503798373605287e-15,0.0353633944278647,1.930775914653829,0.2613021052761045,7.603518832605099e-15
green_green_31a027815546,2.0,0.02531645569620253,80,-0.9900000000000002,0.2038365785701498,0.1428914275628245,2.482534153247273e-15,0.0327648848382984,1.7889020982201145,0.2421015721451895,5.659595468336254e-15
green_green_31a027815546,2.0,0.02531645569620253,80,-0.9799999999999996,0.2659905271858368,0.1489475011873527,7.021666937153402e-15,0.0333257687637806,1.8195253229347643,0.2462459749355659,5.64157509925781e-15
green_green_31a027815546,2.0,0.02531645569620253,80,-0.9699999999999998,0.3664843024524667,0.1798222015882298,4.2711132545550575e-15,0.0365543096770072,1.9957976841032652,0.2701018448610899,5.2073555365809186e-15
green_green_31a027815546,2.0,0.02531645569620253,80,-0.96,0.4056230219166039,0.1948358498956799,3.2638774948501237e-15,0.0378561158301906,2.0668738917688434,0.2797209635568951,4.435250133662892e-15
green_green_31a027815546,2.0,0.02531645569620253,80,-0.9500000000000002,0.3200818607466053,0.1681389705192791,7.352870555017169e-15,0.034897185029776,1.9053217439901151,0.2578572578797779,5.4792116631402405e-15
green_green_31a027815546,2.0,0.02531645569620253,80,-0.9399999999999996,0.2304208315056524,0.1462196797537053,3.781283367737843e-15,0.0329863598503109,1.800994224154569,0.2437380634334611,4.8229182696192336e-15
green_green_31a027815546,2.0,0.02531645569620253,80,-0.9299999999999996,0.1858487244051051,0.1534672067267958,1.6262493657593085e-15,0.0348886302488318,1.904854668776625,0.2577940461234673,4.540329497422164e-15
green_green_31a027815546,2.0,0.02531645569620253,80,-0.92,0.1751734086441143,0.1844115343392018,4.6424259867730106e-15,0.039669854736307,2.165900680685931,0.2931227820830028,9.683845030079586e-15
green_green_31a027815546,2.0,0.02531645569620253,80,-0.91,0.1729153038203448,0.1953509975832485,2.641397764460433e-15,0.0422572275282361,2.307166448571354,0.3122410247914132,4.696315705037092e-15
green_green_31a027815546,2.0,0.02531645569620253,80,-0.9000000000000004,0.1699313780855277,0.1686903492073114,6.080070913857897e-15,0.0401706844517086,2.193245056628492,0.2968234409461168,8.976385733313874e-15
green_green_31a027815546,2.0,0.02531645569620253,80,-0.8899999999999997,0.1890395829058363,0.1538558713513177,2.826166425630795e-15,0.0383203757029696,2.092221621957203,0.2831514058013421,5.878132693041087e-15
green_green_31a027815546,2.0,0.02531645569620253,80,-0.8799999999999999,0.2474588072848473,0.1642437421511376,1.1357559836654636e-14,0.0390411730874983,2.1315758257011934,0.2884774181115868,6.157175558055568e-15
green_green_31a027815546,2.0,0.02531645569620253,80,-0.8700000000000001,0.3427490572888683,0.1902994383342505,7.232657794854416e-15,0.0427933592195693,2.3364382470922864,0.3162025319350887,5.323751733645271e-15
green_green_31a027815546,2.0,0.02531645569620253,80,-0.8600000000000003,0.3830288993287048,0.2000676793036369,1.0453585874594716e-14,0.0457671836875369,2.4988035615666115,0.3381762877572745,7.333344811648304e-15
green_green_31a027815546,2.0,0.02531645569620253,80,-0.8499999999999996,0.3037238756352625,0.1710498799658067,9.264875997516715e-15,0.0439103418236257,2.3974234308929696,0.3244559790579914,7.537702136638073e-15
green_green_31a027815546,2.0,0.02531645569620253,80,-0.8399999999999999,0.2219430916213329,0.1506290898083384,1.609823385706477e-15,0.0422200524661161,2.3051367589522447,0.3119663361719278,6.255270024645193e-15
green_green_31a027815546,2.0,0.02531645569620253,80,-0.8300000000000001,0.1856753526157256,0.1615829719521466,4.100410761679928e-15,0.0443013632242751,2.418772475991797,0.3273452581232724,5.451144477466457e-15
green_green_31a027815546,2.0,0.02531645569620253,80,-0.8200000000000003,0.1830537351165971,0.1983434491648861,2.7888829449096375e-15,0.0493815542332857,2.696141506898778,0.3648830744821347,5.568129189553582e-15
green_green_31a027815546,2.0,0.02531645569620253,80,-0.8099999999999996,0.1821777209634622,0.215058900701297,2.3433745006787383e-15,0.0517316809788407,2.8244540795495023,0.3822482928446379,4.260814639531472e-15
green_green_31a027815546,2.0,0.02531645569620253,80,-0.7999999999999998,0.168157807339322,0.1829077599244987,2.7822109252321576e-15,0.0483092960379371,2.637598193074884,0.356960098524166,4.609026067336961e-15
green_green_31a027815546,2.0,0.02531645569620253,80,-0.79,0.1690428836826363,0.1532887940130521,3.739078850772717e-15,0.0448091426029651,2.446496290693245,0.3310972684382929,4.5999969637507216e-15
green_green_31a027815546,2.0,0.02531645569620253,80,-0.7800000000000002,0.2028011217397373,0.1539985419268351,1.3922125900994124e-15,0.0452728275436705,2.471812630653994,0.3345234624773946,5.061185890665381e-15
green_green_31a027815546,2.0,0.02531645569620253,80,-0.7699999999999996,0.2768308480191966,0.1862911429057078,9.186215022699562e-15,0.0500018584272466,2.73000896834686,0.3694665369697137,5.778410899618796e-15
green_green_31a027815546,2.0,0.02531645569620253,80,-0.7599999999999998,0.3511535663014373,0.2229368608373646,3.360144595992222e-15,0.0548762652310518,2.996142562343595,0.4054838022920398,5.056530234991516e-15
green_green_31a027815546,2.0,0.02531645569620253,80,-0.75,0.3274520420712578,0.2054393174151019,5.370542509574172e-15,0.0528627676421504,2.8862093188933726,0.3906059556525853,5.083781952845577e-15
green_green_31a027815546,2.0,0.02531645569620253,80,-0.7400000000000002,0.2556217602356682,0.1665305527466722,5.2286672055664135e-15,0.0477896713883201,2.60922764849417,0.3531205628377588,5.872816997424229e-15
green_green_31a027815546,2.0,0.02531645569620253,80,-0.7299999999999995,0.2021861141896791,0.1536641383159857,2.47569777134002e-15,0.0460708489168312,2.5153831213154803,0.3404200871718247,3.60283099172174e-15
green_green_31a027815546,2.0,0.02531645569620253,80,-0.7199999999999998,0.1800922103408782,0.1739459028293762,2.3972849129904254e-15,0.0489464291555221,2.672384482619869,0.3616679108724882,8.116345259364151e-15
green_green_31a027815546,2.0,0.02531645569620253,80,-0.71,0.1845637139260632,0.2156570222855646,4.886760061705885e-15,0.0541557262472993,2.95680246680393,0.4001596993196262,6.018955276129845e-15
green_green_31a027815546,2.0,0.02531645569620253,80,-0.7000000000000002,0.1833954953998118,0.2216703688837286,2.177135324961124e-15,0.0543798611936643,2.9690398202332493,0.4018158450120474,7.464535445241231e-15
green_green_31a027815546,2.0,0.02531645569620253,80,-0.6899999999999995,0.1706331390444376,0.1828957885522678,1.6910413304902302e-15,0.0487498877541779,2.661653685701559,0.3602156554321929,4.577608704398963e-15
green_green_31a027815546,2.0,0.02531645569620253,80,-0.6799999999999997,0.178432093199424,0.1600905044202626,4.905125646631375e-15,0.0450250820412647,2.458286184543608,0.3326928570618599,4.7186627665368986e-15
green_green_31a027815546,2.0,0.02531645569620253,80,-0.6699999999999999,0.2199242591588872,0.169384991684563,2.2644195468014707e-15,0.0463572517374849,2.531020185487445,0.3425363336805269,5.380183625035754e-15
green_green_31a027815546,2.0,0.02531645569620253,80,-0.6600000000000001,0.2944874823714827,0.2056021610802556,5.694967977388552e-15,0.0513976796748539,2.8062182262431667,0.3797803384723636,5.480816318138916e-15
green_green_31a027815546,2.0,0.02531645569620253,80,-0.6499999999999995,0.3425508089734165,0.2312798021032371,1.0100538865753682e-14,0.0541032477107657,2.953937235792768,0.3997719324691895,7.436619069696748e-15
green_green_31a027815546,2.0,0.02531645569620253,80,-0.6399999999999997,0.2879714015868026,0.2010936034554875,7.473417450352271e-15,0.049537914286587,2.7046784765481244,0.3660384276876097,5.056512081846224e-15
green_green_31a027815546,2.0,0.02531645569620253,80,-0.6299999999999999,0.2184477662443824,0.1672343466446061,1.366803587226643e-15,0.0440745465061618,2.4063887027862223,0.3256692966689578,5.855992580278276e-15
green_green_31a027815546,2.0,0.02531645569620253,80,-0.6200000000000001,0.1907756351737188,0.1658947291541287,3.5055632627505204e-15,0.0427534901840288,2.334261471508175,0.3159079373948698,5.079496399064971e-15
green_green_31a027815546,2.0,0.02531645569620253,80,-0.6100000000000003,0.1989764032765127,0.1980252280239081,2.042075332556528e-15,0.0460566438811672,2.5146075526470737,0.3403151253664156,3.9741767463686256e-15
green_green_31a027815546,2.0,0.02531645569620253,80,-0.5999999999999996,0.2126810907390969,0.2360060985848798,2.4915557368325868e-15,0.0504126016372691,2.752434787752765,0.3725015415908251,4.591477141745275e-15
green_green_31a027815546,2.0,0.02531645569620253,80,-0.5899999999999999,0.1986399460155957,0.2206403400548475,7.0756884770722176e-15,0.0484402808529991,2.6447497216597045,0.3579279526707671,6.1057715673757386e-15
green_green_31a027815546,2.0,0.02531645569620253,80,-0.5800000000000001,0.1810468681361367,0.1799778723245474,4.895398255197803e-15,0.0429154097158925,2.3431019784021667,0.3171043698993234,5.8404300804721444e-15
green_green_31a027815546,2.0,0.02531645569620253,80,-0.5700000000000003,0.1940577190129262,0.1672249945619245,9.392381802113267e-15,0.0403337922062668,2.2021504382834203,0.2980286532947177,8.272166879788404e-15
green_green_31a027815546,2.0,0.02531645569620253,80,-0.5599999999999996,0.2484442275420377,0.1911005374129797,3.59796202233893e-15,0.0419613137515188,2.291010103793276,0.3100545012948031,7.409984253341253e-15
green_green_31a027815546,2.0,0.02531645569620253,80,-0.5499999999999998,0.3249567225964911,0.2355973821555454,9.489038261698064e-15,0.045385778544424,2.4779795463395398,0.3353580637583921,7.181037386790163e-15
green_green_31a027815546,2.0,0.02531645569620253,80,-0.54,0.3267704567992135,0.2370419355199085,3.711471586074082e-15,0.0444808135213169,2.4285701302331786,0.328671226435084,4.720124088246098e-15
green_green_31a027815546,2.0,0.02531645569620253,80,-0.5300000000000002,0.2551490986664348,0.195918252119681,7.947987303456224e-16,0.0397350663402645,2.1694611136226998,0.2936046342829459,4.9261374462846005e-15
green_green_31a027815546,2.0,0.02531645569620253,80,-0.5199999999999996,0.2081137530782988,0.1768917604737166,2.7035697373913694e-15,0.0371891016399335,2.030456150934953,0.2747923582863029,4.926937237799243e-15
green_green_31a027815546,2.0,0.02531645569620253,80,-0.5099999999999998,0.2059288716062634,0.1962646674183981,2.92081280295508e-15,0.0385071351429829,2.1024183418831623,0.2845313817806046,6.175570775801545e-15
green_green_31a027815546,2.0,0.02531645569620253,80,-0.5,0.2338044677087937,0.2384171478801246,4.988076622868419e-15,0.0413289034368087,2.2564816705482222,0.3053815860018675,9.052699299307591e-15
green_green_31a027815546,2.0,0.02531645569620253,80,-0.4900000000000002,0.2471958601090966,0.2438627255634061,3.4556823721567944e-15,0.0396738535511941,2.1661190085810835,0.2931523295505323,7.230557242337865e-15
green_green_31a027815546,2.0,0.02531645569620253,80,-0.4799999999999995,0.2339027238140283,0.2099785809179411,5.977545987651391e-15,0.0347819507073107,1.8990301631631936,0.2570057850065596,6.9555165616769705e-15
green_green_31a027815546,2.0,0.02531645569620253,80,-0.4699999999999997,0.2411715667545136,0.1966354398526935,5.370542509574172e-15,0.032898505264324,1.796197526287748,0.2430889009690553,5.930447441030545e-15
green_green_31a027815546,2.0,0.02531645569620253,80,-0.4599999999999999,0.2927615582102031,0.2218407498220013,2.106500081146021e-15,0.0345691236558966,1.8874101998789607,0.2554331939842911,5.894706926585055e-15
green_green_31a027815546,2.0,0.02531645569620253,80,-0.4500000000000002,0.3433159579109928,0.2544342485781861,6.901489595777828e-15,0.0358796625852272,1.9589632009668208,0.2651168396529469,6.703846411219391e-15
green_green_31a027815546,2.0,0.02531645569620253,80,-0.4399999999999995,0.3201762566642247,0.2462211331906484,5.895953283754193e-15,0.0324073908363396,1.769383587065205,0.2394600289096849,6.283170369527413e-15
green_green_31a027815546,2.0,0.02531645569620253,80,-0.4299999999999997,0.2803171715819279,0.2294616093441076,3.2124605855954973e-15,0.0282988651089966,1.5450656829887153,0.2091019018264473,8.175989321123192e-15
green_green_31a027815546,2.0,0.02531645569620253,80,-0.4199999999999999,0.2819636893066591,0.2436126239222401,2.682975169497797e-15,0.0276592239751998,1.5101424603983271,0.2043755576056396,7.386536955698765e-15
green_green_31a027815546,2.0,0.02531645569620253,80,-0.4100000000000001,0.3161899495725368,0.2730184858305203,1.979859898025954e-15,0.0275923686491612,1.5064922832767238,0.2038815598510279,7.605377870967854e-15
green_green_31a027815546,2.0,0.02531645569620253,80,-0.3999999999999994,0.3466821401471849,0.2775366646613457,7.340969347428726e-15,0.024209939432264,1.321817905416095,0.1788886006167126,6.4179190773040175e-15
green_green_31a027815546,2.0,0.02531645569620253,80,-0.3899999999999997,0.3781232328112852,0.2824708172397887,9.598173417886292e-15,0.0199536043256439,1.089429882673518,0.1474383017380487,6.2136787907372345e-15
green_green_31a027815546,2.0,0.02531645569620253,80,-0.3799999999999999,0.4165315644665076,0.3043486168582691,1.563838887386286e-14,0.0164926834573003,0.9004700058508502,0.1218653632878975,9.660544366472988e-15
green_green_31a027815546,2.0,0.02531645569620253,80,-0.3700000000000001,0.4252201274843932,0.31150895327499,3.892119547312524e-15,0.0115014941377671,0.6279603025391474,0.0849851854054832,8.364279092151665e-15
green_green_31a027815546,2.0,0.02531645569620253,80,-0.3600000000000003,0.3981557188090799,0.2850633143225195,1.3194850017056128e-14,0.0059673189758634,0.3258045767398229,0.0440928546728686,6.988497382885197e-15
green_green_31a027815546,2.0,0.02531645569620253,80,-0.3499999999999996,0.308772830507393,0.2155801490591581,5.063396036227354e-15,0.0021969085111782,0.1199471405024045,0.0162330802333146,8.706145316316431e-15
green_green_31a027815546,2.0,0.02531645569620253,80,-0.3399999999999998,0.2056030742930844,0.1437821255547005,2.531698018113677e-15,0.0006710358998269,0.0366373187363775,0.0049583219082177,4.792651466015713e-15
green_green_31a027815546,2.0,0.02531645569620253,80,-0.33,0.1372717897380905,0.0973555604823765,1.2959208739370125e-15,0.0002108015985486,0.0115093773047814,0.0015576248374201,4.9815221529105206e-15
green_green_31a027815546,2.0,0.02531645569620253,80,-0.3200000000000003,0.0972052012026771,0.0700210018372034,7.850462293418877e-16,7.30740291815823e-05,0.0039897068087809,0.0005399481009976,4.3720758311008165e-15
green_green_31a027815546,2.0,0.02531645569620253,80,-0.3099999999999996,0.0729488716767122,0.0533039888267553,1.783498218712303e-15,2.7900420999207952e-05,0.0015233113717029,0.0002061577759469,4.000822705132976e-15
green_green_31a027815546,2.0,0.02531645569620253,80,-0.2999999999999998,0.0573570748174123,0.0424477022357544,4.440892098500626e-16,1.152871407769578e-05,0.0006294464609029,8.518631506862566e-05,3.528094841428628e-15
green_green_31a027815546,2.0,0.02531645569620253,80,-0.29,0.046758006492309,0.0350011259306895,3.7751664318895333e-16,5.062357007901357e-06,0.0002763953274386,3.740603992419784e-05,3.8389849657880766e-15
green_green_31a027815546,2.0,0.02531645569620253,80,-0.2800000000000002,0.0392092412428756,0.0296575948559761,1.4198814970921197e-15,2.323828115164464e-06,0.0001268767160828,1.71708963072225e-05,3.305357094337875e-15
green_green_31a027815546,2.0,0.02531645569620253,80,-0.2699999999999996,0.0336253144636743,0.0256807100066649,2.2377260456559053e-16,1.0989974881764367e-06,6.000322974573376e-05,8.120554092719566e-06,3.3142791515146666e-15
green_green_31a027815546,2.0,0.02531645569620253,80,-0.2599999999999998,0.029365469792717,0.0226322278864057,9.820925191391734e-16,5.292000176070081e-07,2.8893341958826923e-05,3.91028861765327e-06,3.372345109409171e-15
green_green_31a027815546,2.0,0.02531645569620253,80,-0.25,0.026032510027227,0.0202384424681986,1.3060613123983785e-15,2.591344797240808e-07,1.4148263202811904e-05,1.91475920784844e-06,3.052723502227268e-15
green_green_31a027815546,2.0,0.02531645569620253,80,-0.2400000000000002,0.0233695887897468,0.0183211461715341,3.002224531865041e-16,1.3422671556351945e-07,7.328530354661076e-06,9.91808731274053e-07,3.0018452970418127e-15
green_green_31a027815546,2.0,0.02531645569620253,80,-0.2299999999999995,0.0212044829970006,0.0167600972400541,4.494775313252278e-16,8.313576512481612e-08,4.539058977493722e-06,6.142948323347885e-07,3.230478445943797e-15
green_green_31a027815546,2.0,0.02531645569620253,80,-0.2199999999999997,0.0194180553848186,0.0154716424822066,1.0532500405730105e-15,6.616742837543604e-08,3.61261918141905e-06,4.889148401880727e-07,2.9705676693741727e-15
green_green_31a027815546,2.0,0.02531645569620253,80,-0.2099999999999999,0.0179256424743742,0.0143960257984543,1.430489624538199e-16,5.994714516167054e-08,3.2730032255736683e-06,4.429528185703227e-07,3.0652254650770042e-15
green_green_31a027815546,2.0,0.02531645569620253,80,-0.2000000000000001,0.0166656558512287,0.0134895722320686,6.335327934766281e-16,5.563743903451104e-08,3.0377012438758733e-06,4.1110815822683603e-07,3.117544188865722e-15
green_green_31a027815546,2.0,0.02531645569620253,80,-0.1899999999999995,0.015592369008974,0.0127197164648468,4.718958039861917e-16,5.137450550965577e-08,2.8049529596521315e-06,3.796091032656683e-07,3.088038407312713e-15
green_green_31a027815546,2.0,0.02531645569620253,80,-0.1799999999999997,0.0146712188247948,0.012061748902665,3.060201685278755e-16,4.710486119157374e-08,2.571838278582901e-06,3.480604618768797e-07,3.3581809556707466e-15
green_green_31a027815546,2.0,0.02531645569620253,80,-0.1699999999999999,0.0138756653891778,0.011496631240246,4.544313350627588e-16,4.3035771524232614e-08,2.3496735105232563e-06,3.1799373005331695e-07,3.105764304651946e-15
green_green_31a027815546,2.0,0.02531645569620253,80,-0.1600000000000001,0.0131850447389167,0.0110094964886622,1.6667795129466247e-16,3.9318952237985706e-08,2.1467420534077186e-06,2.905299438376513e-07,3.078233660880931e-15
green_green_31a027815546,2.0,0.02531645569620253,80,-0.1499999999999994,0.0125830701744901,0.010588597993312,3.1348137969002043e-16,3.6024588741023546e-08,1.9668759010815683e-06,2.661877071483284e-07,3.0981892894026786e-15
green_green_31a027815546,2.0,0.02531645569620253,80,-0.1399999999999996,0.0120567668734874,0.0102245596065336,3.4506610788621483e-16,3.3166774670749995e-08,1.81084453962814e-06,2.450711586627638e-07,3.048329655891879e-15
green_green_31a027815546,2.0,0.02531645569620253,80,-0.1299999999999999,0.0115957019316606,0.0099098319763438,4.126162952233366e-16,3.0728569814099355e-08,1.6777230649508585e-06,2.270551261962871e-07,3.246613322467758e-15
green_green_31a027815546,2.0,0.02531645569620253,80,-0.1200000000000001,0.0111914196085965,0.0096382925304761,4.344434768182728e-16,2.86788491946964e-08,1.5658121110662768e-06,2.119096255523838e-07,3.203015656050197e-15
green_green_31a027815546,2.0,0.02531645569620253,80,-0.1100000000000003,0.0108370215620643,0.0094049473528438,5.302695275805846e-16,2.6982261371184373e-08,1.4731815544975191e-06,1.9937344294769078e-07,3.2169783013070762e-15
green_green_31a027815546,2.0,0.02531645569620253,80,-0.0999999999999996,0.0105268511573613,0.0092057064586828,6.870906618619708e-16,2.560467170871712e-08,1.3979677075778794e-06,1.891943556504133e-07,3.322305777997081e-15
green_green_31a027815546,2.0,0.02531645569620253,80,-0.0899999999999998,0.0102562535980565,0.0090372127333763,6.143958570009228e-16,2.451592271689991e-08,1.3385240265657129e-06,1.8114952827222176e-07,3.2895840573633627e-15
green_green_31a027815546,2.0,0.02531645569620253,80,-0.08,0.0100213920789106,0.0088967106682615,8.337363283304639e-16,2.3691100452647137e-08,1.2934902568802676e-06,1.7505487029001106e-07,3.383189885648316e-15
green_green_31a027815546,2.0,0.02531645569620253,80,-0.0700000000000002,0.0098191059032578,0.0087819450249633,2.745032041236506e-16,2.311102949995736e-08,1.2618194560575531e-06,1.707686934792261e-07,3.370707697034067e-15
green_green_31a027815546,2.0,0.02531645569620253,80,-0.0599999999999996,0.0096468004688297,0.0086910823277821,4.749468862266128e-16,2.2762423267347743e-08,1.2427862007132444e-06,1.681928224700368e-07,3.230561706144014e-15
green_green_31a027815546,2.0,0.02531645569620253,80,-0.0499999999999998,0.0095023618020345,0.0086226500300244,7.654593878145066e-16,2.26379408564048e-08,1.2359896912920274e-06,1.672730149522492e-07,3.317849479722076e-15
green_green_31a027815546,2.0,0.02531645569620253,80,-0.04,0.0093840902960601,0.0085754895905586,1.6584537080750915e-16,2.2736302872391323e-08,1.2413600754180417e-06,1.6799981740637758e-07,3.290369786409184e-15
green_green_31a027815546,2.0,0.02531645569620253,80,-0.0300000000000002,0.0092906497366503,0.0085487207069746,1.1816510524180758e-16,2.3062567269999223e-08,1.2591735079970968e-06,1.7041060334338617e-07,3.460493400694199e-15
green_green_31a027815546,2.0,0.02531645569620253,80,-0.0199999999999995,0.0092210287511576,0.0085417146997627,2.24769963382923e-16,2.36286448745167e-08,1.2900802980006152e-06,1.745933825195141e-07,3.4095519809574507e-15
green_green_31a027815546,2.0,0.02531645569620253,80,-0.0099999999999997,0.0091745126077218,0.00855407560901,2.0125783001636003e-16,2.4454133115901743e-08,1.3351504287276416e-06,1.806929614441158e-07,3.572204128135244e-15
green_green_31a027815546,2.0,0.02531645569620253,80,0.0,0.0091506639032339,0.008585628008178,3.7732528558105726e-16,2.5567560788632424e-08,1.3959415199149707e-06,1.8892014098002456e-07,3.3361344248371227e-15
green_green_31a027815546,2.0,0.02531645569620253,80,0.0099999999999997,0.0091493111692843,0.0086364108997828,8.64031615020686e-16,2.7008165809229274e-08,1.4745958889935425e-06,1.995648522936158e-07,3.5546847452711105e-15
green_green_31a027815546,2.0,0.02531645569620253,80,0.0200000000000004,0.0091705448379432,0.0087066773663794,2.07007104377159e-16,2.882837379090663e-08,1.5739758775442076e-06,2.130144711819511e-07,3.4144491450014667e-15
green_green_31a027815546,2.0,0.02531645569620253,80,0.0300000000000002,0.009214720378223,0.008796899932203,4.308824046522781e-16,3.109721325503752e-08,1.6978503149410371e-06,2.297790532618821e-07,3.3070700907576416e-15
green_green_31a027815546,2.0,0.02531645569620253,80,0.04,0.0092824687686812,0.008907781868075,4.718447854656915e-16,3.3905002182387865e-08,1.8511503960116956e-06,2.505259631600301e-07,3.6017268204312695e-15
green_green_31a027815546,2.0,0.02531645569620253,80,0.0499999999999998,0.0093747148394999,0.0090402749660427,1.3164574043693956e-15,3.7369784919022655e-08,2.0403211236471538e-06,2.7612743717163094e-07,3.684520168152096e-15
green_green_31a027815546,2.0,0.02531645569620253,80,0.0600000000000005,0.0094927044276935,0.0091956046437702,5.713642994060698e-16,4.164621043543041e-08,2.273806045704947e-06,3.077261852152664e-07,3.2807729265460216e-15
green_green_31a027815546,2.0,0.02531645569620253,80,0.0700000000000002,0.0096380417759241,0.0093753036393935,1.5822047560171025e-15,4.693785771537654e-08,2.5627201977556342e-06,3.468264638225421e-07,3.208665986827116e-15
green_green_31a027815546,2.0,0.02531645569620253,80,0.08,0.009812739211849,0.0095812560605995,5.694967977388552e-16,5.351448656252968e-08,2.921791966225511e-06,3.954215433160023e-07,3.2046678081241216e-15
green_green_31a027815546,2.0,0.02531645569620253,80,0.0899999999999998,0.0100192819287192,0.0098157542045269,4.220764384040162e-16,6.17364104800281e-08,3.3706938019166604e-06,4.561738003835377e-07,3.2736946419732477e-15
green_green_31a027815546,2.0,0.02531645569620253,80,0.1000000000000005,0.0102607117296067,0.0100815714340494,5.735825858147626e-16,7.208929358589762e-08,3.935942067028016e-06,5.32671834438479e-07,3.324789085739989e-15
green_green_31a027815546,2.0,0.02531645569620253,80,0.1100000000000003,0.0105407350124838,0.0103820555761595,6.050779143449325e-16,8.523439811964991e-08,4.653640456442923e-06,6.298017492646822e-07,3.151325834293859e-15
green_green_31a027815546,2.0,0.02531645569620253,80,0.1200000000000001,0.0108638622304694,0.0107212489386387,4.673848563465896e-16,1.02082037052161e-07,5.573490374738158e-06,7.542898984715349e-07,3.372546916327229e-15
green_green_31a027815546,2.0,0.02531645569620253,80,0.1299999999999999,0.0112355888129684,0.0111040433291419,4.098061628996896e-16,1.2390036730446038e-07,6.7647308430929305e-06,9.155067646907704e-07,3.416069186332364e-15
green_green_31a027815546,2.0,0.02531645569620253,80,0.1399999999999996,0.01166263146197,0.011536381719925,2.224778631027185e-16,1.5247880682594173e-07,8.325060771881599e-06,1.1266744575348932e-06,3.2922091734641632e-15
green_green_31a027815546,2.0,0.02531645569620253,80,0.1500000000000003,0.0121532394343543,0.0120255229147332,5.953312170681639e-16,1.9037722033764453e-07,1.0394244038894369e-05,1.4067079610333369e-06,2.9692799574302375e-15
green_green_31a027815546,2.0,0.02531645569620253,80,0.1600000000000001,0.0127176088144277,0.0125803924986378,3.11864493316497e-16,2.4131206255009893e-07,1.3175192195961129e-05,1.7830683675313432e-06,3.2137898126818618e-15
green_green_31a027815546,2.0,0.02531645569620253,80,0.1699999999999999,0.0133684403580019,0.0132120536946821,1.0007415106216801e-16,3.107652051132653e-07,1.69672052937104e-05,2.2962615341776075e-06,3.205037474908526e-15
green_green_31a027815546,2.0,0.02531645569620253,80,0.1799999999999997,0.014121700678808,0.0139343474790488,5.204170427930421e-16,4.0696194492731626e-07,2.221936932684545e-05,3.007064641197866e-06,3.062538242346413e-15
green_green_31a027815546,2.0,0.02531645569620253,80,0.1900000000000004,0.0149976764029721,0.0147647756880199,2.1677797545656835e-16,5.424740755260947e-07,2.961808096473417e-05,4.008371376277856e-06,2.974813963590465e-15
green_green_31a027815546,2.0,0.02531645569620253,80,0.2000000000000001,0.0160224583611699,0.0157257394474965,7.043917247687978e-16,7.369056888376497e-07,4.023368735934495e-05,5.445037474442528e-06,3.1462548189678147e-15
green_green_31a027815546,2.0,0.02531645569620253,80,0.2099999999999999,0.0172300700515352,0.016846307774116,6.667118051786499e-16,1.021501725770824e-06,5.577210448296357e-05,7.547933556875092e-06,3.114440586347024e-15
green_green_31a027815546,2.0,0.02531645569620253,80,0.2199999999999997,0.0186655833396153,0.0181647950385667,6.775999547977529e-16,1.447265345437983e-06,7.90180104679933e-05,1.0693924827479503e-05,3.1268912472506785e-15
green_green_31a027815546,2.0,0.02531645569620253,80,0.2300000000000004,0.020389785229501,0.0197326032991454,4.47545209131181e-16,2.099673588180525e-06,0.0001146382935879,1.551460593250891e-05,3.046463602496075e-15
green_green_31a027815546,2.0,0.02531645569620253,80,0.2400000000000002,0.0224863503805506,0.0216200976846511,1.279468816630226e-15,3.126220277318041e-06,0.0001706858437375,2.309981700671754e-05,3.2309951255427327e-15
green_green_31a027815546,2.0,0.02531645569620253,80,0.25,0.0250731896950822,0.0239258514513404,3.043636481661797e-16,4.789835757605801e-06,0.0002615161713277,3.539236511761325e-05,3.2158570111595107e-15
green_green_31a027815546,2.0,0.02531645569620253,80,0.2599999999999998,0.0283210060446971,0.0267916717428076,8.908848018021073e-16,7.576721007311563e-06,0.0004136749503164,5.598481656897148e-05,3.171756361001428e-15
green_green_31a027815546,2.0,0.02531645569620253,80,0.2700000000000004,0.0324847847542345,0.0304279326148822,5.810469165661947e-16,1.2424091501128958e-05,0.0006783324118044,9.18023090800894e-05,3.0762441782420326e-15
green_green_31a027815546,2.0,0.02531645569620253,80,0.2800000000000002,0.0379595338593149,0.0351580960054726,5.9787339602818175e-16,2.1226583269122135e-05,0.0011589321780188,0.0001568444145641,3.0005044883700257e-15
green_green_31a027815546,2.0,0.02531645569620253,80,0.29,0.0453837123226926,0.0415006853623752,1.0937950820210114e-15,3.8030667599337614e-05,0.0020764040954492,0.0002810107363712,3.76699233758764e-15
green_green_31a027815546,2.0,0.02531645569620253,80,0.2999999999999998,0.0558412155211747,0.0503280876875562,1.0948510389028343e-15,7.204871590333012e-05,0.0039337266005853,0.0005323720036656,3.736501218780503e-15
green_green_31a027815546,2.0,0.02531645569620253,80,0.3100000000000005,0.071276135433769,0.0631902169041061,3.6082248300317592e-16,0.0001458695175018,0.0079642058018256,0.0010778380479448,3.552394163474613e-15
green_green_31a027815546,2.0,0.02531645569620253,80,0.3200000000000003,0.0953713872091071,0.0829976223340886,1.808164448713604e-15,0.0003197417838949,0.0174573098889626,0.0023625899783718,3.363822120646734e-15
green_green_31a027815546,2.0,0.02531645569620253,80,0.33,0.1353001257899423,0.1154016009909737,1.350644602892852e-15,0.0007687195739657,0.0419706666327998,0.0056801120563791,5.167544547711559e-15
green_green_31a027815546,2.0,0.02531645569620253,80,0.3399999999999998,0.2034861217481388,0.1704485230446686,4.002966042486721e-15,0.0020255755555073,0.110592678083061,0.0149670914122661,6.376715074938551e-15
green_green_31a027815546,2.0,0.02531645569620253,80,0.3500000000000005,0.3057222050661959,0.2554748962581779,6.955527313080394e-15,0.0054834828776243,0.299388020856702,0.0405177626002917,9.586241664502558e-15
green_green_31a027815546,2.0,0.02531645569620253,80,0.3600000000000003,0.3907772296292209,0.3381912777047349,3.985994439185401e-15,0.0126066866000645,0.6883017664111467,0.0931515145095139,7.32950108559543e-15
green_green_31a027815546,2.0,0.02531645569620253,80,0.3700000000000001,0.4063196587750339,0.3661217403556971,2.1868857395626282e-15,0.021253915195791,1.1604244506515262,0.1570463717036146,6.931886558872466e-15
green_green_31a027815546,2.0,0.02531645569620253,80,0.3799999999999999,0.392481851223015,0.3501050342770453,6.88539697555894e-15,0.0276841460619989,1.5115031602324982,0.2045597083031003,1.0058480012066356e-14
green_green_31a027815546,2.0,0.02531645569620253,80,0.3899999999999997,0.3870258263309931,0.3384693121395817,6.3360574890670816e-15,0.0331210882875293,1.8083501475835413,0.2447335794141892,1.0615912282337484e-14
green_green_31a027815546,2.0,0.02531645569620253,80,0.4000000000000003,0.3701383016999143,0.327391146332085,1.4228624520802642e-15,0.037694067836409,2.0580263710917963,0.278523581840124,8.709538103484887e-15
green_green_31a027815546,2.0,0.02531645569620253,80,0.4100000000000001,0.3141247636622737,0.2926055644445423,4.3387788882833204e-15,0.0380139357474036,2.0754905672870394,0.2808871037787105,6.866207928858098e-15
green_green_31a027815546,2.0,0.02531645569620253,80,0.4199999999999999,0.2734327369146077,0.2714397837941189,2.482534153247273e-16,0.0387911123267962,2.1179229707709597,0.2866297051226178,6.894640373067644e-15
green_green_31a027815546,2.0,0.02531645569620253,80,0.4299999999999997,0.2752066901623193,0.2879527012108474,3.49863406982604e-15,0.0439583528537389,2.400044744318352,0.3248107352528656,6.990151510836568e-15
green_green_31a027815546,2.0,0.02531645569620253,80,0.4400000000000004,0.2820099349582415,0.298091282932349,3.331131634682349e-15,0.0477698409097015,2.6081449410473083,0.3529740343187767,7.968416159773151e-15
green_green_31a027815546,2.0,0.02531645569620253,80,0.4500000000000002,0.2552785225760771,0.2614472386019468,6.0738433689655165e-15,0.0449148906591286,2.452269938929367,0.3318786467576376,6.080019737932096e-15
green_green_31a027815546,2.0,0.02531645569620253,80,0.4599999999999999,0.2270745086847555,0.2265749516379913,2.377642144175581e-15,0.0423377818243779,2.311564564117921,0.3128362450046148,6.0466163157112854e-15
green_green_31a027815546,2.0,0.02531645569620253,80,0.4699999999999997,0.2340591189078096,0.2301569884013204,4.808768621619121e-15,0.0453391979102731,2.475436329887523,0.3350138768395276,5.6680973516881525e-15
green_green_31a027815546,2.0,0.02531645569620253,80,0.4800000000000004,0.2792311754548466,0.2719020775168507,2.142040032190844e-15,0.0523556541488711,2.8585218603034988,0.3868588656022203,7.618087256734366e-15
green_green_31a027815546,2.0,0.02531645569620253,80,0.4900000000000002,0.2975026913997661,0.2914235336329726,8.766432423278058e-15,0.0555764340044284,3.034370482080927,0.410657388637239,6.170990586769178e-15
green_green_31a027815546,2.0,0.02531645569620253,80,0.5,0.2452300140786076,0.2465476870504265,6.684427777288335e-16,0.0509014831287408,2.7791268127725783,0.3761139143570379,5.790043948604382e-15
green_green_31a027815546,2.0,0.02531645569620253,80,0.5099999999999998,0.1943916210631679,0.2028355432239938,1.7817696036042146e-15,0.0469824156438799,2.5651529782441065,0.3471557048559056,5.5032646191835386e-15
green_green_31a027815546,2.0,0.02531645569620253,80,0.5200000000000005,0.1812084751357819,0.1974229216327918,8.36849016267456e-16,0.0481242675832077,2.627495981743152,0.3555929128922719,5.503871006003142e-15
green_green_31a027815546,2.0,0.02531645569620253,80,0.5300000000000002,0.2067658939872006,0.2340372075397421,2.924889880485777e-15,0.0543187113978569,2.965701154507255,0.4013640057403887,6.922606711523381e-15
green_green_31a027815546,2.0,0.02531645569620253,80,0.54,0.2504555062705407,0.2896851675207401,3.123581453758768e-15,0.0620635419743031,3.3885545763013827,0.4585909933464631,6.6459080044791226e-15
green_green_31a027815546,2.0,0.02531645569620253,80,0.5499999999999998,0.2426920160121443,0.2818063773923006,3.2716572026911592e-15,0.0623231825903868,3.4027304736129835,0.4605094924242662,9.0245997998768e-15
green_green_31a027815546,2.0,0.02531645569620253,80,0.5600000000000005,0.191497205003702,0.2212091102696023,2.886579864025407e-15,0.0560622530935448,3.060895305597471,0.4142471331406514,5.921361028774744e-15
green_green_31a027815546,2.0,0.02531645569620253,80,0.5700000000000003,0.1612274849670742,0.1848096906716121,6.931121676201433e-15,0.0519381833829549,2.835728728791552,0.3837741506932017,6.692254323184165e-15
green_green_31a027815546,2.0,0.02531645569620253,80,0.5800000000000001,0.1647792788690069,0.1873734625860583,7.683082245783184e-16,0.0529637432145165,2.8917223983431173,0.3913520698214207,5.991563259262657e-15
green_green_31a027815546,2.0,0.02531645569620253,80,0.5899999999999999,0.2025058249935162,0.2283708552078059,4.79593537694451e-15,0.0597470852622934,3.262080325193776,0.4414745647506786,6.233975243837446e-15
green_green_31a027815546,2.0,0.02531645569620253,80,0.6000000000000005,0.2584078625188061,0.2890378580256572,8.816492077661547e-16,0.0699318026143819,3.818147051228268,0.5167300126170133,7.213436352452483e-15
green_green_31a027815546,2.0,0.02531645569620253,80,0.6100000000000003,0.2618296941929381,0.2925397021290786,3.5152466650553763e-15,0.0725026886606319,3.958512673299551,0.5357264338367128,5.548582751246691e-15
green_green_31a027815546,2.0,0.02531645569620253,80,0.6200000000000001,0.2045613636061721,0.2312408729566835,7.999434250758632e-15,0.064876193366249,3.542120138989753,0.4793738322682867,8.550107632863534e-15
green_green_31a027815546,2.0,0.02531645569620253,80,0.6299999999999999,0.1619436240285216,0.1869731846614873,2.314388982286638e-15,0.0580354705040895,3.168629325826429,0.4288273472825529,6.18474572442649e-15
green_green_31a027815546,2.0,0.02531645569620253,80,0.6399999999999997,0.1524061757717081,0.1801779185423571,1.842155452251226e-15,0.0569601818414037,3.109920554092142,0.4208819790314235,5.4300317356218e-15
green_green_31a027815546,2.0,0.02531645569620253,80,0.6500000000000004,0.170287378780625,0.2064714889680735,2.8288909673081856e-15,0.0629304529959018,3.435886314323993,0.4649966475178375,4.622495974434897e-15
green_green_31a027815546,2.0,0.02531645569620253,80,0.6600000000000001,0.2094694868439507,0.2611117676299868,4.397748117109099e-15,0.0743349736496863,4.058552044035404,0.5492652904100638,6.7056093674347015e-15
green_green_31a027815546,2.0,0.02531645569620253,80,0.6699999999999999,0.243075916359009,0.3082692802254325,2.39744809393059e-15,0.0825981900751254,4.509708374187878,0.6103226601352387,4.4318385736535305e-15
green_green_31a027815546,2.0,0.02531645569620253,80,0.6799999999999997,0.2146042281980604,0.2736058780941718,8.186765688393284e-15,0.0776366881982573,4.2388195503249,0.5736618444321109,8.285735289016759e-15
green_green_31a027815546,2.0,0.02531645569620253,80,0.6900000000000004,0.1671330638802602,0.2133746176874479,6.125373197167204e-15,0.0677178410343528,3.697268844714221,0.5003709263013014,5.860002053111634e-15
green_green_31a027815546,2.0,0.02531645569620253,80,0.7000000000000002,0.1449198806061007,0.1851830216606225,2.003706992131894e-15,0.0632536414172562,3.453531804242062,0.4673847048937498,4.225702072576037e-15
green_green_31a027815546,2.0,0.02531645569620253,80,0.71,0.1455519341578469,0.1853647929247661,4.025635045188075e-15,0.0657223804445988,3.588320388049603,0.4856263560604038,4.703236949538654e-15
green_green_31a027815546,2.0,0.02531645569620253,80,0.7199999999999998,0.1703155895174229,0.2151592312390773,3.8893475230679886e-15,0.0734173140832453,4.0084495293475015,0.5424846523939111,4.543885053908898e-15
green_green_31a027815546,2.0,0.02531645569620253,80,0.7300000000000004,0.2222210994619542,0.2790584531812067,4.4647671043835706e-15,0.0847934849620025,4.629567413788573,0.6265438172080694,6.946940833068097e-15
green_green_31a027815546,2.0,0.02531645569620253,80,0.7400000000000002,0.2530490853989109,0.320202525876801,3.2857549344483268e-15,0.0906792181706019,4.950917558566771,0.6700338300697494,5.7852531832145105e-15
green_green_31a027815546,2.0,0.02531645569620253,80,0.75,0.2107610203898453,0.2763381199135948,3.7081490572719836e-15,0.0836921108122775,4.569434422719297,0.6184057018298396,7.845602016931572e-15
green_green_31a027815546,2.0,0.02531645569620253,80,0.7599999999999998,0.1591813120280283,0.2184449401534385,1.8881953058541512e-15,0.0752137845847784,4.106533495320347,0.5557588737098134,4.854781283635847e-15
green_green_31a027815546,2.0,0.02531645569620253,80,0.7700000000000005,0.1335960614232957,0.185043638911967,1.2663243739048152e-15,0.0710307823961843,3.8781493142385113,0.524850435876342,5.412156323853339e-15
green_green_31a027815546,2.0,0.02531645569620253,80,0.7800000000000002,0.1340741924200808,0.1835959645612717,3.626353851083824e-15,0.0720509359948041,3.933847813472799,0.5323884080460691,6.245353878963782e-15
green_green_31a027815546,2.0,0.02531645569620253,80,0.79,0.1616705780902154,0.219084938787778,2.322363928470733e-15,0.0794222175281387,4.336306148566351,0.5868552208168903,3.912990080200293e-15
green_green_31a027815546,2.0,0.02531645569620253,80,0.7999999999999998,0.2155238885577784,0.2904605209980356,3.881416545151359e-15,0.0917990859505541,5.012060267633868,0.6783085959192013,5.609954308223211e-15
green_green_31a027815546,2.0,0.02531645569620253,80,0.8100000000000005,0.2532142801936651,0.3414815581885646,6.308030865095367e-15,0.0999972439859066,5.459664530043473,0.7388852455503196,6.944863980618814e-15
green_green_31a027815546,2.0,0.02531645569620253,80,0.8200000000000003,0.2202832557853367,0.2980495700614959,4.947115054382224e-15,0.0944788547744969,5.158370687937638,0.6981095580914799,8.151124932759607e-15
green_green_31a027815546,2.0,0.02531645569620253,80,0.8300000000000001,0.1666824376618579,0.2253749462346951,3.383904413151877e-15,0.0830600917840011,4.534927352989629,0.6137356777743131,5.170541314449535e-15
green_green_31a027815546,2.0,0.02531645569620253,80,0.8399999999999999,0.1397947959435251,0.1867970749077358,2.491246524490876e-15,0.0761424042454512,4.157234410877462,0.5626204964770948,4.524073676221996e-15
green_green_31a027815546,2.0,0.02531645569620253,80,0.8500000000000005,0.1417483273149578,0.1854916996221707,3.778430030019572e-15,0.0762609759437247,4.163708206249486,0.5634966294073829,4.002457693059164e-15
green_green_31a027815546,2.0,0.02531645569620253,80,0.8600000000000003,0.1650202595276231,0.221432497194088,8.765501250148595e-15,0.0838061460780914,4.57566053727124,0.6192483148061945,6.263900999255854e-15
green_green_31a027815546,2.0,0.02531645569620253,80,0.8700000000000001,0.1971747446491154,0.2981993511277909,7.198185262469501e-15,0.0980126311184682,5.351308338949367,0.724220829738158,7.064782815046866e-15
green_green_31a027815546,2.0,0.02531645569620253,80,0.8799999999999999,0.2200361088106456,0.3671839171702504,4.671190309460231e-15,0.1097128667716881,5.99011956056701,0.8106745273505078,5.833999761410783e-15
green_green_31a027815546,2.0,0.02531645569620253,80,0.8899999999999997,0.1916019190259691,0.3263655639619929,3.583910153046161e-15,0.1041977249208981,5.689003018343497,0.7699228348214604,6.974869460491181e-15
green_green_31a027815546,2.0,0.02531645569620253,80,0.9000000000000004,0.1466741000840474,0.2441186147798458,3.025516886860507e-15,0.0905057266311074,4.941445241463955,0.6687518913517346,6.803816698955946e-15
green_green_31a027815546,2.0,0.02531645569620253,80,0.91,0.123999899978619,0.1987016603413745,1.5612704029654368e-15,0.0817758289971003,4.464808980668449,0.6042461879961345,4.944344077240739e-15
green_green_31a027815546,2.0,0.02531645569620253,80,0.92,0.1252600458330776,0.192756292726084,1.5444300683823765e-15,0.0806727760600655,4.404584330917706,0.5960956679642938,5.140793744444814e-15
green_green_31a027815546,2.0,0.02531645569620253,80,0.9299999999999996,0.1514579599487548,0.2246018093670352,1.198642456495213e-15,0.0874848773936656,4.776512461570597,0.6464306668698656,4.657631416935072e-15
green_green_31a027815546,2.0,0.02531645569620253,80,0.9400000000000004,0.2086525062098659,0.3005226777407696,2.802076229740705e-15,0.10198689876487,5.5682960001794894,0.7535869163295862,4.493625599474201e-15
green_green_31a027815546,2.0,0.02531645569620253,80,0.9500000000000002,0.2751241726871062,0.3881628896036935,1.683336189588087e-15,0.1169735092387898,6.38653720732285,0.8643238218542011,5.8363604674523405e-15
green_green_31a027815546,2.0,0.02531645569620253,80,0.96,0.2659073554070231,0.3704407387671799,3.150471799809365e-15,0.1151134920788031,6.284983711357671,0.8505800507140855,6.031578058032976e-15
green_green_31a027815546,2.0,0.02531645569620253,80,0.9699999999999998,0.1971188553053322,0.2800985094611612,4.803559250984066e-15,0.1004934537974759,5.486756667783456,0.7425517676848449,4.633806540502434e-15
green_green_31a027815546,2.0,0.02531645569620253,80,0.9800000000000004,0.1450086397645301,0.2214031407243595,1.7772239894833365e-15,0.089474664187002,4.885151139447134,0.6611333131107391,3.770380232856564e-15
green_green_31a027815546,2.0,0.02531645569620253,80,0.9900000000000002,0.1224800578144453,0.2069252653396194,2.751724217532138e-15,0.0865426093201437,4.725066367921007,0.6394681952143804,4.916428091815071e-15
green_green_31a027815546,2.0,0.02531645569620253,80,1.0,0.124098387324977,0.2327823292068984,2.935406372410555e-15,0.0920696715805323,5.026833742456224,0.6803079683186742,4.4281127816008745e-15
green_green_31a027815546,2.0,0.02531645569620253,80,1.0099999999999998,0.1493728790255996,0.304853879642973,2.739940678777817e-15,0.1063787848554688,5.808084855882471,0.7860388090331336,4.043890134797666e-15
green_green_31a027815546,2.0,0.02531645569620253,80,1.0200000000000005,0.1906963569423322,0.4074017189214391,3.1870604836899912e-15,0.1246500180258802,6.805660385811164,0.921045975925946,4.743023787548923e-15
green_green_31a027815546,2.0,0.02531645569620253,80,1.0300000000000002,0.1996664143523087,0.4250557586404192,2.7375343541523904e-15,0.1286072895817439,7.021720091940103,0.9502864774509252,5.396508764471041e-15
green_green_31a027815546,2.0,0.02531645569620253,80,1.04,0.1667600741521384,0.333894629718969,2.8177377798042847e-15,0.1144241618879448,6.2473475581748135,0.8454865512631473,4.077990804443325e-15
green_green_31a027815546,2.0,0.02531645569620253,80,1.0499999999999998,0.1443177229685613,0.2609798012929162,1.925577439934036e-15,0.1012726716922567,5.52930052331121,0.748309452422671,3.638379725283217e-15
green_green_31a027815546,2.0,0.02531645569620253,80,1.0600000000000005,0.1387357519899315,0.2356083547312049,4.8572257327350605e-17,0.0970493636578303,5.298715717611413,0.7171031924332301,4.971364625549929e-15
green_green_31a027815546,2.0,0.02531645569620253,80,1.0700000000000005,0.1480097977541244,0.2520917820321595,3.554447978966673e-15,0.1015907818090643,5.546668747195732,0.7506599859213997,5.48784860303349e-15
green_green_31a027815546,2.0,0.02531645569620253,80,1.08,0.1852736475947939,0.317882686727496,1.8041124150158798e-15,0.1149552880878909,6.27634606612602,0.8494110725501607,6.051525285340996e-15
green_green_31a027815546,2.0,0.02531645569620253,80,1.09,0.2475653930994533,0.4272248855276713,2.2385865440709654e-15,0.1339706722728896,7.314550864796449,0.9899168130358345,7.234302872356387e-15
green_green_31a027815546,2.0,0.02531645569620253,80,1.1000000000000003,0.2740502126819734,0.4867195705393039,1.5724366476436953e-15,0.1445047511990038,7.889692086465412,1.0677537131714552,4.2075827534896334e-15
green_green_31a027815546,2.0,0.02531645569620253,80,1.1100000000000003,0.2245758872646732,0.4168518048471698,3.144107698306597e-15,0.1366116043724519,7.458740871795687,1.0094308084729668,4.722203017016458e-15
green_green_31a027815546,2.0,0.02531645569620253,80,1.12,0.1632253602294,0.3197340267299581,2.142040032190844e-15,0.1218519021971122,6.652888437981973,0.9003705410958737,4.405859547233657e-15
green_green_31a027815546,2.0,0.02531645569620253,80,1.13,0.1297961587334912,0.2740347042571208,1.909494846998524e-15,0.1136760602611373,6.2065025933143625,0.8399587863749653,4.796636942430899e-15
green_green_31a027815546,2.0,0.02531645569620253,80,1.1400000000000006,0.1221870763990704,0.2823400787810128,7.146134352336429e-16,0.1155710047679191,6.309963057800095,0.8539606376399366,4.664800619215212e-15
green_green_31a027815546,2.0,0.02531645569620253,80,1.1500000000000004,0.1371679396839173,0.346266176277773,8.968100940422724e-16,0.1287928242244548,7.031849940199188,0.9516574033342114,4.183456802481376e-15
green_green_31a027815546,2.0,0.02531645569620253,80,1.16,0.1751199513860626,0.4720872894824445,9.384873885393415e-15,0.1525121704927707,8.32688236644478,1.1269209835407588,8.506189742641775e-15
green_green_31a027815546,2.0,0.02531645569620253,80,1.17,0.2074583419951573,0.5734838451791281,2.148783980981469e-15,0.1712184758192611,9.3482120312263,1.2651429230019215,4.536959167464583e-15
green_green_31a027815546,2.0,0.02531645569620253,80,1.1799999999999995,0.1844890380303669,0.5008504836388893,1.7326683460232148e-15,0.1629701390879808,8.897868104847989,1.2041955001716211,5.849890302200713e-15
green_green_31a027815546,2.0,0.02531645569620253,80,1.1900000000000004,0.145394506751802,0.3795909870693745,1.343782689223772e-15,0.1438202960355592,7.852322100760708,1.0626962355715608,4.0010088199968376e-15
green_green_31a027815546,2.0,0.02531645569620253,80,1.2000000000000002,0.1284122795458053,0.3217488323129605,2.88599808923298e-15,0.1332829955369823,7.277004987195079,0.9848355310562864,4.641613742221305e-15
green_green_31a027815546,2.0,0.02531645569620253,80,1.21,0.1369371957670499,0.3311947128562173,2.3276653796347478e-15,0.135462109292102,7.395980566936386,1.0009371248388166,4.9741580339032655e-15
green_green_31a027815546,2.0,0.02531645569620253,80,1.2199999999999998,0.1731237333581896,0.4098635186210573,1.2325475812854657e-15,0.1510047684736297,8.244581004843484,1.1157827054576848,3.4127248924281524e-15
green_green_31a027815546,2.0,0.02531645569620253,80,1.2300000000000004,0.2371735174031972,0.5561780493043951,4.255573340110831e-15,0.176641584010442,9.644303705894371,1.3052145736571277,4.826308264750579e-15
green_green_31a027815546,2.0,0.02531645569620253,80,1.2400000000000002,0.279098865187472,0.6510373214292764,5.533106587489725e-15,0.1921599036205676,10.491575248230308,1.419880307817481,7.352374998559901e-15
green_green_31a027815546,2.0,0.02531645569620253,80,1.25,0.2413630080272781,0.5633011055258047,1.7028447152542777e-15,0.1805898876230345,9.85987377891113,1.3343888105461843,4.016601096132497e-15
green_green_31a027815546,2.0,0.02531645569620253,80,1.2599999999999998,0.1832371147582553,0.4388924182627193,1.6504651808933464e-15,0.1624834986563283,8.871298437548418,1.2005996867221331,4.413172999891885e-15
green_green_31a027815546,2.0,0.02531645569620253,80,1.2700000000000005,0.1483775687970158,0.3778118928880553,2.0411201962889075e-15,0.1526712267216078,8.335566542290536,1.1280962589385204,4.607528097405148e-15
green_green_31a027815546,2.0,0.02531645569620253,80,1.2800000000000002,0.1393182906976378,0.3922200759918443,1.8906416838689214e-15,0.1554242374084802,8.485875832815246,1.1484384093447757,6.602174811167561e-15
green_green_31a027815546,2.0,0.02531645569620253,80,1.29,0.1457688120188194,0.4844925170220458,1.7897807175920245e-15,0.1726390014016682,9.425770100100516,1.275639266220294,5.679264156452808e-15
green_green_31a027815546,2.0,0.02531645569620253,80,1.2999999999999998,0.1668079894381802,0.6484399829485655,2.413019685138505e-15,0.2012204961538712,10.98626683875282,1.4868295343356133,5.412007700382762e-15
green_green_31a027815546,2.0,0.02531645569620253,80,1.3100000000000005,0.1780213644091444,0.7276513857860146,1.4724195524362993e-15,0.2156594901246921,11.774609197899384,1.5935200707981312,4.763546314003297e-15
green_green_31a027815546,2.0,0.02531645569620253,80,1.3200000000000005,0.1565993289958922,0.5957238955926366,1.755759555643887e-15,0.1975282911189631,10.78467927430375,1.4595476242039236,4.417216979738178e-15
green_green_31a027815546,2.0,0.02531645569620253,80,1.33,0.1401891396828196,0.4588905880100136,2.2012048297098608e-15,0.1748942734868771,9.548903783774302,1.292303598176255,5.16102645500666e-15
green_green_31a027815546,2.0,0.02531645569620253,80,1.34,0.1440965276576741,0.4112436297686621,1.384513659610701e-15,0.1662237730341831,9.075510499195708,1.2282367839254953,6.404075199018183e-15
green_green_31a027815546,2.0,0.02531645569620253,80,1.3500000000000003,0.1675391766614647,0.4497500311238759,2.3188782643185826e-15,0.1733906567586998,9.46680909205694,1.281193289820462,6.5699264616580126e-15
green_green_31a027815546,2.0,0.02531645569620253,80,1.3600000000000003,0.2189190203319031,0.5751806505932328,1.8209011484034677e-15,0.1944171960895989,10.614819241123158,1.4365595685028474,5.715196993201497e-15
green_green_31a027815546,2.0,0.02531645569620253,80,1.37,0.2820566815398471,0.7377974342360015,1.9985941820837785e-15,0.2198972431273404,12.00598267214136,1.624833065468111,6.039099948498903e-15
green_green_31a027815546,2.0,0.02531645569620253,80,1.38,0.2809409108490658,0.7387481706237985,2.448947906106182e-15,0.2218091180345233,12.110367505168336,1.6389600164114229,7.0341838876062035e-15
green_green_31a027815546,2.0,0.02531645569620253,80,1.3900000000000006,0.2133652621004045,0.5727754777205664,6.753223014464259e-16,0.1971443097901657,10.763714604104171,1.4567103646244974,5.179212434578654e-15
green_green_31a027815546,2.0,0.02531645569620253,80,1.4000000000000004,0.1617490556628219,0.4545942346304058,1.1379786002407857e-15,0.1768045084980924,9.653199081515188,1.3064184318362662,5.071120912669381e-15
green_green_31a027815546,2.0,0.02531645569620253,80,1.41,0.1415985407966336,0.4307971681574298,1.0448048107080504e-15,0.172426478360819,9.414166735230706,1.274068921549144,6.244762031862767e-15
green_green_31a027815546,2.0,0.02531645569620253,80,1.42,0.1441596653360006,0.4980294242683196,1.2024924957129406e-15,0.1845495141719348,10.076062063303205,1.3636467132468235,6.519014124435227e-15
green_green_31a027815546,2.0,0.02531645569620253,80,1.4299999999999995,0.1643475609436125,0.6557540397119027,2.1195453136289104e-15,0.2104908183992932,11.492409283563983,1.5553284654622015,6.907112909817363e-15
green_green_31a027815546,2.0,0.02531645569620253,80,1.4400000000000004,0.185837600360436,0.7857756289198913,1.6274073245768128e-15,0.2296434924269795,12.5381098536635,1.6968486482973075,5.6366761658629616e-15
green_green_31a027815546,2.0,0.02531645569620253,80,1.4500000000000002,0.1711153563667823,0.6860512195895083,2.3049246737349558e-15,0.2149960513261119,11.73838666683666,1.5886178842972147,6.158109432091202e-15
green_green_31a027815546,2.0,0.02531645569620253,80,1.46,0.1438479761373927,0.5163622841113725,2.172439027618709e-15,0.1874623089678667,10.235095270587244,1.3851695173986378,5.730787529973471e-15
green_green_31a027815546,2.0,0.02531645569620253,80,1.4699999999999998,0.1366672691900278,0.4326956423867918,3.1031676915590914e-16,0.1721241276914673,9.397658948022816,1.2718348354917544,4.8205797438914256e-15
green_green_31a027815546,2.0,0.02531645569620253,80,1.4800000000000004,0.1572681330519186,0.4440401426706026,1.4475537224895361e-15,0.1739326044352932,9.496398432613695,1.285197771605496,3.822556324933331e-15
green_green_31a027815546,2.0,0.02531645569620253,80,1.4900000000000002,0.2123731654473411,0.5516305482791052,1.0429598422709816e-15,0.1923514929128212,10.50203566915356,1.4212959718458975,5.676625251520033e-15
green_green_31a027815546,2.0,0.02531645569620253,80,1.5,0.2908433351347849,0.7228437193626518,3.872375310710342e-15,0.2180926088036656,11.907452976582388,1.6114985212124218,3.8326785415524886e-15
green_green_31a027815546,2.0,0.02531645569620253,80,1.5099999999999998,0.3027679556558562,0.7491040836886739,6.206335383118183e-16,0.2204485087030479,12.036080752751966,1.6289063977324227,2.7209651944878867e-15
green_green_31a027815546,2.0,0.02531645569620253,80,1.5200000000000005,0.2273642145886272,0.5826731572533306,1.8013347191190246e-15,0.1938565178050664,10.584207244023938,1.4324166852049844,2.9361574307525008e-15
green_green_31a027815546,2.0,0.02531645569620253,80,1.5300000000000002,0.1626789145325522,0.4502794725729014,8.617648093045562e-16,0.1703137169476651,9.298813870611111,1.2584576089436936,2.817573657721082e-15
green_green_31a027815546,2.0,0.02531645569620253,80,1.54,0.1324421240836458,0.412500512881252,2.8350116126599573e-15,0.1626590673548257,8.8808841636901,1.2018969736845462,3.783709057263334e-15
green_green_31a027815546,2.0,0.02531645569620253,80,1.5499999999999998,0.1293369599485073,0.4650617749912914,1.099152334353211e-15,0.1715854155286728,9.3682462605339,1.2678542610996897,3.0396304104427927e-15
green_green_31a027815546,2.0,0.02531645569620253,80,1.5600000000000005,0.1482079214637085,0.6065800940003822,1.3991165900443533e-15,0.1939543848586234,10.589550604097358,1.433139830353954,2.690262213142111e-15
green_green_31a027815546,2.0,0.02531645569620253,80,1.5700000000000005,0.1683303001055857,0.7302760031562905,1.3213276096794378e-15,0.2105686685177138,11.496659756009567,1.5559037043545196,2.2165555778547534e-15
green_green_31a027815546,2.0,0.02531645569620253,80,1.58,0.1550814932831302,0.6395514388024367,1.0794608675644e-15,0.1955682113359094,10.677662544231648,1.44506448472856,3.682878998637143e-15
green_green_31a027815546,2.0,0.02531645569620253,80,1.59,0.134453045336227,0.4802849687740168,4.984908334910112e-16,0.1688148927642454,9.216980842971456,1.2473827129699715,2.722451970270399e-15
green_green_31a027815546,2.0,0.02531645569620253,80,1.6000000000000003,0.1345719016861062,0.4007867012880282,1.8327088756841167e-15,0.1537929188435851,8.396808857057271,1.1363845049535393,2.7562090013138976e-15
green_green_31a027815546,2.0,0.02531645569620253,80,1.6100000000000003,0.1621353471568969,0.4087921866972303,1.1188630228279524e-15,0.1545354413840899,8.437349214126737,1.1418710456600498,2.6009383140235767e-15
green_green_31a027815546,2.0,0.02531645569620253,80,1.62,0.2252678382087383,0.5039168832683804,4.0351681652475706e-15,0.1700278685787452,9.283207078478094,1.2563454593099566,2.456948812350436e-15
green_green_31a027815546,2.0,0.02531645569620253,80,1.63,0.3096846376163852,0.6508753453333104,3.3550969194576958e-15,0.1910465556692809,10.43078850974688,1.411653717347794,2.746543317209781e-15
green_green_31a027815546,2.0,0.02531645569620253,80,1.6400000000000006,0.3164285258546115,0.660668131802992,6.004449063730082e-16,0.1905064252421958,10.4012983876514,1.407662663321323,1.5241955660115609e-15
green_green_31a027815546,2.0,0.02531645569620253,80,1.6500000000000004,0.2344634263597087,0.5121653253603995,1.5553031891404225e-15,0.1665775715655351,9.094827244491947,1.2308510211213746,2.0362573966883767e-15
green_green_31a027815546,2.0,0.02531645569620253,80,1.66,0.1673367415188328,0.4018730561599991,8.95090418262362e-16,0.1469293835023419,8.02207252473827,1.0856694572801002,2.049096416619049e-15
green_green_31a027815546,2.0,0.02531645569620253,80,1.67,0.1363134815991561,0.3763667685388974,1.2412670766236366e-16,0.1415331236607956,7.72744672029169,1.045796190586508,2.017542646165913e-15
green_green_31a027815546,2.0,0.02531645569620253,80,1.6799999999999995,0.133066258102211,0.4327822650885618,1.670472955908795e-15,0.1505925646684862,8.222075439646009,1.112736908417287,3.1071323728881437e-15
green_green_31a027815546,2.0,0.02531645569620253,80,1.6900000000000004,0.1504809709964532,0.5621418585857354,1.0674422725962758e-15,0.1697512268640819,9.268102952635452,1.2543013381610049,1.655136658979204e-15
green_green_31a027815546,2.0,0.02531645569620253,80,1.7000000000000002,0.1636068978750899,0.6386524915491892,3.4331750988916783e-16,0.178859441581601,9.765394626316684,1.3216024476698591,1.815231195612652e-15
green_green_31a027815546,2.0,0.02531645569620253,80,1.71,0.148563081073123,0.5313983370483423,1.7853406233407445e-15,0.1616721343647714,8.826999448226461,1.1946044704551495,2.1932076232420188e-15
green_green_31a027815546,2.0,0.02531645569620253,80,1.7199999999999998,0.1364197946506122,0.4061190564176103,7.66300228398549e-16,0.140490185682241,7.670504236063316,1.0380898633552629,1.5522004291012945e-15
green_green_31a027815546,2.0,0.02531645569620253,80,1.7300000000000004,0.148029109001122,0.3577595874245279,1.3394761424494089e-15,0.1311963413059865,7.163077526423874,0.9694171258843868,1.3813591492027977e-15
green_green_31a027815546,2.0,0.02531645569620253,80,1.7400000000000002,0.1913953513927823,0.38779879595725,1.6136471996107277e-15,0.1356160664550302,7.404386343216612,1.002074722952526,2.3818826333923408e-15
green_green_31a027815546,2.0,0.02531645569620253,80,1.75,0.2731517660822659,0.4931019057654939,2.9310728916085627e-15,0.1513258496252281,8.262111441731246,1.1181551920991544,2.216489669987783e-15
green_green_31a027815546,2.0,0.02531645569620253,80,1.7599999999999998,0.3448908347315156,0.5937935143388128,1.849081780308989e-15,0.1640715298377683,8.958002002250005,1.2123337382086443,1.9719563410652037e-15
green_green_31a027815546,2.0,0.02531645569620253,80,1.7700000000000005,0.3018658088473771,0.5290070948217869,3.794299872214038e-15,0.1532428359765676,8.3667753501532,1.132319911790086,2.6201362420680496e-15
green_green_31a027815546,2.0,0.02531645569620253,80,1.7800000000000002,0.2131845687200283,0.404140231102374,8.95090418262362e-16,0.1329419217434458,7.258382989043205,0.98231531766197,1.8029943918754014e-15
green_green_31a027815546,2.0,0.02531645569620253,80,1.79,0.1585992053502622,0.3442693522363405,1.808164448713604e-15,0.1219812375388654,6.659949908375602,0.9013262071916625,2.218234225486558e-15
green_green_31a027815546,2.0,0.02531645569620253,80,1.7999999999999998,0.1386479600019335,0.3599258110079172,1.3186089465011212e-15,0.1238195572670598,6.760318764704445,0.9149096547910612,2.8426538349130244e-15
green_green_31a027815546,2.0,0.02531645569620253,80,1.8100000000000005,0.1442374348281221,0.4483575903029678,1.0214089537861736e-15,0.1367581666821855,7.466742902771723,1.0105137656015777,2.9495559743393204e-15
green_green_31a027815546,2.0,0.02531645569620253,80,1.8200000000000005,0.1596680438327801,0.5489182930653178,7.881149639763354e-16,0.1494492289931689,8.159651426906802,1.1042887369724586,1.798196622047923e-15
green_green_31a027815546,2.0,0.02531645569620253,80,1.83,0.1548744052479138,0.5060484377506999,1.0481495105359264e-15,0.1418625646853383,7.745433590776746,1.0482304487981429,2.618362455137163e-15
green_green_31a027815546,2.0,0.02531645569620253,80,1.84,0.1437453717815354,0.3899668300110457,6.379255420885912e-16,0.1234671394951126,6.741077406317316,0.9123056201038832,2.1763982074077127e-15
green_green_31a027815546,2.0,0.02531645569620253,80,1.8500000000000003,0.1539821387195554,0.330244789824154,1.0778315928076989e-15,0.1128490989371267,6.161352034874402,0.8338483227602049,2.588826523879788e-15
green_green_31a027815546,2.0,0.02531645569620253,80,1.8600000000000003,0.1967674247704256,0.3430200090531944,3.1209907540287404e-15,0.1140981637784288,6.229548664480946,0.8430777329437882,2.5736528388364e-15
green_green_31a027815546,2.0,0.02531645569620253,80,1.87,0.2800539663957924,0.4245782724896652,8.455206652451151e-16,0.1255437258251072,6.8544551783191485,0.927649632990486,2.7806174719191565e-15
green_green_31a027815546,2.0,0.02531645569620253,80,1.88,0.359429118275641,0.5129551177055297,1.2351231148954868e-15,0.1362005458570615,7.4362978373,1.0063934740428042,1.5695371218716445e-15
green_green_31a027815546,2.0,0.02531645569620253,80,1.8900000000000008,0.321952913952347,0.4671455838950973,1.1957467920563633e-15,0.1284111449194446,7.011010956239687,0.9488371535376898,1.7779758519288707e-15
green_green_31a027815546,2.0,0.02531645569620253,80,1.9000000000000004,0.2288472691182231,0.3628285598285536,1.2947314098277877e-15,0.1121149086810314,6.12126660511924,0.8284233497706286,2.061152328612917e-15
green_green_31a027815546,2.0,0.02531645569620253,80,1.91,0.1698007165672166,0.3144414345753742,2.0014830212433602e-16,0.1035610839716984,5.654243600281845,0.7652186591329477,1.5919523832641024e-15
green_green_31a027815546,2.0,0.02531645569620253,80,1.92,0.1478047425561225,0.3355284960073501,6.597425008528066e-16,0.1059923173269272,5.786984443776231,0.7831831787843245,1.8970988754850558e-15
green_green_31a027815546,2.0,0.02531645569620253,80,1.93,0.1517757863228757,0.4182680383713671,9.09180472805593e-16,0.1168855184349395,6.381733072212697,0.8636736528683613,2.1402975609243534e-15
green_green_31a027815546,2.0,0.02531645569620253,80,1.9400000000000004,0.1613735894902057,0.4806787060186054,5.293408562066375e-16,0.1235594156394711,6.746115513091499,0.9129874537111412,3.663860791860188e-15
green_green_31a027815546,2.0,0.02531645569620253,80,1.95,0.1552142708928601,0.4143192823902762,7.077671781985373e-16,0.1132783075793712,6.1847860327191855,0.8370197694958953,1.6940214947331988e-15
green_green_31a027815546,2.0,0.02531645569620253,80,1.96,0.155770554864605,0.3273580919122792,1.1102230246251563e-15,0.0997005771155061,5.4434670677434855,0.7366931574022365,1.614509336985582e-15
green_green_31a027815546,2.0,0.02531645569620253,80,1.97,0.1848840015155899,0.3010071271998125,1.790180836524724e-15,0.0947404616331869,5.172653938458095,0.7000425858462054,2.1302096999087907e-15
green_green_31a027815546,2.0,0.02531645569620253,80,1.9800000000000004,0.2546474677480559,0.3407392814300199,1.3101102115615713e-15,0.0996644929085339,5.44149693679739,0.7364265291726333,2.148154737447348e-15
green_green_31a027815546,2.0,0.02531645569620253,80,1.99,0.352137822949347,0.4231452928258946,7.28550816809042e-16,0.1094787775255195,5.977338720783544,0.8089448287784117,1.8470643492031133e-15
green_green_31a027815546,2.0,0.02531645569620253,80,2.0,0.3676260495919969,0.4349607332594589,3.553147333202946e-15,0.1093438809787632,5.969973618884803,0.8079480706268779,2.2823453690501355e-15
green_green_31a027815546,2.0,0.02531645569620253,80,2.01,0.2765499908234632,0.3513043663248532,1.515159560478561e-15,0.0970216955024369,5.297205087512096,0.7168987508808741,2.27249649145098e-15
green_green_31a027815546,2.0,0.02531645569620253,80,2.0200000000000005,0.1989360223425873,0.2940122650139125,4.742874840267547e-16,0.087828686810612,4.795283819699846,0.648971093939023,2.066945287319351e-15
green_green_31a027815546,2.0,0.02531645569620253,80,2.03,0.1636714132195232,0.299866336570436,9.485749680535094e-16,0.0877065295054896,4.788614256827122,0.6480684667585791,1.6150732654138777e-15
green_green_31a027815546,2.0,0.02531645569620253,80,2.04,0.1593087947492504,0.3628293505970432,1.5954628192147286e-15,0.0950923023917266,5.191863792980628,0.7026423569489455,1.832634244583481e-15
green_green_31a027815546,2.0,0.02531645569620253,80,2.05,0.1659032988190646,0.4146887009042722,1.4435567878774249e-15,0.0999859571118972,5.459048287602909,0.7388018462050825,2.601930920285429e-15
green_green_31a027815546,2.0,0.02531645569620253,80,2.0600000000000005,0.1641826227953614,0.3621694235117427,1.459280898082671e-15,0.0920059073814657,5.023352335148853,0.6798368110746681,2.7750995391168708e-15
green_green_31a027815546,2.0,0.02531645569620253,80,2.0700000000000003,0.1738504655926572,0.2932994650350232,1.4177095929570765e-15,0.0817445563839109,4.4631015538415895,0.6040151129029178,3.2122368332339697e-15
green_green_31a027815546,2.0,0.02531645569620253,80,2.08,0.217275215300575,0.2793241517635767,9.550499576785472e-16,0.0787954666039618,4.302086707574726,0.5822241230780908,2.3584779461773248e-15
green_green_31a027815546,2.0,0.02531645569620253,80,2.09,0.3052204106609721,0.3236743928935636,5.551115123125784e-16,0.0835434585183697,4.56131828247373,0.61730730169092,2.6954624659143014e-15
green_green_31a027815546,2.0,0.02531645569620253,80,2.1000000000000005,0.3918853132537533,0.3812950856298897,1.5553031891404225e-15,0.0890430723601501,4.861587024131608,0.6579442568902909,1.7875103839573926e-15
green_green_31a027815546,2.0,0.02531645569620253,80,2.1100000000000003,0.3549467374183391,0.3522426519816941,1.2959208739370125e-15,0.0840654872633696,4.589820086214851,0.6211646013729781,3.363369010444977e-15
green_green_31a027815546,2.0,0.02531645569620253,80,2.12,0.2562834808847635,0.2861071167416641,8.899114524108741e-16,0.0746183539563704,4.074024084536181,0.5513592033934848,2.5214281589470056e-15
green_green_31a027815546,2.0,0.02531645569620253,80,2.13,0.1946716424702369,0.2661943470956815,6.497413668604471e-16,0.0709549675087545,3.874009961639856,0.524290235419989,2.2275445243337138e-15
green_green_31a027815546,2.0,0.02531645569620253,80,2.140000000000001,0.1737729757473444,0.3020257201896464,1.489520491948364e-15,0.0743071555443408,4.057033226946109,0.5490597408691,2.7429382781419066e-15
green_green_31a027815546,2.0,0.02531645569620253,80,2.1500000000000004,0.1753284957297854,0.3523436156313993,5.224024053540252e-16,0.0786440159608717,4.293817782640681,0.5811050457800787,3.1854266242545974e-15
green_green_31a027815546,2.0,0.02531645569620253,80,2.16,0.1782247361447773,0.3264333182831682,1.351784868695685e-15,0.0741764808908413,4.049898632608826,0.5480941785236841,2.4233153471061168e-15
green_green_31a027815546,2.0,0.02531645569620253,80,2.17,0.1938833298753548,0.2689444633328209,7.327682229021407e-16,0.0661510906434009,3.6117271718045383,0.488794119769536,2.288830905934947e-15
green_green_31a027815546,2.0,0.02531645569620253,80,2.18,0.2468144835618116,0.2556404234437205,1.7554167342883505e-15,0.0634096975406167,3.462052179878894,0.4685378123438419,3.218173652320552e-15
green_green_31a027815546,2.0,0.02531645569620253,80,2.1900000000000004,0.3447737628147553,0.2924065922480882,1.6011864169946884e-15,0.0664632102643944,3.628768325699821,0.4911003891586336,2.8244656998975746e-15
green_green_31a027815546,2.0,0.02531645569620253,80,2.2,0.4152048088308765,0.3266863838075736,4.141537405929436e-15,0.0686244134727257,3.746766022720416,0.5070696409061826,3.667710562255453e-15
green_green_31a027815546,2.0,0.02531645569620253,80,2.21,0.3510012463160226,0.2895047037858448,1.6011864169946884e-15,0.0631466349554432,3.4476894493854764,0.4665940281444652,2.652401517615259e-15
green_green_31a027815546,2.0,0.02531645569620253,80,2.22,0.25547297068445,0.2464579916337002,1.2262814116578437e-15,0.0570966534820725,3.1173716532046525,0.4218903756402382,2.5723887494226988e-15
green_green_31a027815546,2.0,0.02531645569620253,80,2.2300000000000004,0.2051255337525226,0.2503542902334983,1.616509124176106e-15,0.0563554638184919,3.0769040687494584,0.4164136836360939,2.6433939381385386e-15
green_green_31a027815546,2.0,0.02531645569620253,80,2.24,0.1929030802008764,0.2892995929892987,1.1105699151271772e-15,0.0590818859932072,3.225761675698251,0.436559370034433,4.5566739710915705e-15
green_green_31a027815546,2.0,0.02531645569620253,80,2.25,0.1969240908035943,0.2916885796208687,2.3482697385560598e-15,0.0577306422497787,3.1519862670631986,0.426574954210911,4.951081160952116e-15
green_green_31a027815546,2.0,0.02531645569620253,80,2.26,0.2162311660741346,0.2474294739080284,1.680072297996111e-15,0.0518431640329986,2.830540848066577,0.3830720473858904,2.259646063536809e-15
green_green_31a027815546,2.0,0.02531645569620253,80,2.2700000000000005,0.2749032355643395,0.2301443138192448,3.775166431889533e-15,0.0488127179219182,2.665084096626448,0.3606799110663314,2.1838119023672094e-15
green_green_31a027815546,2.0,0.02531645569620253,80,2.28,0.3782731302704058,0.2550172659914804,2.482534153247273e-15,0.0499939268418054,2.729575918454939,0.3694079300399354,4.221052144096561e-15
green_green_31a027815546,2.0,0.02531645569620253,80,2.29,0.4360400692171484,0.2735671731690546,7.386582113839283e-16,0.0501801635310995,2.739744097158695,0.3707840433848086,3.345037227461166e-15
green_green_31a027815546,2.0,0.02531645569620253,80,2.3,0.358805306706409,0.2411751480997194,1.9984014443252818e-15,0.0456846041037893,2.4942948690634927,0.3375661025803366,3.898561811993448e-15
green_green_31a027815546,2.0,0.02531645569620253,80,2.3100000000000005,0.2685204847438965,0.2173880924505048,6.661338147750939e-16,0.042132779841579,2.3003718351039715,0.3113214738533222,2.3950941602883098e-15
green_green_31a027815546,2.0,0.02531645569620253,80,2.3200000000000003,0.2278201851025561,0.2325581546278858,1.4752290795525883e-15,0.042212128862723,2.3047041448653824,0.3119077882219506,2.1925906186481495e-15
green_green_31a027815546,2.0,0.02531645569620253,80,2.33,0.2237806936138842,0.2498958808030979,2.7653472811624524e-16,0.0421813274337668,2.3030224438259905,0.3116801947354659,4.578820186802203e-15
green_green_31a027815546,2.0,0.02531645569620253,80,2.34,0.2443492991133999,0.224444196001012,2.2232198742534223e-15,0.0385223677701722,2.103250015147835,0.2846439365174408,3.3066749257945707e-15
green_green_31a027815546,2.0,0.02531645569620253,80,2.3500000000000005,0.3068638794996573,0.2044604516719331,1.3551999095955059e-15,0.0354815693299022,1.937228045685416,0.262175306256745,2.715992895165705e-15
green_green_31a027815546,2.0,0.02531645569620253,80,2.3600000000000003,0.4136210957218034,0.2175439387171912,3.697226037623727e-15,0.0351934646641401,1.9214980639188872,0.2600464847190653,3.700294059395564e-15
green_green_31a027815546,2.0,0.02531645569620253,80,2.37,0.4605019848439298,0.225373828611668,4.992378651134557e-15,0.0342651643134933,1.8708145820984543,0.2531872213514791,2.4829207585385295e-15
green_green_31a027815546,2.0,0.02531645569620253,80,2.38,0.3766814316955412,0.2011605746412867,1.9100999153570945e-15,0.0309574200683775,1.6902178655323508,0.2287461135634032,2.789910110188567e-15
green_green_31a027815546,2.0,0.02531645569620253,80,2.390000000000001,0.2951392724736177,0.19186130949389,2.300198848626052e-15,0.0289067099854175,1.5782528887484195,0.2135933017177689,2.532965513088848e-15
green_green_31a027815546,2.0,0.02531645569620253,80,2.4000000000000004,0.2680975583969982,0.2043559209679706,2.485054197935665e-15,0.028357569148963,1.548270814970355,0.2095356692709929,2.967548458587578e-15
green_green_31a027815546,2.0,0.02531645569620253,80,2.41,0.2848388021077954,0.1963743557697998,7.550332863779067e-16,0.0263011284019406,1.4359929545301455,0.1943405132271174,2.335139339511695e-15
green_green_31a027815546,2.0,0.02531645569620253,80,2.42,0.3510874049388951,0.1784814612141405,1.3608726004012153e-15,0.0237165537701064,1.2948799610094106,0.1752429462806218,2.5565901030721225e-15
green_green_31a027815546,2.0,0.02531645569620253,80,2.43,0.4600334902365138,0.1822025618136538,2.2136702894737697e-15,0.0225583605599749,1.231644754355271,0.1666849916775594,2.276470401037926e-15
green_green_31a027815546,2.0,0.02531645569620253,80,2.4400000000000004,0.4921636687635261,0.1820397323771071,6.583397866488881e-15,0.0210640777054678,1.1500596748729484,0.1556436518379363,4.754399372372512e-15
green_green_31a027815546,2.0,0.02531645569620253,80,2.45,0.4066516393275208,0.1661534296079918,2.5121479338940407e-15,0.0187446329934257,1.0234222844912906,0.1385051447422892,2.656804814994948e-15
green_green_31a027815546,2.0,0.02531645569620253,80,2.46,0.344560975590347,0.1645915602615836,2.718488253166216e-15,0.0172820251411227,0.9435666015315964,0.127697853270886,2.8117170153238885e-15
green_green_31a027815546,2.0,0.02531645569620253,80,2.47,0.3489646957154633,0.1633291579449045,3.0300350946730877e-15,0.0157841600478239,0.8617859384382525,0.1166300440678707,4.079215181011832e-15
green_green_31a027815546,2.0,0.02531645569620253,80,2.4800000000000004,0.4198569336761238,0.1507192689991728,2.7679142542305077e-15,0.0138131953797399,0.7541749137801794,0.1020664755663882,2.2867280817516167e-15
green_green_31a027815546,2.0,0.02531645569620253,80,2.49,0.5282002677576576,0.1482590247081522,3.4493003598838988e-15,0.0123581315505579,0.674731120526699,0.0913149273050373,2.5641575474224458e-15
green_green_31a027815546,2.0,0.02531645569620253,80,2.5,0.5380835565156622,0.1425737443090143,1.8841109504205303e-15,0.0107751930814374,0.58830560849642,0.0796185061555507,3.3957394070112888e-15
green_green_31a027815546,2.0,0.02531645569620253,80,2.51,0.4657522379250919,0.1333477887672028,4.847302891456679e-15,0.009150155029179,0.4995815371096453,0.0676110088245162,5.9136024228244976e-15
green_green_31a027815546,2.0,0.02531645569620253,80,2.5200000000000005,0.4538475409781224,0.1293809548995341,3.533580197965136e-15,0.0077571120159072,0.4235239656684081,0.0573177358512275,5.0244614567997405e-15
green_green_31a027815546,2.0,0.02531645569620253,80,2.53,0.5318495316472339,0.1203618262606361,6.285370213876525e-15,0.0062921408587337,0.3435392506348244,0.0464929817875574,3.1634328603406985e-15
green_green_31a027815546,2.0,0.02531645569620253,80,2.54,0.6319250915132537,0.1139104245983024,3.2255036133261186e-15,0.0049959424883951,0.2727692175383606,0.0369152993137832,3.1628132272358653e-15
green_green_31a027815546,2.0,0.02531645569620253,80,2.55,0.6262022809437559,0.1054652153188501,4.216290283966694e-15,0.003765005024306,0.2055623091926013,0.0278198333373528,4.104839341205756e-15
green_green_31a027815546,2.0,0.02531645569620253,80,2.5600000000000005,0.6200815022225517,0.0972616279329594,3.636721891222372e-15,0.0026797258104446,0.1463080718463486,0.0198006443431282,3.280833563274021e-15
green_green_31a027815546,2.0,0.02531645569620253,80,2.5700000000000003,0.7118883356558282,0.0879458169390571,2.4732071290884357e-15,0.0017422258765217,0.095122309797958,0.0128734047386274,3.206182557987469e-15
green_green_31a027815546,2.0,0.02531645569620253,80,2.58,0.7986363397774302,0.0781153573091624,4.866020253582432e-15,0.0009948598824725,0.0543175091251905,0.0073510754821649,5.584688822387669e-15
green_green_31a027815546,2.0,0.02531645569620253,80,2.59,0.8401814252757559,0.0672164150203948,6.173478961128007e-15,0.0004615394407247,0.0251991996309044,0.0034103408193843,3.779249392814815e-15
green_green_31a027815546,2.0,0.02531645569620253,80,2.6000000000000005,0.907888170285849,0.0554575089143085,1.1102230246251563e-15,0.0001534132140524,0.0083760776779005,0.0011335788449505,2.3242726054391842e-15
green_green_31a027815546,2.0,0.02531645569620253,80,2.6100000000000003,0.8631089663173938,0.0435023748444879,2.2644195468014707e-15,3.1294234552243536e-05,0.0017086073132558,0.0002312348546796,1.9918010190676752e-15
green_green_31a027815546,2.0,0.02531645569620253,80,2.62,0.6561669732255831,0.0332644952297631,3.580361673049448e-15,4.010547300707936e-06,0.000218968463239,2.963415899234583e-05,2.4006843609064803e-15
green_green_31a027815546,2.0,0.02531645569620253,80,2.63,0.4300091709630201,0.0261120922016966,6.556898606395034e-15,4.46060393503589e-07,2.4354072288352337e-05,3.2959652711091e-06,3.3352484728971175e-15
green_green_31a027815546,2.0,0.02531645569620253,80,2.640000000000001,0.2828514296725108,0.0214595801323193,6.3825755133549975e-15,5.55643457899415e-08,3.033710487932733e-06,4.105680681422589e-07,2.261287628819579e-15
green_green_31a027815546,2.0,0.02531645569620253,80,2.6500000000000004,0.196991246409153,0.0183211467860954,1.489520491948364e-15,8.239860057110457e-09,4.498811156502294e-07,6.088478820932708e-08,1.4900526721293913e-15
green_green_31a027815546,2.0,0.02531645569620253,80,2.66,0.1451464344910769,0.0160759759616171,1.878377932716794e-15,1.4356880145297807e-09,7.838590961808399e-08,1.0608379279922914e-08,1.7100237763693726e-15
green_green_31a027815546,2.0,0.02531645569620253,80,2.67,0.1119112083239456,0.0143853716669076,1.3608726004012153e-15,2.86474531109683e-10,1.5640979430201143e-08,2.116776381284302e-09,1.6536805642834413e-15
green_green_31a027815546,2.0,0.02531645569620253,80,2.68,0.0893879649226393,0.0130600241836524,9.485749680535094e-16,6.396808252619734e-11,3.4925389670978767e-09,4.726637503270976e-10,8.658214312054352e-16
green_green_31a027815546,2.0,0.02531645569620253,80,2.6900000000000004,0.0733989948668448,0.0119879785449198,2.2377260456559053e-16,1.569171149803351e-11,8.567384186464474e-10,1.1594693654720469e-10,9.264375378179878e-16
green_green_31a027815546,2.0,0.02531645569620253,80,2.7,0.0616096832328114,0.0110992098181013,2.2377260456559053e-16,4.168105839399068e-12,2.2757086797353503e-10,3.079836787360014e-11,1.5974000476517937e-15
green_green_31a027815546,2.0,0.02531645569620253,80,2.71,0.0526424127086288,0.0103477256618941,2.2887833992611187e-16,1.1853633694819717e-12,6.471864709076995e-11,8.758716434719747e-12,1.5218033523849872e-15
green_green_31a027815546,2.0,0.02531645569620253,80,2.72,0.0456438902662608,0.0097020449759062,6.804363002006078e-16,3.5768827319302605e-13,1.952911800488914e-11,2.6429787165529016e-12,1.217331886223779e-15
green_green_31a027815546,2.0,0.02531645569620253,80,2.7300000000000004,0.0400629572503587,0.0091398576905754,0.0,1.1369853361337158e-13,6.207729596771355e-12,8.401248432353546e-13,1.0622486631114697e-15
green_green_31a027815546,2.0,0.02531645569620253,80,2.74,0.0355305488342805,0.0086448818093934,2.3714374201337736e-16,3.784732736137213e-14,2.0663940576297225e-12,2.796560250677717e-13,1.244197820596869e-15
green_green_31a027815546,2.0,0.02531645569620253,80,2.75,0.0317917442949772,0.0082049334495524,9.063162369069397e-16,1.3128718069625962e-14,7.168037189082896e-13,9.700883432351076e-14,1.0910594258192018e-15
green_green_31a027815546,2.0,0.02531645569620253,80,2.76,0.0286656689480139,0.0078106970198124,1.1350130130534285e-15,4.726486240871196e-15,2.580574049086779e-13,3.492427198462111e-14,1.0065655596601058e-15
green_green_31a027815546,2.0,0.02531645569620253,80,2.7700000000000005,0.0260209446338259,0.0074549158014449,6.834017936133215e-16,1.7598630813016702e-15,9.608526855070037e-14,1.3003727034174992e-14,9.966505302497613e-16
green_green_31a027815546,2.0,0.02531645569620253,80,2.78,0.0237601629413694,0.0071318439243813,0.0,6.757062937903728e-16,3.689231360670664e-14,4.992831711217581e-15,7.038785672162307e-16
green_green_31a027815546,2.0,0.02531645569620253,80,2.79,0.0218097782208463,0.0068368659590192,4.47545209131181e-16,2.6684992663663123e-16,1.4569512330840322e-14,1.9717690779135965e-15,7.381560518712622e-16
green_green_31a027815546,2.0,0.02531645569620253,80,2.8,0.0201133580140206,0.0065662269661758,2.2377260456559053e-16,1.0815407305071611e-16,5.905012307118644e-15,7.991565130995852e-16,8.417114961761098e-16
green_green_31a027815546,2.0,0.02531645569620253,80,2.8100000000000005,0.0186269714160109,0.006316837131158,6.6973807122470445e-16,4.489956075852245e-17,2.451432954716087e-15,3.317653732620676e-16,7.850322623837272e-16
green_green_31a027815546,2.0,0.02531645569620253,80,2.8200000000000003,0.0173159729079146,0.0060861278669207,4.460365043975677e-16,1.9059951124939928e-17,1.0406380711438673e-15,1.4083504810505751e-16,8.298243127200825e-16
green_green_31a027815546,2.0,0.02531645569620253,80,2.83,0.0161527175607208,0.0058719441366507,6.713178136967714e-16,8.260825805619665e-18,4.510258067328926e-16,6.103970530121769e-17,7.560096247778927e-16
green_green_31a027815546,2.0,0.02531645569620253,80,2.84,0.0151149105130967,0.0056724627185512,2.224778631027185e-16,3.650566957585486e-18,1.9931420245629135e-16,2.6974244042501745e-17,5.957394686797514e-16
green_green_31a027815546,2.0,0.02531645569620253,80,2.8500000000000005,0.0141843963743475,0.0054861293517383,1.1102230246251563e-16,1.6428835140914698e-18,8.969840058934531e-17,1.2139358449630192e-17,7.943065056549854e-16
green_green_31a027815546,2.0,0.02531645569620253,80,2.8600000000000003,0.0133462588876799,0.0053116098259555,2.2215299868541707e-16,7.521248417315803e-19,4.10646249525157e-17,5.557492648953985e-18,9.260853101771788e-16
green_green_31a027815546,2.0,0.02531645569620253,80,2.87,0.012588142772161,0.0051477515070631,4.454424009010536e-16,3.4993107037023444e-19,1.9105589081332837e-17,2.585660309724511e-18,5.585566685033452e-16
green_green_31a027815546,2.0,0.02531645569620253,80,2.88,0.0118997369128322,0.0049935527689147,2.230182521987838e-16,1.6530914048023812e-19,9.025573253790164e-18,1.2214785126744871e-18,6.602530714033287e-16
green_green_31a027815546,2.0,0.02531645569620253,80,2.890000000000001,0.0112723762451831,0.0048481384830896,4.454424009010536e-16,7.922825875258594e-20,4.325716358238464e-18,5.854220485434508e-19,4.968087581857384e-16
green_green_31a027815546,2.0,0.02531645569620253,80,2.9000000000000004,0.0106987320032182,0.0047107401986192,4.467376080957674e-16,3.849548876879711e-20,2.101782471398005e-18,2.8444532606839667e-19,8.57958448011815e-16
green_green_31a027815546,2.0,0.02531645569620253,80,2.91,0.0101725684814677,0.0045806799878132,4.460365043975677e-16,1.8949187528165867e-20,1.034590583668986e-18,1.4001660967477461e-19,5.123186939797631e-16
green_green_31a027815546,2.0,0.02531645569620253,80,2.92,0.0096885503802581,0.0044573571835347,6.938893903907228e-18,9.443887721434083e-21,5.156187987110276e-19,6.978141616567879e-20,7.65431717306495e-16
green_green_31a027815546,2.0,0.02531645569620253,80,2.9300000000000006,0.0092420889882854,0.0043402374160022,4.451856111102413e-16,4.76255724632452e-21,2.6002681507626475e-19,3.519080266746056e-20,5.90649752431545e-16
green_green_31a027815546,2.0,0.02531645569620253,80,2.9400000000000004,0.0088292184510888,0.0042288434926162,2.224778631027185e-16,2.4289998495390928e-21,1.3261889821562045e-19,1.7948016152538464e-20,5.865939813904016e-16
green_green_31a027815546,2.0,0.02531645569620253,80,2.95,0.0084464955411863,0.0041227477656897,1.110764993427085e-16,1.2522712396997638e-21,6.837169302731927e-20,9.253102441218988e-21,4.245264290424442e-16
green_green_31a027815546,2.0,0.02531645569620253,80,2.96,0.0080909179306484,0.0040215657095858,4.449557262054372e-16,6.523100212161748e-22,3.5614920406484273e-20,4.819955340660959e-21,5.605792207389678e-16
green_green_31a027815546,2.0,0.02531645569620253,80,2.97,0.0077598571376435,0.0039249504871877,1.115091260993919e-16,3.4317002054324766e-22,1.873644826849744e-20,2.5357025332652408e-21,5.525270840907921e-16
green_green_31a027815546,2.0,0.02531645569620253,80,2.9800000000000004,0.0074510031913344,0.0038325883305535,1.1102230246251563e-16,1.8226014813658533e-22,9.951066913024387e-21,1.34673045918064e-21,5.905685441136776e-16
green_green_31a027815546,2.0,0.02531645569620253,80,2.99,0.007162318715958,0.0037441945954152,6.938893903907228e-18,9.768772377334073e-23,5.33356899897321e-21,7.218200711380559e-22,5.229055533153528e-16
green_green_31a027815546,2.0,0.02531645569620253,80,3.0,0.0068920006327065,0.0036595103763653,3.469446951953614e-18,5.282059623483216e-23,2.883906838069501e-21,3.9029434875814003e-22,4.343711008045866e-16
green_green_31a027815546,2.0,0.02531645569620253,80,3.01,0.0066384480584603,0.0035782995909357,3.331391796911832e-16,2.8803165634578216e-23,1.5725995587462079e-21,2.1282820670068993e-22,5.006435415600777e-16
green_green_31a027815546,2.0,0.02531645569620253,80,3.02,0.0064002352732995,0.0035003464576865,2.2228841655759984e-16,1.5834995981195585e-23,8.645614863555542e-22,1.1700567363139556e-22,4.977238013606128e-16
green_green_31a027815546,2.0,0.02531645569620253,80,3.03,0.0061760888557797,0.0034254533068852,2.227212004505268e-16,8.774282385748409e-24,4.7905958613026665e-22,6.483366477615405e-23,4.953875775247872e-16
green_green_31a027815546,2.0,0.02531645569620253,80,3.040000000000001,0.0059648682621553,0.0033534386731426,1.1123893155135927e-16,4.8989558918614044e-24,2.6747392878960526e-22,3.6198659911150746e-23,4.30219548407401e-16
green_green_31a027815546,2.0,0.02531645569620253,80,3.0500000000000007,0.0057655492648869,0.003284135628064,2.220717083251841e-16,2.7553879734048883e-24,1.5043908597148142e-22,2.0359716309807556e-23,4.22047971413008e-16
green_green_31a027815546,2.0,0.02531645569620253,80,3.0600000000000005,0.0055772097757046,0.0032173903180093,6.938893903907228e-18,1.5607900455412828e-24,8.521624907670107e-23,1.1532765205157065e-23,4.760495832305832e-16
green_green_31a027815546,2.0,0.02531645569620253,80,3.0700000000000003,0.005399017665844,0.003153060677785,1.110764993427085e-16,8.90204102544791e-25,4.860349715086108e-23,6.5777680532016744e-24,4.271388965438813e-16
green_green_31a027815546,2.0,0.02531645569620253,80,3.08,0.0052302202658471,0.0030910152957786,0.0,5.111215743630304e-25,2.790629240224962e-23,3.776705986342185e-24,5.261464745790317e-16
green_green_31a027815546,2.0,0.02531645569620253,80,3.09,0.005070135283347,0.0030311324098971,1.110764993427085e-16,2.9536522871745387e-25,1.6126395072089544e-23,2.1824702446667493e-24,4.2241260080477116e-16
green_green_31a027815546,2.0,0.02531645569620253,80,3.1,0.0049181429224645,0.0029732990168484,0.0,1.7175547898032295e-25,9.377531410382215e-24,1.2691108694843105e-24,4.9602125991252715e-16
green_green_31a027815546,2.0,0.02531645569620253,80,3.1099999999999994,0.0047736790251061,0.002917410079943,1.113606002252634e-16,1.0048417341396836e-25,5.486249976012334e-24,7.424831944104881e-25,4.441589761337047e-16
green_green_31a027815546,2.0,0.02531645569620253,80,3.120000000000001,0.0046362290842995,0.0028633678227839,3.332294980281256e-16,5.913495023544306e-26,3.2286588851572395e-24,4.36951464697161e-25,4.865281949521189e-16
green_green_31a027815546,2.0,0.02531645569620253,80,3.130000000000001,0.004505323004129,0.0028110810980478,1.1103585416259206e-16,3.500077370205387e-26,1.9109774938608693e-24,2.586226803904527e-25,4.2670730519905143e-16
green_green_31a027815546,2.0,0.02531645569620253,80,3.140000000000001,0.0043805305008884,0.0027604648220946,0.0,2.083188820097206e-26,1.1373825574703604e-24,1.5392799056363407e-25,4.07185602720898e-16
green_green_31a027815546,2.0,0.02531645569620253,80,3.1500000000000004,0.0042614570566082,0.0027114394674407,1.1103585416259206e-16,1.2466115529853127e-26,6.80626846029432e-25,9.211282698583536e-26,3.830633973984305e-16
green_green_31a027815546,2.0,0.02531645569620253,80,3.16,0.0041477403498115,0.0026639306062195,1.734723475976807e-18,7.499323781754592e-27,4.094492049833645e-25,5.541292412742945e-26,3.731552693104807e-16
green_green_31a027815546,2.0,0.02531645569620253,80,3.17,0.0040390470997248,0.00261786849868,0.0,4.5346235142298315e-27,2.475820549737441e-25,3.350658753417428e-26,4.003709213405805e-16
green_green_31a027815546,2.0,0.02531645569620253,80,3.18,0.0039350702696598,0.0025731877215642,1.1103585416259206e-16,2.7556934152993377e-27,1.5045576253386111e-25,2.0361973237100606e-26,3.6910109376277927e-16
green_green_31a027815546,2.0,0.02531645569620253,80,3.1899999999999995,0.0038355265832172,0.0025298268318692,5.204170427930421e-18,1.6828132438885965e-27,9.18784899675918e-26,1.2434401463116303e-26,3.977651947154846e-16
green_green_31a027815546,2.0,0.02531645569620253,80,3.1999999999999997,0.0037401543136263,0.0024877280620805,1.110764993427085e-16,1.0325318491705862e-27,5.637432881501557e-26,7.629435757454063e-27,4.806191708557038e-16
green_green_31a027815546,2.0,0.02531645569620253,80,3.210000000000001,0.0036487113121439,0.0024468370434483,2.2215299868541707e-16,6.36477192087962e-28,3.4750477226292896e-26,4.702965678027811e-27,4.1037166885957046e-16
green_green_31a027815546,2.0,0.02531645569620253,80,3.2200000000000006,0.003560973246175,0.0024071025543086,2.220717083251841e-16,3.941172933496594e-28,2.1518075112961444e-26,2.912154790119341e-27,3.818883035472614e-16
green_green_31a027815546,2.0,0.02531645569620253,80,3.2300000000000004,0.0034767320217906,0.0023684762908093,0.0,2.451233847588903e-28,1.3383283337698042e-26,1.8112304411432025e-27,3.786722781724426e-16
green_green_31a027815546,2.0,0.02531645569620253,80,3.24,0.0033957943687291,0.0023309126577222,0.0,1.531143143053674e-28,8.359758304666465e-27,1.1313702579516594e-27,3.1653091540178187e-16
green_green_31a027815546,2.0,0.02531645569620253,80,3.25,0.0033179805688728,0.0022943685772913,1.734723475976807e-18,9.604517764722003e-29,5.243889019142917e-27,7.09683205667069e-28,3.5357517094049013e-16
green_green_31a027815546,2.0,0.02531645569620253,80,3.26,0.0032431233116711,0.0022588033143079,1.734723475976807e-18,6.049543808904967e-29,3.302939005106725e-27,4.47004185769374e-28,3.5817836466187127e-16
green_green_31a027815546,2.0,0.02531645569620253,80,3.27,0.0031710666621085,0.0022241783158073,1.1114420827879992e-16,3.8257545786720644e-29,2.0887912247632592e-27,2.826871520254868e-28,3.675267566670371e-16
green_green_31a027815546,2.0,0.02531645569620253,80,3.28,0.0031016651286377,0.0021904570639645,0.0,2.4289613747677506e-29,1.3261679756428195e-27,1.7947731860294623e-28,3.6261919866919847e-16
green_green_31a027815546,2.0,0.02531645569620253,80,3.290000000000001,0.0030347828200699,0.0021576049409223,1.1114420827879992e-16,1.5480897489306765e-29,8.452283637688957e-28,1.1438922001028234e-28,3.2966170997368543e-16
green_green_31a027815546,2.0,0.02531645569620253,80,3.3000000000000007,0.0029702926817673,0.0021255891044232,1.1102230246251563e-16,9.903940364153425e-30,5.407368219213621e-28,7.31807709511933e-29,3.1804447115008783e-16
green_green_31a027815546,2.0,0.02531645569620253,80,3.3100000000000005,0.0029080758026524,0.0020943783732409,2.220717083251841e-16,6.35948354694448e-30,3.472160368293873e-28,4.6990580688599225e-29,3.6341156666265367e-16
green_green_31a027815546,2.0,0.02531645569620253,80,3.3200000000000003,0.0028480207855657,0.0020639431215084,2.220717083251841e-16,4.098306394653036e-30,2.2375994741706132e-28,3.0282615860697497e-29,3.187019220343222e-16
green_green_31a027815546,2.0,0.02531645569620253,80,3.33,0.0027900231743808,0.0020342551811398,1.734723475976807e-18,2.6504748040626845e-30,1.447110210112832e-28,1.95845070160214e-29,3.4283679479013633e-16
green_green_31a027815546,2.0,0.02531645569620253,80,3.34,0.0027339849320544,0.0020052877516211,0.0,1.720079980847376e-30,9.391318486331295e-29,1.2709767473128818e-29,3.241280564546723e-16
green_green_31a027815546,2.0,0.02531645569620253,80,3.35,0.002679813964456,0.0019770153165221,1.1103585416259206e-16,1.1200808383873791e-30,6.11543416635242e-29,8.276340150181621e-30,3.06692245241655e-16
green_green_31a027815546,2.0,0.02531645569620253,80,3.3599999999999994,0.0026274236854045,0.0019494135661453,1.110764993427085e-16,7.318075860941732e-31,3.995534038096283e-29,5.407367307272867e-30,3.2588527992134043e-16
green_green_31a027815546,2.0,0.02531645569620253,80,3.370000000000001,0.0025767326188514,0.0019224593257842,1.1103585416259206e-16,4.796928558400527e-31,2.619034251298266e-29,3.5444774220584034e-30,3.373143498346588e-16
green_green_31a027815546,2.0,0.02531645569620253,80,3.380000000000001,0.0025276640345969,0.0018961304891184,0.0,3.1544328585601083e-31,1.7222619848114493e-29,2.330828135221081e-30,3.2773386493915313e-16
green_green_31a027815546,2.0,0.02531645569620253,80,3.390000000000001,0.0024801456143182,0.0018704059563142,1.734723475976807e-18,2.080869140161921e-31,1.1361160551390045e-29,1.5375658811190021e-30,2.872646885131206e-16
green_green_31a027815546,2.0,0.02531645569620253,80,3.4000000000000004,0.0024341091450369,0.0018452655764452,2.220717083251841e-16,1.3769186000781562e-31,7.517720831049409e-30,1.0174128779638554e-30,3.148389327566012e-16
green_green_31a027815546,2.0,0.02531645569620253,80,3.41,0.0023894902374551,0.0018206900938781,1.1102230246251563e-16,9.138757142926852e-32,4.98959233605989e-30,6.752678920358969e-31,3.2496048732219536e-16
green_green_31a027815546,2.0,0.02531645569620253,80,3.42,0.0023462280668612,0.0017966610983075,2.220717083251841e-16,6.083555685944119e-32,3.3215088607616526e-30,4.4951734244409645e-31,3.5068046720389167e-16
green_green_31a027815546,2.0,0.02531645569620253,80,3.43,0.0023042651345432,0.0017731609781485,8.673617379884035e-19,4.0615906405225867e-32,2.2175533516446676e-30,3.001132109371307e-31,3.2207638998355556e-16
green_green_31a027815546,2.0,0.02531645569620253,80,3.4399999999999995,0.0022635470478596,0.0017501728770235,1.734723475976807e-18,2.719447259023755e-32,1.4847678945540204e-30,2.0094148355009715e-31,3.0382305511523963e-16
green_green_31a027815546,2.0,0.02531645569620253,80,3.4499999999999997,0.0022240223173025,0.0017276806531046,1.6658991298631902e-16,1.8259510884876363e-32,9.969355148243107e-31,1.3492055026738627e-31,2.9285821397422076e-16
green_green_31a027815546,2.0,0.02531645569620253,80,3.460000000000001,0.0021856421690563,0.0017056688410906,5.551115123125783e-17,1.2294205306984326e-32,6.712408658890094e-31,9.084257270507812e-32,3.1840589247517823e-16
green_green_31a027815546,2.0,0.02531645569620253,80,3.4700000000000006,0.0021483603717032,0.0016841226166222,2.220513810852149e-16,8.300304525282071e-33,4.531812717921374e-31,6.133141577551715e-32,2.8695650237506373e-16
green_green_31a027815546,2.0,0.02531645569620253,80,3.4800000000000004,0.0021121330758551,0.0016630277629492,2.6020852139652106e-18,5.6188810737743805e-33,3.067805118843284e-31,4.1518227467338596e-32,3.1564467781173173e-16
green_green_31a027815546,2.0,0.02531645569620253,80,3.49,0.0020769186656137,0.0016423706396873,5.551115123125783e-17,3.813717056512535e-33,2.0822189603543317e-31,2.8179769276019793e-32,3.3832261410872307e-16
green_green_31a027815546,2.0,0.02531645569620253,80,3.5,0.0020426776208622,0.0016221381535073,5.551792708129603e-17,2.595201109612812e-33,1.416931795488227e-31,1.9176086586936138e-32,3.066487244775488e-16
green_green_31a027815546,2.0,0.02531645569620253,80,3.51,0.0020093723894873,0.0016023177306207,5.553824967135427e-17,1.7705129601788237e-33,9.666673223547003e-32,1.3082419586645095e-32,3.176445800654069e-16
green_green_31a027815546,2.0,0.02531645569620253,80,3.52,0.0019769672687138,0.0015828972909307,5.557210413939996e-17,1.2109183650925875e-33,6.611390257521496e-32,8.947543730894514e-33,2.640823961118629e-16
green_green_31a027815546,2.0,0.02531645569620253,80,3.53,0.0019454282948102,0.0015638652237321,8.673617379884035e-19,8.302347087662918e-34,4.532927919194588e-32,6.134650838353481e-33,3.016843154197623e-16
green_green_31a027815546,2.0,0.02531645569620253,80,3.540000000000001,0.0019147231404907,0.0015452103648509,5.551115123125783e-17,5.706111195941881e-34,3.115431151818392e-32,4.216277573355082e-33,2.9470609358223485e-16
green_green_31a027815546,2.0,0.02531645569620253,80,3.5500000000000007,0.0018848210194006,0.0015269219751245,5.553824967135427e-17,3.931120955164436e-34,2.1463193170850536e-32,2.9047273269391858e-33,3.29773709276683e-16
green_green_31a027815546,2.0,0.02531645569620253,80,3.5600000000000005,0.0018556925971262,0.0015089897201304,5.557210413939996e-17,2.714646896387847e-34,1.4821469853599336e-32,2.0058678206197784e-33,2.7327754811831083e-16
green_green_31a027815546,2.0,0.02531645569620253,80,3.5700000000000003,0.0018273099082201,0.0014914036510785,8.673617379884035e-19,1.8789507586687923e-34,1.025872354266891e-32,1.3883672562932013e-33,2.8580820295327004e-16
green_green_31a027815546,2.0,0.02531645569620253,80,3.58,0.0017996462787779,0.00147415418679,1.734723475976807e-18,1.3034888015064206e-34,7.116807715117096e-33,9.63155187865882e-34,2.861746341952441e-16
green_green_31a027815546,2.0,0.02531645569620253,80,3.59,0.0017726762541411,0.001457232096689,5.551792708129603e-17,9.063046150477843e-35,4.948255534811005e-33,6.6967356433078285e-34,2.94394129370692e-16
green_green_31a027815546,2.0,0.02531645569620253,80,3.6,0.0017463755313396,0.0014406284847416,8.673617379884035e-19,6.315410097620835e-35,3.44809708030737e-33,4.666491949907344e-34,3.1306000296309503e-16
green_green_31a027815546,2.0,0.02531645569620253,80,3.61,0.0017207208959166,0.0014243347742811,1.1105279146216472e-16,4.410372339982229e-35,2.4079817072037938e-33,3.258848863730073e-34,2.9770038815061714e-16
green_green_31a027815546,2.0,0.02531645569620253,80,3.620000000000001,0.0016956901628138,0.0014083426936601,5.553824967135427e-17,3.0866080641659447e-35,1.6852309018084563e-33,2.28071201415339e-34,2.844024097627704e-16
green_green_31a027815546,2.0,0.02531645569620253,80,3.630000000000001,0.001671262121016,0.0013926442626801,1.665695898455916e-16,2.1647451818216818e-35,1.1819108222062652e-33,1.599542358837024e-34,2.9579228156939243e-16
green_green_31a027815546,2.0,0.02531645569620253,80,3.640000000000001,0.0016474164816835,0.0013772317797455,0.0,1.5213810255403003e-35,8.306458949002823e-34,1.1241569745565923e-34,2.8488535935281253e-16
green_green_31a027815546,2.0,0.02531645569620253,80,3.65,0.0016241338295199,0.0013620978097009,1.1105279146216472e-16,1.0714262766245034e-35,5.849789260059776e-34,7.916828863846844e-35,2.814785561557689e-16
green_green_31a027815546,2.0,0.02531645569620253,80,3.66,0.0016013955771461,0.0013472351723053,5.551115123125783e-17,7.560789393142701e-36,4.128051136558107e-34,5.586709697813125e-35,3.07251074710715e-16
green_green_31a027815546,2.0,0.02531645569620253,80,3.67,0.0015791839222655,0.0013326369313076,5.551115123125783e-17,5.346139607745446e-36,2.91889332401821e-34,3.950292547434621e-35,3.094150669836177e-16
green_green_31a027815546,2.0,0.02531645569620253,80,3.68,0.0015574818074279,0.0013182963840843,1.1103585416259206e-16,3.7876496072609247e-36,2.0679866153021197e-34,2.7987155431143616e-35,3.1429843183080465e-16
green_green_31a027815546,2.0,0.02531645569620253,80,3.69,0.0015362728822099,0.0013042070518068,1.1105279146216472e-16,2.6887099400880648e-36,1.4679858870453455e-34,1.9867028581063175e-35,3.0663493921807507e-16
green_green_31a027815546,2.0,0.02531645569620253,80,3.700000000000001,0.0015155414676463,0.0012903626701066,1.1103585416259206e-16,1.912279374680324e-36,1.0440691620408375e-34,1.4129939576340937e-35,2.7651702890409673e-16
green_green_31a027815546,2.0,0.02531645569620253,80,3.710000000000001,0.0014952725227591,0.0012767571802082,5.551115123125783e-17,1.362638923948798e-36,7.439756441075884e-35,1.0068615451644164e-35,2.6240611082707473e-16
green_green_31a027815546,2.0,0.02531645569620253,80,3.7200000000000006,0.0014754516130437,0.0012633847205036,0.0,9.727951105805863e-37,5.311281339898798e-35,7.188037644845401e-36,2.9286893225830437e-16
green_green_31a027815546,2.0,0.02531645569620253,80,3.73,0.0014560648807791,0.0012502396185411,5.551792708129603e-17,6.9576475350531405e-37,3.798746839965679e-35,5.1410447953094216e-36,3.199436118450242e-16
green_green_31a027815546,2.0,0.02531645569620253,80,3.74,0.0014370990170436,0.0012373163834061,8.673617379884035e-19,4.985324996925467e-37,2.7218952214612136e-35,3.683684607368354e-36,3.058020185523208e-16
green_green_31a027815546,2.0,0.02531645569620253,80,3.75,0.0014185412353224,0.0012246096984707,8.673617379884035e-19,3.578527081698964e-37,1.9538095850427007e-35,2.6441937358216236e-36,2.852040804585669e-16
green_green_31a027815546,2.0,0.02531645569620253,80,3.76,0.0014003792466037,0.0012121144144908,5.553824967135427e-17,2.5732673871290427e-37,1.4049563887786854e-35,1.901401708104519e-36,2.9040946200403084e-16
green_green_31a027815546,2.0,0.02531645569620253,80,3.77,0.0013826012358686,0.0011998255430326,5.551792708129603e-17,1.8536404763854205e-37,1.0120534083720025e-35,1.3696653467260409e-36,2.680605579389688e-16
green_green_31a027815546,2.0,0.02531645569620253,80,3.78,0.0013651958398825,0.001187738250209,5.551792708129603e-17,1.337569891951296e-37,7.302884164057345e-36,9.883378967868732e-37,2.7794663118621347e-16
green_green_31a027815546,2.0,0.02531645569620253,80,3.790000000000001,0.0013481521262092,0.0011758478507087,5.551792708129603e-17,9.668263263944438e-38,5.2786928824477614e-36,7.1439339636515816e-37,2.6781859276841824e-16
green_green_31a027815546,2.0,0.02531645569620253,80,3.8000000000000007,0.0013314595733674,0.0011641498021034,5.553824967135427e-17,7.000229178621304e-38,3.8219956296076e-36,5.172508610620405e-37,2.8886794896857637e-16
green_green_31a027815546,2.0,0.02531645569620253,80,3.810000000000001,0.0013151080520609,0.0011526396994164,1.1103585416259206e-16,5.076902817210059e-38,2.771895017177282e-36,3.751351972518419e-37,2.8476047265040593e-16
green_green_31a027815546,2.0,0.02531645569620253,80,3.82,0.0012990878074139,0.0011413132699391,5.551792708129603e-17,3.6880722337725095e-38,2.0136192115258475e-36,2.7251372632253544e-37,2.6631245980941104e-16
green_green_31a027815546,2.0,0.02531645569620253,80,3.83,0.0012833894421512,0.0011301663682828,5.551115123125783e-17,2.68352296920451e-38,1.4651538969001678e-36,1.9828701762221072e-37,2.710040971132791e-16
green_green_31a027815546,2.0,0.02531645569620253,80,3.84,0.0012680039006655,0.0011191949716528,5.553824967135427e-17,1.9557262802047847e-38,1.0677903687038408e-36,1.4450971198586122e-37,2.708871594844741e-16
green_green_31a027815546,2.0,0.02531645569620253,80,3.85,0.0012529224539174,0.0011083951753324,8.673617379884035e-19,1.4275764553456686e-38,7.79430334927471e-37,1.054844251406171e-37,2.70351293280041e-16
green_green_31a027815546,2.0,0.02531645569620253,80,3.86,0.0012381366851193,0.0010977631883679,4.336808689942019e-19,1.0436889584202499e-38,5.698348633976491e-37,7.711876263601725e-38,2.661954243762073e-16
green_green_31a027815546,2.0,0.02531645569620253,80,3.870000000000001,0.0012236384761558,0.0010872953294416,0.0,7.64214413190114e-39,4.172469318884527e-37,5.64682317067312e-38,2.5590206526885154e-16
green_green_31a027815546,2.0,0.02531645569620253,80,3.880000000000001,0.0012094199946979,0.0010769880229255,0.0,5.604333262760617e-39,3.0598622831594543e-37,4.141073287564124e-38,2.7216303123360044e-16
green_green_31a027815546,2.0,0.02531645569620253,80,3.890000000000001,0.0011954736819696,0.0010668377951051,5.551792708129603e-17,4.11613485268544e-39,2.2473334824357397e-37,3.0414351337256366e-38,2.9100877508311393e-16
green_green_31a027815546,2.0,0.02531645569620253,80,3.9,0.0011817922411293,0.0010568412705653,4.336808689942019e-19,3.027642662650925e-39,1.6530368834216366e-37,2.237142148184345e-38,2.501172509613645e-16
green_green_31a027815546,2.0,0.02531645569620253,80,3.91,0.0011683686262316,0.0010469951687299,5.551284527130373e-17,2.2302914843688318e-39,1.217697890812136e-37,1.647974889496861e-38,2.7685083863818557e-16
green_green_31a027815546,2.0,0.02531645569620253,80,3.92,0.0011551960317345,0.0010372963005476,1.1103585416259206e-16,1.6453313448130658e-39,8.983204761833884e-38,1.2157445608152754e-38,2.957220689580074e-16
green_green_31a027815546,2.0,0.02531645569620253,80,3.93,0.0011422678825225,0.0010277415653165,5.553824967135427e-17,1.2155497375141188e-39,6.636676694154489e-38,8.98176520153225e-39,2.575896042911275e-16
green_green_31a027815546,2.0,0.02531645569620253,80,3.94,0.0011295778244159,0.0010183279476412,5.553824967135427e-17,8.993168419374568e-40,4.910103586343484e-38,6.645102595789016e-39,2.674659014535019e-16
green_green_31a027815546,2.0,0.02531645569620253,80,3.950000000000001,0.0011171197151395,0.0010090525145157,1.6654757031124616e-16,6.662949030938301e-40,3.637846908543624e-38,4.9232904173918716e-39,2.689158586673049e-16
green_green_31a027815546,2.0,0.02531645569620253,80,3.960000000000001,0.0011048876157247,0.0009999124125253,1.110299254973338e-16,4.943417523275877e-40,2.699014516122909e-38,3.652718939992227e-39,2.48605716374207e-16
green_green_31a027815546,2.0,0.02531645569620253,80,3.9700000000000006,0.0010928757823219,0.0009909048651631,5.552639573108236e-17,3.672725910233411e-40,2.005240402775402e-38,2.7137977786710807e-39,2.337136003889635e-16
green_green_31a027815546,2.0,0.02531645569620253,80,3.98,0.0010810786583998,0.000982027170255,0.0,2.7323962151251003e-40,1.491837785033957e-38,2.0189828918065143e-39,2.678172087256123e-16
green_green_31a027815546,2.0,0.02531645569620253,80,3.99,0.001069490867312,0.0009732766974874,5.552639573108236e-17,2.035571597584735e-40,1.1113844348813861e-38,1.5040952727943496e-39,2.5323150664312035e-16
green_green_31a027815546,2.0,0.02531645569620253,80,4.0,0.0010581072052091,0.0009646508860344,1.110299254973338e-16,1.5184845403829435e-40,8.290644675883812e-39,1.1220167454248496e-39,2.6524238081050913e-16
green_green_31a027815546,2.0,0.02531645569620253,80,4.01,0.00104692263428,0.0009561472422783,4.336808689942019e-19,1.134251847085699e-40,6.19280525225561e-39,8.381050528431939e-40,2.3969623761051933e-16
green_green_31a027815546,2.0,0.02531645569620253,80,4.02,0.0010359322763035,0.00094776333762,1.1102314949223176e-16,8.483551376151285e-41,4.631862108489954e-39,6.268543703654217e-40,2.5468304472276087e-16
green_green_31a027815546,2.0,0.02531645569620253,80,4.029999999999999,0.0010251314064944,0.0009394968063746,0.0,6.353441375593072e-41,3.4688614545141786e-39,4.694593474552433e-40,2.6514024844840705e-16
green_green_31a027815546,2.0,0.02531645569620253,80,4.040000000000001,0.0010145154476283,0.0009313453437492,4.336808689942019e-19,4.764284089753137e-41,2.6012109753286423e-39,3.520356241042868e-40,2.794423370655945e-16
green_green_31a027815546,2.0,0.02531645569620253,80,4.050000000000001,0.0010040799644308,0.000923306703898,1.110299254973338e-16,3.57715550619218e-41,1.9530607301896888e-39,2.6431802709852684e-40,2.309865568654006e-16
green_green_31a027815546,2.0,0.02531645569620253,80,4.0600000000000005,0.0009938206582184,0.0009153786980523,1.6654757031124616e-16,2.6892048798881245e-41,1.4682561150199578e-39,1.9870685719011416e-40,2.673783329336347e-16
green_green_31a027815546,2.0,0.02531645569620253,80,4.07,0.0009837333617759,0.0009075591927209,5.551792708129603e-17,2.0241855013261309e-41,1.1051678369631952e-39,1.4956820223940843e-40,2.7140244030810726e-16
green_green_31a027815546,2.0,0.02531645569620253,80,4.08,0.0009738140344606,0.0008998461079594,8.673617379884035e-19,1.5254979155278144e-41,8.32893640672365e-40,1.1271989676636792e-40,2.349695821570791e-16
green_green_31a027815546,2.0,0.02531645569620253,80,4.09,0.0009640587575209,0.0008922374157036,1.1102569054260746e-16,1.1510718899260595e-41,6.284639574511799e-40,8.50533476856578e-41,2.646476269756099e-16
green_green_31a027815546,2.0,0.02531645569620253,80,4.1,0.0009544637296178,0.0008847311381654,1.1102314949223176e-16,8.695959702236181e-42,4.747833125048676e-40,6.425493407386341e-41,2.5177419616678797e-16
green_green_31a027815546,2.0,0.02531645569620253,80,4.109999999999999,0.0009450252625407,0.0008773253462882,5.552639573108236e-17,6.577360341303209e-42,3.5911170673652588e-40,4.860048454477105e-41,2.677299332213084e-16
green_green_31a027815546,2.0,0.02531645569620253,80,4.120000000000001,0.0009357397771066,0.0008700181582586,5.551792708129603e-17,4.980806717324025e-42,2.7194283243854994e-40,3.680346025223783e-41,2.44123428655153e-16
green_green_31a027815546,2.0,0.02531645569620253,80,4.130000000000001,0.0009266037992343,0.0008628077380734,1.1102569054260746e-16,3.776214471207308e-42,2.061743242563069e-40,2.790266056934454e-41,2.6675283304657917e-16
green_green_31a027815546,2.0,0.02531645569620253,80,4.140000000000001,0.0009176139561845,0.0008556922941574,0.0,2.8662731674910038e-42,1.5649321243464964e-40,2.1179053229450674e-41,2.4769233007730123e-16
green_green_31a027815546,2.0,0.02531645569620253,80,4.15,0.0009087669729589,0.0008486700780323,5.551284527130373e-17,2.178098914312525e-42,1.1892017131066384e-40,1.6094095066875189e-41,2.2955057114706943e-16
green_green_31a027815546,2.0,0.02531645569620253,80,4.16,0.0009000596688488,0.000841739383033,1.3010426069826053e-18,1.6570359189174005e-42,9.047109571136135e-41,1.224393136282377e-41,2.6282172738791024e-16
green_green_31a027815546,2.0,0.02531645569620253,80,4.17,0.0008914889541281,0.000834898543069,1.110299254973338e-16,1.2620478876439825e-42,6.890547991859889e-41,9.325342641338311e-42,2.468401729028443e-16
green_green_31a027815546,2.0,0.02531645569620253,80,4.18,0.0008830518268817,0.0008281459314305,4.336808689942019e-19,9.622871611252329e-43,5.253909879808397e-41,7.110393816835065e-42,2.547593176790939e-16
green_green_31a027815546,2.0,0.02531645569620253,80,4.19,0.0008747453699651,0.0008214799596362,5.551284527130373e-17,7.345374178016569e-43,4.010438414209318e-41,5.4275381869001056e-42,2.523122153007716e-16
green_green_31a027815546,2.0,0.02531645569620253,80,4.200000000000001,0.0008665667480868,0.0008148990763216,1.1102569054260746e-16,5.613051564374645e-43,3.06462231455502e-41,4.147515289535469e-42,2.4673185123570207e-16
green_green_31a027815546,2.0,0.02531645569620253,80,4.210000000000001,0.0008585132050096,0.0008084017661656,1.1102569054260746e-16,4.293936171929755e-43,2.344409713477661e-41,3.1728135259616477e-42,2.6672405306783286e-16
green_green_31a027815546,2.0,0.02531645569620253,80,4.220000000000001,0.0008505820608641,0.0008019865488548,8.673617379884035e-19,3.2883589517123654e-43,1.7953831540842466e-41,2.429786876762345e-42,2.316109289654224e-16
green_green_31a027815546,2.0,0.02531645569620253,80,4.23,0.0008427707095699,0.0007956519780826,1.110299254973338e-16,2.520958149030068e-43,1.376396512480213e-41,1.8627501186239545e-42,2.5044476406539183e-16
green_green_31a027815546,2.0,0.02531645569620253,80,4.24,0.0008350766163591,0.0007893966405836,1.1102314949223176e-16,1.9346865146675405e-43,1.0563030459491928e-41,1.4295507190723075e-42,2.691570280783406e-16
green_green_31a027815546,2.0,0.02531645569620253,80,4.25,0.0008274973153976,0.0007832191551995,5.551284527130373e-17,1.4863118984749465e-43,8.114988002898253e-42,1.0982441998339497e-42,2.5439702595876907e-16
green_green_31a027815546,2.0,0.02531645569620253,80,4.26,0.0008200304074998,0.0007771181719778,5.551284527130373e-17,1.1430351300745577e-43,6.240760352496531e-42,8.445950699169403e-43,2.637119473626128e-16
green_green_31a027815546,2.0,0.02531645569620253,80,4.27,0.000812673557933,0.0007710923712999,0.0,8.799447989219012e-44,4.8043358152422967e-42,6.5019614831961795e-43,2.473463079049351e-16
green_green_31a027815546,2.0,0.02531645569620253,80,4.279999999999999,0.0008054244943057,0.0007651404630387,5.551115123125783e-17,6.780996467709801e-44,3.702298625182415e-42,5.01051633065583e-43,2.4269413511349795e-16
green_green_31a027815546,2.0,0.02531645569620253,80,4.290000000000001,0.0007982810045388,0.0007592611857441,4.336808689942019e-19,5.230821705654039e-44,2.8559318828192722e-42,3.865083502658181e-43,2.5405268369607733e-16
green_green_31a027815546,2.0,0.02531645569620253,80,4.300000000000001,0.0007912409349134,0.0007534533058551,4.336808689942019e-19,4.039064172633014e-44,2.205254316909149e-42,2.9844871758766247e-43,2.435940166504426e-16
green_green_31a027815546,2.0,0.02531645569620253,80,4.3100000000000005,0.0007843021881936,0.0007477156169384,1.1102314949223176e-16,3.1219231610716946e-44,1.7045122914014058e-42,2.3068065373709663e-43,2.548815189426131e-16
green_green_31a027815546,2.0,0.02531645569620253,80,4.32,0.0007774627218203,0.0007420469389513,5.551792708129603e-17,2.4154081335893216e-44,1.3187681566898685e-42,1.7847586200904876e-43,2.4535648132719453e-16
green_green_31a027815546,2.0,0.02531645569620253,80,4.33,0.0007707205461725,0.0007364461175285,4.336808689942019e-19,1.870604561069105e-44,1.021315484779351e-42,1.382200204065516e-43,2.379977566399361e-16
green_green_31a027815546,2.0,0.02531645569620253,80,4.34,0.0007640737228946,0.0007309120232925,1.110299254973338e-16,1.4500832880675545e-44,7.91718649224676e-43,1.0714746763652973e-43,2.4030897387780394e-16
green_green_31a027815546,2.0,0.02531645569620253,80,4.35,0.0007575203632853,0.0007254435511852,1.1102314949223176e-16,1.1251742778079892e-44,6.1432434033195395e-43,8.313975859797014e-44,2.466083470139443e-16
green_green_31a027815546,2.0,0.02531645569620253,80,4.359999999999999,0.0007510586267461,0.0007200396198219,5.551115123125783e-17,8.738944451741429e-45,4.771302003074918e-43,6.457255079935618e-44,2.467836934787109e-16
green_green_31a027815546,2.0,0.02531645569620253,80,4.370000000000001,0.000744686719287,0.0007146991708651,4.336808689942019e-19,6.793709825355208e-45,3.7092398832639015e-43,5.019910301940597e-44,2.541220906166663e-16
green_green_31a027815546,2.0,0.02531645569620253,80,4.380000000000001,0.0007384028920872,0.000709421168418,5.551284527130373e-17,5.286404398445157e-45,2.886279004821824e-43,3.9061538661744996e-44,2.5229026875580144e-16
green_green_31a027815546,2.0,0.02531645569620253,80,4.390000000000001,0.0007322054401079,0.0007042045984377,4.336808689942019e-19,4.117330587279876e-45,2.2479863314036063e-43,3.042318668725408e-44,2.510281396729936e-16
green_green_31a027815546,2.0,0.02531645569620253,80,4.4,0.0007260927007547,0.0006990484681662,0.0,3.2097388535713713e-45,1.7524580349450242e-43,2.3716940451956207e-44,2.58295159828152e-16
green_green_31a027815546,2.0,0.02531645569620253,80,4.41,0.0007200630525891,0.000693951805579,5.551115123125783e-17,2.504487963696175e-45,1.3674040959808786e-43,1.8505802062847626e-44,2.390202087911349e-16
green_green_31a027815546,2.0,0.02531645569620253,80,4.42,0.0007141149140858,0.0006889136588512,5.551115123125783e-17,1.9559611119142768e-45,1.067918582472914e-43,1.4452706383261366e-44,2.552683894159862e-16
green_green_31a027815546,2.0,0.02531645569620253,80,4.43,0.0007082467424335,0.0006839330958398,5.551115123125783e-17,1.5289394043737772e-45,8.347726299158577e-44,1.1297419030783453e-44,2.145799187031561e-16
green_green_31a027815546,2.0,0.02531645569620253,80,4.44,0.0007024570323791,0.0006790092035816,5.551284527130373e-17,1.196205893690084e-45,6.531062885422267e-44,8.838832454347506e-45,2.4103033522122247e-16
green_green_31a027815546,2.0,0.02531645569620253,80,4.450000000000001,0.0006967443151118,0.0006741410878069,0.0,9.367076502810948e-46,5.114250482724123e-44,6.921385376224521e-45,2.4436734270636937e-16
green_green_31a027815546,2.0,0.02531645569620253,80,4.460000000000001,0.000691107157187,0.0006693278724671,0.0,7.341445207699474e-46,4.0082932691008345e-44,5.4246350486917e-45,2.5510642302432766e-16
green_green_31a027815546,2.0,0.02531645569620253,80,4.470000000000001,0.0006855441594868,0.0006645686992777,5.551115123125783e-17,5.7588446418165805e-46,3.1442226377147106e-44,4.25524261234089e-45,2.53532167771507e-16
green_green_31a027815546,2.0,0.02531645569620253,80,4.48,0.0006800539562172,0.0006598627272739,5.551792708129603e-17,4.521290901023112e-46,2.4685411895755e-44,3.340807210724448e-45,2.459533651028768e-16
green_green_31a027815546,2.0,0.02531645569620253,80,4.49,0.0006746352139392,0.0006552091323798,5.551115123125783e-17,3.5527107170824775e-46,1.9397143275562906e-44,2.625117879179456e-45,2.4036878646370604e-16
green_green_31a027815546,2.0,0.02531645569620253,80,4.5,0.000669286630634,0.0006506071069908,0.0,2.7939884609629086e-46,1.5254660118252678e-44,2.0644937477819846e-45,2.3416077894285633e-16
green_green_31a027815546,2.0,0.02531645569620253,80,4.51,0.0006640069347987,0.0006460558595678,4.336808689942019e-19,2.1991448397428424e-46,1.2006923990489462e-44,1.6249604590533716e-45,2.314014282898039e-16
green_green_31a027815546,2.0,0.02531645569620253,80,4.52,0.000658794884574,0.0006415546142433,5.551115123125783e-17,1.7323859664019103e-46,9.458506890892512e-45,1.2800697090743905e-45,2.3982590638113333e-16
green_green_31a027815546,2.0,0.02531645569620253,80,4.529999999999999,0.0006536492669004,0.0006371026104398,5.551115123125783e-17,1.3658224552291422e-46,7.457137932923811e-45,1.0092138742867327e-45,2.387513596349098e-16
green_green_31a027815546,2.0,0.02531645569620253,80,4.540000000000001,0.0006485688967031,0.0006326991024979,0.0,1.0777047953237142e-46,5.884068810652324e-45,7.9632211907335e-46,2.751127973140619e-16
green_green_31a027815546,2.0,0.02531645569620253,80,4.550000000000001,0.000643552616104,0.0006283433593167,4.336808689942019e-19,8.510569036331418e-47,4.6466132511305466e-45,6.288507204327501e-46,2.389909568149611e-16
green_green_31a027815546,2.0,0.02531645569620253,80,4.5600000000000005,0.0006385992936596,0.0006240346640033,5.551115123125783e-17,6.726170567752361e-47,3.672364698066628e-45,4.970005165609842e-46,2.363630870936265e-16
green_green_31a027815546,2.0,0.02531645569620253,80,4.57,0.0006337078236247,0.0006197723135331,0.0,5.320163238111142e-47,2.9047107067521106e-45,3.931098462187177e-46,2.391363502097086e-16
green_green_31a027815546,2.0,0.02531645569620253,80,4.58,0.0006288771252397,0.0006155556184195,1.1102569054260746e-16,4.211406740697319e-47,2.299350170791873e-45,3.1118320662427182e-46,2.453481190731354e-16
green_green_31a027815546,2.0,0.02531645569620253,80,4.59,0.000624106142041,0.0006113839023932,0.0,3.336352606247073e-47,1.8215868015934974e-45,2.46524965733731e-46,2.3712505736229893e-16
green_green_31a027815546,2.0,0.02531645569620253,80,4.6,0.0006193938411948,0.0006072565020899,5.55149627486669e-17,2.645188545192228e-47,1.4442240105635993e-45,1.9545446552674132e-46,2.4496454934900487e-16
green_green_31a027815546,2.0,0.02531645569620253,80,4.609999999999999,0.0006147392128517,0.0006031727667478,1.6653472423834763e-16,2.0988369392286532e-47,1.1459261410311142e-45,1.550842388646842e-46,2.534953391619041e-16
green_green_31a027815546,2.0,0.02531645569620253,80,4.620000000000001,0.0006101412695217,0.0005991320579127,5.55149627486669e-17,1.666616253119945e-47,9.099416423551977e-46,1.2314720989692875e-46,2.250252010970694e-16
green_green_31a027815546,2.0,0.02531645569620253,80,4.630000000000001,0.0006055990454703,0.0005951337491517,5.551115123125783e-17,1.3244173987050866e-47,7.231073984100702e-46,9.786194457431688e-47,2.638053129584969e-16
green_green_31a027815546,2.0,0.02531645569620253,80,4.640000000000001,0.0006011115961334,0.0005911772257747,4.336808689942019e-19,1.0532804562600391e-47,5.750716437786431e-46,7.7827483792127e-47,2.6536262795738166e-16
green_green_31a027815546,2.0,0.02531645569620253,80,4.65,0.0005966779975498,0.0005872618845639,0.0,8.38282926710269e-48,4.576869700275061e-46,6.194119572237949e-47,2.477968364643257e-16
green_green_31a027815546,2.0,0.02531645569620253,80,4.66,0.0005922973458134,0.0005833871335103,5.551157474611588e-17,6.676706022895284e-48,3.645357971652352e-46,4.93345553592414e-47,2.5170212776712925e-16
green_green_31a027815546,2.0,0.02531645569620253,80,4.67,0.0005879687565411,0.0005795523915573,4.336808689942019e-19,5.3217754666495193e-48,2.9055909537083685e-46,3.9322897468986143e-47,2.4618803875614643e-16
green_green_31a027815546,2.0,0.02531645569620253,80,4.68,0.000583691364358,0.0005757570883523,6.505213034913028e-19,4.2449360040511385e-48,2.317656528302801e-46,3.136607027030437e-47,2.5575758138276345e-16
green_green_31a027815546,2.0,0.02531645569620253,80,4.69,0.0005794643223985,0.0005720006640034,0.0,3.3884706753263156e-48,1.8500423031437613e-46,2.5037599909567577e-47,2.5190841706555297e-16
green_green_31a027815546,2.0,0.02531645569620253,80,4.700000000000001,0.0005752868018229,0.0005682825688443,5.55149627486669e-17,2.706774044887638e-48,1.4778485540859615e-46,2.000050526480419e-47,2.623099394621098e-16
green_green_31a027815546,2.0,0.02531645569620253,80,4.710000000000001,0.0005711579913485,0.0005646022632041,1.1102314949223176e-16,2.1637829455064814e-48,1.1813854589792181e-46,1.5988313570256796e-47,2.5140647280365724e-16
green_green_31a027815546,2.0,0.02531645569620253,80,4.720000000000001,0.0005670770967958,0.0005609592171847,2.1684043449710093e-19,1.730958112362981e-48,9.450711071988227e-47,1.279014659714917e-47,2.343521130726017e-16
green_green_31a027815546,2.0,0.02531645569620253,80,4.73,0.0005630433406481,0.0005573529104423,1.1102420827028943e-16,1.3856973333828274e-48,7.565651090856358e-47,1.023899533250432e-47,2.554841385069091e-16
green_green_31a027815546,2.0,0.02531645569620253,80,4.74,0.0005590559616239,0.0005537828319768,5.551115123125783e-17,1.1100868805030492e-48,6.06086900515305e-47,8.202494234723956e-48,2.963812338869898e-16
green_green_31a027815546,2.0,0.02531645569620253,80,4.75,0.0005551142142638,0.0005502484799248,1.1102314949223176e-16,8.899183423407053e-49,4.858789517236483e-47,6.575656555022843e-48,2.5459651348662525e-16
green_green_31a027815546,2.0,0.02531645569620253,80,4.76,0.0005512173685279,0.0005467493613594,0.0,7.139138444089279e-49,3.8978375187777534e-47,5.275149446140817e-48,2.300979521180527e-16
green_green_31a027815546,2.0,0.02531645569620253,80,4.77,0.0005473647094068,0.0005432849920946,0.0,5.731150190921894e-49,3.129101979864369e-47,4.2347790272118975e-48,3.205401187980972e-16
green_green_31a027815546,2.0,0.02531645569620253,80,4.779999999999999,0.0005435555365435,0.0005398548964947,5.551115123125783e-17,4.6040074940933375e-49,2.513702919162285e-47,3.40192696537528e-48,2.700121069373404e-16
green_green_31a027815546,2.0,0.02531645569620253,80,4.790000000000001,0.0005397891638663,0.0005364586072894,5.551284527130373e-17,3.701062595038721e-49,2.020711708459825e-47,2.734735914039496e-48,2.4563499922669745e-16
green_green_31a027815546,2.0,0.02531645569620253,80,4.800000000000001,0.0005360649192333,0.0005330956653926,5.551157474611588e-17,2.977220275816546e-49,1.625507193007513e-47,2.199884763688224e-48,2.7007657234103883e-16
green_green_31a027815546,2.0,0.02531645569620253,80,4.8100000000000005,0.0005323821440867,0.0005297656197265,2.1684043449710093e-19,2.39655616285163e-49,1.3084753294222984e-47,1.770828793154867e-48,2.544346365345781e-16
green_green_31a027815546,2.0,0.02531645569620253,80,4.82,0.0005287401931172,0.0005264680270505,0.0,1.930431331878843e-49,1.0539797948660368e-47,1.4264065406386186e-48,2.5938892831024797e-16
green_green_31a027815546,2.0,0.02531645569620253,80,4.83,0.0005251384339386,0.0005232024517934,4.336808689942019e-19,1.5559986959196431e-49,8.495465025119752e-48,1.1497361654013179e-48,2.290024943498217e-16
green_green_31a027815546,2.0,0.02531645569620253,80,4.84,0.0005215762467717,0.0005199684658911,5.551792708129603e-17,1.255018899650778e-49,6.852171017756492e-48,9.273405054737816e-49,2.6315671818367027e-16
green_green_31a027815546,2.0,0.02531645569620253,80,4.85,0.0005180530241372,0.0005167656486273,5.55149627486669e-17,1.0129209031119064e-49,5.530360743981179e-48,7.484529376873373e-49,2.9828913809068625e-16
green_green_31a027815546,2.0,0.02531645569620253,80,4.859999999999999,0.0005145681705572,0.0005135935864792,5.551157474611588e-17,8.180561539568946e-50,4.4664352629275435e-48,6.044662813662944e-49,2.5644393794672972e-16
green_green_31a027815546,2.0,0.02531645569620253,80,4.870000000000001,0.0005111211022658,0.000510451872966,5.55149627486669e-17,6.611060311380743e-50,3.6095166275893136e-48,4.8849495514206245e-49,2.7945339027251877e-16
green_green_31a027815546,2.0,0.02531645569620253,80,4.880000000000001,0.0005077112469277,0.0005073401085023,5.551157474611588e-17,5.346107274127562e-50,2.9188756704610004e-48,3.950268655942978e-49,2.614654006479869e-16
green_green_31a027815546,2.0,0.02531645569620253,80,4.890000000000001,0.0005043380433642,0.0005042579002544,5.551157474611588e-17,4.325944185860099e-50,2.36188549694598e-48,3.1964644270163156e-49,2.5331884602245554e-16
green_green_31a027815546,2.0,0.02531645569620253,80,4.9,0.0005010009412883,0.000501204862,2.1684043449710093e-19,3.502668314299549e-50,1.912392101404675e-48,2.5881412670306222e-49,2.34341167083912e-16
green_green_31a027815546,2.0,0.02531645569620253,80,4.91,0.0004976994010455,0.0004981806139924,1.1102569054260746e-16,2.8378547315545925e-50,1.549416184056859e-48,2.0969067812072665e-49,3.0907784111043333e-16
green_green_31a027815546,2.0,0.02531645569620253,80,4.92,0.0004944328933636,0.0004951847828267,5.551284527130373e-17,2.300660609274448e-50,1.2561181312051143e-48,1.6999710306528866e-49,2.703348942250394e-16
green_green_31a027815546,2.0,0.02531645569620253,80,4.93,0.000491200899108,0.0004922170013103,0.0,1.866312766733273e-50,1.0189722444687584e-48,1.3790289731542628e-49,2.515333303655237e-16
green_green_31a027815546,2.0,0.02531645569620253,80,4.94,0.0004880029090446,0.0004892769083359,2.1684043449710093e-19,1.5149001668023422e-50,8.271074659230953e-49,1.1193682316781906e-49,2.7602652556254633e-16
green_green_31a027815546,2.0,0.02531645569620253,80,4.950000000000001,0.0004848384236091,0.0004863641487579,2.1684043449710093e-19,1.2304092215104913e-50,6.717806727819404e-49,9.091562762382607e-50,2.569880572693864e-16
green_green_31a027815546,2.0,0.02531645569620253,80,4.960000000000001,0.0004817069526828,0.0004834783732721,4.336808689942019e-19,9.999525633515577e-51,5.459556007989548e-49,7.388705586874163e-50,2.3576335499684273e-16
green_green_31a027815546,2.0,0.02531645569620253,80,4.970000000000001,0.0004786080153739,0.0004806192382972,5.551284527130373e-17,8.13152071287716e-51,4.439659878792875e-49,6.008426271706589e-50,2.648899959607733e-16
green_green_31a027815546,2.0,0.02531645569620253,80,4.98,0.0004755411398057,0.0004777864058604,5.551284527130373e-17,6.616449708906362e-51,3.6124591389362376e-49,4.888931807486248e-50,2.5255101628280354e-16
green_green_31a027815546,2.0,0.02531645569620253,80,4.99,0.0004725058629096,0.0004749795434852,5.551157474611588e-17,5.386881968788808e-51,2.941137899427708e-49,3.9803973065698492e-50,2.6108089005400747e-16
green_green_31a027815546,2.0,0.02531645569620253,80,5.0,0.0004695017302244,0.0004721983240815,2.1684043449710093e-19,4.3884126080144603e-51,2.395992099797153e-49,3.2426226945873397e-50,2.4288135828263213e-16
green_green_f3a9f1d66842,6.0,0.0759493670886076,80,-5.0,0.0002546361489785,0.0002003702612229,5.551157474611588e-17,2.209741707413296e-56,3.5964605067982293e-51,8.914734309523225e-54,2.586392802040041e-16
green_green_f3a9f1d66842,6.0,0.0759493670886076,80,-4.99,0.0002557717518368,0.0002011380722696,5.551125711027526e-17,2.731094515641295e-56,4.444987182387682e-51,1.101802165359793e-53,2.7194342595783433e-16
green_green_f3a9f1d66842,6.0,0.0759493670886076,80,-4.98,0.0002569154147785,0.0002019105547145,2.775578737305794e-17,3.377495632738235e-56,5.49703597224783e-51,1.362578988142568e-53,3.8670778606080643e-16
green_green_f3a9f1d66842,6.0,0.0759493670886076,80,-4.97,0.0002580672177795,0.0002026877486548,2.775578737305794e-17,4.179433136827535e-56,6.80222768433976e-51,1.6861036678738898e-53,3.7208493844089365e-16
green_green_f3a9f1d66842,6.0,0.0759493670886076,80,-4.96,0.0002592272418458,0.0002034696946412,2.7756422635651865e-17,5.174950203220203e-56,8.422479409287593e-51,2.0877239168701102e-53,4.092425536069171e-16
green_green_f3a9f1d66842,6.0,0.0759493670886076,80,-4.95,0.00026039556903,0.0002042564336846,2.775578737305794e-17,6.411547763145941e-56,1.0435101188637612e-50,2.586602978507011e-53,3.8059775463464363e-16
green_green_f3a9f1d66842,6.0,0.0759493670886076,80,-4.94,0.0002615722824475,0.0002050480072622,5.551284527130373e-17,7.948574070585211e-56,1.2936685149367337e-50,3.20668364728383e-53,4.589592260016685e-16
green_green_f3a9f1d66842,6.0,0.0759493670886076,80,-4.93,0.0002627574662943,0.0002058444573248,2.775748137433345e-17,9.860227783127307e-56,1.6047993161868173e-50,3.9778997981105964e-53,4.693608682920437e-16
green_green_f3a9f1d66842,6.0,0.0759493670886076,80,-4.92,0.0002639512058638,0.0002066458263032,5.551125711027526e-17,1.2239334608384223e-55,1.9920103512950885e-50,4.937699994214324e-53,3.9369121204224415e-16
green_green_f3a9f1d66842,6.0,0.0759493670886076,80,-4.91,0.0002651535875647,0.0002074521571151,2.1684043449710093e-19,1.5202099988674878e-55,2.4742146127868915e-50,6.132964856987029e-53,4.820243387355064e-16
green_green_f3a9f1d66842,6.0,0.0759493670886076,80,-4.9,0.0002663646989393,0.0002082634931724,5.551284527130373e-17,1.889409413995399e-55,3.0751043507987727e-50,7.622421603019796e-53,4.394101395838679e-16
green_green_f3a9f1d66842,6.0,0.0759493670886076,80,-4.89,0.0002675846286814,0.0002090798783879,2.1684043449710093e-19,2.349779415079423e-55,3.824378585818588e-50,9.479686743995564e-53,3.4627373945311687e-16
green_green_f3a9f1d66842,6.0,0.0759493670886076,80,-4.88,0.0002688134666557,0.0002099013571834,2.7756422635651865e-17,2.924209477489808e-55,4.759291035743305e-50,1.1797103014237346e-52,3.946871317542295e-16
green_green_f3a9f1d66842,6.0,0.0759493670886076,80,-4.87,0.0002700513039164,0.0002107279744961,2.7756422635651865e-17,3.6414310121855406e-55,5.926603448549343e-50,1.4690581198330418e-52,3.4933107046185637e-16
green_green_f3a9f1d66842,6.0,0.0759493670886076,80,-4.86,0.0002712982327271,0.0002115597757871,2.1684043449710093e-19,4.537532919697888e-55,7.385052239021912e-50,1.8305714312272865e-52,4.792475889710514e-16
green_green_f3a9f1d66842,6.0,0.0759493670886076,80,-4.85,0.0002725543465806,0.0002123968070483,2.775578737305794e-17,5.657876752907811e-55,9.208465507937247e-50,2.2825503921561922e-52,4.053780886280813e-16
green_green_f3a9f1d66842,6.0,0.0759493670886076,80,-4.84,0.000273819740219,0.0002132391148107,2.775578737305794e-17,7.059518567583976e-55,1.148970471985744e-49,2.848013058359965e-52,3.2580931741361543e-16
green_green_f3a9f1d66842,6.0,0.0759493670886076,80,-4.83,0.0002750945096547,0.0002140867461524,2.775748137433345e-17,8.814273696263139e-55,1.4345652769453377e-49,3.5559318027981904e-52,4.884508787880392e-16
green_green_f3a9f1d66842,6.0,0.0759493670886076,80,-4.82,0.0002763787521912,0.0002149397487062,2.775557561562892e-17,1.1012597904225952e-54,1.792353074883484e-49,4.442799085722499e-52,2.904539886081963e-16
green_green_f3a9f1d66842,6.0,0.0759493670886076,80,-4.81,0.0002776725664451,0.0002157981706686,1.0842021724855044e-19,1.3768505943637526e-54,2.240890313007891e-49,5.55461174103924e-52,5.068265951097585e-16
green_green_f3a9f1d66842,6.0,0.0759493670886076,80,-4.8,0.0002789760523676,0.0002166620608074,5.551284527130373e-17,1.722580932802551e-54,2.8035830042059223e-49,6.949387474141234e-52,3.878301458607377e-16
green_green_f3a9f1d66842,6.0,0.0759493670886076,80,-4.79,0.000280289311267,0.0002175314684709,2.7756422635651865e-17,2.1566032954438134e-54,3.5099751952345154e-49,8.700358655233544e-52,4.937923417224417e-16
green_green_f3a9f1d66842,6.0,0.0759493670886076,80,-4.78,0.0002816124458318,0.0002184064435963,1.0842021724855044e-19,2.701846983340121e-54,4.397385422195572e-49,1.0900028686908912e-51,3.502472739356568e-16
green_green_f3a9f1d66842,6.0,0.0759493670886076,80,-4.77,0.000282945560154,0.0002192870367187,8.326849148016164e-17,3.3872960868937287e-54,5.5129866809666926e-49,1.3665327735382e-51,2.994798459902897e-16
green_green_f3a9f1d66842,6.0,0.0759493670886076,80,-4.76,0.0002842887597526,0.0002201732989799,2.775578737305794e-17,4.2496150386396377e-54,6.916452092250361e-49,1.7144170678469726e-51,3.979930235547179e-16
green_green_f3a9f1d66842,6.0,0.0759493670886076,80,-4.75,0.000285642151598,0.0002210652821379,1.0842021724855044e-19,5.335217829083077e-54,8.683322649473548e-49,2.152380491807915e-51,3.0711521703749536e-16
green_green_f3a9f1d66842,6.0,0.0759493670886076,80,-4.74,0.0002870058441372,0.0002219630385762,2.775578737305794e-17,6.702903972827611e-54,1.09092973799906e-48,2.704144462655504e-51,4.232985565137258e-16
green_green_f3a9f1d66842,6.0,0.0759493670886076,80,-4.73,0.0002883799473183,0.000222866621313,5.551125711027526e-17,8.427219021162296e-54,1.371570274031457e-48,3.3997828022065335e-51,3.958350577113151e-16
green_green_f3a9f1d66842,6.0,0.0759493670886076,80,-4.72,0.0002897645726173,0.0002237760840116,2.7756422635651865e-17,1.060274207301953e-53,1.725647074563709e-48,4.2774514422329314e-51,3.7169543508598943e-16
green_green_f3a9f1d66842,6.0,0.0759493670886076,80,-4.71,0.0002911598330635,0.0002246914809896,5.55121041351447e-17,1.3349560236066002e-53,2.172704891756376e-48,5.3855969796947e-51,5.587969842773089e-16
green_green_f3a9f1d66842,6.0,0.0759493670886076,80,-4.7,0.000292565843267,0.0002256128672294,1.0842021724855044e-19,1.6820264087629318e-53,2.737578573194261e-48,6.785778847101477e-51,4.245095017425158e-16
green_green_f3a9f1d66842,6.0,0.0759493670886076,80,-4.69,0.000293982719446,0.0002265402983885,5.551115123125783e-17,2.1208893750459565e-53,3.451849078583711e-48,8.556278417063512e-51,3.614990625271473e-16
green_green_f3a9f1d66842,6.0,0.0759493670886076,80,-4.68,0.0002954105794548,0.0002274738308096,0.0,2.67623885520405e-53,4.3557069666607205e-48,1.0796718124533486e-50,3.360770040780065e-16
green_green_f3a9f1d66842,6.0,0.0759493670886076,80,-4.67,0.0002968495428125,0.0002284135215318,1.0842021724855044e-19,3.3795252589944194e-53,5.500339286229104e-48,1.3633977978143418e-50,4.204157913355498e-16
green_green_f3a9f1d66842,6.0,0.0759493670886076,80,-4.66,0.0002982997307321,0.0002293594283011,2.7756422635651865e-17,4.270835455883269e-53,6.95098933807364e-48,1.722977995172983e-50,4.788156262888553e-16
green_green_f3a9f1d66842,6.0,0.0759493670886076,80,-4.65,0.0002997612661506,0.0002303116095814,2.775557561562892e-17,5.401304680330867e-53,8.790882166377128e-48,2.1790418304725445e-50,4.2468948860227e-16
green_green_f3a9f1d66842,6.0,0.0759493670886076,80,-4.64,0.0003012342737591,0.0002312701245664,2.775748137433345e-17,6.836213384852508e-53,1.112626483547708e-47,2.7579253179099347e-50,4.796797855931345e-16
green_green_f3a9f1d66842,6.0,0.0759493670886076,80,-4.63,0.0003027188800343,0.0002322350331903,1.0842021724855044e-19,8.65896682273129e-53,1.4092883391378802e-47,3.493276538188107e-50,3.603159855129027e-16
green_green_f3a9f1d66842,6.0,0.0759493670886076,80,-4.62,0.0003042152132702,0.0002332063961401,2.775748137433345e-17,1.0976213206220453e-52,1.786431290948859e-47,4.428120450904543e-50,4.009221359162069e-16
green_green_f3a9f1d66842,6.0,0.0759493670886076,80,-4.61,0.0003057234036106,0.0002341842748675,5.421010862427522e-19,1.3924431679586205e-52,2.2662679736394756e-47,5.617516672567482e-50,4.544504745963658e-16
green_green_f3a9f1d66842,6.0,0.0759493670886076,80,-4.6,0.000307243583082,0.0002351687316008,2.775557561562892e-17,1.76784193264558e-52,2.877247450094676e-47,7.131983379730713e-50,3.548113191971727e-16
green_green_f3a9f1d66842,6.0,0.0759493670886076,80,-4.59,0.000308775885628,0.0002361598293577,5.551379814611213e-17,2.246223387645477e-52,3.6558361893677445e-47,9.06191191192979e-50,3.8182317828481216e-16
green_green_f3a9f1d66842,6.0,0.0759493670886076,80,-4.58,0.0003103204471437,0.0002371576319577,1.0842021724855044e-19,2.8563314695342447e-52,4.648816325475842e-47,1.1523263585695314e-49,5.162137243314915e-16
green_green_f3a9f1d66842,6.0,0.0759493670886076,80,-4.57,0.000311877405511,0.0002381622040352,2.7758963540648015e-17,3.635072084224091e-52,5.916253988608737e-47,1.4664927451976472e-49,3.59158732576017e-16
green_green_f3a9f1d66842,6.0,0.0759493670886076,80,-4.56,0.0003134469006349,0.0002391736110525,2.7756422635651865e-17,4.629870694916851e-52,7.535336392483363e-47,1.8678231484776763e-49,4.627819992881764e-16
green_green_f3a9f1d66842,6.0,0.0759493670886076,80,-4.55,0.0003150290744807,0.0002401919193136,2.1684043449710093e-19,5.901722576296727e-52,9.605336269178912e-47,2.380924818484225e-49,3.34698533050747e-16
green_green_f3a9f1d66842,6.0,0.0759493670886076,80,-4.54,0.0003166240711113,0.0002412171959775,2.7756422635651865e-17,7.529142712648528e-52,1.2254040517609943e-46,3.0374729605984143e-49,3.6090650854768663e-16
green_green_f3a9f1d66842,6.0,0.0759493670886076,80,-4.53,0.0003182320367263,0.0002422495090724,2.7756422635651865e-17,9.613285214442484e-52,1.5646082299278616e-46,3.878276055564081e-49,3.95725818608912e-16
green_green_f3a9f1d66842,6.0,0.0759493670886076,80,-4.52,0.0003198531197013,0.00024328892751,2.7758963540648015e-17,1.2284584460284178e-51,1.999374981502706e-46,4.955955087372048e-49,4.41868915073365e-16
green_green_f3a9f1d66842,6.0,0.0759493670886076,80,-4.51,0.0003214874706284,0.0002443355210998,5.551284527130373e-17,1.571137804617595e-51,2.5571020568100052e-46,6.338422289277009e-49,4.20371083511881e-16
green_green_f3a9f1d66842,6.0,0.0759493670886076,80,-4.5,0.0003231352423573,0.0002453893605643,2.7756422635651865e-17,2.011111309871336e-51,3.273180017585392e-46,8.113402093209872e-49,4.083973977530391e-16
green_green_f3a9f1d66842,6.0,0.0759493670886076,80,-4.49,0.0003247965900376,0.0002464505175539,0.0,2.5764923225483892e-51,4.193364705490465e-46,1.0394311891289915e-48,4.094835785953576e-16
green_green_f3a9f1d66842,6.0,0.0759493670886076,80,-4.48,0.0003264716711624,0.0002475190646626,2.7758963540648015e-17,3.30366074026388e-51,5.376866147008869e-46,1.3327918665539731e-48,3.829878187635451e-16
green_green_f3a9f1d66842,6.0,0.0759493670886076,80,-4.47,0.0003281606456116,0.0002485950754434,5.551284527130373e-17,4.239736305525848e-51,6.90037398077453e-46,1.710431702465639e-48,5.06823411896323e-16
green_green_f3a9f1d66842,6.0,0.0759493670886076,80,-4.46,0.000329863675698,0.0002496786244247,2.7756422635651865e-17,5.445804813184075e-51,8.863308264783628e-46,2.19699446537978e-48,4.2654365839982933e-16
green_green_f3a9f1d66842,6.0,0.0759493670886076,80,-4.45,0.000331580926213,0.0002507697871267,5.551284527130373e-17,7.001130381394773e-51,1.1394675149209956e-45,2.824457582851426e-48,3.623972782537895e-16
green_green_f3a9f1d66842,6.0,0.0759493670886076,80,-4.44,0.000333312564474,0.000251868640078,2.7758963540648015e-17,9.008660404151236e-51,1.4662026450422598e-45,3.634352997832508e-48,4.003655339752786e-16
green_green_f3a9f1d66842,6.0,0.0759493670886076,80,-4.43,0.0003350587603729,0.0002529752608328,2.1684043449710093e-19,1.1602226795087436e-50,1.8883180020304868e-45,4.6806723577712066e-48,4.025426650646088e-16
green_green_f3a9f1d66842,6.0,0.0759493670886076,80,-4.42,0.0003368196864255,0.0002540897279886,2.7756422635651865e-17,1.4955975332745158e-50,2.4341566457481534e-45,6.033671083996487e-48,3.447579466108309e-16
green_green_f3a9f1d66842,6.0,0.0759493670886076,80,-4.41,0.0003385955178221,0.0002552121212038,2.7756422635651865e-17,1.9296724541005125e-50,3.1406343777414534e-45,7.78485429993935e-48,4.513171377156121e-16
green_green_f3a9f1d66842,6.0,0.0759493670886076,80,-4.4,0.0003403864324798,0.0002563425212157,5.551284527130373e-17,2.4920180198778844e-50,4.055878730375433e-45,1.0053518231214895e-47,3.8836846959696556e-16
green_green_f3a9f1d66842,6.0,0.0759493670886076,80,-4.39,0.0003421926110949,0.0002574810098596,5.55149627486669e-17,3.221222943450035e-50,5.242694682751991e-45,1.2995340856471642e-47,3.9383341074922544e-16
green_green_f3a9f1d66842,6.0,0.0759493670886076,80,-4.38,0.0003440142371979,0.0002586276700876,2.7758963540648015e-17,4.167693368672641e-50,6.78312064916818e-45,1.6813675073712763e-47,4.0809291525071184e-16
green_green_f3a9f1d66842,6.0,0.0759493670886076,80,-4.37,0.0003458514972088,0.0002597825859878,5.551157474611588e-17,5.397336504283718e-50,8.784423769729976e-45,2.177440953997477e-47,4.026899368999214e-16
green_green_f3a9f1d66842,6.0,0.0759493670886076,80,-4.36,0.0003477045804942,0.0002609458428045,1.1102420827028943e-16,6.996412903048366e-50,1.1386997227168073e-44,2.822554416253806e-47,4.0965972452530925e-16
green_green_f3a9f1d66842,6.0,0.0759493670886076,80,-4.35,0.0003495736794257,0.0002621175269579,2.7756422635651865e-17,9.077934702466407e-50,1.47747736901542e-44,3.6623002444218543e-47,3.882364983105605e-16
green_green_f3a9f1d66842,6.0,0.0759493670886076,80,-4.34,0.0003514589894394,0.0002632977260654,0.0,1.1790111111404564e-49,1.9188970747433453e-44,4.756470300819233e-47,5.115630874033758e-16
green_green_f3a9f1d66842,6.0,0.0759493670886076,80,-4.33,0.0003533607090976,0.0002644865289623,5.551284527130373e-17,1.5327507839133196e-49,2.494625341331367e-44,6.183557994791945e-47,4.30599693016657e-16
green_green_f3a9f1d66842,6.0,0.0759493670886076,80,-4.32,0.0003552790401511,0.0002656840257236,2.7756422635651865e-17,1.994580811671788e-49,3.246275839719951e-44,8.046713303765097e-47,5.304381502596261e-16
green_green_f3a9f1d66842,6.0,0.0759493670886076,80,-4.31,0.0003572141876037,0.0002668903076858,5.551284527130373e-17,2.5981358430650053e-49,4.2285905721629403e-44,1.048162808497945e-46,3.470845373164963e-16
green_green_f3a9f1d66842,6.0,0.0759493670886076,80,-4.3,0.0003591663597777,0.0002681054674699,0.0,3.3877077647170573e-49,5.513656706349586e-44,1.3666988562257731e-46,4.14546065375724e-16
green_green_f3a9f1d66842,6.0,0.0759493670886076,80,-4.29,0.0003611357683821,0.0002693295990039,2.7758963540648015e-17,4.421683835224394e-49,7.196502303226437e-44,1.7838345748509073e-46,4.85869236237437e-16
green_green_f3a9f1d66842,6.0,0.0759493670886076,80,-4.28,0.0003631226285808,0.0002705627975467,5.551157474611588e-17,5.777114056744996e-49,9.402529933093748e-44,2.3306541537825544e-46,4.617724843669729e-16
green_green_f3a9f1d66842,6.0,0.0759493670886076,80,-4.27,0.0003651271590643,0.0002718051597123,2.7756422635651865e-17,7.555785354350378e-49,1.2297402693540245e-43,3.0482213693956507e-46,4.028209995695216e-16
green_green_f3a9f1d66842,6.0,0.0759493670886076,80,-4.26,0.0003671495821219,0.000273056783494,2.7758963540648015e-17,9.892308640308284e-49,1.6100206294055532e-43,3.9908421396173314e-46,3.740243911933416e-16
green_green_f3a9f1d66842,6.0,0.0759493670886076,80,-4.25,0.0003691901237166,0.0002743177682897,2.7756422635651865e-17,1.2964897865975251e-48,2.1100992479455043e-43,5.230413103826932e-46,3.483453270897244e-16
green_green_f3a9f1d66842,6.0,0.0759493670886076,80,-4.24,0.000371249013561,0.0002755882149281,5.551284527130373e-17,1.7009753404708307e-48,2.768418867471725e-43,6.8622242936704165e-46,3.8812537545516254e-16
green_green_f3a9f1d66842,6.0,0.0759493670886076,80,-4.23,0.0003733264851961,0.0002768682256944,2.7758963540648015e-17,2.23402768943651e-48,3.635987106185416e-43,9.01271095378734e-46,4.0512237391434125e-16
green_green_f3a9f1d66842,6.0,0.0759493670886076,80,-4.22,0.0003754227760716,0.0002781579043573,5.551284527130373e-17,2.9372770016343777e-48,4.780559057407733e-43,1.1849821169233158e-45,4.175022861771994e-16
green_green_f3a9f1d66842,6.0,0.0759493670886076,80,-4.21,0.0003775381276283,0.0002794573561971,0.0,3.866084512811284e-48,6.29223778490882e-43,1.5596898105444052e-45,3.0395142341599243e-16
green_green_f3a9f1d66842,6.0,0.0759493670886076,80,-4.2,0.0003796727853825,0.0002807666880332,5.551284527130373e-17,5.0941555112542526e-48,8.290982176901392e-43,2.0551290117696704e-45,5.492933652681944e-16
green_green_f3a9f1d66842,6.0,0.0759493670886076,80,-4.19,0.0003818269990133,0.0002820860082533,2.775557561562892e-17,6.719730688474091e-48,1.0936683665945673e-42,2.710932844247209e-45,3.2934195171798107e-16
green_green_f3a9f1d66842,6.0,0.0759493670886076,80,-4.18,0.0003840010224513,0.0002834154268428,2.7756422635651865e-17,8.873905838234055e-48,1.4442706937737788e-42,3.579989125886903e-45,4.808427264258902e-16
green_green_f3a9f1d66842,6.0,0.0759493670886076,80,-4.17,0.0003861951139703,0.0002847550554149,2.7758963540648015e-17,1.1731825039363628e-47,1.9094107372458866e-42,4.732956021098328e-45,3.1729515931926237e-16
green_green_f3a9f1d66842,6.0,0.0759493670886076,80,-4.16,0.0003884095362811,0.0002861050072418,2.776319786554118e-17,1.5527758121687734e-47,2.5272170342998396e-42,6.264344724679501e-45,3.427218460712116e-16
green_green_f3a9f1d66842,6.0,0.0759493670886076,80,-4.15,0.0003906445566277,0.0002874653972859,1.1102420827028943e-16,2.057543532889853e-47,3.34875068530975e-42,8.300723050325335e-45,3.60835716317979e-16
green_green_f3a9f1d66842,6.0,0.0759493670886076,80,-4.14,0.0003929004468868,0.0002888363422324,8.32670091907238e-17,2.7295506312822876e-47,4.442474436619738e-42,1.1011793179555468e-44,4.117716734285637e-16
green_green_f3a9f1d66842,6.0,0.0759493670886076,80,-4.13,0.0003951774836691,0.0002902179605224,2.775557561562892e-17,3.625266599619061e-47,5.900295092593082e-42,1.4625369303738281e-44,5.331393058006164e-16
green_green_f3a9f1d66842,6.0,0.0759493670886076,80,-4.12,0.0003974759484238,0.0002916103723868,2.7758963540648015e-17,4.8205914064867505e-47,7.845743488788404e-42,1.944765375040397e-44,4.082329783783652e-16
green_green_f3a9f1d66842,6.0,0.0759493670886076,80,-4.11,0.000399796127546,0.0002930136998811,2.7756422635651865e-17,6.417668124751083e-47,1.0445062370403606e-41,2.5890721086051133e-44,4.283825979335142e-16
green_green_f3a9f1d66842,6.0,0.0759493670886076,80,-4.1,0.000402138312487,0.0002944280669212,5.55149627486669e-17,8.554129312795278e-47,1.3922255320752156e-41,3.4509820680418385e-44,4.2287161778811957e-16
green_green_f3a9f1d66842,6.0,0.0759493670886076,80,-4.09,0.0004045027998676,0.0002958535993194,2.1684043449710093e-19,1.1415662956882208e-46,1.85795384345717e-41,4.605407133614698e-44,3.9202742462810814e-16
green_green_f3a9f1d66842,6.0,0.0759493670886076,80,-4.08,0.0004068898915946,0.0002972904248219,2.775557561562892e-17,1.5253112237424564e-46,2.4825171006929007e-41,6.153544666953464e-44,3.749528213914729e-16
green_green_f3a9f1d66842,6.0,0.0759493670886076,80,-4.07,0.0004092998949807,0.0002987386731475,2.7758963540648015e-17,2.0405775904201286e-46,3.3211378010313745e-41,8.232277553315051e-44,3.020880073382824e-16
green_green_f3a9f1d66842,6.0,0.0759493670886076,80,-4.06,0.0004117331228675,0.0003001984760261,8.326785621649077e-17,2.733320037331936e-46,4.4486093255729936e-41,1.1027000048903409e-43,4.485117361781562e-16
green_green_f3a9f1d66842,6.0,0.0759493670886076,80,-4.05,0.0004141898937521,0.0003016699672395,8.326785621649077e-17,3.6658617238930316e-46,5.966365602431466e-41,1.4789141723813633e-43,4.7741274975471435e-16
green_green_f3a9f1d66842,6.0,0.0759493670886076,80,-4.04,0.000416670531918,0.0003031532826622,5.551157474611588e-17,4.922837335116827e-46,8.012153636666403e-41,1.986014326667173e-43,4.641727262970779e-16
green_green_f3a9f1d66842,6.0,0.0759493670886076,80,-4.03,0.0004191753675685,0.0003046485603041,2.775557561562892e-17,6.61933542565898e-46,1.0773285565356707e-40,2.6704305044973233e-43,3.680427658306032e-16
green_green_f3a9f1d66842,6.0,0.0759493670886076,80,-4.02,0.000421704736965,0.000306155940353,5.551284527130373e-17,8.912069642020303e-46,1.4504820356989422e-40,3.5953855032034826e-43,4.343552215310307e-16
green_green_f3a9f1d66842,6.0,0.0759493670886076,80,-4.01,0.000424258982569,0.0003076755652198,2.1684043449710093e-19,1.2014727240051313e-45,1.955454425910815e-40,4.8470869145982e-43,4.790577246842124e-16
green_green_f3a9f1d66842,6.0,0.0759493670886076,80,-4.0,0.0004268384531884,0.0003092075795837,0.0,1.621908710532163e-45,2.639734138833393e-40,6.543246742453483e-43,4.3224263111077622e-16
green_green_f3a9f1d66842,6.0,0.0759493670886076,80,-3.99,0.000429443504128,0.0003107521304388,2.775557561562892e-17,2.192411805482775e-45,3.568255261059421e-40,8.84482049525145e-43,5.289969463873715e-16
green_green_f3a9f1d66842,6.0,0.0759493670886076,80,-3.98,0.0004320744973445,0.0003123093671423,0.0,2.967613169891176e-45,4.82993262477957e-40,1.1972206006823483e-42,4.945310224197939e-16
green_green_f3a9f1d66842,6.0,0.0759493670886076,80,-3.97,0.0004347318016062,0.0003138794414632,2.7758963540648015e-17,4.022427141250614e-45,6.5466929037245e-40,1.622762928507167e-42,4.308777059027883e-16
green_green_f3a9f1d66842,6.0,0.0759493670886076,80,-3.96,0.0004374157926579,0.0003154625076334,2.7758963540648015e-17,5.4597309493425465e-45,8.885973718641828e-40,2.202612669688209e-42,4.164307194976615e-16
green_green_f3a9f1d66842,6.0,0.0759493670886076,80,-3.95,0.0004401268533903,0.0003170587223988,2.1684043449710093e-19,7.421009554518772e-45,1.2078048621642528e-39,2.993848931077567e-42,3.818292642305292e-16
green_green_f3a9f1d66842,6.0,0.0759493670886076,80,-3.94,0.0004428653740148,0.0003186682450732,5.551284527130373e-17,1.0101132968107759e-44,1.6440077893201343e-39,4.0750878862334026e-42,4.141168528054927e-16
green_green_f3a9f1d66842,6.0,0.0759493670886076,80,-3.93,0.000445631752244,0.0003202912375919,4.336808689942019e-19,1.3768902021979028e-44,2.2409547766560053e-39,5.554771530446681e-42,4.889119041890163e-16
green_green_f3a9f1d66842,6.0,0.0759493670886076,80,-3.92,0.0004484263934776,0.0003219278645688,2.1684043449710093e-19,1.879565895583076e-44,3.059083552939264e-39,7.582710015451723e-42,4.899250062806994e-16
green_green_f3a9f1d66842,6.0,0.0759493670886076,80,-3.91,0.0004512497109944,0.0003235782933531,5.551284527130373e-17,2.5695191418493894e-44,4.1820155197887534e-39,1.0366180072527871e-41,3.692332241640934e-16
green_green_f3a9f1d66842,6.0,0.0759493670886076,80,-3.9,0.0004541021261499,0.000325242694089,5.551284527130373e-17,3.5179476612483527e-44,5.725628378295774e-39,1.4192413805480118e-41,4.687257322096261e-16
green_green_f3a9f1d66842,6.0,0.0759493670886076,80,-3.89,0.0004569840685809,0.0003269212397759,5.55149627486669e-17,4.823667924112482e-44,7.850750668636435e-39,1.9460065308343048e-41,5.456079420708058e-16
green_green_f3a9f1d66842,6.0,0.0759493670886076,80,-3.88,0.0004598959764165,0.0003286141063315,4.336808689942019e-19,6.624046564344297e-44,1.0780953169296495e-38,2.672331113493117e-41,5.652008482203368e-16
green_green_f3a9f1d66842,6.0,0.0759493670886076,80,-3.87,0.0004628382964956,0.0003303214726551,2.1684043449710093e-19,9.110346089442974e-44,1.482752477542246e-38,3.6753759311652365e-41,5.9269582094829355e-16
green_green_f3a9f1d66842,6.0,0.0759493670886076,80,-3.86,0.0004658114845923,0.0003320435206944,5.551284527130373e-17,1.2549303497824667e-43,2.042459273242476e-38,5.062750369301567e-41,4.598212544848382e-16
green_green_f3a9f1d66842,6.0,0.0759493670886076,80,-3.85,0.0004688160056485,0.0003337804355127,2.1684043449710093e-19,1.7313524765271489e-43,2.817859111899573e-38,6.984774407160067e-41,4.5695941404241865e-16
green_green_f3a9f1d66842,6.0,0.0759493670886076,80,-3.84,0.0004718523340136,0.0003355324053587,4.336808689942019e-19,2.3924370234510853e-43,3.893805887349133e-38,9.651779818782215e-41,5.104924329793673e-16
green_green_f3a9f1d66842,6.0,0.0759493670886076,80,-3.83,0.0004749209536939,0.0003372996217384,5.551157474611588e-17,3.311256907251359e-43,5.389229272744915e-38,1.3358563790369012e-40,4.4022830138209694e-16
green_green_f3a9f1d66842,6.0,0.0759493670886076,80,-3.82,0.0004780223586088,0.0003390822794889,0.0,4.5904042436663565e-43,7.471102852068859e-38,1.8519012456662488e-40,5.899733119128645e-16
green_green_f3a9f1d66842,6.0,0.0759493670886076,80,-3.81,0.000481157052857,0.000340880576854,1.1102569054260746e-16,6.3741635155701174e-43,1.0374256534473737e-37,2.571521096611863e-40,5.66582580431173e-16
green_green_f3a9f1d66842,6.0,0.0759493670886076,80,-3.8,0.000484325550992,0.0003426947155625,2.1684043449710093e-19,8.865809059363218e-43,1.4429529042174725e-37,3.5767226521558633e-40,4.236811699461214e-16
green_green_f3a9f1d66842,6.0,0.0759493670886076,80,-3.79,0.0004875283783063,0.0003445249009087,1.1102759629222426e-16,1.2352228712240784e-42,2.0103844076208245e-37,4.9832447263256204e-40,4.409557052720787e-16
green_green_f3a9f1d66842,6.0,0.0759493670886076,80,-3.78,0.0004907660711269,0.0003463713418351,0.0,1.723904115824815e-42,2.805736547974485e-37,6.954725575443653e-40,4.237951600555601e-16
green_green_f3a9f1d66842,6.0,0.0759493670886076,80,-3.77,0.0004940391771208,0.0003482342510177,5.551115123125783e-17,2.4100772506377878e-42,3.922516202312793e-37,9.72294557449091e-40,5.546935098687805e-16
green_green_f3a9f1d66842,6.0,0.0759493670886076,80,-3.76,0.0004973482556118,0.0003501138449538,2.1684043449710093e-19,3.375268544958908e-42,5.49341128017955e-37,1.3616805168067515e-39,5.224082451028517e-16
green_green_f3a9f1d66842,6.0,0.0759493670886076,80,-3.75,0.0005006938779086,0.0003520103440524,4.336808689942019e-19,4.735380161980782e-42,7.707058105528795e-37,1.9103887054773397e-39,4.1027118623500606e-16
green_green_f3a9f1d66842,6.0,0.0759493670886076,80,-3.74,0.0005040766276458,0.0003539239727279,5.551157474611588e-17,6.655495005195005e-42,1.0832137013608404e-36,2.6850183200427455e-39,6.287586555765625e-16
green_green_f3a9f1d66842,6.0,0.0759493670886076,80,-3.73,0.0005074971011372,0.0003558549594958,2.1684043449710093e-19,9.371193866679696e-42,1.5252067031185322e-36,3.7806094352211096e-39,4.531121345092313e-16
green_green_f3a9f1d66842,6.0,0.0759493670886076,80,-3.72,0.0005109559077424,0.0003578035370721,2.1684043449710093e-19,1.321931061202025e-41,2.1515061413625363e-36,5.3330505310130397e-39,4.666594622966358e-16
green_green_f3a9f1d66842,6.0,0.0759493670886076,80,-3.71,0.000514453670248,0.0003597699424754,5.551792708129603e-17,1.868239358046704e-41,3.040649070396996e-36,7.537015501724235e-39,4.2593835563198455e-16
green_green_f3a9f1d66842,6.0,0.0759493670886076,80,-3.7,0.0005179910252632,0.0003617544171325,8.673617379884035e-19,2.6453112909754596e-41,4.3053708740111606e-36,1.0671947425309392e-38,4.836550805776591e-16
green_green_f3a9f1d66842,6.0,0.0759493670886076,80,-3.69,0.0005215686236313,0.0003637572069873,2.1684043449710093e-19,3.7527755187073565e-41,6.107821967895752e-36,1.513977699761182e-38,4.48506584899076e-16
green_green_f3a9f1d66842,6.0,0.0759493670886076,80,-3.68,0.0005251871308573,0.0003657785626132,5.551792708129603e-17,5.33422269116155e-41,8.681703014826148e-36,2.151979024516875e-38,4.624285890150242e-16
green_green_f3a9f1d66842,6.0,0.0759493670886076,80,-3.67,0.000528847227553,0.0003678187393288,0.0,7.597031557422957e-41,1.2364532865320345e-35,3.0648612753373784e-38,5.835073918058803e-16
green_green_f3a9f1d66842,6.0,0.0759493670886076,80,-3.66,0.0005325496099,0.0003698779973184,5.551157474611588e-17,1.0841333207607062e-40,1.7644789249079607e-35,4.3737059757976415e-38,5.337750446338225e-16
green_green_f3a9f1d66842,6.0,0.0759493670886076,80,-3.65,0.0005362949901323,0.0003719566017551,0.0,1.550241804466098e-40,2.52309281534889e-35,6.254121807977586e-38,4.8452743770428655e-16
green_green_f3a9f1d66842,6.0,0.0759493670886076,80,-3.64,0.0005400840970389,0.0003740548229293,5.551115123125783e-17,2.221296241239193e-40,3.6152660642274205e-35,8.961348625930752e-38,4.741991373047623e-16
green_green_f3a9f1d66842,6.0,0.0759493670886076,80,-3.63,0.0005439176764876,0.0003761729363806,1.1102420827028943e-16,3.189454375090838e-40,5.190989815583211e-35,1.2867177304430222e-37,6.067138521101506e-16
green_green_f3a9f1d66842,6.0,0.0759493670886076,80,-3.62,0.0005477964919716,0.0003783112230352,5.551157474611588e-17,4.589253741121421e-40,7.469230354051451e-35,1.851437099812636e-37,3.8881569057843286e-16
green_green_f3a9f1d66842,6.0,0.0759493670886076,80,-3.61,0.0005517213251801,0.0003804699693465,0.0,6.617542101781046e-40,1.0770366844820267e-34,2.669707026008906e-37,4.224531300190611e-16
green_green_f3a9f1d66842,6.0,0.0759493670886076,80,-3.6,0.0005556929765937,0.0003826494674427,5.551157474611588e-17,9.562993156521357e-40,1.5564229565312004e-34,3.857986791314692e-37,5.482140556813984e-16
green_green_f3a9f1d66842,6.0,0.0759493670886076,80,-3.59,0.0005597122661072,0.0003848500152773,0.0,1.3849921884788885e-39,2.254141147528379e-34,5.587457275949008e-37,3.997787415846554e-16
green_green_f3a9f1d66842,6.0,0.0759493670886076,80,-3.58,0.0005637800336804,0.0003870719167872,5.551157474611588e-17,2.010348511651096e-39,3.271938526932677e-34,8.110324745553173e-37,5.3364703515726765e-16
green_green_f3a9f1d66842,6.0,0.0759493670886076,80,-3.5700000000000003,0.0005678971400191,0.0003893154820545,5.551157474611588e-17,2.9246943891197943e-39,4.760080252655741e-34,1.1799059287375708e-36,5.805713027409381e-16
green_green_f3a9f1d66842,6.0,0.0759493670886076,80,-3.56,0.0005720644672882,0.0003915810274756,2.1684043449710093e-19,4.2647116520104057e-39,6.9410225538513195e-34,1.7205074763649673e-36,5.568445573246336e-16
green_green_f3a9f1d66842,6.0,0.0759493670886076,80,-3.55,0.0005762829198588,0.0003938688759362,5.55149627486669e-17,6.233245187524662e-39,1.014490520359045e-33,2.5146705855474727e-36,4.971395732282709e-16
green_green_f3a9f1d66842,6.0,0.0759493670886076,80,-3.54,0.0005805534250914,0.0003961793569923,5.551792708129603e-17,9.132082333517051e-39,1.486290155412787e-33,3.684144957887105e-36,5.493391474799568e-16
green_green_f3a9f1d66842,6.0,0.0759493670886076,80,-3.53,0.0005848769341582,0.0003985128070583,5.551115123125783e-17,1.3411353908544338e-38,2.1827621080316523e-33,5.41052632642812e-36,5.121466440149869e-16
green_green_f3a9f1d66842,6.0,0.0759493670886076,80,-3.52,0.0005892544229062,0.000400869569603,5.551157474611588e-17,1.974418354861635e-38,3.213460475193584e-33,7.965372147517404e-36,5.523160082584871e-16
green_green_f3a9f1d66842,6.0,0.0759493670886076,80,-3.51,0.0005936868927638,0.0004032499953522,1.1102569054260746e-16,2.913979471705633e-38,4.742641211167263e-33,1.1755832225328009e-35,5.079046006823256e-16
green_green_f3a9f1d66842,6.0,0.0759493670886076,80,-3.5,0.0005981753716954,0.0004056544424995,4.336808689942019e-19,4.311535929288898e-38,7.017231308670059e-33,1.7393977380535987e-35,4.3219419160564094e-16
green_green_f3a9f1d66842,6.0,0.0759493670886076,80,-3.49,0.0006027209152058,0.0004080832769259,5.551792708129603e-17,6.395782497038343e-38,1.0409442462668896e-32,2.580242816222131e-35,5.506256188751513e-16
green_green_f3a9f1d66842,6.0,0.0759493670886076,80,-3.48,0.0006073246073979,0.0004105368724279,5.551157474611588e-17,9.512396799344605e-38,1.548188156972231e-32,3.837574763983749e-35,5.842398139060094e-16
green_green_f3a9f1d66842,6.0,0.0759493670886076,80,-3.47,0.0006119875620891,0.0004130156109548,5.551284527130373e-17,1.4185341133191645e-37,2.3087322373403895e-32,5.722775058646372e-35,5.459208085307792e-16
green_green_f3a9f1d66842,6.0,0.0759493670886076,80,-3.46,0.0006167109239891,0.0004155198828562,5.551157474611588e-17,2.121107419195035e-37,3.45220395588397e-32,8.55715806994342e-35,5.277199854830492e-16
green_green_f3a9f1d66842,6.0,0.0759493670886076,80,-3.45,0.0006214958699445,0.0004180500871395,2.1684043449710093e-19,3.1803773661568946e-37,5.176216548626341e-32,1.2830558036802788e-34,6.466964533861294e-16
green_green_f3a9f1d66842,6.0,0.0759493670886076,80,-3.44,0.0006263436102552,0.0004206066317386,5.551284527130373e-17,4.781987114532643e-37,7.782913153941514e-32,1.92919129211371e-34,6.23310754233629e-16
green_green_f3a9f1d66842,6.0,0.0759493670886076,80,-3.43,0.0006312553900677,0.0004231899337943,1.1102569054260746e-16,7.2106291283551024e-37,1.1735644397851912e-31,2.908975409575871e-34,5.900087291690214e-16
green_green_f3a9f1d66842,6.0,0.0759493670886076,80,-3.42,0.0006362324908528,0.0004258004199467,5.551115123125783e-17,1.0904225220080196e-36,1.774714901280028e-31,4.3990784245100085e-34,5.559093472638795e-16
green_green_f3a9f1d66842,6.0,0.0759493670886076,80,-3.41,0.0006412762319719,0.0004284385266408,5.551284527130373e-17,1.6538492250605722e-36,2.691718856632215e-31,6.672103974850816e-34,6.768705580838357e-16
green_green_f3a9f1d66842,6.0,0.0759493670886076,80,-3.4,0.0006463879723427,0.0004311047004462,5.551115123125783e-17,2.5159366504541333e-36,4.094807447680967e-31,1.0150012873968644e-33,6.049166081814778e-16
green_green_f3a9f1d66842,6.0,0.0759493670886076,80,-3.39,0.0006515691122086,0.0004337993983911,4.336808689942019e-19,3.839106289165111e-36,6.248329433284954e-31,1.5488060183282522e-33,4.837758398579315e-16
green_green_f3a9f1d66842,6.0,0.0759493670886076,80,-3.38,0.0006568210950244,0.0004365230883122,0.0,5.876407852944652e-36,9.564135343989895e-31,2.370712130184695e-33,7.721944532932758e-16
green_green_f3a9f1d66842,6.0,0.0759493670886076,80,-3.37,0.0006621454094656,0.0004392762492213,0.0,9.023407778046968e-36,1.4686028508047094e-30,3.64030251309045e-33,4.262380621946052e-16
green_green_f3a9f1d66842,6.0,0.0759493670886076,80,-3.36,0.0006675435915739,0.0004420593716892,0.0,1.3900563909316826e-35,2.2623833796674513e-30,5.607887726804345e-33,4.98880820445761e-16
green_green_f3a9f1d66842,6.0,0.0759493670886076,80,-3.35,0.0006730172270499,0.0004448729582496,5.551792708129603e-17,2.148446862052372e-35,3.4967002090813036e-30,8.667453254410412e-33,5.432399534649768e-16
green_green_f3a9f1d66842,6.0,0.0759493670886076,80,-3.34,0.0006785679537074,0.0004477175238219,5.551792708129603e-17,3.3317718942148134e-35,5.4226183969866486e-30,1.3441327154760868e-32,5.033122481403134e-16
green_green_f3a9f1d66842,6.0,0.0759493670886076,80,-3.33,0.0006841974641046,0.0004505935961568,5.551115123125783e-17,5.184577558092204e-35,8.438148390630189e-30,2.0916078690306488e-32,5.28238000841651e-16
green_green_f3a9f1d66842,6.0,0.0759493670886076,80,-3.3200000000000003,0.0006899075083677,0.0004535017163045,5.551115123125783e-17,8.095971624492402e-35,1.3176581730784628e-29,3.2661480646203886e-32,6.3398733432016e-16
green_green_f3a9f1d66842,6.0,0.0759493670886076,80,-3.31,0.000695699897227,0.0004564424391082,0.0,1.2687414163115455e-34,2.0649374457644554e-29,5.118468188368308e-32,4.762471512461068e-16
green_green_f3a9f1d66842,6.0,0.0759493670886076,80,-3.3,0.0007015765052858,0.000459416333724,5.551792708129603e-17,1.995528499854622e-34,3.2478182476452813e-29,8.050536550767179e-32,6.560545077594636e-16
green_green_f3a9f1d66842,6.0,0.0759493670886076,80,-3.29,0.0007075392745455,0.0004624239841698,5.551792708129603e-17,3.1503348191002163e-34,5.127320863827049e-29,1.2709357751677542e-31,6.225855967113427e-16
green_green_f3a9f1d66842,6.0,0.0759493670886076,80,-3.28,0.0007135902182145,0.0004654659899055,4.336808689942019e-19,4.992337493749946e-34,8.125268474885555e-29,2.0140526918120856e-31,5.091468625650858e-16
green_green_f3a9f1d66842,6.0,0.0759493670886076,80,-3.27,0.0007197314248283,0.0004685429664459,0.0,7.942100046187677e-34,1.2926148364462555e-28,3.2040718394320896e-31,6.487671272508747e-16
green_green_f3a9f1d66842,6.0,0.0759493670886076,80,-3.26,0.0007259650627162,0.0004716555460106,5.551115123125783e-17,1.2684928990469873e-33,2.064532972008924e-28,5.1174655981662805e-31,6.595482513466622e-16
green_green_f3a9f1d66842,6.0,0.0759493670886076,80,-3.25,0.0007322933848524,0.0004748043782129,5.551284527130373e-17,2.0342319719888988e-33,3.3108100029892076e-28,8.206677501438291e-31,6.574177287029445e-16
green_green_f3a9f1d66842,6.0,0.0759493670886076,80,-3.24,0.0007387187341323,0.0004779901307907,4.336808689942019e-19,3.275764067349135e-33,5.331462975193445e-28,1.3215375454575163e-30,4.80404376343715e-16
green_green_f3a9f1d66842,6.0,0.0759493670886076,80,-3.23,0.0007452435491249,0.0004812134903839,5.551284527130373e-17,5.297439066348309e-33,8.621835902984168e-28,2.1371394511381797e-30,4.719383888449937e-16
green_green_f3a9f1d66842,6.0,0.0759493670886076,80,-3.22,0.0007518703703545,0.0004844751633625,4.336808689942019e-19,8.604065334490489e-33,1.4003528588705232e-27,3.471127697026164e-30,6.157914045784281e-16
green_green_f3a9f1d66842,6.0,0.0759493670886076,80,-3.21,0.0007586018471753,0.0004877758767083,5.551284527130373e-17,1.4036883649403744e-32,2.2845700705314776e-27,5.662883035076853e-30,6.720856474073699e-16
green_green_f3a9f1d66842,6.0,0.0759493670886076,80,-3.2,0.0007654407453109,0.0004911163789577,0.0,2.3004548159796394e-32,3.744100437436281e-27,9.280697108952179e-30,5.500890668419099e-16
green_green_f3a9f1d66842,6.0,0.0759493670886076,80,-3.19,0.0007723899551393,0.0004944974412091,5.551115123125783e-17,3.787750857182768e-32,6.16474600707925e-27,1.5280877583643174e-29,6.570886044175063e-16
green_green_f3a9f1d66842,6.0,0.0759493670886076,80,-3.18,0.0007794525008187,0.0004979198582023,0.0,6.266492727152695e-32,1.0199017167364844e-26,2.528083600346211e-29,5.098167353642174e-16
green_green_f3a9f1d66842,6.0,0.0759493670886076,80,-3.17,0.0007866315503614,0.0005013844494775,4.336808689942019e-19,1.0418280559481303e-31,1.6956250794030174e-26,4.20303435638036e-29,3.6432068681689886e-16
green_green_f3a9f1d66842,6.0,0.0759493670886076,80,-3.16,0.0007939304267806,0.00050489206062,5.551284527130373e-17,1.7408092785701787e-31,2.83325051033963e-26,7.022925869545259e-29,4.979613278126086e-16
green_green_f3a9f1d66842,6.0,0.0759493670886076,80,-3.15,0.0008013526204542,0.0005084435646024,4.336808689942019e-19,2.9238002997444416e-31,4.758625079357439e-26,1.179545227339597e-28,5.92908438032399e-16
green_green_f3a9f1d66842,6.0,0.0759493670886076,80,-3.14,0.000808901802872,0.0005120398632316,5.551284527130373e-17,4.936804774019304e-31,8.034886312718982e-26,1.9916491936917822e-28,5.987077076324699e-16
green_green_f3a9f1d66842,6.0,0.0759493670886076,80,-3.13,0.0008165818419606,0.0005156818887152,5.551792708129603e-17,8.381255911582912e-31,1.3640895577190163e-25,3.381239960363748e-28,5.926268907758282e-16
green_green_f3a9f1d66842,6.0,0.0759493670886076,80,-3.12,0.0008243968192117,0.0005193706053577,5.551284527130373e-17,1.4308803123776193e-30,2.328826267865916e-25,5.772583180550107e-28,6.094267206086242e-16
green_green_f3a9f1d66842,6.0,0.0759493670886076,80,-3.11,0.0008323510488789,0.0005231070114035,5.551115123125783e-17,2.456959086340294e-30,3.9988186362236174e-25,9.912080398632777e-28,6.546200335936674e-16
green_green_f3a9f1d66842,6.0,0.0759493670886076,80,-3.1,0.0008404490995508,0.0005268921410437,5.551115123125783e-17,4.2439056199062586e-30,6.907159739698618e-25,1.71211372393582e-27,6.022124933421785e-16
green_green_f3a9f1d66842,6.0,0.0759493670886076,80,-3.09,0.0008486958184673,0.0005307270666053,5.551115123125783e-17,7.375358058394386e-30,1.2003748624344682e-24,2.9754318030749684e-27,6.621657285319949e-16
green_green_f3a9f1d66842,6.0,0.0759493670886076,80,-3.08,0.000857096359008,0.0005346129009471,5.551284527130373e-17,1.289823978570025e-29,2.0992503259940272e-24,5.2035213149250455e-27,6.30105747093803e-16
green_green_f3a9f1d66842,6.0,0.0759493670886076,80,-3.0700000000000003,0.0008656562118619,0.0005385508000879,5.551792708129603e-17,2.2703472372458459e-29,3.695098910466549e-24,9.15923446731656e-27,5.030179010873119e-16
green_green_f3a9f1d66842,6.0,0.0759493670886076,80,-3.06,0.0008743812404849,0.0005425419660973,4.336808689942019e-19,4.0230711303851954e-29,6.547741026896821e-24,1.6230227322667536e-26,5.716968336641411e-16
green_green_f3a9f1d66842,6.0,0.0759493670886076,80,-3.05,0.0008832777215681,0.0005465876502847,5.551792708129603e-17,7.178284854379132e-29,1.1683002542206685e-23,2.8959267981493475e-26,5.747458715292584e-16
green_green_f3a9f1d66842,6.0,0.0759493670886076,80,-3.04,0.0008923523913808,0.0005506891567286,1.1103585416259206e-16,1.28997247527865e-28,2.0994920115022568e-23,5.204120393405029e-26,6.642214267597767e-16
green_green_f3a9f1d66842,6.0,0.0759493670886076,80,-3.03,0.0009016124990303,0.000554847846193,8.673617379884035e-19,2.3352957666323904e-28,3.800805753999671e-23,9.421255535811972e-26,6.262493593808816e-16
green_green_f3a9f1d66842,6.0,0.0759493670886076,80,-3.02,0.0009110658678953,0.0005590651404894,4.336808689942019e-19,4.260063828316123e-28,6.933457998092512e-23,1.7186324104596154e-25,6.970868786265298e-16
green_green_f3a9f1d66842,6.0,0.0759493670886076,80,-3.01,0.0009207209667562,0.0005633425273505,1.665537812438881e-16,7.832868534869548e-28,1.2748368846052791e-22,3.160004702609629e-25,7.00965285550144e-16
green_green_f3a9f1d66842,6.0,0.0759493670886076,80,-3.0,0.0009305869924812,0.0005676815658954,0.0,1.4520484100410516e-27,2.3632783610652496e-22,5.857981381559058e-25,7.356623318219681e-16
green_green_f3a9f1d66842,6.0,0.0759493670886076,80,-2.99,0.0009406739665406,0.0005720838927815,4.336808689942019e-19,2.7147496985912707e-27,4.4183852094900755e-22,1.0952081955374427e-24,6.558868372296477e-16
green_green_f3a9f1d66842,6.0,0.0759493670886076,80,-2.98,0.0009509928481484,0.0005765512291556,5.552639573108236e-17,5.120454004067068e-27,8.333784234025969e-22,2.0657385809958222e-24,6.258326103810738e-16
green_green_f3a9f1d66842,6.0,0.0759493670886076,80,-2.97,0.0009615556674917,0.00058108538854,5.551792708129603e-17,9.746935534595883e-27,1.586360459907689e-21,3.9321944429734845e-24,6.01382161966527e-16
green_green_f3a9f1d66842,6.0,0.0759493670886076,80,-2.96,0.0009723756833519,0.000585688285819,1.6654757031124616e-16,1.8731388812230247e-26,3.0486232791230192e-21,7.556781588961365e-24,6.77722844146059e-16
green_green_f3a9f1d66842,6.0,0.0759493670886076,80,-2.95,0.0009834675705032,0.0005903619475236,1.110299254973338e-16,3.635689629298627e-26,5.9172590728073474e-21,1.4667418806619944e-23,7.919848744370674e-16
green_green_f3a9f1d66842,6.0,0.0759493670886076,80,-2.94,0.0009948476436656,0.0005951085236585,1.1102569054260746e-16,7.130233649500593e-26,1.1604796903932488e-20,2.8765415585393257e-23,5.929952469571289e-16
green_green_f3a9f1d66842,6.0,0.0759493670886076,80,-2.93,0.0010065341265983,0.0005999303013696,0.0,1.4135783830778676e-25,2.3006665489226052e-20,5.702782215925155e-23,8.145036847849922e-16
green_green_f3a9f1d66842,6.0,0.0759493670886076,80,-2.92,0.0010185474772843,0.0006048297208198,4.336808689942019e-19,2.8343245078206664e-25,4.61299894084154e-20,1.1434481165569818e-22,7.815516456400778e-16
green_green_f3a9f1d66842,6.0,0.0759493670886076,80,-2.91,0.0010309107832725,0.0006098093937321,1.110299254973338e-16,5.750746254991565e-25,9.359615072348014e-20,2.320016623334112e-22,8.487105910557236e-16
green_green_f3a9f1d66842,6.0,0.0759493670886076,80,-2.9,0.0010436502453881,0.0006148721251735,1.110299254973338e-16,1.1813925170687188e-24,1.9227729269949171e-19,4.7660775780237865e-22,6.877549515499075e-16
green_green_f3a9f1d66842,6.0,0.0759493670886076,80,-2.89,0.0010567957735723,0.0006200209393002,1.110299254973338e-16,2.4588458106602715e-24,4.0018893704549753e-19,9.919691987793397e-22,6.719327058973096e-16
green_green_f3a9f1d66842,6.0,0.0759493670886076,80,-2.88,0.0010703817261278,0.0006252591099849,4.336808689942019e-19,5.188371102201244e-24,8.444322565431713e-19,2.0931382939536204e-21,7.032475637481529e-16
green_green_f3a9f1d66842,6.0,0.0759493670886076,80,-2.87,0.0010844478339156,0.0006305901974983,1.6653853581391122e-16,1.110749060074009e-23,1.8077973159121158e-18,4.48108153178847e-21,6.072454549002163e-16
green_green_f3a9f1d66842,6.0,0.0759493670886076,80,-2.86,0.0010990403652282,0.000636018092766,1.6654248846680028e-16,2.414566155160541e-23,3.929822109505488e-18,9.741055107848091e-21,8.007159830542693e-16
green_green_f3a9f1d66842,6.0,0.0759493670886076,80,-2.85,0.0011142136068758,0.000641547071179,1.1103585416259206e-16,5.334432851159161e-23,8.682045060290849e-18,2.152063809111151e-20,8.213696866887459e-16
green_green_f3a9f1d66842,6.0,0.0759493670886076,80,-2.84,0.0011300317650245,0.0006471818585661,1.6654248846680028e-16,1.198921707143115e-22,1.9513025237379318e-17,4.8367953780499714e-20,7.536918550085022e-16
green_green_f3a9f1d66842,6.0,0.0759493670886076,80,-2.83,0.0011465714294317,0.0006529277127999,1.1104347626709818e-16,2.74422586465976e-22,4.466359082093175e-17,1.1070997296512447e-19,6.35732584039657e-16
green_green_f3a9f1d66842,6.0,0.0759493670886076,80,-2.82,0.0011639248029736,0.0006587905257116,5.552639573108236e-17,6.404733446926634e-22,1.0424010562489173e-16,2.5838538871361785e-19,8.302519550207312e-16
green_green_f3a9f1d66842,6.0,0.0759493670886076,80,-2.81,0.0011822039842304,0.0006647769516905,1.110299254973338e-16,1.526235000049793e-21,2.484020590894951e-16,6.157271446564724e-19,7.617741280693237e-16
green_green_f3a9f1d66842,6.0,0.0759493670886076,80,-2.8,0.0012015467195832,0.000670894571782,5.552639573108236e-17,3.7191143705371945e-21,6.053036836402201e-16,1.5003978233673137e-18,8.667883114154906e-16
green_green_f3a9f1d66842,6.0,0.0759493670886076,80,-2.79,0.0012221242375435,0.0006771521056471,2.1684043449710093e-18,9.283217608177451e-21,1.5108881455161749e-15,3.745117279397543e-18,7.153237720765411e-16
green_green_f3a9f1d66842,6.0,0.0759493670886076,80,-2.78,0.0012441520831992,0.000683559689009,1.6654248846680028e-16,2.3781639950841602e-20,3.870575849801035e-15,9.594198312646656e-18,9.203596732959554e-16
green_green_f3a9f1d66842,6.0,0.0759493670886076,80,-2.77,0.0012679053551749,0.000690129242156,5.551115123125783e-17,6.266612901934728e-20,1.0199212757580898e-14,2.528132082313535e-17,8.595595795991553e-16
green_green_f3a9f1d66842,6.0,0.0759493670886076,80,-2.76,0.0012937405346422,0.0006968749673244,5.551792708129603e-17,1.7028659301083554e-19,2.7714958926933263e-14,6.86985147663498e-17,1.0291984681394533e-15
green_green_f3a9f1d66842,6.0,0.0759493670886076,80,-2.75,0.001322127407323,0.0007038140321126,0.0,4.785976161242845e-19,7.789405518594194e-14,1.9308005884151932e-16,8.300321456307847e-16
green_green_f3a9f1d66842,6.0,0.0759493670886076,80,-2.74,0.0013536968257604,0.0007109675273538,5.553824967135427e-17,1.396072008188545e-18,2.272174084986443e-13,5.632156458924845e-16,1.0129932215920538e-15
green_green_f3a9f1d66842,6.0,0.0759493670886076,80,-2.73,0.00138931402651,0.0007183618399083,1.6654248846680028e-16,4.243950116512271e-18,6.907232160056295e-13,1.7121316751478982e-15,9.51815364136734e-16
green_green_f3a9f1d66842,6.0,0.0759493670886076,80,-2.72,0.0014301944650427,0.000726030670146,5.553824967135427e-17,1.3510813314062945e-17,2.198949602831445e-12,5.450651114397995e-15,8.722641540785245e-16
green_green_f3a9f1d66842,6.0,0.0759493670886076,80,-2.71,0.0014780928766948,0.0007340180825641,2.6020852139652106e-18,4.531149902292048e-17,7.374663572358214e-12,1.8279963382164053e-14,8.640011400243739e-16
green_green_f3a9f1d66842,6.0,0.0759493670886076,80,-2.7,0.0015356234297185,0.0007423832709407,5.551792708129603e-17,1.6124814618002771e-16,2.6243908398232097e-11,6.505214506634878e-14,1.0905231996425025e-15
green_green_f3a9f1d66842,6.0,0.0759493670886076,80,-2.69,0.0016068249221899,0.0007512082838039,1.6658991298631902e-16,6.143904801130621e-16,9.999499444062263e-11,2.4786281012543494e-13,1.1463679458763658e-15
green_green_f3a9f1d66842,6.0,0.0759493670886076,80,-2.68,0.0016982062498662,0.0007606110945962,4.3368086899420185e-18,2.5349824380637803e-15,4.1258053795792005e-10,1.0226849065133432e-12,1.2252253169299968e-15
green_green_f3a9f1d66842,6.0,0.0759493670886076,80,-2.67,0.0018207810057704,0.0007707688103909,1.1110697347012682e-16,1.1490913940274515e-14,1.870201301563158e-09,4.6357655470538e-12,1.3694872754597949e-15
green_green_f3a9f1d66842,6.0,0.0759493670886076,80,-2.66,0.0019942319796814,0.0007819611330974,5.551792708129603e-17,5.829149904196885e-14,9.48722076807692e-09,2.351646912938441e-11,1.1064967509154389e-15
green_green_f3a9f1d66842,6.0,0.0759493670886076,80,-2.65,0.0022557282535889,0.0007946561006245,1.665695898455916e-16,3.386580729801641e-13,5.511822403024995e-08,1.3662441778896218e-10,1.2914167260349417e-15
green_green_f3a9f1d66842,6.0,0.0759493670886076,80,-2.64,0.0026777228997965,0.0008096840427657,2.220446049250313e-16,2.3118215043591225e-12,3.762600267399392e-07,9.326553602741607e-10,1.549018985024027e-15
green_green_f3a9f1d66842,6.0,0.0759493670886076,80,-2.63,0.0033885432919844,0.0008285585280336,5.551115123125783e-17,1.8788343940831675e-11,3.05789299919862e-06,7.579758927776263e-09,2.5778143070533158e-15
green_green_f3a9f1d66842,6.0,0.0759493670886076,80,-2.62,0.0044722729175009,0.0008536864777741,3.4694469519536136e-17,1.7102345550150258e-10,2.7834886827904573e-05,6.899578631192966e-08,2.5504631699486146e-15
green_green_f3a9f1d66842,6.0,0.0759493670886076,80,-2.61,0.0054709897573956,0.0008865783708868,5.928593550334434e-17,1.3511209266219867e-09,0.0002199014045942,5.450810852898944e-07,1.907287524391833e-15
green_green_f3a9f1d66842,6.0,0.0759493670886076,80,-2.6,0.0057144220165273,0.0009241490441625,1.153297605929378e-16,6.706429706612329e-09,0.0010915035680658,2.705566845182449e-06,2.7932179533085253e-15
green_green_f3a9f1d66842,6.0,0.0759493670886076,80,-2.59,0.0054329756756953,0.0009619530461824,5.815852873680767e-17,2.0429476190130296e-08,0.0033249951361241,8.241838931072824e-06,4.907946656229174e-15
green_green_f3a9f1d66842,6.0,0.0759493670886076,80,-2.58,0.0052767441817174,0.0009984255226993,6.938893903907228e-18,4.45914336894514e-08,0.007257469489201,1.798946829344668e-05,8.131828787864151e-15
green_green_f3a9f1d66842,6.0,0.0759493670886076,80,-2.57,0.004899363885268,0.0010330332327508,7.37614539776294e-17,7.90781695005014e-08,0.0128703509828507,3.190241051320127e-05,6.210344025939451e-15
green_green_f3a9f1d66842,6.0,0.0759493670886076,80,-2.56,0.0044989960579783,0.0010670867466843,5.553824967135427e-17,1.2317622505270346e-07,0.0200475208162332,4.969283586000176e-05,4.723118345151054e-15
green_green_f3a9f1d66842,6.0,0.0759493670886076,80,-2.55,0.0045741112350648,0.0010991119907739,6.455875440461582e-17,1.7527035213752037e-07,0.0285260896040775,7.070910669788667e-05,4.889691887368594e-15
green_green_f3a9f1d66842,6.0,0.0759493670886076,80,-2.54,0.0046408939642734,0.0011323843738712,0.0,2.3555315184406106e-07,0.0383374040964692,9.502892385186058e-05,7.4718604095164e-15
green_green_f3a9f1d66842,6.0,0.0759493670886076,80,-2.53,0.0041829727143501,0.0011613250862597,1.6782945342419286e-16,3.004837429769396e-07,0.0489051689130133,0.0001212237938933,1.0108314753535434e-14
green_green_f3a9f1d66842,6.0,0.0759493670886076,80,-2.52,0.0038369578846764,0.0011975567293987,1.1123893155135927e-16,3.7522898004328e-07,0.0610703143813107,0.0001513781747023,7.542330387788186e-15
green_green_f3a9f1d66842,6.0,0.0759493670886076,80,-2.51,0.0039425630266807,0.0012211397551929,5.682377955034956e-17,4.4835445755970617e-07,0.0729718362219124,0.0001808790978704,7.086494214825239e-15
green_green_f3a9f1d66842,6.0,0.0759493670886076,80,-2.5,0.0043521895213229,0.0012596605121495,1.734723475976807e-18,5.34857452837068e-07,0.0870506131753974,0.0002157768968886,4.937886120459242e-15
green_green_f3a9f1d66842,6.0,0.0759493670886076,80,-2.49,0.0043372170909234,0.0012888500894917,6.13071990641655e-17,6.214543617284038e-07,0.1011446750195348,0.0002507125833628,5.300943897102493e-15
green_green_f3a9f1d66842,6.0,0.0759493670886076,80,-2.48,0.0038170665018582,0.0013103632770375,1.6805343517796935e-16,7.037489681765102e-07,0.1145385165269091,0.0002839125971532,6.381597021497589e-15
green_green_f3a9f1d66842,6.0,0.0759493670886076,80,-2.47,0.0034920802018814,0.001360614882228,1.1188630228279524e-16,8.147724038666414e-07,0.1326081126452783,0.000328702647863,7.297551718780003e-15
green_green_f3a9f1d66842,6.0,0.0759493670886076,80,-2.46,0.0035145432559217,0.0013791567070242,5.928593550334434e-17,9.039095959027954e-07,0.1471156177427988,0.0003646631577015,4.55749135067234e-15
green_green_f3a9f1d66842,6.0,0.0759493670886076,80,-2.45,0.0038891117133852,0.0014000547268277,8.673617379884035e-18,9.934532455956334e-07,0.1616892757714543,0.000400787644262,7.553031830375171e-15
green_green_f3a9f1d66842,6.0,0.0759493670886076,80,-2.44,0.0043868778441803,0.0014627435624852,1.1103585416259206e-16,1.1313004467445062e-06,0.1841245682421323,0.0004563991743079,8.262499501028681e-15
green_green_f3a9f1d66842,6.0,0.0759493670886076,80,-2.43,0.004250524314649,0.0014793987042275,7.609091204154492e-17,1.2278159101166257e-06,0.1998329223519711,0.0004953362912495,5.778859204294921e-15
green_green_f3a9f1d66842,6.0,0.0759493670886076,80,-2.42,0.0037016449928249,0.0014862956368296,1.113606002252634e-16,1.3082568549116182e-06,0.2129250715436257,0.0005277884845555,5.895876931413408e-15
green_green_f3a9f1d66842,6.0,0.0759493670886076,80,-2.41,0.0033853869665835,0.0015589690574424,5.204170427930421e-18,1.4704739965545485e-06,0.2393266885963125,0.0005932315502924,4.997775545910578e-15
green_green_f3a9f1d66842,6.0,0.0759493670886076,80,-2.4,0.0033400488831874,0.0016008956139213,4.510281037539698e-17,1.6070139183217502e-06,0.2615492150838926,0.0006483156861945,4.995384557809342e-15
green_green_f3a9f1d66842,6.0,0.0759493670886076,80,-2.39,0.003539020813807,0.0015811299496061,5.928593550334434e-17,1.6605174577161909e-06,0.2702571724782165,0.00066990055454,5.291347061863909e-15
green_green_f3a9f1d66842,6.0,0.0759493670886076,80,-2.38,0.0040458230186774,0.0016313319659863,1.116844020239418e-16,1.80272920036643e-06,0.2934028149905915,0.0007272728662979,5.942994303391515e-15
green_green_f3a9f1d66842,6.0,0.0759493670886076,80,-2.37,0.0045642733155433,0.0017285548679863,5.721958498152797e-17,2.0228638938516484e-06,0.32923079111286,0.0008160815400965,5.143678310407309e-15
green_green_f3a9f1d66842,6.0,0.0759493670886076,80,-2.36,0.0043372464530378,0.0017225950465034,5.594315114139762e-17,2.1064516407405787e-06,0.342835097422966,0.0008498032439747,6.4376974217787915e-15
green_green_f3a9f1d66842,6.0,0.0759493670886076,80,-2.35,0.0037701136768823,0.0017019824291239,1.6675917617219396e-16,2.153256644118436e-06,0.3504528359850805,0.0008686857300169,5.490203655097984e-15
green_green_f3a9f1d66842,6.0,0.0759493670886076,80,-2.34,0.0034581985053031,0.0017920746949818,1.121146830377931e-16,2.370487726063192e-06,0.3858082354167358,0.000956323003315,6.555554201331742e-15
green_green_f3a9f1d66842,6.0,0.0759493670886076,80,-2.33,0.0033891342285433,0.0018995968971526,5.815852873680767e-17,2.632118173928665e-06,0.4283898443879457,0.0010618722592383,4.226120393113873e-15
green_green_f3a9f1d66842,6.0,0.0759493670886076,80,-2.32,0.0034655014399329,0.0018620204050665,1.6667795129466247e-16,2.671233400289576e-06,0.4347560348956126,0.0010776524678163,4.153739336988027e-15
green_green_f3a9f1d66842,6.0,0.0759493670886076,80,-2.31,0.0037632504436299,0.0018348165353949,1.668583973270389e-16,2.704042904427744e-06,0.4400959388981811,0.0010908887664858,4.041801621218429e-15
green_green_f3a9f1d66842,6.0,0.0759493670886076,80,-2.3,0.0043621771631882,0.0019452745028725,1.1188630228279524e-16,2.9738021668346644e-06,0.4840005513845626,0.0011997174202521,4.037274033713268e-15
green_green_f3a9f1d66842,6.0,0.0759493670886076,80,-2.29,0.0048809672542995,0.0020852167855549,5.553824967135427e-17,3.313243186927385e-06,0.5392462038088044,0.0013366577014501,4.445845571728015e-15
green_green_f3a9f1d66842,6.0,0.0759493670886076,80,-2.28,0.0045756592737989,0.0020418638122016,1.1103585416259206e-16,3.348484217418599e-06,0.5449818503757909,0.0013508749478626,5.161415416194536e-15
green_green_f3a9f1d66842,6.0,0.0759493670886076,80,-2.27,0.0039936411131805,0.0019787669647432,1.116844020239418e-16,3.3166904932552374e-06,0.5398072694311546,0.0013380484440827,2.721735648476508e-15
green_green_f3a9f1d66842,6.0,0.0759493670886076,80,-2.26,0.0036879557805376,0.0020737018709408,3.642919299551295e-17,3.5738478338654264e-06,0.5816608587640325,0.0014417931197429,4.483001093559906e-15
green_green_f3a9f1d66842,6.0,0.0759493670886076,80,-2.25,0.0036266691368255,0.0022696479774398,1.140308571841497e-16,4.03790115456225e-06,0.6571877601813793,0.0016290055910279,5.579108595128861e-15
green_green_f3a9f1d66842,6.0,0.0759493670886076,80,-2.24,0.0036616775248371,0.0022862582486139,1.1103585416259206e-16,4.19315590585458e-06,0.682456214844729,0.0016916398280258,3.760895328149746e-15
green_green_f3a9f1d66842,6.0,0.0759493670886076,80,-2.23,0.0038033582838661,0.0021648533056445,5.204170427930421e-18,4.05875833993335e-06,0.6605823670359751,0.0016374199801578,5.233436056673448e-15
green_green_f3a9f1d66842,6.0,0.0759493670886076,80,-2.22,0.0041956266303524,0.002183807901397,1.115091260993919e-16,4.173226842808916e-06,0.6792126643455672,0.0016835998701658,5.038246026056043e-15
green_green_f3a9f1d66842,6.0,0.0759493670886076,80,-2.21,0.0048861731919611,0.0023909845362187,1.734723475976807e-18,4.684356421576073e-06,0.762401452325899,0.0018898042594463,5.813204001311016e-15
green_green_f3a9f1d66842,6.0,0.0759493670886076,80,-2.2,0.0053698914534475,0.0025724429838518,2.224778631027185e-16,5.16715533889514e-06,0.8409792894114532,0.00208457924416,4.576416785964485e-15
green_green_f3a9f1d66842,6.0,0.0759493670886076,80,-2.19,0.0049639773071003,0.0024613175016419,1.168462140866474e-16,5.079988019632091e-06,0.8267923905463286,0.0020494134377177,5.805689313475831e-15
green_green_f3a9f1d66842,6.0,0.0759493670886076,80,-2.18,0.0043785285404748,0.0023441665884758,1.110764993427085e-16,4.920185801563207e-06,0.8007838138761356,0.0019849446216847,3.832873380308148e-15
green_green_f3a9f1d66842,6.0,0.0759493670886076,80,-2.17,0.0040951939760099,0.00244107210347,1.214306433183765e-17,5.21127322173186e-06,0.848159686230415,0.0021023776684042,3.376875288510057e-15
green_green_f3a9f1d66842,6.0,0.0759493670886076,80,-2.16,0.0040636074962974,0.0027285924196145,1.121146830377931e-16,5.933231261295294e-06,0.9656618163728476,0.0023936363292577,2.463820632217849e-15
green_green_f3a9f1d66842,6.0,0.0759493670886076,80,-2.15,0.0041192294438697,0.0028755266741549,1.113606002252634e-16,6.387733873315422e-06,1.0396342941915624,0.0025769957696643,3.2732436859657445e-15
green_green_f3a9f1d66842,6.0,0.0759493670886076,80,-2.14,0.004186958235399,0.0026875672679427,1.116844020239418e-16,6.129236766894209e-06,0.9975626515535596,0.0024727105938994,2.9265746631639165e-15
green_green_f3a9f1d66842,6.0,0.0759493670886076,80,-2.13,0.0044171991779618,0.0025691874871977,0.0,5.944186866843564e-06,0.967444893668722,0.002398056135986,4.1525394673485016e-15
green_green_f3a9f1d66842,6.0,0.0759493670886076,80,-2.12,0.00494203833146,0.0027077099200968,2.227212004505268e-16,6.349348898061846e-06,1.0333869555505455,0.0025615101654095,4.5140521001598876e-15
green_green_f3a9f1d66842,6.0,0.0759493670886076,80,-2.11,0.0057364486846151,0.003061844573833,1.1295700899707568e-16,7.266343027736504e-06,1.182632143858202,0.002931452000784,3.8711977445767626e-15
green_green_f3a9f1d66842,6.0,0.0759493670886076,80,-2.1,0.0060846978156223,0.0032377421763147,1.1102230246251563e-16,7.81905875500195e-06,1.2725892767632907,0.0031544334397792,4.383788217398446e-15
green_green_f3a9f1d66842,6.0,0.0759493670886076,80,-2.09,0.0055386641501399,0.003001823767657,1.7347234759768068e-17,7.453587163842971e-06,1.2131070241746438,0.0030069916767021,3.663293734548645e-15
green_green_f3a9f1d66842,6.0,0.0759493670886076,80,-2.08,0.0049875125851052,0.00283553633627,2.2422936607558627e-16,7.143250487427898e-06,1.1625982431350483,0.0028817929257594,4.866573249665238e-15
green_green_f3a9f1d66842,6.0,0.0759493670886076,80,-2.07,0.0047653103440007,0.0029600090743929,1.1797395099654792e-16,7.530769566123764e-06,1.2256688299590797,0.0030381292801331,4.216909100008624e-15
green_green_f3a9f1d66842,6.0,0.0759493670886076,80,-2.06,0.0047953429719788,0.0033626382456599,1.1103585416259206e-16,8.614441564228818e-06,1.4020416399772702,0.0034753137668705,2.7562349373107118e-15
green_green_f3a9f1d66842,6.0,0.0759493670886076,80,-2.05,0.0049121873615641,0.0036783743091892,1.1103585416259206e-16,9.515405805992464e-06,1.548677887221487,0.0038387886839053,3.3588758110986768e-15
green_green_f3a9f1d66842,6.0,0.0759493670886076,80,-2.04,0.0049691845673819,0.0034536946861004,1.116844020239418e-16,9.19935866093394e-06,1.4972397000489264,0.0037112861654875,3.397421292205416e-15
green_green_f3a9f1d66842,6.0,0.0759493670886076,80,-2.03,0.0051173902093183,0.0031773187120332,1.3877787807814457e-17,8.626130715081064e-06,1.4039441052860897,0.0034800295068957,4.499800444753416e-15
green_green_f3a9f1d66842,6.0,0.0759493670886076,80,-2.02,0.0055146287996435,0.0032098434371839,1.1631705747361534e-16,8.782972958177762e-06,1.4294709318470018,0.0035433041837969,4.83759175621591e-15
green_green_f3a9f1d66842,6.0,0.0759493670886076,80,-2.01,0.0062549606453022,0.0035904079601002,2.4286128663675302e-17,9.866095880166193e-06,1.6057543770963816,0.003980267157419,7.345737434094635e-15
green_green_f3a9f1d66842,6.0,0.0759493670886076,80,-2.0,0.0071072157520115,0.0041167109797355,2.775557561562892e-17,1.1308206505629871e-05,1.8404647911468324,0.0045620561071329,4.483290848845152e-15
green_green_f3a9f1d66842,6.0,0.0759493670886076,80,-1.99,0.0071046674933503,0.0041007592368549,1.1123893155135927e-16,1.1516079814109504e-05,1.874297168110008,0.0046459181851722,4.588407611179949e-15
green_green_f3a9f1d66842,6.0,0.0759493670886076,80,-1.98,0.006446710049366,0.0036882952588187,2.253004462861893e-16,1.0664602697303884e-05,1.73571518756627,0.0043024077992526,3.228306188909767e-15
green_green_f3a9f1d66842,6.0,0.0759493670886076,80,-1.97,0.0060199544734946,0.0035291407966505,1.115091260993919e-16,1.0313939741954854e-05,1.6786431114100455,0.0041609402662536,3.024231379938636e-15
green_green_f3a9f1d66842,6.0,0.0759493670886076,80,-1.96,0.0059308328257365,0.0037656697517003,1.7347234759768068e-17,1.1044052389985096e-05,1.7974724431526008,0.0044554887309622,6.103086295024045e-15
green_green_f3a9f1d66842,6.0,0.0759493670886076,80,-1.95,0.0060837418372027,0.0043730184874984,3.332294980281256e-16,1.276960782099255e-05,2.078314857408139,0.0051516274765984,5.543138804191296e-15
green_green_f3a9f1d66842,6.0,0.0759493670886076,80,-1.94,0.0062976166309788,0.004849113730591,3.469446951953614e-18,1.4176420679636096e-05,2.307280390782244,0.005719176290831,4.912519100425042e-15
green_green_f3a9f1d66842,6.0,0.0759493670886076,80,-1.93,0.0063843505688359,0.0045211186536284,1.1364755910069911e-16,1.3651267685690265e-05,2.221809224789537,0.0055073144520843,4.25896524843784e-15
green_green_f3a9f1d66842,6.0,0.0759493670886076,80,-1.92,0.0065306737048047,0.0040738608302875,5.551115123125783e-17,1.260293058235932e-05,2.0511873382000942,0.0050843850793139,4.8463252613959344e-15
green_green_f3a9f1d66842,6.0,0.0759493670886076,80,-1.91,0.0069160617369608,0.0040292020910149,3.356589068483857e-16,1.25384496255055e-05,2.0406927535168524,0.0050583716046871,4.237672758187391e-15
green_green_f3a9f1d66842,6.0,0.0759493670886076,80,-1.9,0.0076436518130284,0.0044488872965936,3.3486903561235222e-16,1.3823814405075334e-05,2.2498920301130987,0.005576924766907,5.7867218974008366e-15
green_green_f3a9f1d66842,6.0,0.0759493670886076,80,-1.89,0.0086890321148868,0.0052498072500406,2.230182521987838e-16,1.612700722955496e-05,2.624747697858988,0.0065060990692679,1.926255355984576e-15
green_green_f3a9f1d66842,6.0,0.0759493670886076,80,-1.88,0.0092390725995035,0.0056427323428544,2.220717083251841e-16,1.7425606840349933e-05,2.836101006650726,0.0070299915434811,3.756041469035006e-15
green_green_f3a9f1d66842,6.0,0.0759493670886076,80,-1.87,0.0087392041688785,0.0051066089206502,2.2228841655759984e-16,1.636574880977633e-05,2.663604033950993,0.0066024142969332,4.021148404742294e-15
green_green_f3a9f1d66842,6.0,0.0759493670886076,80,-1.86,0.0082182579615389,0.0046295456127264,2.0816681711721685e-17,1.5157501417412855e-05,2.46695598162428,0.0061149725091912,4.277975749522443e-15
green_green_f3a9f1d66842,6.0,0.0759493670886076,80,-1.85,0.0080828298249515,0.0046536056801533,2.2729511820139823e-16,1.5280377634923352e-05,2.4869546747755984,0.0061645443133705,5.062928097313721e-15
green_green_f3a9f1d66842,6.0,0.0759493670886076,80,-1.84,0.0082645365844844,0.0052214335746117,2.2215299868541707e-16,1.7043397066775174e-05,2.7738945346742816,0.0068757971156667,5.269758028609024e-15
green_green_f3a9f1d66842,6.0,0.0759493670886076,80,-1.83,0.0086636881633012,0.0062204980872442,1.3279418682041632e-16,1.996761211829697e-05,3.2498245454490067,0.0080555096658154,1.6818886041085786e-15
green_green_f3a9f1d66842,6.0,0.0759493670886076,80,-1.82,0.0090174800735854,0.0066485279136612,3.479320825490087e-16,2.1453271938996e-05,3.491622799686505,0.0086548676148207,3.1033669068532638e-15
green_green_f3a9f1d66842,6.0,0.0759493670886076,80,-1.81,0.0091961568619031,0.0059645779968735,3.3486903561235222e-16,2.002562593439428e-05,3.2592665719873564,0.0080789141096495,3.9109017664215615e-15
green_green_f3a9f1d66842,6.0,0.0759493670886076,80,-1.7999999999999998,0.0094971837032129,0.005390393235468,3.983825604612489e-16,1.849908242113759e-05,3.0108143008952237,0.0074630625018822,2.7614614380036745e-15
green_green_f3a9f1d66842,6.0,0.0759493670886076,80,-1.79,0.0100809798818562,0.0054124998890104,3.3422138886441676e-16,1.859864108361056e-05,3.027017950239978,0.0075032273329654,4.279826321050086e-15
green_green_f3a9f1d66842,6.0,0.0759493670886076,80,-1.7799999999999998,0.0110476745114223,0.0060741473027863,3.4331750988916783e-16,2.0690967214961816e-05,3.367554053328571,0.0083473319397297,3.56270230940147e-15
green_green_f3a9f1d66842,6.0,0.0759493670886076,80,-1.77,0.0123971672845246,0.0072996475008368,8.888557877610145e-16,2.4352174655669982e-05,3.963433106682783,0.0098243684402613,3.876602943721955e-15
green_green_f3a9f1d66842,6.0,0.0759493670886076,80,-1.7599999999999998,0.0133046808061398,0.0079945425286637,3.331391796911832e-16,2.6628249833002576e-05,4.333875247423544,0.0107426027029513,3.785335613807708e-15
green_green_f3a9f1d66842,6.0,0.0759493670886076,80,-1.75,0.0130563500047893,0.0072359403786168,6.753223014464259e-16,2.5089551671445677e-05,4.083444749082574,0.0101218475600849,4.488714959954087e-15
green_green_f3a9f1d66842,6.0,0.0759493670886076,80,-1.7399999999999998,0.0127479719049253,0.0064554910017917,6.777420539824541e-16,2.2976602595805345e-05,3.739552162997713,0.0092694230637877,3.1553421071507533e-15
green_green_f3a9f1d66842,6.0,0.0759493670886076,80,-1.73,0.0128905628999734,0.0063750569419703,1.475229079552588e-16,2.272072993081484e-05,3.6979076607773167,0.0091661966632629,5.131373211729606e-15
green_green_f3a9f1d66842,6.0,0.0759493670886076,80,-1.7199999999999998,0.0134246593952605,0.0070496077780859,1.1123893155135927e-16,2.487771769488252e-05,4.04896775441149,0.0100363876344993,4.9363377200896656e-15
green_green_f3a9f1d66842,6.0,0.0759493670886076,80,-1.71,0.0142773160630077,0.0084890887778116,4.441434166503682e-16,2.9282599781549268e-05,4.765883419652274,0.011813443900201,4.9996734420257716e-15
green_green_f3a9f1d66842,6.0,0.0759493670886076,80,-1.6999999999999995,0.0152291681368727,0.009745586701718,4.484587321511725e-16,3.3147499326110386e-05,5.394914338882741,0.0133726556604339,5.225561378204136e-15
green_green_f3a9f1d66842,6.0,0.0759493670886076,80,-1.69,0.0159462114764558,0.0091487901179258,7.786725208595149e-16,3.220181251889285e-05,5.240999279826307,0.0129911383727761,5.2068026473960266e-15
green_green_f3a9f1d66842,6.0,0.0759493670886076,80,-1.6799999999999995,0.0167118885213725,0.0080395991629592,4.443059973708341e-16,2.925324561448405e-05,4.761105888314302,0.0118016015839979,4.3535537947694404e-15
green_green_f3a9f1d66842,6.0,0.0759493670886076,80,-1.67,0.0178257426541969,0.0077132594151854,2.396682302503803e-16,2.8165547128717077e-05,4.584077748136495,0.011362792696201,5.117663683407636e-15
green_green_f3a9f1d66842,6.0,0.0759493670886076,80,-1.66,0.0193945118917459,0.0082936041696073,4.454424009010536e-16,2.996801607185226e-05,4.877438205015708,0.0120899605672382,4.081966655408033e-15
green_green_f3a9f1d66842,6.0,0.0759493670886076,80,-1.65,0.0215456524080595,0.009853866441422,1.1103097574110882e-15,3.483931864055215e-05,5.670266038523335,0.0140551842852669,3.798838623091802e-15
green_green_f3a9f1d66842,6.0,0.0759493670886076,80,-1.64,0.0240521946668183,0.0118665416469293,4.494775313252278e-16,4.087878233261136e-05,6.653217692007045,0.0164916778358975,2.8803987494641207e-15
green_green_f3a9f1d66842,6.0,0.0759493670886076,80,-1.63,0.0256969945747679,0.0120173093918629,2.3263411494723067e-16,4.208364279359096e-05,6.849314505022846,0.0169777532379976,4.7819818991451415e-15
green_green_f3a9f1d66842,6.0,0.0759493670886076,80,-1.62,0.0266598217088193,0.0105741566839319,9.036560719766057e-16,3.847269307104658e-05,6.261615136105684,0.0155209921480686,4.468606196302462e-15
green_green_f3a9f1d66842,6.0,0.0759493670886076,80,-1.61,0.0281983578030141,0.0098036800742333,1.5988392086714593e-15,3.594321037974726e-05,5.84992970828526,0.0145005259977569,4.233358971238061e-15
green_green_f3a9f1d66842,6.0,0.0759493670886076,80,-1.6,0.0305635750966245,0.0101647073393675,7.327682229021407e-16,3.679669313612403e-05,5.988838116279038,0.0148448455164289,5.0052831762604666e-15
green_green_f3a9f1d66842,6.0,0.0759493670886076,80,-1.59,0.0337614489420711,0.01172785869725,7.782704976483342e-16,4.158424440987431e-05,6.76803502524603,0.0167762815505826,3.730814091504889e-15
green_green_f3a9f1d66842,6.0,0.0759493670886076,80,-1.58,0.0378474450890353,0.0144312193332946,5.164700352369267e-16,4.964376200143341e-05,8.079760129798043,0.0200277230086787,5.3509539745661935e-15
green_green_f3a9f1d66842,6.0,0.0759493670886076,80,-1.5699999999999998,0.0426421092133021,0.0161905169294481,1.2670655869532562e-15,5.5139151097866005e-05,8.974161035954321,0.0222447212016257,4.14150950863545e-15
green_green_f3a9f1d66842,6.0,0.0759493670886076,80,-1.56,0.0480687553119724,0.0149538610801168,2.9205407954182373e-15,5.245372055077325e-05,8.537094347391793,0.0211613411960035,3.3810931991263848e-15
green_green_f3a9f1d66842,6.0,0.0759493670886076,80,-1.5499999999999998,0.054965860940963,0.0135694071175952,1.5632082117998628e-15,4.798991329546405e-05,7.810588328619373,0.01936051282061,4.274847904280442e-15
green_green_f3a9f1d66842,6.0,0.0759493670886076,80,-1.54,0.0641796335442418,0.0136257999940282,9.485749680535094e-16,4.712079329034804e-05,7.669134883468829,0.0190098847855456,5.181343959534751e-15
green_green_f3a9f1d66842,6.0,0.0759493670886076,80,-1.5299999999999998,0.0766697439829291,0.0152518638802207,1.2539255187600817e-15,5.119560636636273e-05,8.332330235726786,0.0206537817085107,3.386013391604606e-15
green_green_f3a9f1d66842,6.0,0.0759493670886076,80,-1.52,0.0939731511769138,0.0186551613558941,4.577566798522237e-16,6.059533199816991e-05,9.862180620327567,0.0244459016793134,3.864262784557153e-15
green_green_f3a9f1d66842,6.0,0.0759493670886076,80,-1.5099999999999998,0.1181792566348566,0.0228423695358904,1.3322676295501878e-15,7.183771505012592e-05,11.691932329001215,0.0289814027099471,6.132847817950453e-15
green_green_f3a9f1d66842,6.0,0.0759493670886076,80,-1.5,0.1522431677562296,0.0238055431474219,3.553147333202946e-15,7.432248913138291e-05,12.09634121631946,0.0299838321196507,3.916940957227222e-15
green_green_f3a9f1d66842,6.0,0.0759493670886076,80,-1.4899999999999998,0.2047341226587436,0.0226141166639232,2.094764613337708e-15,6.880959175256746e-05,11.199090753316108,0.0277597705814659,6.061093514917949e-15
green_green_f3a9f1d66842,6.0,0.0759493670886076,80,-1.48,0.2930707850255822,0.023423329651213,2.5989654674417885e-15,6.560721040492064e-05,10.677887845035515,0.0264678377380811,4.793259263139297e-15
green_green_f3a9f1d66842,6.0,0.0759493670886076,80,-1.4699999999999998,0.4454366829682645,0.0274675329550527,3.3820826609804605e-15,6.87741222894274e-05,11.193317928240909,0.0277454611787455,6.034556362612757e-15
green_green_f3a9f1d66842,6.0,0.0759493670886076,80,-1.46,0.6758161526609597,0.0356856248550007,1.8657032840962988e-14,7.952368500791328e-05,12.94286076633344,0.0320821442968387,6.41894889341321e-15
green_green_f3a9f1d66842,6.0,0.0759493670886076,80,-1.4499999999999995,0.8750717319232378,0.0479612934926727,9.749755847154941e-15,9.623765380172564e-05,15.66313927115479,0.0388250405618017,8.730214869955515e-15
green_green_f3a9f1d66842,6.0,0.0759493670886076,80,-1.44,0.9061935063019152,0.0582135805527103,1.3061055499232971e-14,0.0001046877681988,17.038435877320435,0.0422340600178965,1.0456232165653462e-14
green_green_f3a9f1d66842,6.0,0.0759493670886076,80,-1.4299999999999995,0.840251831311707,0.0621100590457795,1.9555373935507592e-14,9.517821300481382e-05,15.490710205232478,0.0383976316393265,8.732283712486056e-15
green_green_f3a9f1d66842,6.0,0.0759493670886076,80,-1.42,0.7983572914441278,0.0657671778998595,1.7632984155323095e-14,9.615290876576676e-05,15.64934661050314,0.0387908519741903,1.2837622845925176e-14
green_green_f3a9f1d66842,6.0,0.0759493670886076,80,-1.41,0.7028612222764908,0.072367069069157,1.1402509347930791e-14,0.0001029414577529,16.754215484950358,0.0415295481016579,1.4311816128158632e-14
green_green_f3a9f1d66842,6.0,0.0759493670886076,80,-1.4,0.6268660395036921,0.0803496862147065,1.4004771474339918e-14,8.294933195554372e-05,13.500401220770764,0.0334641489118533,1.45787829130543e-14
green_green_f3a9f1d66842,6.0,0.0759493670886076,80,-1.39,0.6413911151607803,0.089286022777528,1.6374566440478216e-14,4.728836965826493e-05,7.696408740275542,0.0190774899174722,1.3685203726032128e-14
green_green_f3a9f1d66842,6.0,0.0759493670886076,80,-1.38,0.615940900354412,0.097954458161183,9.278876149936736e-15,8.119796808087385e-05,13.215358358649976,0.0327575982969285,1.2080782260113399e-14
green_green_f3a9f1d66842,6.0,0.0759493670886076,80,-1.37,0.5130011976740397,0.0991538209207914,1.2224749818009387e-14,0.0001346446063138,21.91405481630513,0.0543195110755027,1.4777720388321465e-14
green_green_f3a9f1d66842,6.0,0.0759493670886076,80,-1.36,0.4662651226260463,0.0976080218310949,5.749157303951053e-15,0.0001720781557505,28.00654434695415,0.0694212827609166,9.986337697525773e-15
green_green_f3a9f1d66842,6.0,0.0759493670886076,80,-1.35,0.5078930717494256,0.100298132606943,1.0605390551611692e-14,0.0001927856091662,31.37678160843399,0.0777752657086915,7.878871628500634e-15
green_green_f3a9f1d66842,6.0,0.0759493670886076,80,-1.34,0.5582445828169508,0.1079711348478202,1.6573588398059282e-14,0.0001891579990842,30.78637068619135,0.0763117833500554,1.471828443009737e-14
green_green_f3a9f1d66842,6.0,0.0759493670886076,80,-1.33,0.4859737516405489,0.1098018520611968,9.760535365903807e-15,0.0001543556797313,25.12212645902197,0.0622715256427895,1.3944094082398014e-14
green_green_f3a9f1d66842,6.0,0.0759493670886076,80,-1.3199999999999998,0.3872032220201924,0.1170197285481147,9.465109118761739e-15,0.0001107170824177,18.01973565541831,0.0446664589788211,6.8303427957883576e-15
green_green_f3a9f1d66842,6.0,0.0759493670886076,80,-1.31,0.3511225731932043,0.1244842341481191,6.6664825076424006e-15,8.589280839087048e-05,13.97946611404832,0.0346516320588315,1.4746394022639585e-14
green_green_f3a9f1d66842,6.0,0.0759493670886076,80,-1.2999999999999998,0.3809205064959057,0.1185553019425111,1.0214202670957231e-14,0.0001101122056906,17.92128906986545,0.0444224342905973,8.967788217827894e-15
green_green_f3a9f1d66842,6.0,0.0759493670886076,80,-1.29,0.4656561740647363,0.1187245545113116,1.0092653981320431e-14,0.000169997826805,27.667960843333688,0.0685820181643332,9.538286336290488e-15
green_green_f3a9f1d66842,6.0,0.0759493670886076,80,-1.2799999999999998,0.4956186026586547,0.122440084628343,1.2304715340593231e-14,0.0002413404258581,39.27931067151404,0.0973636768249694,8.106758401363475e-15
green_green_f3a9f1d66842,6.0,0.0759493670886076,80,-1.27,0.4023659591607788,0.1220016307700101,6.9293949953430135e-15,0.000298638316116,48.60481684919453,0.1204792955614108,7.823980796465999e-15
green_green_f3a9f1d66842,6.0,0.0759493670886076,80,-1.2599999999999998,0.3175501977921188,0.13311442885727,5.251087906308647e-15,0.0003521903721539,57.320670559696914,0.142083736917825,8.164832222517191e-15
green_green_f3a9f1d66842,6.0,0.0759493670886076,80,-1.25,0.2853519965715106,0.1401194310109314,1.097830383874475e-14,0.000385426197231,62.729960337762726,0.1554920257294249,1.4912584459379884e-14
green_green_f3a9f1d66842,6.0,0.0759493670886076,80,-1.2399999999999998,0.2984852689651966,0.1291505797907035,2.6704556536435986e-15,0.0003805303626061,61.93313979456234,0.1535169050735543,8.968808170068726e-15
green_green_f3a9f1d66842,6.0,0.0759493670886076,80,-1.23,0.3666742347245678,0.1291523528556508,1.2120386676258984e-14,0.0003793858222641,61.74686036992581,0.1530551645442692,1.0261545701023802e-14
green_green_f3a9f1d66842,6.0,0.0759493670886076,80,-1.2199999999999998,0.4506224629719271,0.142114625313266,1.07545961162745e-14,0.0003867847569371,62.9510724393574,0.1560401078325402,8.59479761762436e-15
green_green_f3a9f1d66842,6.0,0.0759493670886076,80,-1.21,0.419960529295664,0.1384956091360537,5.211030785159715e-15,0.0003658770764271,59.54824725889838,0.1476053475096619,9.891395779443506e-15
green_green_f3a9f1d66842,6.0,0.0759493670886076,80,-1.1999999999999995,0.3202637037196577,0.1292467036612907,1.3517392765315982e-14,0.0003381095146299,55.02894353037519,0.1364031135555688,8.641867844702581e-15
green_green_f3a9f1d66842,6.0,0.0759493670886076,80,-1.19,0.2621841861179755,0.1400696628648283,2.1240270466091288e-15,0.000340962094041,55.49321449743921,0.1375539262257437,7.828111306074675e-15
green_green_f3a9f1d66842,6.0,0.0759493670886076,80,-1.1799999999999995,0.248785658733154,0.1561643197100966,2.9063364736971095e-15,0.0003550610030695,57.787879495601736,0.1432418320846573,8.312257738832041e-15
green_green_f3a9f1d66842,6.0,0.0759493670886076,80,-1.17,0.2571573115229539,0.1472854228454266,7.952057181763267e-15,0.0003446803118301,56.09837225814689,0.1390539623423234,7.292470285185599e-15
green_green_f3a9f1d66842,6.0,0.0759493670886076,80,-1.16,0.2929250684249666,0.1353583869790947,5.126297777653475e-15,0.0003466553956427,56.41982661210695,0.1398507680218991,7.486925840925419e-15
green_green_f3a9f1d66842,6.0,0.0759493670886076,80,-1.15,0.3730953649215251,0.1438512469040809,1.2729494954669822e-14,0.0003946941417024,64.23836270709225,0.1592309813856894,6.034159431722633e-15
green_green_f3a9f1d66842,6.0,0.0759493670886076,80,-1.14,0.4271604836600036,0.1557365414061258,8.448114641411559e-15,0.0004576432970318,74.48363935272236,0.1846264831715947,9.026138915840822e-15
green_green_f3a9f1d66842,6.0,0.0759493670886076,80,-1.13,0.3562454667250164,0.1451341842720156,4.440892098500626e-16,0.0004840960545938,78.78895239218721,0.1952982872393975,6.348410003706879e-15
green_green_f3a9f1d66842,6.0,0.0759493670886076,80,-1.12,0.2639770617551168,0.1406690983629929,1.577923392343183e-15,0.0005080801956564,82.69248626818872,0.2049741803312276,7.005537959401293e-15
green_green_f3a9f1d66842,6.0,0.0759493670886076,80,-1.11,0.2184604478981494,0.15854743035859,2.5661526972978118e-15,0.0005607692347103,91.26787982947928,0.226230455787046,8.490332596369334e-15
green_green_f3a9f1d66842,6.0,0.0759493670886076,80,-1.1,0.2092706787903434,0.1696248971942198,3.530119224929912e-15,0.000595998214463,97.0015650810353,0.2404428405846609,7.417258750376973e-15
green_green_f3a9f1d66842,6.0,0.0759493670886076,80,-1.09,0.2151116409768023,0.1511831874292067,5.0433492432641766e-15,0.0005806160361776,94.49804186262747,0.2342372269576992,5.617661510764709e-15
green_green_f3a9f1d66842,6.0,0.0759493670886076,80,-1.08,0.243013722725696,0.1367633222025587,1.159106867033638e-15,0.0005687147407034,92.56104900010614,0.229435901683534,6.9103552318104064e-15
green_green_f3a9f1d66842,6.0,0.0759493670886076,80,-1.0699999999999998,0.3170643922583991,0.1483265243146885,5.749626275630272e-15,0.0006031882596236,98.17177938144464,0.2433435118289671,5.577806993605749e-15
green_green_f3a9f1d66842,6.0,0.0759493670886076,80,-1.06,0.4093052944186203,0.1746831052018871,1.2789539149817671e-14,0.0006612430380273,107.62047273140104,0.2667644810368251,7.498262416263264e-15
green_green_f3a9f1d66842,6.0,0.0759493670886076,80,-1.0499999999999998,0.3914227899945117,0.1713451538167657,7.20897313210038e-15,0.0006580922402168,107.10766529095096,0.2654933584775988,8.199986703958739e-15
green_green_f3a9f1d66842,6.0,0.0759493670886076,80,-1.04,0.2883007095487715,0.1472649010522344,1.2726952917129576e-14,0.000609811029573,99.24966692316094,0.2460153279191992,8.243075882684527e-15
green_green_f3a9f1d66842,6.0,0.0759493670886076,80,-1.0299999999999998,0.2166307288552273,0.1441209656556102,3.057147826671517e-15,0.0006028869274149,98.1227361206569,0.2432219457395398,7.081440049913191e-15
green_green_f3a9f1d66842,6.0,0.0759493670886076,80,-1.02,0.1889974212474965,0.1666934282434882,3.436567329760465e-15,0.0006522126896608,106.15074026658364,0.2631213784905418,4.884133709717008e-15
green_green_f3a9f1d66842,6.0,0.0759493670886076,80,-1.0099999999999998,0.1837299968636772,0.1855332883708302,4.453905142701511e-15,0.0006895840240957,112.23310400758412,0.2781980508528236,5.0066499749525976e-15
green_green_f3a9f1d66842,6.0,0.0759493670886076,80,-1.0,0.1832563768362736,0.1648303622461056,6.329245045284193e-15,0.0006477031622206,105.41679306865012,0.2613021052761063,1.071030939163774e-14
green_green_f3a9f1d66842,6.0,0.0759493670886076,80,-0.9900000000000002,0.20383657857015,0.1428914275628247,1.4443570596498132e-15,0.0006001097989292,97.67074515322776,0.242101572145191,5.669315215932271e-15
green_green_f3a9f1d66842,6.0,0.0759493670886076,80,-0.9799999999999996,0.2659905271858373,0.148947501187353,8.382735253059734e-15,0.0006103827463668,99.3427165706971,0.2462459749355666,6.703119827140801e-15
green_green_f3a9f1d66842,6.0,0.0759493670886076,80,-0.9699999999999998,0.3664843024524661,0.1798222015882295,2.826711544051456e-15,0.000669515535871,108.9668613924711,0.2701018448610917,7.769724086227196e-15
green_green_f3a9f1d66842,6.0,0.0759493670886076,80,-0.96,0.4056230219166041,0.1948358498956794,4.637756528637165e-15,0.0006933589472758,112.84749084238338,0.2797209635568981,5.270952790775017e-15
green_green_f3a9f1d66842,6.0,0.0759493670886076,80,-0.9500000000000002,0.3200818607466053,0.1681389705192792,7.33272681608831e-15,0.0006391642392387,104.02704243978364,0.2578572578797793,6.124268823063441e-15
green_green_f3a9f1d66842,6.0,0.0759493670886076,80,-0.9399999999999996,0.2304208315056522,0.1462196797537053,3.0485681130056856e-15,0.0006041662552721,98.33095285921668,0.2437380634334617,7.500130453484867e-15
green_green_f3a9f1d66842,6.0,0.0759493670886076,80,-0.9299999999999996,0.1858487244051052,0.1534672067267956,1.673640496378119e-15,0.0006390075529601,104.00154099720072,0.2577940461234683,6.505278210893619e-15
green_green_f3a9f1d66842,6.0,0.0759493670886076,80,-0.92,0.1751734086441137,0.1844115343392017,4.847064493648812e-15,0.0007265787341187,118.254170320979,0.2931227820830039,8.44885089914297e-15
green_green_f3a9f1d66842,6.0,0.0759493670886076,80,-0.91,0.1729153038203449,0.1953509975832484,2.571887710223361e-15,0.0007739681198462,125.96701991053492,0.3122410247914151,5.797990521250219e-15
green_green_f3a9f1d66842,6.0,0.0759493670886076,80,-0.9000000000000004,0.169931378085528,0.1686903492073111,7.086374063648686e-15,0.0007357517503307,119.74712266125344,0.2968234409461176,1.2533799966451942e-14
green_green_f3a9f1d66842,6.0,0.0759493670886076,80,-0.8899999999999997,0.1890395829058364,0.1538558713513174,1.926964694222131e-15,0.0007018621634562,114.23143001820702,0.2831514058013437,6.5212374234101154e-15
green_green_f3a9f1d66842,6.0,0.0759493670886076,80,-0.8799999999999999,0.2474588072848474,0.1642437421511372,1.2483099061224702e-14,0.0007150640280631,116.38009673865638,0.2884774181115886,8.237315944105247e-15
green_green_f3a9f1d66842,6.0,0.0759493670886076,80,-0.8700000000000001,0.3427490572888683,0.1902994383342504,5.517987137424701e-15,0.0007837877143015,127.56520595792078,0.3162025319350908,4.259191800261273e-15
green_green_f3a9f1d66842,6.0,0.0759493670886076,80,-0.8600000000000003,0.3830288993287052,0.2000676793036361,1.1693236574522927e-14,0.0008382552093752,136.43005175776835,0.3381762877572747,6.447019598961804e-15
green_green_f3a9f1d66842,6.0,0.0759493670886076,80,-0.8499999999999996,0.3037238756352637,0.1710498799658071,5.296590029624932e-15,0.0008042459643224,130.89488417286924,0.3244559790579934,1.0490692808111771e-14
green_green_f3a9f1d66842,6.0,0.0759493670886076,80,-0.8399999999999999,0.2219430916213323,0.1506290898083385,2.445012586343469e-15,0.0007732872348328,125.85620261218982,0.3119663361719312,9.330689894093464e-15
green_green_f3a9f1d66842,6.0,0.0759493670886076,80,-0.8300000000000001,0.1856753526157253,0.1615829719521462,6.479426029495859e-15,0.0008114077710944,132.06050254023944,0.3273452581232745,7.440654052529874e-15
green_green_f3a9f1d66842,6.0,0.0759493670886076,80,-0.8200000000000003,0.1830537351165976,0.1983434491648856,2.371802853223825e-15,0.0009044547151013,147.20433850424698,0.3648830744821351,6.855657454910143e-15
green_green_f3a9f1d66842,6.0,0.0759493670886076,80,-0.8099999999999996,0.1821777209634619,0.2150589007012968,1.5319091478399908e-15,0.0009474987879156,154.20996759696962,0.3822482928446405,4.786492488677645e-15
green_green_f3a9f1d66842,6.0,0.0759493670886076,80,-0.7999999999999998,0.168157807339322,0.1829077599244997,2.9400282623478903e-15,0.0008848156211998,144.00798187265224,0.3569600985241678,7.151537927960973e-15
green_green_f3a9f1d66842,6.0,0.0759493670886076,80,-0.79,0.1690428836826363,0.1532887940130521,4.8957719865091776e-15,0.0008207080748297,133.57417153480034,0.3310972684382924,6.407497519316021e-15
green_green_f3a9f1d66842,6.0,0.0759493670886076,80,-0.7800000000000002,0.2028011217397372,0.1539985419268357,1.2262814116578437e-15,0.0008292007607618,134.95639686226718,0.3345234624773973,8.529548588750896e-15
green_green_f3a9f1d66842,6.0,0.0759493670886076,80,-0.7699999999999996,0.2768308480191961,0.1862911429057082,7.179847579402122e-15,0.000915815982719,149.05343924563033,0.3694665369697165,5.103442929629991e-15
green_green_f3a9f1d66842,6.0,0.0759493670886076,80,-0.7599999999999998,0.3511535663014368,0.2229368608373654,4.148135544450461e-15,0.0010050938575343,163.58384113952437,0.4054838022920424,7.82988981679135e-15
green_green_f3a9f1d66842,6.0,0.0759493670886076,80,-0.75,0.3274520420712589,0.2054393174151026,1.9991722838696003e-15,0.0009682153627926,157.58168941999898,0.390605955652587,7.073454437706939e-15
green_green_f3a9f1d66842,6.0,0.0759493670886076,80,-0.7400000000000002,0.2556217602356683,0.1665305527466725,5.600852339972846e-15,0.0008752983637597,142.459002623112,0.3531205628377597,8.405414055321456e-15
green_green_f3a9f1d66842,6.0,0.0759493670886076,80,-0.7299999999999995,0.2021861141896788,0.1536641383159858,2.5717004936473002e-15,0.0008438170320581,137.33526504842035,0.3404200871718255,6.557690527416461e-15
green_green_f3a9f1d66842,6.0,0.0759493670886076,80,-0.7199999999999998,0.1800922103408782,0.1739459028293769,2.182698537002008e-15,0.0008964851213055,145.90724892832552,0.3616679108724915,8.574947410605511e-15
green_green_f3a9f1d66842,6.0,0.0759493670886076,80,-0.71,0.184563713926063,0.2156570222855646,4.337163946759175e-15,0.0009918967257026,161.4359447009317,0.4001596993196272,6.2698785983769655e-15
green_green_f3a9f1d66842,6.0,0.0759493670886076,80,-0.7000000000000002,0.1833954953998119,0.2216703688837284,2.3502372707348517e-15,0.0009960019004426,162.10408155947383,0.4018158450120488,1.0145737862926804e-14
green_green_f3a9f1d66842,6.0,0.0759493670886076,80,-0.6899999999999995,0.1706331390444376,0.1828957885522676,2.7692011952125577e-15,0.0008928853399718,145.32136726820394,0.3602156554321941,5.585608683432645e-15
green_green_f3a9f1d66842,6.0,0.0759493670886076,80,-0.6799999999999997,0.1784320931994244,0.1600905044202623,3.5566146649215975e-15,0.0008246631436034,134.21787792811693,0.3326928570618617,5.761556381680296e-15
green_green_f3a9f1d66842,6.0,0.0759493670886076,80,-0.6699999999999999,0.2199242591588875,0.1693849916845627,3.526596831064619e-15,0.0008490626826979,138.1890198241596,0.3425363336805277,6.365318057193872e-15
green_green_f3a9f1d66842,6.0,0.0759493670886076,80,-0.6600000000000001,0.2944874823714821,0.2056021610802556,6.500258628385524e-15,0.0009413813406434,153.2143237421672,0.3797803384723653,6.2077180059659635e-15
green_green_f3a9f1d66842,6.0,0.0759493670886076,80,-0.6499999999999995,0.3425508089734159,0.231279802103237,7.306841075491065e-15,0.0009909355477781,161.27950838830358,0.3997719324691928,6.223714338095327e-15
green_green_f3a9f1d66842,6.0,0.0759493670886076,80,-0.6399999999999997,0.287971401586803,0.2010936034554884,5.0646130524776475e-15,0.0009073185493741,147.67044125398965,0.3660384276876121,7.253609646473717e-15
green_green_f3a9f1d66842,6.0,0.0759493670886076,80,-0.6299999999999999,0.2184477662443826,0.1672343466446069,2.7223112287176285e-15,0.0008072534779915,131.3843714327849,0.3256692966689606,8.299094586571084e-15
green_green_f3a9f1d66842,6.0,0.0759493670886076,80,-0.6200000000000001,0.1907756351737195,0.1658947291541292,5.775977965820844e-15,0.0007830574874437,127.44635803799108,0.3159079373948732,7.514561254417864e-15
green_green_f3a9f1d66842,6.0,0.0759493670886076,80,-0.6100000000000003,0.1989764032765127,0.1980252280239083,1.2658490090568385e-15,0.0008435568577544,137.29292043390123,0.3403151253664198,6.3591155937932336e-15
green_green_f3a9f1d66842,6.0,0.0759493670886076,80,-0.5999999999999996,0.2126810907390978,0.2360060985848802,2.9744331761011235e-15,0.0009233390070298,150.27784749817025,0.3725015415908291,5.9907888074225444e-15
green_green_f3a9f1d66842,6.0,0.0759493670886076,80,-0.5899999999999999,0.1986399460155954,0.220640340054848,5.6076610015429456e-15,0.0008872146917724,144.39844210329173,0.3579279526707726,8.274280517654071e-15
green_green_f3a9f1d66842,6.0,0.0759493670886076,80,-0.5800000000000001,0.1810468681361364,0.1799778723245478,5.9077662827997415e-15,0.0007860231471183,127.92903335975764,0.3171043698993275,5.2417008107424276e-15
green_green_f3a9f1d66842,6.0,0.0759493670886076,80,-0.5700000000000003,0.1940577190129255,0.1672249945619244,1.0927240047884807e-14,0.0007387391730632,120.23334002495174,0.2980286532947224,9.231909850475931e-15
green_green_f3a9f1d66842,6.0,0.0759493670886076,80,-0.5599999999999996,0.2484442275420372,0.19110053741298,6.921107539751086e-15,0.0007685482699697,125.0849133743542,0.3100545012948098,7.236469027792547e-15
green_green_f3a9f1d66842,6.0,0.0759493670886076,80,-0.5499999999999998,0.3249567225964914,0.2355973821555454,7.669383368012171e-15,0.0008312695305037,135.29309905010737,0.3353580637583988,9.300887822785878e-15
green_green_f3a9f1d66842,6.0,0.0759493670886076,80,-0.54,0.3267704567992133,0.2370419355199091,2.9083817348740077e-15,0.0008146945179335,132.5954363364834,0.328671226435091,5.848055904731213e-15
green_green_f3a9f1d66842,6.0,0.0759493670886076,80,-0.5300000000000002,0.2551490986664351,0.1959182521196817,1.971232166893511e-15,0.0007277731263081,118.44856337264368,0.2936046342829486,6.108628597985072e-15
green_green_f3a9f1d66842,6.0,0.0759493670886076,80,-0.5199999999999996,0.2081137530782978,0.1768917604737171,2.554870205610692e-15,0.0006811421562334,110.85914956446656,0.2747923582863072,6.011430456506866e-15
green_green_f3a9f1d66842,6.0,0.0759493670886076,80,-0.5099999999999998,0.2059288716062642,0.1962646674183979,7.329971772032761e-15,0.0007052827819185,114.78815206257082,0.2845313817806073,7.706774181179542e-15
green_green_f3a9f1d66842,6.0,0.0759493670886076,80,-0.5,0.2338044677087925,0.238417147880125,6.431407685927726e-15,0.0007569652710159,123.1997247956311,0.3053815860018709,8.354011135448248e-15
green_green_f3a9f1d66842,6.0,0.0759493670886076,80,-0.4900000000000002,0.2471958601090964,0.2438627255634061,5.893038207221017e-15,0.0007266519749682,118.26609062015535,0.2931523295505345,8.981468410347273e-15
green_green_f3a9f1d66842,6.0,0.0759493670886076,80,-0.4799999999999995,0.2339027238140285,0.2099785809179409,6.704394515772992e-15,0.0006370536490008,103.68353376584916,0.257005785006561,7.226484603544753e-15
green_green_f3a9f1d66842,6.0,0.0759493670886076,80,-0.4699999999999997,0.2411715667545136,0.1966354398526948,6.0575868169115935e-15,0.0006025571424004,98.06906202942,0.2430889009690588,9.022437573699116e-15
green_green_f3a9f1d66842,6.0,0.0759493670886076,80,-0.4599999999999999,0.2927615582102028,0.2218407498220014,3.723801229870909e-16,0.0006331555855814,103.04910526707692,0.2554331939842922,5.6835738817330906e-15
green_green_f3a9f1d66842,6.0,0.0759493670886076,80,-0.4500000000000002,0.3433159579109934,0.2544342485781875,4.025377888143693e-15,0.0006571589433606,106.95576675579512,0.265116839652952,6.171640112641124e-15
green_green_f3a9f1d66842,6.0,0.0759493670886076,80,-0.4399999999999995,0.3201762566642236,0.2462211331906491,4.160374694206877e-15,0.0005935620678844,96.60507055276834,0.2394600289096898,7.925094541452598e-15
green_green_f3a9f1d66842,6.0,0.0759493670886076,80,-0.4299999999999997,0.2803171715819271,0.2294616093441073,5.1736422728184255e-15,0.0005183117942973,84.35772797087938,0.2091019018264474,9.288688012922048e-15
green_green_f3a9f1d66842,6.0,0.0759493670886076,80,-0.4199999999999999,0.28196368930666,0.2436126239222383,3.346389048159162e-15,0.0005065963582723,82.4509846242491,0.2043755576056424,7.688856296942388e-15
green_green_f3a9f1d66842,6.0,0.0759493670886076,80,-0.4100000000000001,0.3161899495725362,0.2730184858305206,3.58766985720938e-15,0.0005053718602628,82.25169170611558,0.2038815598510254,7.061891086500224e-15
green_green_f3a9f1d66842,6.0,0.0759493670886076,80,-0.3999999999999994,0.3466821401471858,0.2775366646613459,7.894497640785699e-15,0.0004434205081594,72.16881231640392,0.1788886006167137,9.478653113638024e-15
green_green_f3a9f1d66842,6.0,0.0759493670886076,80,-0.3899999999999997,0.3781232328112854,0.2824708172397897,1.2772994067521192e-14,0.0003654630113571,59.48085618479881,0.1474383017380512,1.045199675885388e-14
green_green_f3a9f1d66842,6.0,0.0759493670886076,80,-0.3799999999999999,0.4165315644665086,0.3043486168582682,1.1699559521943108e-14,0.0003020740345101,49.16399647979017,0.121865363287902,1.136066035691292e-14
green_green_f3a9f1d66842,6.0,0.0759493670886076,80,-0.3700000000000001,0.4252201274843925,0.3115089532749931,2.465095162570932e-15,0.0002106572133082,34.28547081289036,0.0849851854054845,9.408435635646398e-15
green_green_f3a9f1d66842,6.0,0.0759493670886076,80,-0.3600000000000003,0.3981557188090804,0.2850633143225174,8.563123631632435e-15,0.0001092952594958,17.788327162325483,0.0440928546728665,8.367717479288975e-15
green_green_f3a9f1d66842,6.0,0.0759493670886076,80,-0.3499999999999996,0.3087728305073942,0.2155801490591568,4.3794041556113366e-15,4.023778296232852e-05,6.548891973196623,0.0162330802333147,1.112189985104982e-14
green_green_f3a9f1d66842,6.0,0.0759493670886076,80,-0.3399999999999998,0.2056030742930843,0.1437821255547005,2.531698018113677e-15,1.229045122260206e-05,2.0003298251808026,0.0049583219082156,5.822460566330212e-15
green_green_f3a9f1d66842,6.0,0.0759493670886076,80,-0.33,0.1372717897380906,0.0973555604823754,5.9787339602818175e-16,3.860965956180347e-06,0.6283907088747461,0.0015576248374183,6.431722178527527e-15
green_green_f3a9f1d66842,6.0,0.0759493670886076,80,-0.3200000000000003,0.097205201202677,0.0700210018372031,1.159106867033638e-15,1.3383975306344869e-06,0.2178306109341096,0.0005399481009975,4.0135796874827426e-15
green_green_f3a9f1d66842,6.0,0.0759493670886076,80,-0.3099999999999996,0.0729488716767124,0.0533039888267551,1.0026641665932502e-15,5.110140358652196e-07,0.0831699828194185,0.0002061577759469,2.2821521325114186e-15
green_green_f3a9f1d66842,6.0,0.0759493670886076,80,-0.2999999999999998,0.0573570748174122,0.0424477022357541,1.6711069443220837e-15,2.1115576389854965e-07,0.0343666123102312,8.518631506862872e-05,2.883353759307647e-15
green_green_f3a9f1d66842,6.0,0.0759493670886076,80,-0.29,0.0467580064923093,0.0350011259306895,1.680301549862907e-15,9.272030288256729e-08,0.0150906735559597,3.740603992419509e-05,2.320659635344586e-15
green_green_f3a9f1d66842,6.0,0.0759493670886076,80,-0.2800000000000002,0.0392092412428752,0.0296575948559761,1.1105699151271772e-15,4.256239659681379e-08,0.0069272339804089,1.7170896307211885e-05,2.02266293431789e-15
green_green_f3a9f1d66842,6.0,0.0759493670886076,80,-0.2699999999999996,0.0336253144636743,0.0256807100066648,3.510833468576701e-16,2.0128841133084126e-08,0.0032760653401177,8.120554092727067e-06,2.3733261819069467e-15
green_green_f3a9f1d66842,6.0,0.0759493670886076,80,-0.2599999999999998,0.0293654697927168,0.0226322278864057,6.866350197783357e-16,9.692636422425253e-09,0.0015775230192307,3.910288617662759e-06,2.7198282248108037e-15
green_green_f3a9f1d66842,6.0,0.0759493670886076,80,-0.25,0.0260325100272267,0.0202384424681986,2.0014830212433602e-16,4.746213554262665e-09,0.0007724689970534,1.9147592078550533e-06,2.695821735172399e-15
green_green_f3a9f1d66842,6.0,0.0759493670886076,80,-0.2400000000000002,0.0233695887897469,0.0183211461715341,8.383148792112079e-16,2.4584480514472643e-09,0.0004001241998268,9.918087312599351e-07,1.690038675895192e-15
green_green_f3a9f1d66842,6.0,0.0759493670886076,80,-0.2299999999999995,0.0212044829970008,0.0167600972400541,1.0881460057406233e-15,1.5226846527277712e-09,0.0002478242230519,6.142948323198692e-07,1.8298234844327e-15
green_green_f3a9f1d66842,6.0,0.0759493670886076,80,-0.2199999999999997,0.0194180553848187,0.0154716424822066,1.0620135233045646e-15,1.2118987243127642e-09,0.0001972423240964,4.889148401848834e-07,1.7043000560728604e-15
green_green_f3a9f1d66842,6.0,0.0759493670886076,80,-0.2099999999999999,0.0179256424743743,0.0143960257984543,5.623929632534479e-16,1.0979702631856407e-09,0.0001786999211694,4.42952818567884e-07,1.7668763540282406e-15
green_green_f3a9f1d66842,6.0,0.0759493670886076,80,-0.2000000000000001,0.0166656558512287,0.0134895722320685,3.831501141992744e-16,1.0190352420452619e-09,0.0001658528682674,4.1110815822489733e-07,1.6456560836492768e-15
green_green_f3a9f1d66842,6.0,0.0759493670886076,80,-0.1899999999999995,0.0155923690089738,0.0127197164648468,2.940650514817884e-16,9.40956890997302e-10,0.0001531452425287,3.796091032637166e-07,1.791851508470391e-15
green_green_f3a9f1d66842,6.0,0.0759493670886076,80,-0.1799999999999997,0.0146712188247947,0.012061748902665,3.7192730237993173e-16,8.627556275054495e-10,0.0001404176122006,3.480604618835912e-07,1.4932469978809205e-15
green_green_f3a9f1d66842,6.0,0.0759493670886076,80,-0.1699999999999999,0.0138756653891778,0.011496631240246,5.457077218171614e-16,7.882276505370444e-10,0.0001282878268536,3.179937300537732e-07,1.895639020303564e-15
green_green_f3a9f1d66842,6.0,0.0759493670886076,80,-0.1600000000000001,0.0131850447389166,0.0110094964886622,4.718958039861917e-16,7.201517306518945e-10,0.000117208144713,2.9052994382859897e-07,1.4867319986874205e-15
green_green_f3a9f1d66842,6.0,0.0759493670886076,80,-0.1499999999999994,0.01258307017449,0.010588597993312,3.1225022567582533e-16,6.598133585104357e-10,0.0001073877855402,2.661877071542546e-07,1.911609006253196e-15
green_green_f3a9f1d66842,6.0,0.0759493670886076,80,-0.1399999999999996,0.0120567668734873,0.0102245596065336,2.42861286636753e-16,6.074706679737672e-10,9.886876185871414e-05,2.450711586628828e-07,1.4910063332848474e-15
green_green_f3a9f1d66842,6.0,0.0759493670886076,80,-0.1299999999999999,0.0115957019316608,0.0099098319763438,3.818283603795215e-16,5.628133882632183e-10,9.160057561454616e-05,2.270551261885885e-07,1.6494272548157418e-15
green_green_f3a9f1d66842,6.0,0.0759493670886076,80,-0.1200000000000001,0.0111914196085964,0.0096382925304761,2.3714374201337736e-16,5.252714456046516e-10,8.549044456750145e-05,2.1190962555646945e-07,1.4503061179966209e-15
green_green_f3a9f1d66842,6.0,0.0759493670886076,80,-0.1100000000000003,0.0108370215620641,0.0094049473528438,1.2204762870444054e-15,4.941973556690296e-10,8.043298754189385e-05,1.993734429448567e-07,1.5303007582427272e-15
green_green_f3a9f1d66842,6.0,0.0759493670886076,80,-0.0999999999999996,0.0105268511573615,0.0092057064586828,1.4488835837920476e-16,4.689659208897221e-10,7.632645063712993e-05,1.8919435565375002e-07,1.457630657400394e-15
green_green_f3a9f1d66842,6.0,0.0759493670886076,80,-0.0899999999999998,0.0102562535980566,0.0090372127333763,5.551115123125784e-16,4.490247874882005e-10,7.308093562953129e-05,1.8114952826469654e-07,1.60939537428236e-15
green_green_f3a9f1d66842,6.0,0.0759493670886076,80,-0.08,0.0100213920789107,0.0088967106682615,3.264231520177817e-16,4.3391764074770765e-10,7.062217511284193e-05,1.7505487028206177e-07,1.6416335889491262e-15
green_green_f3a9f1d66842,6.0,0.0759493670886076,80,-0.0700000000000002,0.0098191059032578,0.0087819450249633,5.440730028703118e-16,4.2329327067279964e-10,6.889300797716631e-05,1.7076869348112134e-07,1.5693082690325437e-15
green_green_f3a9f1d66842,6.0,0.0759493670886076,80,-0.0599999999999996,0.0096468004688296,0.0086910823277821,2.0516726431624886e-16,4.169083248128246e-10,6.785382744566575e-05,1.6819282247631518e-07,1.5025644195279777e-15
green_green_f3a9f1d66842,6.0,0.0759493670886076,80,-0.0499999999999998,0.0095023618020344,0.0086226500300244,2.737127597257086e-16,4.1462834989966535e-10,6.748275060452149e-05,1.6727301494790561e-07,1.6310769112181458e-15
green_green_f3a9f1d66842,6.0,0.0759493670886076,80,-0.04,0.0093840902960602,0.0085754895905586,2.3523259704954963e-16,4.1642991308978086e-10,6.777596364570801e-05,1.6799981741209486e-07,1.6108309141702842e-15
green_green_f3a9f1d66842,6.0,0.0759493670886076,80,-0.0300000000000002,0.0092906497366503,0.0085487207069746,2.7097246932071047e-17,4.2240565397060705e-10,6.87485441061888e-05,1.704106033458718e-07,1.4051358434132019e-15
green_green_f3a9f1d66842,6.0,0.0759493670886076,80,-0.0199999999999995,0.0092210287511576,0.0085417146997627,3.2595214364982917e-16,4.327737269552728e-10,7.043599766265041e-05,1.7459338252092006e-07,1.7260077182163484e-15
green_green_f3a9f1d66842,6.0,0.0759493670886076,80,-0.0099999999999997,0.0091745126077217,0.00855407560901,1.4339564645369066e-16,4.4789307147698136e-10,7.289674342643688e-05,1.8069296143971403e-07,1.6753535229994346e-15
green_green_f3a9f1d66842,6.0,0.0759493670886076,80,0.0,0.0091506639032337,0.008585628008178,3.916020579897834e-16,4.68286210674733e-10,7.621582454268715e-05,1.8892014098179235e-07,1.5407067754591314e-15
green_green_f3a9f1d66842,6.0,0.0759493670886076,80,0.0099999999999997,0.0091493111692842,0.0086364108997828,4.665212972393758e-16,4.946718120116708e-10,8.051020758490719e-05,1.9956485229473345e-07,1.4532190291778509e-15
green_green_f3a9f1d66842,6.0,0.0759493670886076,80,0.0200000000000004,0.0091705448379431,0.0087066773663794,2.42861286636753e-16,5.280100841089516e-10,8.593617110649448e-05,2.1301447118407198e-07,1.7153642421870196e-15
green_green_f3a9f1d66842,6.0,0.0759493670886076,80,0.0300000000000002,0.0092147203782229,0.008796899932203,4.081579843510303e-16,5.695653284276615e-10,9.269948622771312e-05,2.297790532628649e-07,2.0348256751283784e-15
green_green_f3a9f1d66842,6.0,0.0759493670886076,80,0.04,0.0092824687686812,0.008907781868075,6.9444428003588885e-16,6.209917764918254e-10,0.0001010693870561,2.505259631590075e-07,1.7710906104025926e-15
green_green_f3a9f1d66842,6.0,0.0759493670886076,80,0.0499999999999998,0.0093747148395,0.0090402749660427,6.947302218311749e-16,6.844514859050233e-10,0.0001113977588246,2.761274371629734e-07,1.9027906111088815e-15
green_green_f3a9f1d66842,6.0,0.0759493670886076,80,0.0600000000000005,0.0094927044276935,0.0091956046437702,4.592793019057271e-16,7.62776951426469e-10,0.0001241456036287,3.077261852180471e-07,1.609391555933105e-15
green_green_f3a9f1d66842,6.0,0.0759493670886076,80,0.0700000000000002,0.0096380417759241,0.0093753036393935,4.220764384040162e-16,8.596968520929297e-10,0.0001399197818458,3.46826463809353e-07,1.481671879610665e-15
green_green_f3a9f1d66842,6.0,0.0759493670886076,80,0.08,0.0098127392118488,0.0095812560605995,6.842555126140305e-16,9.801520111866802e-10,0.0001595244361395,3.954215433125202e-07,1.5812299144529605e-15
green_green_f3a9f1d66842,6.0,0.0759493670886076,80,0.0899999999999998,0.0100192819287193,0.0098157542045269,3.538835890992686e-16,1.130741800626993e-09,0.0001840336459098,4.561738003787506e-07,1.455741293517021e-15
green_green_f3a9f1d66842,6.0,0.0759493670886076,80,0.1000000000000005,0.0102607117296066,0.0100815714340494,1.173986207947996e-15,1.3203614690836215e-09,0.0002148951554982,5.326718344467007e-07,1.5667490078049896e-15
green_green_f3a9f1d66842,6.0,0.0759493670886076,80,0.1100000000000003,0.0105407350124838,0.0103820555761595,5.133374763649967e-16,1.5611224568938784e-09,0.0002540801598515,6.298017492791118e-07,1.5326274449786557e-15
green_green_f3a9f1d66842,6.0,0.0759493670886076,80,0.1200000000000001,0.0108638622304695,0.0107212489386387,4.863664723429877e-16,1.869697727692994e-09,0.0003043022636875,7.542898984792931e-07,1.6265936256331494e-15
green_green_f3a9f1d66842,6.0,0.0759493670886076,80,0.1299999999999999,0.0112355888129683,0.0111040433291419,2.306595211858756e-16,2.26931438569217e-09,0.0003693417895074,9.155067646754996e-07,1.823030510596648e-15
green_green_f3a9f1d66842,6.0,0.0759493670886076,80,0.1399999999999996,0.01166263146197,0.011536381719925,3.333559025893249e-16,2.792746763990901e-09,0.0004545329170594,1.1266744575275894e-06,1.5610988635683232e-15
green_green_f3a9f1d66842,6.0,0.0759493670886076,80,0.1500000000000003,0.0121532394343543,0.0120255229147332,4.815912307682034e-16,3.486880420343326e-09,0.0005675064955163,1.4067079610325491e-06,1.401114248051051e-15
green_green_f3a9f1d66842,6.0,0.0759493670886076,80,0.1600000000000001,0.0127176088144278,0.0125803924986378,4.673848563465896e-16,4.419784597146381e-09,0.0007193411202254,1.7830683675245383e-06,1.615019499656739e-15
green_green_f3a9f1d66842,6.0,0.0759493670886076,80,0.1699999999999999,0.013368440358002,0.0132120536946821,2.7755575615628914e-16,5.6918632760288866e-09,0.000926378020276,2.2962615341739407e-06,1.8907071176227898e-15
green_green_f3a9f1d66842,6.0,0.0759493670886076,80,0.1799999999999997,0.0141217006788079,0.0139343474790488,2.2982303784612184e-16,7.453768024753071e-09,0.0012131364601544,3.0070646412008585e-06,1.5059058252109964e-15
green_green_f3a9f1d66842,6.0,0.0759493670886076,80,0.1900000000000004,0.0149976764029722,0.0147647756880199,5.572324966150415e-16,9.935759273866668e-09,0.0016170924282072,4.008371376290284e-06,1.6411726778780057e-15
green_green_f3a9f1d66842,6.0,0.0759493670886076,80,0.2000000000000001,0.01602245836117,0.0157257394474965,2.626717347901611e-16,1.3496898491813805e-08,0.0021966848988383,5.44503747444636e-06,1.5430397174751349e-15
green_green_f3a9f1d66842,6.0,0.0759493670886076,80,0.2099999999999999,0.0172300700515351,0.016846307774116,4.060883542877794e-16,1.8709456733447565e-08,0.0030450537282148,7.547933556879281e-06,1.5418120415837977e-15
green_green_f3a9f1d66842,6.0,0.0759493670886076,80,0.2199999999999997,0.018665583339615,0.0181647950385667,5.37170786545413e-16,2.65075894431924e-08,0.0043142371908478,1.0693924827467872e-05,1.6932999727281985e-15
green_green_f3a9f1d66842,6.0,0.0759493670886076,80,0.2300000000000004,0.0203897852295009,0.0197326032991454,3.7751664318895333e-16,3.8456863225294086e-08,0.006259038752862,1.5514605932495525e-05,1.7526465198945049e-15
green_green_f3a9f1d66842,6.0,0.0759493670886076,80,0.2400000000000002,0.0224863503805505,0.0216200976846512,1.716587549445839e-15,5.725872168595767e-08,0.0093191313049153,2.309981700670221e-05,1.9624856288056603e-15
green_green_f3a9f1d66842,6.0,0.0759493670886076,80,0.25,0.0250731896950821,0.0239258514513404,6.6973807122470445e-16,8.77289020726479e-08,0.0142782991582506,3.5392365117610655e-05,2.203956294856948e-15
green_green_f3a9f1d66842,6.0,0.0759493670886076,80,0.2599999999999998,0.0283210060446973,0.0267916717428075,6.379255420885912e-16,1.3877248593061954e-07,0.0225858870023356,5.59848165689774e-05,1.7482274950273146e-15
green_green_f3a9f1d66842,6.0,0.0759493670886076,80,0.2700000000000004,0.0324847847542346,0.0304279326148823,3.723801229870909e-16,2.2755517345529333e-07,0.0370356947920309,9.180230908009904e-05,1.883501845909214e-15
green_green_f3a9f1d66842,6.0,0.0759493670886076,80,0.2800000000000002,0.0379595338593152,0.0351580960054727,6.628005886499562e-16,3.887784339988346e-07,0.0632755529336915,0.0001568444145641,1.98683226499759e-15
green_green_f3a9f1d66842,6.0,0.0759493670886076,80,0.29,0.0453837123226926,0.0415006853623753,1.3653937842860002e-15,6.965559744469501e-07,0.1133678223327731,0.0002810107363712,2.525051725596605e-15
green_green_f3a9f1d66842,6.0,0.0759493670886076,80,0.2999999999999998,0.0558412155211746,0.0503280876875564,7.200419022730858e-16,1.319618262882403e-06,0.2147741951281246,0.0005323720036656,2.6523449269752816e-15
green_green_f3a9f1d66842,6.0,0.0759493670886076,80,0.3100000000000005,0.071276135433769,0.0631902169041062,2.220446049250313e-16,2.6716934074371928e-06,0.4348309032629756,0.0010778380479448,2.0990130048087383e-15
green_green_f3a9f1d66842,6.0,0.0759493670886076,80,0.3200000000000003,0.0953713872091068,0.0829976223340888,7.2164496600635185e-16,5.856275051459635e-06,0.9531368244926284,0.0023625899783719,2.2198690163573386e-15
green_green_f3a9f1d66842,6.0,0.0759493670886076,80,0.33,0.1353001257899423,0.1154016009909733,1.1957467920563633e-15,1.407959012345911e-05,2.29152075380866,0.0056801120563793,4.813214165444503e-15
green_green_f3a9f1d66842,6.0,0.0759493670886076,80,0.3399999999999998,0.2034861217481394,0.1704485230446683,3.3766115072321304e-15,3.709971041653328e-05,6.03815563054615,0.0149670914122718,6.519460728507437e-15
green_green_f3a9f1d66842,6.0,0.0759493670886076,80,0.3500000000000005,0.3057222050661962,0.2554748962581786,6.064704420326656e-15,0.0001004334922391,16.346032080860763,0.0405177626002935,7.631621734960477e-15
green_green_f3a9f1d66842,6.0,0.0759493670886076,80,0.3600000000000003,0.3907772296292207,0.338191277704733,3.5596458096434965e-15,0.0002308995193502,37.580003110594426,0.0931515145095086,7.081072298455717e-15
green_green_f3a9f1d66842,6.0,0.0759493670886076,80,0.3700000000000001,0.4063196587750354,0.3661217403556981,1.2687668362298202e-14,0.0003892790356978,63.357028258801215,0.157046371703612,1.08900838405001e-14
green_green_f3a9f1d66842,6.0,0.0759493670886076,80,0.3799999999999999,0.392481851223016,0.3501050342770435,1.262448558341462e-14,0.0005070528222145,82.52527631794489,0.2045597083031005,1.1674744897907706e-14
green_green_f3a9f1d66842,6.0,0.0759493670886076,80,0.3899999999999997,0.3870258263309945,0.3384693121395824,1.1678469717464121e-14,0.0006066338926762,98.73257267022444,0.244733579414197,1.2213233114869186e-14
green_green_f3a9f1d66842,6.0,0.0759493670886076,80,0.4000000000000003,0.370138301699915,0.3273911463320826,1.3788683915077173e-15,0.0006903909347391,112.36443258103604,0.2785235818401271,9.578479416804871e-15
green_green_f3a9f1d66842,6.0,0.0759493670886076,80,0.4100000000000001,0.3141247636622714,0.2926055644445409,8.791228064756596e-15,0.0006962495198889,113.31794538511238,0.2808871037787085,8.672491394634243e-15
green_green_f3a9f1d66842,6.0,0.0759493670886076,80,0.4199999999999999,0.2734327369146073,0.2714397837941191,4.198002138650647e-15,0.0007104840054699,115.63467611679444,0.2866297051226192,7.732441799232747e-15
green_green_f3a9f1d66842,6.0,0.0759493670886076,80,0.4299999999999997,0.2752066901623181,0.2879527012108475,4.175623183732761e-15,0.0008051253170126,131.0380030365509,0.3248107352528702,1.0125987830602896e-14
green_green_f3a9f1d66842,6.0,0.0759493670886076,80,0.4400000000000004,0.2820099349582409,0.2980912829323497,1.5558603237759862e-15,0.0008749351558743,142.39988879948675,0.3529740343187801,9.945371390908384e-15
green_green_f3a9f1d66842,6.0,0.0759493670886076,80,0.4500000000000002,0.2552785225760776,0.2614472386019459,5.197342703367388e-16,0.0008226449180395,133.88940204743355,0.3318786467576408,7.604578343517521e-15
green_green_f3a9f1d66842,6.0,0.0759493670886076,80,0.4599999999999999,0.227074508684755,0.2265749516379918,1.1857187100668868e-15,0.0007754435232453,126.20714888300868,0.3128362450046181,6.965958897341741e-15
green_green_f3a9f1d66842,6.0,0.0759493670886076,80,0.4699999999999997,0.2340591189078107,0.2301569884013211,4.7236695442942186e-15,0.0008304163764294,135.15424413669365,0.3350138768395305,8.391034692528638e-15
green_green_f3a9f1d66842,6.0,0.0759493670886076,80,0.4800000000000004,0.2792311754548454,0.2719020775168489,3.4844027277880974e-15,0.0009589272551741,156.0700054018717,0.3868588656022185,7.823264944565289e-15
green_green_f3a9f1d66842,6.0,0.0759493670886076,80,0.4900000000000002,0.2975026913997664,0.2914235336329742,6.500008864485096e-15,0.0010179178959486,165.67101483679758,0.410657388637242,8.141506152604722e-15
green_green_f3a9f1d66842,6.0,0.0759493670886076,80,0.5,0.2452300140786062,0.2465476870504268,4.987361067513563e-15,0.000932293183887,151.7351826848888,0.3761139143570436,6.615792526475532e-15
green_green_f3a9f1d66842,6.0,0.0759493670886076,80,0.5099999999999998,0.1943916210631687,0.202835543223994,3.710641232780828e-15,0.0008605129590537,140.05260716413767,0.3471557048559105,8.412124456614643e-15
green_green_f3a9f1d66842,6.0,0.0759493670886076,80,0.5200000000000005,0.1812084751357826,0.1974229216327909,2.9688088179426015e-15,0.0008814267068388,143.45641982269547,0.3555929128922724,7.435877426247433e-15
green_green_f3a9f1d66842,6.0,0.0759493670886076,80,0.5300000000000002,0.2067658939872015,0.234037207539743,5.179000014432531e-15,0.0009948819028645,161.92179658725482,0.4013640057403904,7.371873907998077e-15
green_green_f3a9f1d66842,6.0,0.0759493670886076,80,0.54,0.2504555062705411,0.2896851675207388,4.088368965901677e-15,0.0011367334229571,185.00881115239815,0.4585909933464686,6.258687283651912e-15
green_green_f3a9f1d66842,6.0,0.0759493670886076,80,0.5499999999999998,0.2426920160121446,0.2818063773922989,5.011111411642429e-15,0.0011414889067221,185.7827889206719,0.4605094924242671,8.975814661096655e-15
green_green_f3a9f1d66842,6.0,0.0759493670886076,80,0.5600000000000005,0.1914972050037025,0.2212091102696015,3.745666090146335e-15,0.0010268159829501,167.11922113075593,0.414247133140653,7.212881317883234e-15
green_green_f3a9f1d66842,6.0,0.0759493670886076,80,0.5700000000000003,0.1612274849670745,0.1848096906716116,7.0375026875934054e-15,0.000951281011379,154.82554258785615,0.3837741506932036,7.42377015457783e-15
green_green_f3a9f1d66842,6.0,0.0759493670886076,80,0.5800000000000001,0.1647792788690069,0.187373462586058,4.841339424497384e-16,0.0009700647949127,157.88269335894043,0.391352069821429,8.856114799459335e-15
green_green_f3a9f1d66842,6.0,0.0759493670886076,80,0.5899999999999999,0.2025058249935163,0.2283708552078054,7.584182468735124e-15,0.0010943060383185,178.10355101509555,0.4414745647506813,6.498902814099204e-15
green_green_f3a9f1d66842,6.0,0.0759493670886076,80,0.6000000000000005,0.2584078625188065,0.2890378580256568,2.020064446043164e-15,0.0012808456435232,208.4637655515663,0.5167300126170176,7.902548353231017e-15
green_green_f3a9f1d66842,6.0,0.0759493670886076,80,0.6100000000000003,0.2618296941929389,0.2925397021290788,5.672756900112316e-15,0.0013279330639704,216.12746884491008,0.5357264338367176,7.797351518174255e-15
green_green_f3a9f1d66842,6.0,0.0759493670886076,80,0.6200000000000001,0.2045613636061726,0.231240872956684,6.369284759576442e-15,0.0011882489301719,193.3932067839831,0.4793738322682935,9.946226932012951e-15
green_green_f3a9f1d66842,6.0,0.0759493670886076,80,0.6299999999999999,0.1619436240285219,0.1869731846614874,3.816391647148976e-15,0.0010629567204907,173.00129933088974,0.4288273472825579,7.306084341328835e-15
green_green_f3a9f1d66842,6.0,0.0759493670886076,80,0.6399999999999997,0.1524061757717075,0.1801779185423565,2.0284370173088665e-15,0.0010432621216437,169.79590900348123,0.4208819790314292,6.212118342842564e-15
green_green_f3a9f1d66842,6.0,0.0759493670886076,80,0.6500000000000004,0.1702873787806249,0.2064714889680745,4.577924406959838e-15,0.0011526114521774,187.59303648628716,0.4649966475178394,8.029627514551308e-15
green_green_f3a9f1d66842,6.0,0.0759493670886076,80,0.6600000000000001,0.2094694868439511,0.2611117676299879,3.078742732723249e-15,0.0013614925341712,221.58943341756785,0.5492652904100696,1.1103763977453521e-14
green_green_f3a9f1d66842,6.0,0.0759493670886076,80,0.6699999999999999,0.2430759163590085,0.3082692802254328,4.12215999773166e-15,0.001512838622279,246.22173441963503,0.6103226601352416,8.748598519373815e-15
green_green_f3a9f1d66842,6.0,0.0759493670886076,80,0.6799999999999997,0.2146042281980602,0.2736058780941715,7.165025373129265e-15,0.0014219655455565,231.4317057720625,0.5736618444321144,1.0452503263073056e-14
green_green_f3a9f1d66842,6.0,0.0759493670886076,80,0.6900000000000004,0.16713306388026,0.213374617687448,6.107803453188451e-15,0.0012402955227099,201.8640390965749,0.5003709263013045,8.413028334901699e-15
green_green_f3a9f1d66842,6.0,0.0759493670886076,80,0.7000000000000002,0.1449198806061007,0.185183021660623,2.440607358886196e-15,0.0011585308545959,188.55644759224248,0.4673847048937513,5.482712162097123e-15
green_green_f3a9f1d66842,6.0,0.0759493670886076,80,0.71,0.1455519341578467,0.1853647929247668,4.1777673608052106e-15,0.0012037473871312,195.91565491372205,0.4856263560604041,5.701807743367979e-15
green_green_f3a9f1d66842,6.0,0.0759493670886076,80,0.7199999999999998,0.1703155895174225,0.2151592312390767,2.810860189311129e-15,0.0013446850129295,218.85392880360112,0.542484652393913,6.191306645999732e-15
green_green_f3a9f1d66842,6.0,0.0759493670886076,80,0.7300000000000004,0.2222210994619545,0.2790584531812068,4.189529226675416e-15,0.0015530468506813,252.76581624658309,0.6265438172080694,7.406389755845343e-15
green_green_f3a9f1d66842,6.0,0.0759493670886076,80,0.7400000000000002,0.2530490853989112,0.3202025258768007,2.7506413476837378e-15,0.0016608478147254,270.31093966435526,0.6700338300697526,6.8196858967753545e-15
green_green_f3a9f1d66842,6.0,0.0759493670886076,80,0.75,0.2107610203898451,0.2763381199135952,2.6852712547870858e-15,0.0015328744794736,249.48266617823964,0.6184057018298423,1.0697892792306202e-14
green_green_f3a9f1d66842,6.0,0.0759493670886076,80,0.7599999999999998,0.1591813120280278,0.2184449401534385,4.47545209131181e-16,0.0013775885179098,224.20913189363145,0.5557588737098148,7.443090994480637e-15
green_green_f3a9f1d66842,6.0,0.0759493670886076,80,0.7700000000000005,0.133596061423296,0.1850436389119673,3.48951172420846e-16,0.0013009741603527,211.73977810972852,0.5248504358763466,7.71225155539757e-15
green_green_f3a9f1d66842,6.0,0.0759493670886076,80,0.7800000000000002,0.1340741924200803,0.1835959645612716,1.8743235610632325e-15,0.0013196589252761,214.78081312754256,0.5323884080460739,7.334254924266828e-15
green_green_f3a9f1d66842,6.0,0.0759493670886076,80,0.79,0.1616705780902156,0.219084938787778,1.8041124150158798e-15,0.0014546686559878,236.75429368907004,0.586855220816896,5.655313749251421e-15
green_green_f3a9f1d66842,6.0,0.0759493670886076,80,0.7999999999999998,0.2155238885577788,0.2904605209980361,3.082868646173906e-15,0.0016813589085862,273.649218467434,0.6783085959192042,6.744365925749368e-15
green_green_f3a9f1d66842,6.0,0.0759493670886076,80,0.8100000000000005,0.2532142801936651,0.3414815581885648,7.557245523674388e-15,0.0018315134107145,298.08758314194785,0.7388852455503236,8.173933364798969e-15
green_green_f3a9f1d66842,6.0,0.0759493670886076,80,0.8200000000000003,0.2202832557853365,0.2980495700614953,5.503798373605287e-15,0.0017304405866708,281.63749674659084,0.6981095580914838,8.083676392449865e-15
green_green_f3a9f1d66842,6.0,0.0759493670886076,80,0.8300000000000001,0.1666824376618578,0.2253749462346945,3.3812853357651416e-15,0.0015212986471808,247.59864400793583,0.6137356777743155,6.318377394034987e-15
green_green_f3a9f1d66842,6.0,0.0759493670886076,80,0.8399999999999999,0.1397947959435252,0.1867970749077353,2.306595211858756e-15,0.0013945967802797,226.97730808803652,0.5626204964770952,8.004689752571116e-15
green_green_f3a9f1d66842,6.0,0.0759493670886076,80,0.8500000000000005,0.1417483273149578,0.1854916996221706,2.1812421540521875e-15,0.0013967684966877,227.33076533904256,0.563496629407384,6.914776346384671e-15
green_green_f3a9f1d66842,6.0,0.0759493670886076,80,0.8600000000000003,0.1650202595276229,0.2214324971940881,8.218322359563712e-15,0.0015349631082228,249.8226005146716,0.6192483148061998,7.745882728621319e-15
green_green_f3a9f1d66842,6.0,0.0759493670886076,80,0.8700000000000001,0.1971747446491159,0.2981993511277913,5.683864817105457e-15,0.0017951639581005,292.1715355635718,0.7242208297381617,8.666920691123488e-15
green_green_f3a9f1d66842,6.0,0.0759493670886076,80,0.8799999999999999,0.2200361088106457,0.3671839171702502,4.538376118200131e-15,0.002009461249238,327.0494464843081,0.8106745273505137,8.32144010693671e-15
green_green_f3a9f1d66842,6.0,0.0759493670886076,80,0.8899999999999997,0.1916019190259692,0.3263655639619936,3.997670156294199e-15,0.0019084479026788,310.60904033452687,0.7699228348214642,8.467295655205154e-15
green_green_f3a9f1d66842,6.0,0.0759493670886076,80,0.9000000000000004,0.1466741000840469,0.2441186147798461,5.283848109646522e-15,0.0016576702063378,269.793768674014,0.6687518913517388,9.321536898231662e-15
green_green_f3a9f1d66842,6.0,0.0759493670886076,80,0.91,0.123999899978619,0.1987016603413744,1.2378488856700097e-15,0.0014977765537377,243.77031059586503,0.6042461879961376,8.387241282523997e-15
green_green_f3a9f1d66842,6.0,0.0759493670886076,80,0.92,0.1252600458330778,0.1927562927260842,1.837746106097754e-15,0.0014775734344678,240.4821561330802,0.5960956679642957,7.254427905588389e-15
green_green_f3a9f1d66842,6.0,0.0759493670886076,80,0.9299999999999996,0.1514579599487547,0.2246018093670355,2.232383552191785e-15,0.0016023414225675,260.7887440120133,0.6464306668698698,7.035431289447295e-15
green_green_f3a9f1d66842,6.0,0.0759493670886076,80,0.9400000000000004,0.2086525062098655,0.3005226777407688,4.25086404278222e-15,0.0018679552091592,304.01866044675523,0.7535869163295906,7.0088200429205865e-15
green_green_f3a9f1d66842,6.0,0.0759493670886076,80,0.9500000000000002,0.2751241726871061,0.3881628896036928,5.933464366067994e-16,0.0021424445547657,348.6931166376693,0.8643238218542069,9.025768115565614e-15
green_green_f3a9f1d66842,6.0,0.0759493670886076,80,0.96,0.2659073554070232,0.3704407387671791,4.7102773760513246e-15,0.0021083771521365,343.1484836285724,0.8505800507140916,1.1104944111272023e-14
green_green_f3a9f1d66842,6.0,0.0759493670886076,80,0.9699999999999998,0.1971188553053322,0.2800985094611612,4.493661122171018e-15,0.0018406018104362,299.5667637429945,0.7425517676848503,5.810491064495918e-15
green_green_f3a9f1d66842,6.0,0.0759493670886076,80,0.9800000000000004,0.1450086397645306,0.221403140724359,3.431379505097885e-15,0.0016387856389398,266.72021484611867,0.6611333131107434,6.575808983945783e-15
green_green_f3a9f1d66842,6.0,0.0759493670886076,80,0.9900000000000002,0.1224800578144454,0.2069252653396202,2.416210139954931e-15,0.0015850831807965,257.9798824723144,0.6394681952143837,7.584428054217896e-15
green_green_f3a9f1d66842,6.0,0.0759493670886076,80,1.0,0.1240983873249772,0.2327823292068982,2.0848605057772343e-15,0.0016863148572733,274.4558228622953,0.6803079683186782,5.330830464884252e-15
green_green_f3a9f1d66842,6.0,0.0759493670886076,80,1.0099999999999998,0.1493728790255998,0.3048538796429733,2.453818937520096e-15,0.0019483954088351,317.11068836670245,0.7860388090331375,7.871347236887981e-15
green_green_f3a9f1d66842,6.0,0.0759493670886076,80,1.0200000000000005,0.1906963569423324,0.4074017189214397,3.4484278217209347e-15,0.0022830447176362,371.57646681914144,0.9210459759259518,7.740104928132615e-15
green_green_f3a9f1d66842,6.0,0.0759493670886076,80,1.0300000000000002,0.199666414352309,0.4250557586404198,3.930809903619717e-15,0.0023555246744381,383.3729270704876,0.9502864774509346,8.810969682760633e-15
green_green_f3a9f1d66842,6.0,0.0759493670886076,80,1.04,0.1667600741521381,0.333894629718969,1.9357897336214603e-15,0.0020957516292856,341.0936192904235,0.8454865512631511,5.253915026585079e-15
green_green_f3a9f1d66842,6.0,0.0759493670886076,80,1.0499999999999998,0.144317722968561,0.2609798012929165,2.079678070305694e-15,0.0018548736840127,301.88957955008703,0.7483094524226745,5.249954545350794e-15
green_green_f3a9f1d66842,6.0,0.0759493670886076,80,1.0600000000000005,0.1387357519899314,0.2356083547312044,8.011042414807432e-16,0.0017775210991382,289.30007573312616,0.717103192433232,7.487243790494197e-15
green_green_f3a9f1d66842,6.0,0.0759493670886076,80,1.0700000000000005,0.1480097977541241,0.25209178203216,2.5661526972978118e-15,0.001860700074039,302.8378524435434,0.7506599859214034,4.034082383281361e-15
green_green_f3a9f1d66842,6.0,0.0759493670886076,80,1.08,0.1852736475947939,0.3178826867274956,3.526706052515969e-15,0.0021054795449682,342.67688417828003,0.8494110725501653,7.21631005652889e-15
green_green_f3a9f1d66842,6.0,0.0759493670886076,80,1.09,0.2475653930994535,0.4272248855276715,3.0577777378369333e-15,0.0024537584550312,399.360945541219,0.98991681303584,1.2916255384569479e-14
green_green_f3a9f1d66842,6.0,0.0759493670886076,80,1.1000000000000003,0.2740502126819737,0.4867195705393044,1.901256929670581e-15,0.0026466968406673,430.7625922521468,1.0677537131714598,7.19653814923649e-15
green_green_f3a9f1d66842,6.0,0.0759493670886076,80,1.1100000000000003,0.2245758872646733,0.4168518048471705,3.0426238769654992e-15,0.0025021288136964,407.23345317664433,1.0094308084729706,7.369827292930666e-15
green_green_f3a9f1d66842,6.0,0.0759493670886076,80,1.12,0.1632253602294,0.3197340267299577,1.577923392343183e-15,0.0022317954385476,363.2354010907085,0.9003705410958789,1.0099160004095307e-14
green_green_f3a9f1d66842,6.0,0.0759493670886076,80,1.13,0.129796158733491,0.274034704257121,3.2388509105990657e-15,0.0020820496700369,338.8635597708736,0.8399587863749695,5.429694391390979e-15
green_green_f3a9f1d66842,6.0,0.0759493670886076,80,1.1400000000000006,0.12218707639907,0.2823400787810128,2.206360957704289e-15,0.0021167567893374,344.5123097333654,0.8539606376399441,7.266334266714753e-15
green_green_f3a9f1d66842,6.0,0.0759493670886076,80,1.1500000000000004,0.1371679396839177,0.3462661762777738,6.206335383118183e-16,0.0023589228599553,383.9259980455496,0.9516574033342198,6.489478265597927e-15
green_green_f3a9f1d66842,6.0,0.0759493670886076,80,1.16,0.1751199513860623,0.472087289482445,6.314393452555578e-15,0.0027933578408826,454.6323727514933,1.1269209835407614,7.652911878986732e-15
green_green_f3a9f1d66842,6.0,0.0759493670886076,80,1.17,0.2074583419951574,0.5734838451791278,2.7420485960113413e-15,0.003135975774185,510.3950830225359,1.2651429230019289,7.823067839845421e-15
green_green_f3a9f1d66842,6.0,0.0759493670886076,80,1.1799999999999995,0.1844890380303666,0.5008504836388893,2.860979249076398e-16,0.0029849022171822,485.80713776361705,1.204195500171627,8.246459143881323e-15
green_green_f3a9f1d66842,6.0,0.0759493670886076,80,1.1900000000000004,0.1453945067518018,0.3795909870693755,1.7785780651003302e-15,0.0026341606070581,428.7222601659058,1.062696235571566,1.132206819323642e-14
green_green_f3a9f1d66842,6.0,0.0759493670886076,80,1.2000000000000002,0.1284122795458051,0.3217488323129604,4.747501759154487e-15,0.0024411632162641,397.3110100828132,0.9848355310562932,9.162039165833588e-15
green_green_f3a9f1d66842,6.0,0.0759493670886076,80,1.21,0.1369371957670499,0.3311947128562172,3.154015432547684e-15,0.0024810750769003,403.8068566358103,1.000937124838823,7.850843504496998e-15
green_green_f3a9f1d66842,6.0,0.0759493670886076,80,1.2199999999999998,0.1731237333581895,0.4098635186210575,1.5021383168150949e-15,0.0027657488098399,450.1388706628529,1.1157827054576934,8.17081465719872e-15
green_green_f3a9f1d66842,6.0,0.0759493670886076,80,1.2300000000000004,0.2371735174031972,0.556178049304394,4.424294472881988e-15,0.0032353034654692,526.561140699626,1.3052145736571286,9.033823454412736e-15
green_green_f3a9f1d66842,6.0,0.0759493670886076,80,1.2400000000000002,0.2790988651874729,0.6510373214292771,6.856828253729154e-15,0.0035195314036082,572.8205994868988,1.4198803078174882,1.2634699100488272e-14
green_green_f3a9f1d66842,6.0,0.0759493670886076,80,1.25,0.2413630080272789,0.563301105525807,2.0658801409477067e-15,0.0033076191686606,538.3308678888534,1.334388810546194,9.687806087082847e-15
green_green_f3a9f1d66842,6.0,0.0759493670886076,80,1.2599999999999998,0.1832371147582548,0.4388924182627198,4.041272810440265e-16,0.0029759890867674,484.3564830820633,1.200599686722137,8.301533143472766e-15
green_green_f3a9f1d66842,6.0,0.0759493670886076,80,1.2700000000000005,0.1483775687970157,0.3778118928880555,2.4126604949548917e-15,0.002796271057333,455.10651268723376,1.1280962589385264,9.106887210863936e-15
green_green_f3a9f1d66842,6.0,0.0759493670886076,80,1.2800000000000002,0.139318290697638,0.3922200759918451,1.6026892296478617e-15,0.0028466942069306,463.31312188267793,1.1484384093447848,6.154667731471377e-15
green_green_f3a9f1d66842,6.0,0.0759493670886076,80,1.29,0.14576881201882,0.4844925170220452,4.371537578442642e-16,0.0031619936077846,514.6296101032093,1.2756392662203029,7.949695583008512e-15
green_green_f3a9f1d66842,6.0,0.0759493670886076,80,1.2999999999999998,0.1668079894381808,0.6484399829485663,2.6113852161422537e-15,0.0036854819445662,599.8298451663808,1.4868295343356228,6.202964508416084e-15
green_green_f3a9f1d66842,6.0,0.0759493670886076,80,1.3100000000000005,0.1780213644091446,0.7276513857860131,2.3695713107920386e-15,0.0039499413440524,642.8718795685456,1.5935200707981396,7.282821632538995e-15
green_green_f3a9f1d66842,6.0,0.0759493670886076,80,1.3200000000000005,0.1565993289958921,0.595723895592636,1.2794876322097686e-15,0.0036178568504437,588.8235370777745,1.45954762420393,6.555283909237476e-15
green_green_f3a9f1d66842,6.0,0.0759493670886076,80,1.33,0.1401891396828198,0.4588905880100117,1.4054343769901537e-15,0.0032033003568931,521.3524814385638,1.2923035981762596,9.536432613702214e-15
green_green_f3a9f1d66842,6.0,0.0759493670886076,80,1.34,0.1440965276576744,0.4112436297686621,2.013188261183861e-15,0.003044494601617,495.50608386246,1.228236783925508,1.114108155743271e-14
green_green_f3a9f1d66842,6.0,0.0759493670886076,80,1.3500000000000003,0.1675391766614647,0.4497500311238748,1.916542091876757e-15,0.0031757606558728,516.8702631432546,1.2811932898204723,6.723082958556992e-15
green_green_f3a9f1d66842,6.0,0.0759493670886076,80,1.3600000000000003,0.2189190203319035,0.575180650593234,5.389157964038493e-16,0.0035608751573373,579.5494935015456,1.4365595685028552,6.9264337271258336e-15
green_green_f3a9f1d66842,6.0,0.0759493670886076,80,1.37,0.2820566815398471,0.7377974342360029,2.0023007679244668e-15,0.0040275584977485,655.5044432289014,1.6248330654681165,7.634813167072365e-15
green_green_f3a9f1d66842,6.0,0.0759493670886076,80,1.38,0.2809409108490653,0.7387481706237994,7.550332863779067e-16,0.0040625757081489,661.2036620036913,1.6389600164114355,8.113397156394204e-15
green_green_f3a9f1d66842,6.0,0.0759493670886076,80,1.3900000000000006,0.2133652621004041,0.5727754777205664,1.878377932716794e-15,0.0036108239870854,587.6789048688222,1.4567103646245076,7.260995207501268e-15
green_green_f3a9f1d66842,6.0,0.0759493670886076,80,1.4000000000000004,0.1617490556628218,0.4545942346304065,1.6014269617894046e-15,0.0032382875315512,527.0468117523741,1.3064184318362717,9.44651808482326e-15
green_green_f3a9f1d66842,6.0,0.0759493670886076,80,1.41,0.1415985407966339,0.43079716815743,4.552252871008668e-16,0.0031581011125129,513.9960878471591,1.274068921549147,7.262894622610308e-15
green_green_f3a9f1d66842,6.0,0.0759493670886076,80,1.42,0.1441596653360009,0.4980294242683192,1.3221278931232278e-15,0.0033801422586645,550.1343482754983,1.3636467132468333,6.586396245473211e-15
green_green_f3a9f1d66842,6.0,0.0759493670886076,80,1.4299999999999995,0.1643475609436126,0.6557540397119036,2.361939247836709e-15,0.0038552738191956,627.4642863063212,1.5553284654622173,6.928976671528673e-15
green_green_f3a9f1d66842,6.0,0.0759493670886076,80,1.4400000000000004,0.1858376003604363,0.7857756289198925,2.808358724330941e-15,0.0042060672804403,684.557602922361,1.6968486482973193,5.437933868468944e-15
green_green_f3a9f1d66842,6.0,0.0759493670886076,80,1.4500000000000002,0.1711153563667819,0.6860512195895067,2.133436251114702e-15,0.0039377900385928,640.8941963830038,1.5886178842972192,7.256983053423553e-15
green_green_f3a9f1d66842,6.0,0.0759493670886076,80,1.46,0.1438479761373927,0.5163622841113727,1.994977250515961e-15,0.0034334919563037,558.8172671870446,1.385169517398642,6.960613502963916e-15
green_green_f3a9f1d66842,6.0,0.0759493670886076,80,1.4699999999999998,0.1366672691900278,0.4326956423867915,9.856160834467557e-16,0.0031525633668352,513.094793204467,1.2718348354917572,4.0447894190024216e-15
green_green_f3a9f1d66842,6.0,0.0759493670886076,80,1.4800000000000004,0.1572681330519189,0.4440401426706019,2.288783399261119e-15,0.0031856867738138,518.4857863983552,1.285197771605504,4.2272148528358865e-15
green_green_f3a9f1d66842,6.0,0.0759493670886076,80,1.4900000000000002,0.2123731654473409,0.5516305482791041,1.0934428697813141e-15,0.0035230404839001,573.3917191178748,1.4212959718459064,4.076173970133476e-15
green_green_f3a9f1d66842,6.0,0.0759493670886076,80,1.5,0.2908433351347845,0.72284371936265,3.913536161803677e-15,0.0039945054671499,650.1249041280507,1.6114985212124275,3.668198491679303e-15
green_green_f3a9f1d66842,6.0,0.0759493670886076,80,1.5099999999999998,0.3027679556558564,0.7491040836886722,8.95090418262362e-16,0.004037655278965,657.1477427497869,1.628906397732434,4.4091294392966406e-15
green_green_f3a9f1d66842,6.0,0.0759493670886076,80,1.5200000000000005,0.2273642145886273,0.5826731572533307,1.8452761694870047e-15,0.003550605976345,577.8781350911079,1.4324166852049882,2.883827714593809e-15
green_green_f3a9f1d66842,6.0,0.0759493670886076,80,1.5300000000000002,0.1626789145325521,0.4502794725729012,6.206335383118183e-16,0.0031194045374115,507.69803483790537,1.2584576089437025,5.165623856102078e-15
green_green_f3a9f1d66842,6.0,0.0759493670886076,80,1.54,0.1324421240836459,0.4125005128812519,3.386180225106728e-15,0.0029792047396492,484.879845996124,1.2018969736845506,4.377663675039179e-15
green_green_f3a9f1d66842,6.0,0.0759493670886076,80,1.5499999999999998,0.1293369599485074,0.4650617749912899,6.145525706514757e-16,0.0031426965093965,511.4889148800688,1.2678542610996937,4.959043104522512e-15
green_green_f3a9f1d66842,6.0,0.0759493670886076,80,1.5600000000000005,0.1482079214637089,0.6065800940003808,1.5134435873613781e-15,0.0035523984739571,578.169872666077,1.4331398303539615,4.415787707041425e-15
green_green_f3a9f1d66842,6.0,0.0759493670886076,80,1.5700000000000005,0.1683303001055852,0.73027600315629,1.853477959827489e-15,0.003856699693852,627.6963542386181,1.5559037043545194,4.004187931958626e-15
green_green_f3a9f1d66842,6.0,0.0759493670886076,80,1.58,0.1550814932831305,0.6395514388024379,5.85010898289606e-16,0.0035819567369441,582.9806215932429,1.4450644847285643,4.615876800769844e-15
green_green_f3a9f1d66842,6.0,0.0759493670886076,80,1.59,0.1344530453362267,0.4802849687740166,1.2980566125409634e-15,0.0030919526149103,503.2301029171689,1.24738271296998,3.6913081320756666e-15
green_green_f3a9f1d66842,6.0,0.0759493670886076,80,1.6000000000000003,0.1345719016861063,0.400786701288028,1.0371267395744221e-15,0.0028168155651835,458.4502297772447,1.1363845049535457,5.179469736603158e-15
green_green_f3a9f1d66842,6.0,0.0759493670886076,80,1.6100000000000003,0.1621353471568968,0.40879218669723,9.501978519912239e-16,0.0028304153399021,460.6636582749204,1.1418710456600558,2.3253911799004224e-15
green_green_f3a9f1d66842,6.0,0.0759493670886076,80,1.62,0.2252678382087381,0.5039168832683796,3.5055632627505204e-15,0.0031141690419094,506.8459328594905,1.256345459309966,5.1353374924723e-15
green_green_f3a9f1d66842,6.0,0.0759493670886076,80,1.63,0.3096846376163849,0.6508753453333096,2.1096063413561365e-15,0.003499139724575,569.501756019154,1.411653717347803,4.7851985867433976e-15
green_green_f3a9f1d66842,6.0,0.0759493670886076,80,1.6400000000000006,0.3164285258546111,0.6606681318029917,1.793620188084545e-15,0.0034892468907197,567.8916499084892,1.407662663321327,5.4066688181820465e-15
green_green_f3a9f1d66842,6.0,0.0759493670886076,80,1.6500000000000004,0.2344634263597087,0.5121653253604002,1.5632082117998628e-15,0.0030509746477566,496.5607424202972,1.230851021121383,2.946860483244787e-15
green_green_f3a9f1d66842,6.0,0.0759493670886076,80,1.66,0.1673367415188327,0.4018730561599997,5.4672143489065705e-16,0.0026911055303732,437.9903192824225,1.0856694572801062,2.6882112520888616e-15
green_green_f3a9f1d66842,6.0,0.0759493670886076,80,1.67,0.1363134815991562,0.3763667685388967,4.002966042486721e-16,0.0025922695837657,421.904295407612,1.0457961905865134,3.7722501901294786e-15
green_green_f3a9f1d66842,6.0,0.0759493670886076,80,1.6799999999999995,0.1330662581022111,0.4327822650885622,1.886205287413473e-15,0.0027581990337963,448.9101084376214,1.1127369084172942,4.879514975724863e-15
green_green_f3a9f1d66842,6.0,0.0759493670886076,80,1.6900000000000004,0.1504809709964533,0.5621418585857357,8.570464491091046e-16,0.0031091021721621,506.0212755306155,1.2543013381610075,4.549876885264207e-15
green_green_f3a9f1d66842,6.0,0.0759493670886076,80,1.7000000000000002,0.1636068978750899,0.6386524915491898,3.3436991870863195e-16,0.0032759249438492,533.1724809404961,1.3216024476698662,3.559296085418575e-15
green_green_f3a9f1d66842,6.0,0.0759493670886076,80,1.71,0.1485630810731233,0.5313983370483425,2.8417508048213415e-15,0.002961128431396,481.9378402167476,1.194604470455154,5.5361414498909445e-15
green_green_f3a9f1d66842,6.0,0.0759493670886076,80,1.7199999999999998,0.1364197946506123,0.4061190564176105,1.7388818282700985e-15,0.0025731675083671,418.7953411104511,1.0380898633552698,4.3896525584578615e-15
green_green_f3a9f1d66842,6.0,0.0759493670886076,80,1.7300000000000004,0.148029109001122,0.3577595874245286,1.0429598422709816e-15,0.0024029448108835,391.09078148673245,0.9694171258843948,3.964918081859246e-15
green_green_f3a9f1d66842,6.0,0.0759493670886076,80,1.7400000000000002,0.1913953513927825,0.3877987959572513,1.6946818973100072e-15,0.0024838949007009,404.26579647030434,1.0020747229525326,4.212682043803333e-15
green_green_f3a9f1d66842,6.0,0.0759493670886076,80,1.75,0.2731517660822666,0.4931019057654942,3.614624287906422e-15,0.0027716296162665,451.09600008619793,1.1181551920991588,4.431311171063411e-15
green_green_f3a9f1d66842,6.0,0.0759493670886076,80,1.7599999999999998,0.3448908347315159,0.5937935143388144,3.347396065069824e-15,0.0030050748924307,489.0903373160508,1.21233373820865,4.0261509339375866e-15
green_green_f3a9f1d66842,6.0,0.0759493670886076,80,1.7700000000000005,0.3018658088473767,0.5290070948217865,2.22668229633922e-15,0.0028067404460323,456.8104558612746,1.1323199117900935,4.257347645450281e-15
green_green_f3a9f1d66842,6.0,0.0759493670886076,80,1.7800000000000002,0.2131845687200286,0.4041402311023742,8.671119018262734e-16,0.0024349162318273,396.2942834338009,0.982315317661976,3.8916329124278e-15
green_green_f3a9f1d66842,6.0,0.0759493670886076,80,1.79,0.1585992053502623,0.3442693522363407,2.0014830212433605e-15,0.0022341642979627,363.6209443107148,0.9013262071916672,3.912476974882275e-15
green_green_f3a9f1d66842,6.0,0.0759493670886076,80,1.7999999999999998,0.1386479600019334,0.3599258110079175,3.4331750988916783e-16,0.0022678342982664,369.100898187212,0.914909654791068,4.4519405444032845e-15
green_green_f3a9f1d66842,6.0,0.0759493670886076,80,1.8100000000000005,0.1442374348281221,0.4483575903029684,6.826968921430001e-16,0.0025048131960362,407.6703492644433,1.010513765601583,4.595479532595388e-15
green_green_f3a9f1d66842,6.0,0.0759493670886076,80,1.8200000000000005,0.15966804383278,0.5489182930653183,9.981072631265956e-16,0.0027372581104386,445.5018728244151,1.1042887369724692,3.578386455626669e-15
green_green_f3a9f1d66842,6.0,0.0759493670886076,80,1.83,0.1548744052479136,0.5060484377506997,7.428040550563629e-16,0.0025983035066063,422.8863452609816,1.0482304487981464,4.4462811010403205e-15
green_green_f3a9f1d66842,6.0,0.0759493670886076,80,1.84,0.1437453717815354,0.3899668300110454,2.618455766672135e-16,0.0022613795416174,368.0503556151498,0.9123056201038874,3.3687736601104538e-15
green_green_f3a9f1d66842,6.0,0.0759493670886076,80,1.8500000000000003,0.1539821387195552,0.3302447898241538,5.474255194514172e-16,0.0020669033450514,336.39842280708933,0.8338483227602088,3.0744062103265053e-15
green_green_f3a9f1d66842,6.0,0.0759493670886076,80,1.8600000000000003,0.1967674247704258,0.3430200090531947,2.914203267236168e-15,0.0020897807656333,340.1218326221022,0.8430777329437935,4.069046031552833e-15
green_green_f3a9f1d66842,6.0,0.0759493670886076,80,1.87,0.2800539663957923,0.4245782724896656,3.510833468576701e-16,0.0022994135469589,374.2405722213292,0.9276496329904896,2.903953290753788e-15
green_green_f3a9f1d66842,6.0,0.0759493670886076,80,1.88,0.3594291182756407,0.51295511770553,2.3420180361420893e-15,0.0024946000143664,406.008105012049,1.006393474042809,3.5044191404100397e-15
green_green_f3a9f1d66842,6.0,0.0759493670886076,80,1.8900000000000008,0.321952913952347,0.4671455838950969,1.6011864169946884e-15,0.0023519321596334,382.78822807279016,0.9488371535376946,4.085885763889485e-15
green_green_f3a9f1d66842,6.0,0.0759493670886076,80,1.9000000000000004,0.2288472691182232,0.3628285598285536,1.3426356273935429e-15,0.0020534561814451,334.2098324991743,0.8284233497706338,5.0878980437158804e-15
green_green_f3a9f1d66842,6.0,0.0759493670886076,80,1.91,0.1698007165672167,0.3144414345753745,4.335559509131367e-16,0.0018967874169515,308.7112404121325,0.7652186591329526,3.890563764861844e-15
green_green_f3a9f1d66842,6.0,0.0759493670886076,80,1.92,0.1478047425561225,0.3355284960073507,6.707437923744494e-16,0.0019413170091401,315.95864490076485,0.7831831787843304,3.4453744146516546e-15
green_green_f3a9f1d66842,6.0,0.0759493670886076,80,1.93,0.1517757863228757,0.418268038371368,1.0792824369061189e-15,0.0021408329469768,348.4308197481459,0.8636736528683662,3.852864352992193e-15
green_green_f3a9f1d66842,6.0,0.0759493670886076,80,1.9400000000000004,0.1613735894902059,0.4806787060186051,1.3036674869331784e-15,0.0022630696381555,368.32542692468905,0.9129874537111464,4.585352805735329e-15
green_green_f3a9f1d66842,6.0,0.0759493670886076,80,1.95,0.15521427089286,0.4143192823902761,7.409036255809333e-16,0.0020747645755507,337.6778757372951,0.837019769495899,6.520813503624006e-15
green_green_f3a9f1d66842,6.0,0.0759493670886076,80,1.96,0.155770554864605,0.327358091912279,1.0007415106216805e-15,0.001826079767446,297.20323166513725,0.7366931574022404,4.165360334769897e-15
green_green_f3a9f1d66842,6.0,0.0759493670886076,80,1.97,0.1848840015155899,0.3010071271998128,2.1556631856153973e-15,0.0017352320834254,282.4173358014684,0.7000425858462087,2.0207307880133878e-15
green_green_f3a9f1d66842,6.0,0.0759493670886076,80,1.9800000000000004,0.2546474677480559,0.3407392814300202,2.085919684541963e-15,0.0018254188621415,297.09566616015707,0.7364265291726374,3.688800063701909e-15
green_green_f3a9f1d66842,6.0,0.0759493670886076,80,1.99,0.3521378229493471,0.4231452928258946,1.5143967042278984e-15,0.0020051737551374,326.3516362762605,0.8089448287784157,6.165419169368168e-15
green_green_f3a9f1d66842,6.0,0.0759493670886076,80,2.0,0.3676260495919961,0.4349607332594583,2.027677303043527e-15,0.0020027030386997,325.9495153377835,0.8079480706268817,3.876188249586732e-15
green_green_f3a9f1d66842,6.0,0.0759493670886076,80,2.01,0.2765499908234629,0.3513043663248527,3.376611507232129e-16,0.0017770143391953,289.2175981243187,0.7168987508808767,4.7643391269087205e-15
green_green_f3a9f1d66842,6.0,0.0759493670886076,80,2.0200000000000005,0.1989360223425871,0.2940122650139121,2.9893669801409083e-16,0.0016086385116949,261.81362543947967,0.6489710939390265,3.3835441583614028e-15
green_green_f3a9f1d66842,6.0,0.0759493670886076,80,2.03,0.163671413219523,0.2998663365704359,8.886119947416683e-16,0.0016064011226066,261.44947964509913,0.6480684667585813,5.956156233955897e-15
green_green_f3a9f1d66842,6.0,0.0759493670886076,80,2.04,0.1593087947492502,0.3628293505970432,5.578801654593729e-16,0.0017416762717051,283.466158320804,0.7026423569489493,5.2063812126464104e-15
green_green_f3a9f1d66842,6.0,0.0759493670886076,80,2.05,0.1659032988190642,0.4146887009042725,3.725457500535247e-16,0.0018313066844059,298.0539374447208,0.7388018462050865,3.927044390162025e-15
green_green_f3a9f1d66842,6.0,0.0759493670886076,80,2.0600000000000005,0.1641826227953614,0.3621694235117423,1.0826675909080688e-15,0.0016851469752292,274.26574446380147,0.6798368110746712,4.041438492305349e-15
green_green_f3a9f1d66842,6.0,0.0759493670886076,80,2.0700000000000003,0.1738504655926573,0.2932994650350229,1.7129935385950504e-15,0.0014972037758474,243.6770882498005,0.60401511290292,5.7341687166071314e-15
green_green_f3a9f1d66842,6.0,0.0759493670886076,80,2.08,0.2172752153005748,0.2793241517635762,1.2523886564118045e-15,0.0014431893123874,234.88597551575893,0.5822241230780927,3.879499197921826e-15
green_green_f3a9f1d66842,6.0,0.0759493670886076,80,2.09,0.3052204106609723,0.3236743928935637,4.335559509131367e-16,0.0015301518177384,249.0395399354232,0.6173073016909237,4.492148801507004e-15
green_green_f3a9f1d66842,6.0,0.0759493670886076,80,2.1000000000000005,0.3918853132537527,0.3812950856298899,1.961241261275672e-15,0.0016308807588919,265.43365774272326,0.6579442568902945,6.410251624083236e-15
green_green_f3a9f1d66842,6.0,0.0759493670886076,80,2.1100000000000003,0.3549467374183383,0.3522426519816937,1.6699540590904642e-15,0.0015397131077213,250.5956856922957,0.6211646013729811,4.135069011548545e-15
green_green_f3a9f1d66842,6.0,0.0759493670886076,80,2.12,0.2562834808847631,0.2861071167416643,2.1094237467877974e-15,0.0013666828255366,222.4341782061485,0.551359203393488,5.3472469486289945e-15
green_green_f3a9f1d66842,6.0,0.0759493670886076,80,2.13,0.1946716424702372,0.2661943470956815,1.1157603309187458e-15,0.0012995855622522,211.5137771155074,0.5242902354199908,2.660450570902212e-15
green_green_f3a9f1d66842,6.0,0.0759493670886076,80,2.140000000000001,0.1737729757473447,0.3020257201896468,6.087272963323596e-16,0.0013609830277991,221.5065088142541,0.5490597408691025,2.884992711941501e-15
green_green_f3a9f1d66842,6.0,0.0759493670886076,80,2.1500000000000004,0.1753284957297854,0.3523436156313994,7.719655905816142e-16,0.0014404153970991,234.4345075115972,0.581105045780083,4.910815731729567e-15
green_green_f3a9f1d66842,6.0,0.0759493670886076,80,2.16,0.1782247361447775,0.3264333182831684,2.6391159601052014e-15,0.0013585896380337,221.11697316220116,0.5480941785236878,6.0684426979198345e-15
green_green_f3a9f1d66842,6.0,0.0759493670886076,80,2.17,0.1938833298753548,0.268944463332821,6.667118051786499e-16,0.0012115994883204,197.1936220049672,0.4887941197695389,4.4735695559244155e-15
green_green_f3a9f1d66842,6.0,0.0759493670886076,80,2.18,0.2468144835618117,0.2556404234437205,1.770274895463106e-15,0.0011613891221977,189.02164433960087,0.4685378123438439,4.7714043827961295e-15
green_green_f3a9f1d66842,6.0,0.0759493670886076,80,2.1900000000000004,0.3447737628147559,0.2924065922480887,2.0014830212433605e-15,0.0012173161585886,198.12403748207976,0.4911003891586373,2.9816693894993537e-15
green_green_f3a9f1d66842,6.0,0.0759493670886076,80,2.2,0.4152048088308777,0.3266863838075735,3.75794119944185e-15,0.0012568999761176,204.5664934475754,0.5070696409061856,6.684652503715551e-15
green_green_f3a9f1d66842,6.0,0.0759493670886076,80,2.21,0.351001246316023,0.2895047037858449,2.7109682159298164e-15,0.0011565709628826,188.2374658252361,0.4665940281444657,4.107586734515358e-15
green_green_f3a9f1d66842,6.0,0.0759493670886076,80,2.22,0.2554729706844498,0.2464579916336999,1.1389935954777104e-15,0.0010457616869328,170.20272523073743,0.4218903756402407,4.620669707549762e-15
green_green_f3a9f1d66842,6.0,0.0759493670886076,80,2.2300000000000004,0.2051255337525226,0.2503542902334984,1.047382306668854e-15,0.0010321863247066,167.99326998317397,0.4164136836360952,4.522711615237063e-15
green_green_f3a9f1d66842,6.0,0.0759493670886076,80,2.24,0.1929030802008765,0.2892995929892989,1.1089212187938556e-15,0.0010821224887169,176.12061994093915,0.4365593700344349,7.439549344331354e-15
green_green_f3a9f1d66842,6.0,0.0759493670886076,80,2.25,0.1969240908035935,0.2916885796208683,2.6447382706563184e-15,0.0010573735962616,172.092619111526,0.4265749542109132,6.656898729569389e-15
green_green_f3a9f1d66842,6.0,0.0759493670886076,80,2.26,0.2162311660741344,0.2474294739080282,1.7554167342883505e-15,0.0009495406712778,154.5422938976813,0.3830720473858924,4.537537252757739e-15
green_green_f3a9f1d66842,6.0,0.0759493670886076,80,2.2700000000000005,0.2749032355643389,0.2301443138192449,1.609823385706477e-15,0.0008940361146355,145.50866135855674,0.3606799110663328,3.1044490050201818e-15
green_green_f3a9f1d66842,6.0,0.0759493670886076,80,2.28,0.3782731302704063,0.2550172659914808,3.563539207208429e-15,0.0009156707106643,149.02979552265964,0.3694079300399383,5.5812864488417505e-15
green_green_f3a9f1d66842,6.0,0.0759493670886076,80,2.29,0.4360400692171476,0.2735671731690543,1.8695394253863585e-15,0.0009190817546132,149.58495926909072,0.3707840433848115,3.806084238069845e-15
green_green_f3a9f1d66842,6.0,0.0759493670886076,80,2.3,0.3588053067064088,0.2411751480997195,2.352520411854308e-15,0.0008367427115397,136.18388548802963,0.3375661025803387,7.839794368333282e-15
green_green_f3a9f1d66842,6.0,0.0759493670886076,80,2.3100000000000005,0.2685204847438961,0.2173880924505043,1.9389211565826717e-15,0.0007716887809569,125.59604658502504,0.3113214738533234,4.67574980617946e-15
green_green_f3a9f1d66842,6.0,0.0759493670886076,80,2.3200000000000003,0.2278201851025557,0.2325581546278856,1.9438813109055185e-15,0.0007731421089743,125.8325826833688,0.3119077882219522,4.2583516204770194e-15
green_green_f3a9f1d66842,6.0,0.0759493670886076,80,2.33,0.2237806936138842,0.2498958808030982,1.6794166082661086e-15,0.0007725779611243,125.74076491770954,0.3116801947354673,6.887147342435682e-15
green_green_f3a9f1d66842,6.0,0.0759493670886076,80,2.34,0.2443492991133998,0.2244441960010119,1.7772239894833365e-15,0.0007055617772174,114.83355988425367,0.2846439365174416,5.2431877083856975e-15
green_green_f3a9f1d66842,6.0,0.0759493670886076,80,2.3500000000000005,0.3068638794996572,0.2044604516719324,3.942464333787022e-15,0.000649867611052,105.76906748674644,0.2621753062567471,3.022210226633397e-15
green_green_f3a9f1d66842,6.0,0.0759493670886076,80,2.3600000000000003,0.4136210957218038,0.2175439387171911,4.0614289095942324e-15,0.0006445907900318,104.9102395822391,0.2600464847190669,3.65448667360128e-15
green_green_f3a9f1d66842,6.0,0.0759493670886076,80,2.37,0.4605019848439292,0.2253738286116681,5.036853181444162e-15,0.000627588376029,102.14301523760491,0.2531872213514801,3.4917771715140215e-15
green_green_f3a9f1d66842,6.0,0.0759493670886076,80,2.38,0.3766814316955423,0.2011605746412868,2.6668472207146e-15,0.0005670049268992,92.28276861103564,0.228746113563405,4.850896510789231e-15
green_green_f3a9f1d66842,6.0,0.0759493670886076,80,2.390000000000001,0.2951392724736174,0.1918613094938899,1.457101633618084e-15,0.0005294448615542,86.169688010129,0.2135933017177699,4.1650095386569614e-15
green_green_f3a9f1d66842,6.0,0.0759493670886076,80,2.4000000000000004,0.2680975583969983,0.2043559209679704,3.374899952755061e-15,0.0005193869962947,84.53272224768935,0.2095356692709947,4.59248402704583e-15
green_green_f3a9f1d66842,6.0,0.0759493670886076,80,2.41,0.2848388021077956,0.1963743557698001,2.9942915138820237e-15,0.0004817219701761,78.40255877797458,0.1943405132271184,4.4162511504045465e-15
green_green_f3a9f1d66842,6.0,0.0759493670886076,80,2.42,0.3510874049388952,0.1784814612141405,3.0201331455116266e-15,0.0004343838345385,70.69805038610339,0.1752429462806226,3.3057570561478917e-15
green_green_f3a9f1d66842,6.0,0.0759493670886076,80,2.43,0.4600334902365137,0.1822025618136542,3.6002095113654286e-15,0.0004131707859383,67.24552508582396,0.1666849916775602,5.952302884230712e-15
green_green_f3a9f1d66842,6.0,0.0759493670886076,80,2.4400000000000004,0.4921636687635261,0.1820397323771076,2.1096063413561365e-15,0.0003858020407775,62.791130675782064,0.1556436518379384,4.206749402136445e-15
green_green_f3a9f1d66842,6.0,0.0759493670886076,80,2.45,0.4066516393275217,0.1661534296079923,1.1322097734007353e-15,0.0003433199290094,55.8769634359186,0.138505144742291,5.258334556923689e-15
green_green_f3a9f1d66842,6.0,0.0759493670886076,80,2.46,0.3445609755903469,0.164591560261584,3.1011810283006858e-15,0.0003165313317508,51.516990876685824,0.1276978532708878,5.678151604640816e-15
green_green_f3a9f1d66842,6.0,0.0759493670886076,80,2.47,0.3489646957154635,0.1633291579449047,2.7692011952125577e-15,0.0002890969755979,47.05191796330545,0.1166300440678713,5.304844809142951e-15
green_green_f3a9f1d66842,6.0,0.0759493670886076,80,2.4800000000000004,0.4198569336761237,0.1507192689991725,2.7465400791133427e-15,0.0002529974984748,41.17655509380365,0.1020664755663878,5.593077297582908e-15
green_green_f3a9f1d66842,6.0,0.0759493670886076,80,2.49,0.5282002677576566,0.1482590247081528,1.5393713663616246e-15,0.0002263470748194,36.83907095054809,0.0913149273050381,4.9578333094287895e-15
green_green_f3a9f1d66842,6.0,0.0759493670886076,80,2.5,0.5380835565156619,0.1425737443090143,2.5176617391872307e-15,0.0001973545454359,32.120397878027646,0.0796185061555516,4.570353335089434e-15
green_green_f3a9f1d66842,6.0,0.0759493670886076,80,2.51,0.4657522379250931,0.133347788767203,2.0471501066083613e-15,0.0001675909352903,27.276227716901182,0.0676110088245163,5.476837003931804e-15
green_green_f3a9f1d66842,6.0,0.0759493670886076,80,2.5200000000000005,0.4538475409781202,0.1293809548995343,5.669819420381393e-15,0.0001420764625028,23.12362502019588,0.0573177358512277,7.992638496523625e-15
green_green_f3a9f1d66842,6.0,0.0759493670886076,80,2.53,0.5318495316472339,0.1203618262606359,6.492139048356607e-15,0.0001152445798056,18.756607548433987,0.0464929817875579,4.279224436065451e-15
green_green_f3a9f1d66842,6.0,0.0759493670886076,80,2.54,0.6319250915132528,0.1139104245983024,2.482534153247273e-16,9.150387852633016e-05,14.892694663582708,0.0369152993137831,3.2162769851835167e-15
green_green_f3a9f1d66842,6.0,0.0759493670886076,80,2.55,0.6262022809437555,0.1054652153188502,6.997928685112698e-15,6.895847243945867e-05,11.223321798457224,0.0278198333373528,3.623310814516327e-15
green_green_f3a9f1d66842,6.0,0.0759493670886076,80,2.5600000000000005,0.6200815022225523,0.0972616279329594,6.4047456679787536e-15,4.908089026492588e-05,7.988150057726945,0.0198006443431283,3.7169289241604426e-15
green_green_f3a9f1d66842,6.0,0.0759493670886076,80,2.5700000000000003,0.7118883356558294,0.087945816939057,1.790180836524724e-15,3.190998001697994e-05,5.193502141848096,0.0128734047386275,4.228583264285241e-15
green_green_f3a9f1d66842,6.0,0.0759493670886076,80,2.58,0.798636339777431,0.0781153573091625,4.946414258176871e-15,1.8221494352255204e-05,2.9656355126438267,0.007351075482165,6.3194690739830576e-15
green_green_f3a9f1d66842,6.0,0.0759493670886076,80,2.59,0.8401814252757553,0.0672164150203949,7.259873912822375e-15,8.453389729223242e-06,1.3758296821632676,0.0034103408193844,3.088763389165101e-15
green_green_f3a9f1d66842,6.0,0.0759493670886076,80,2.6000000000000005,0.9078881702858496,0.0554575089143085,2.1868857395626282e-15,2.8098610293441084e-06,0.4573183457472836,0.0011335788449505,4.140633050359535e-15
green_green_f3a9f1d66842,6.0,0.0759493670886076,80,2.6100000000000003,0.863108966317395,0.043502374844488,7.160723346098895e-15,5.731738993582445e-07,0.0932867984368673,0.0002312348546796,1.6737411537298198e-15
green_green_f3a9f1d66842,6.0,0.0759493670886076,80,2.62,0.6561669732255807,0.0332644952297632,5.7902148899581444e-15,7.345573610595498e-08,0.0119552730084539,2.963415899234616e-05,2.048772510707465e-15
green_green_f3a9f1d66842,6.0,0.0759493670886076,80,2.63,0.4300091709630199,0.0261120922016966,7.021666937153402e-15,8.169881089978493e-09,0.0013296872927174,3.2959652711091357e-06,2.448997575076277e-15
green_green_f3a9f1d66842,6.0,0.0759493670886076,80,2.640000000000001,0.282851429672511,0.0214595801323193,5.687116766346677e-15,1.0176964925773351e-09,0.0001656349803772,4.105680681422626e-07,1.3139132693000334e-15
green_green_f3a9f1d66842,6.0,0.0759493670886076,80,2.6500000000000004,0.1969912464091531,0.0183211467860954,4.577566798522237e-16,1.5091830129974037e-10,2.4562676649349463e-05,6.088478820932735e-08,1.863010259441101e-15
green_green_f3a9f1d66842,6.0,0.0759493670886076,80,2.66,0.1451464344910765,0.0160759759616171,8.473409486550036e-16,2.629554323101092e-11,4.279725653812544e-06,1.0608379279922793e-08,1.4317109298602298e-15
green_green_f3a9f1d66842,6.0,0.0759493670886076,80,2.67,0.1119112083239456,0.0143853716669076,1.807312143953211e-15,5.2469640626244346e-12,8.539685415954417e-07,2.116776381284316e-09,1.5920904733059345e-15
green_green_f3a9f1d66842,6.0,0.0759493670886076,80,2.68,0.0893879649226393,0.0130600241836524,6.866350197783357e-16,1.1716162999545821e-12,1.9068616652221125e-07,4.726637503270994e-10,1.0436107138599067e-15
green_green_f3a9f1d66842,6.0,0.0759493670886076,80,2.6900000000000004,0.0733989948668447,0.0119879785449198,1.1673851243905792e-15,2.87403721344181e-13,4.677633272041725e-08,1.1594693654720519e-10,8.747504608626739e-16
green_green_f3a9f1d66842,6.0,0.0759493670886076,80,2.7,0.0616096832328113,0.0110992098181013,1.6653345369377348e-16,7.6341521404458e-14,1.2424948392791873e-08,3.0798367873600296e-11,1.2894171549343102e-15
green_green_f3a9f1d66842,6.0,0.0759493670886076,80,2.71,0.0526424127086289,0.0103477256618941,1.159106867033638e-15,2.1710687427365013e-14,3.5335184038039533e-09,8.75871643471976e-12,1.362768482279582e-15
green_green_f3a9f1d66842,6.0,0.0759493670886076,80,2.72,0.0456438902662607,0.0097020449759062,6.866350197783357e-16,6.551289246538393e-15,1.066253714845909e-09,2.6429787165529134e-12,1.0764806068861224e-15
green_green_f3a9f1d66842,6.0,0.0759493670886076,80,2.7300000000000004,0.0400629572503587,0.0091398576905754,2.220446049250313e-16,2.0824612838411346e-15,3.389305518897117e-10,8.401248432353612e-13,8.741954637488545e-16
green_green_f3a9f1d66842,6.0,0.0759493670886076,80,2.74,0.0355305488342805,0.0086448818093934,6.684427777288335e-16,6.931979808546026e-16,1.1282129278606436e-10,2.7965602506777244e-13,1.0983393985339333e-15
green_green_f3a9f1d66842,6.0,0.0759493670886076,80,2.75,0.0317917442949773,0.0082049334495524,2.2377260456559053e-16,2.4046085923526923e-16,3.913615698927033e-11,9.700883432351109e-14,1.3601715755685164e-15
green_green_f3a9f1d66842,6.0,0.0759493670886076,80,2.76,0.0286656689480139,0.0078106970198124,1.7979101253009106e-15,8.656861520036787e-17,1.4089456910367756e-11,3.4924271984621275e-14,1.0621277663862885e-15
green_green_f3a9f1d66842,6.0,0.0759493670886076,80,2.7700000000000005,0.0260209446338259,0.0074549158014449,4.545902364027966e-16,3.2233016690736564e-17,5.246077908306047e-12,1.3003727034175046e-14,1.178734398549204e-15
green_green_f3a9f1d66842,6.0,0.0759493670886076,80,2.78,0.0237601629413694,0.0071318439243813,2.224778631027185e-16,1.2375992471909413e-17,2.01425207336876e-12,4.9928317112175855e-15,8.670569570942147e-16
green_green_f3a9f1d66842,6.0,0.0759493670886076,80,2.79,0.0218097782208463,0.0068368659590192,8.934752161915345e-16,4.8875268937617726e-18,7.954684201489609e-13,1.971769077913607e-15,1.0273739747753445e-15
green_green_f3a9f1d66842,6.0,0.0759493670886076,80,2.8,0.0201133580140207,0.0065662269661758,0.0,1.9809109463427e-18,3.224027478916247e-13,7.991565130995875e-16,1.0206199705384851e-15
green_green_f3a9f1d66842,6.0,0.0759493670886076,80,2.8100000000000005,0.0186269714160109,0.006316837131158,1.1180235606443746e-15,8.223641411158812e-19,1.338437042577823e-13,3.3176537326206933e-16,9.308921612451278e-16
green_green_f3a9f1d66842,6.0,0.0759493670886076,80,2.8200000000000003,0.0173159729079146,0.0060861278669207,4.506008925723787e-16,3.490951820413246e-19,5.6816913538514494e-14,1.408350481050583e-16,9.5517871637809e-16
green_green_f3a9f1d66842,6.0,0.0759493670886076,80,2.83,0.0161527175607208,0.0058719441366507,8.934752161915345e-16,1.5130230237846651e-19,2.4625174664822123e-14,6.103970530121773e-17,6.716343344525534e-16
green_green_f3a9f1d66842,6.0,0.0759493670886076,80,2.84,0.0151149105130968,0.0056724627185512,6.679023307106313e-16,6.686246613428084e-20,1.0882186729444976e-14,2.697424404250178e-17,8.96643828235808e-16
green_green_f3a9f1d66842,6.0,0.0759493670886076,80,2.8500000000000005,0.0141843963743475,0.0054861293517383,1.3877787807814457e-17,3.0090461180354023e-20,4.897366733110107e-15,1.2139358449630205e-17,1.116525910496816e-15
green_green_f3a9f1d66842,6.0,0.0759493670886076,80,2.8600000000000003,0.0133462588876799,0.0053116098259555,2.220446049250313e-16,1.377564700040204e-20,2.2420525542122397e-15,5.5574926489540116e-18,1.0164471329692353e-15
green_green_f3a9f1d66842,6.0,0.0759493670886076,80,2.87,0.012588142772161,0.0051477515070631,1.3877787807814457e-17,6.4092111208494706e-21,1.0431298191342057e-15,2.5856603097245226e-18,8.013294476466576e-16
green_green_f3a9f1d66842,6.0,0.0759493670886076,80,2.88,0.0118997369128322,0.0049935527689147,5.578801654593729e-16,3.027742522043084e-21,4.927796026455662e-16,1.2214785126744921e-18,9.332231245253606e-16
green_green_f3a9f1d66842,6.0,0.0759493670886076,80,2.890000000000001,0.0112723762451831,0.0048481384830896,4.454424009010536e-16,1.4511161770955634e-21,2.3617611072792883e-16,5.854220485434533e-19,8.022074719685686e-16
green_green_f3a9f1d66842,6.0,0.0759493670886076,80,2.9000000000000004,0.0106987320032182,0.0047107401986192,1.1295700899707568e-16,7.050694711346157e-22,1.1475343471042071e-16,2.8444532606839884e-19,7.439613991040203e-16
green_green_f3a9f1d66842,6.0,0.0759493670886076,80,2.91,0.0101725684814677,0.0045806799878132,2.230182521987838e-16,3.4706647600079244e-22,5.648673191003726e-17,1.4001660967477497e-19,6.760598444359083e-16
green_green_f3a9f1d66842,6.0,0.0759493670886076,80,2.92,0.0096885503802581,0.0044573571835347,2.220717083251841e-16,1.7297083721153849e-22,2.8151832531934145e-17,6.978141616567926e-20,6.95098740360388e-16
green_green_f3a9f1d66842,6.0,0.0759493670886076,80,2.9300000000000006,0.0092420889882854,0.0043402374160022,6.676589868267918e-16,8.722927871060476e-23,1.419698306217451e-17,3.5190802667460813e-20,6.752285809522172e-16
green_green_f3a9f1d66842,6.0,0.0759493670886076,80,2.9400000000000004,0.0088292184510888,0.0042288434926162,3.333559025893249e-16,4.448868410494784e-23,7.240746502006674e-18,1.7948016152538528e-20,8.087574814683065e-16
green_green_f3a9f1d66842,6.0,0.0759493670886076,80,2.95,0.0084464955411863,0.0041227477656897,2.220717083251841e-16,2.2936147817088424e-23,3.73296795392563e-18,9.253102441219012e-21,7.436608228554722e-16
green_green_f3a9f1d66842,6.0,0.0759493670886076,80,2.96,0.0080909179306484,0.0040215657095858,3.345273782981758e-16,1.1947474792098033e-23,1.944508767771706e-18,4.819955340660976e-21,5.279269498823689e-16
green_green_f3a9f1d66842,6.0,0.0759493670886076,80,2.97,0.0077598571376435,0.0039249504871877,2.224778631027185e-16,6.28537817370964e-24,1.0229754136516621e-18,2.535702533265251e-21,6.61456696120633e-16
green_green_f3a9f1d66842,6.0,0.0759493670886076,80,2.9800000000000004,0.0074510031913344,0.0038325883305535,1.110764993427085e-16,3.3382110570769094e-24,5.433098443071598e-19,1.3467304591806452e-21,7.411844954518506e-16
green_green_f3a9f1d66842,6.0,0.0759493670886076,80,2.99,0.007162318715958,0.0037441945954152,3.331391796911832e-16,1.789213072494926e-24,2.9120300041806433e-19,7.218200711380577e-22,7.234421899725313e-16
green_green_f3a9f1d66842,6.0,0.0759493670886076,80,3.0,0.0068920006327065,0.0036595103763653,3.469446951953614e-18,9.674429665248211e-25,1.5745597822652806e-19,3.9029434875814106e-22,6.786298595138891e-16
green_green_f3a9f1d66842,6.0,0.0759493670886076,80,3.01,0.0066384480584603,0.0035782995909357,1.110764993427085e-16,5.275483806153349e-25,8.586102665048136e-20,2.128282067006908e-22,4.910887745071776e-16
green_green_f3a9f1d66842,6.0,0.0759493670886076,80,3.02,0.0064002352732995,0.0035003464576865,2.2215299868541707e-16,2.9002806819613573e-25,4.720345774491829e-20,1.1700567363139573e-22,7.994871191721478e-16
green_green_f3a9f1d66842,6.0,0.0759493670886076,80,3.03,0.0061760888557797,0.0034254533068852,1.115091260993919e-16,1.6070658768514988e-25,2.6155767158356212e-20,6.483366477615446e-23,6.420104743172313e-16
green_green_f3a9f1d66842,6.0,0.0759493670886076,80,3.040000000000001,0.0059648682621553,0.0033534386731426,2.2228841655759984e-16,8.972750704717065e-26,1.4603581694009306e-20,3.619865991115095e-23,6.002586025679719e-16
green_green_f3a9f1d66842,6.0,0.0759493670886076,80,3.0500000000000007,0.0057655492648869,0.003284135628064,1.1102230246251563e-16,5.046669111924521e-26,8.213695786719988e-21,2.035971630980763e-23,8.28034652741552e-16
green_green_f3a9f1d66842,6.0,0.0759493670886076,80,3.0600000000000005,0.0055772097757046,0.0032173903180093,1.1123893155135927e-16,2.858686685526529e-26,4.6526495523515005e-21,1.1532765205157137e-23,6.043109986028394e-16
green_green_f3a9f1d66842,6.0,0.0759493670886076,80,3.0700000000000003,0.005399017665844,0.003153060677785,3.332294980281256e-16,1.6304656879480178e-26,2.6536610295782003e-21,6.5777680532017126e-24,4.948882957410533e-16
green_green_f3a9f1d66842,6.0,0.0759493670886076,80,3.08,0.0052302202658471,0.0030910152957786,6.938893903907228e-18,9.361518184274583e-27,1.5236319394468085e-21,3.776705986342196e-24,6.541440441419855e-16
green_green_f3a9f1d66842,6.0,0.0759493670886076,80,3.09,0.005070135283347,0.0030311324098971,0.0,5.409802869477292e-27,8.804713376396963e-22,2.1824702446667603e-24,5.627466756807898e-16
green_green_f3a9f1d66842,6.0,0.0759493670886076,80,3.1,0.0049181429224645,0.0029732990168484,1.1123893155135927e-16,3.1458113301651924e-27,5.119958668845696e-22,1.2691108694843198e-24,5.772662596910576e-16
green_green_f3a9f1d66842,6.0,0.0759493670886076,80,3.1099999999999994,0.0047736790251061,0.002917410079943,2.2228841655759984e-16,1.8404318342831984e-27,2.995390993096536e-22,7.424831944104921e-25,4.617043682947798e-16
green_green_f3a9f1d66842,6.0,0.0759493670886076,80,3.120000000000001,0.0046362290842995,0.0028633678227839,4.442551972871226e-16,1.0830943942156454e-27,1.76278802217658e-22,4.369514646971627e-25,5.853448135365061e-16
green_green_f3a9f1d66842,6.0,0.0759493670886076,80,3.130000000000001,0.004505323004129,0.0028110810980478,0.0,6.410615319531266e-28,1.0433583591977712e-22,2.586226803904543e-25,5.486818899625824e-16
green_green_f3a9f1d66842,6.0,0.0759493670886076,80,3.140000000000001,0.0043805305008884,0.0027604648220946,1.110764993427085e-16,3.8154934165948803e-28,6.209898351784772e-23,1.5392799056363464e-25,4.916140665271096e-16
green_green_f3a9f1d66842,6.0,0.0759493670886076,80,3.1500000000000004,0.0042614570566082,0.0027114394674407,2.2221394694025363e-16,2.283248703900326e-28,3.716096665610054e-23,9.211282698583595e-26,5.54103536689575e-16
green_green_f3a9f1d66842,6.0,0.0759493670886076,80,3.16,0.0041477403498115,0.0026639306062195,3.332881918221405e-16,1.3735490629631424e-28,2.235516912463325e-23,5.541292412742974e-26,5.140557045944385e-16
green_green_f3a9f1d66842,6.0,0.0759493670886076,80,3.17,0.0040390470997248,0.00261786849868,1.734723475976807e-18,8.30545267829967e-29,1.3517522182970577e-23,3.350658753417442e-26,5.722718292893269e-16
green_green_f3a9f1d66842,6.0,0.0759493670886076,80,3.18,0.0039350702696598,0.0025731877215642,2.220513810852149e-16,5.047228548268551e-29,8.214606296174826e-24,2.0361973237100703e-26,7.6825212029039895e-16
green_green_f3a9f1d66842,6.0,0.0759493670886076,80,3.1899999999999995,0.0038355265832172,0.0025298268318692,2.2221394694025363e-16,3.0821799692242985e-29,5.016395580069282e-24,1.243440146311634e-26,6.068565996580673e-16
green_green_f3a9f1d66842,6.0,0.0759493670886076,80,3.1999999999999997,0.0037401543136263,0.0024877280620805,2.2215299868541707e-16,1.8911480490525487e-29,3.0779340626600072e-24,7.629435757454097e-27,5.316572078104446e-16
green_green_f3a9f1d66842,6.0,0.0759493670886076,80,3.210000000000001,0.0036487113121439,0.0024468370434483,1.734723475976807e-18,1.165748641119868e-29,1.8973117693244942e-24,4.7029656780278376e-27,7.376245124138027e-16
green_green_f3a9f1d66842,6.0,0.0759493670886076,80,3.2200000000000006,0.003560973246175,0.0024071025543086,2.2210558292432945e-16,7.218510024797725e-30,1.1748470934419321e-24,2.91215479011936e-27,4.670814582450029e-16
green_green_f3a9f1d66842,6.0,0.0759493670886076,80,3.2300000000000004,0.0034767320217906,0.0023684762908093,2.2215299868541707e-16,4.489591398428119e-30,7.30702511607716e-25,1.8112304411432176e-27,4.71440606074144e-16
green_green_f3a9f1d66842,6.0,0.0759493670886076,80,3.24,0.0033957943687291,0.0023309126577222,2.2210558292432945e-16,2.804386489513267e-30,4.564273381590001e-25,1.1313702579516642e-27,4.438809757432503e-16
green_green_f3a9f1d66842,6.0,0.0759493670886076,80,3.25,0.0033179805688728,0.0022943685772913,1.1103585416259206e-16,1.7591287907908154e-30,2.8630663942432105e-25,7.096832056670727e-28,5.454489237339629e-16
green_green_f3a9f1d66842,6.0,0.0759493670886076,80,3.26,0.0032431233116711,0.0022588033143079,1.115091260993919e-16,1.1080125984548131e-30,1.803343593511398e-25,4.470041857693756e-28,5.852735879476419e-16
green_green_f3a9f1d66842,6.0,0.0759493670886076,80,3.27,0.0031710666621085,0.0022241783158073,2.220717083251841e-16,7.007113933987932e-31,1.1404413667753898e-25,2.826871520254884e-28,5.625958982363304e-16
green_green_f3a9f1d66842,6.0,0.0759493670886076,80,3.28,0.0031016651286377,0.0021904570639645,1.1103585416259206e-16,4.448797941492966e-31,7.240631810329742e-26,1.7947731860294706e-28,4.165469754000095e-16
green_green_f3a9f1d66842,6.0,0.0759493670886076,80,3.290000000000001,0.0030347828200699,0.0021576049409223,0.0,2.8354252808765584e-31,4.614790501732303e-26,1.1438922001028295e-28,6.070571325655385e-16
green_green_f3a9f1d66842,6.0,0.0759493670886076,80,3.3000000000000007,0.0029702926817673,0.0021255891044232,1.1102230246251563e-16,1.813969952853928e-31,2.9523230131707885e-26,7.318077095119338e-29,5.513062602528639e-16
green_green_f3a9f1d66842,6.0,0.0759493670886076,80,3.3100000000000005,0.0029080758026524,0.0020943783732409,1.110764993427085e-16,1.1647800416468226e-31,1.8957353272724569e-26,4.699058068859954e-29,6.62138096674712e-16
green_green_f3a9f1d66842,6.0,0.0759493670886076,80,3.3200000000000003,0.0028480207855657,0.0020639431215084,1.734723475976807e-18,7.506309997985541e-32,1.2216879180485095e-26,3.0282615860697615e-29,5.476196029807274e-16
green_green_f3a9f1d66842,6.0,0.0759493670886076,80,3.33,0.0027900231743808,0.0020342551811398,1.1103585416259206e-16,4.8545139394900857e-32,7.900954036623481e-27,1.95845070160215e-29,4.2265966409861963e-16
green_green_f3a9f1d66842,6.0,0.0759493670886076,80,3.34,0.0027339849320544,0.0020052877516211,1.1103585416259206e-16,3.1504363788941553e-32,5.127486157257557e-27,1.2709767473128902e-29,5.994792940553288e-16
green_green_f3a9f1d66842,6.0,0.0759493670886076,80,3.35,0.002679813964456,0.0019770153165221,1.734723475976807e-18,2.0514996162093982e-32,3.3389139213232445e-27,8.276340150181667e-30,5.745691788221428e-16
green_green_f3a9f1d66842,6.0,0.0759493670886076,80,3.3599999999999994,0.0026274236854045,0.0019494135661453,0.0,1.3403523482937208e-32,2.181487668745147e-27,5.4073673072729e-30,4.371245074864251e-16
green_green_f3a9f1d66842,6.0,0.0759493670886076,80,3.370000000000001,0.0025767326188514,0.0019224593257842,1.1103585416259206e-16,8.785881125072069e-33,1.4299442499432542e-27,3.5444774220584195e-30,5.462423197528697e-16
green_green_f3a9f1d66842,6.0,0.0759493670886076,80,3.380000000000001,0.0025276640345969,0.0018961304891184,0.0,5.777545313614483e-33,9.403231824311592e-28,2.3308281352210968e-30,5.544519441298419e-16
green_green_f3a9f1d66842,6.0,0.0759493670886076,80,3.390000000000001,0.0024801456143182,0.0018704059563142,1.1110697347012682e-16,3.811244774591672e-33,6.202983483354302e-28,1.5375658811190091e-30,5.764531617623463e-16
green_green_f3a9f1d66842,6.0,0.0759493670886076,80,3.4000000000000004,0.0024341091450369,0.0018452655764452,2.220513810852149e-16,2.5219143858213e-33,4.104536498409272e-28,1.0174128779638593e-30,4.9992750328463525e-16
green_green_f3a9f1d66842,6.0,0.0759493670886076,80,3.41,0.0023894902374551,0.0018206900938781,1.1110697347012682e-16,1.673821757216895e-33,2.7242251096842393e-28,6.752678920359017e-31,5.5212084620050325e-16
green_green_f3a9f1d66842,6.0,0.0759493670886076,80,3.42,0.0023462280668611,0.0017966610983075,1.734723475976807e-18,1.1142420910325857e-33,1.813482391162816e-28,4.495173424440983e-31,4.539341023162661e-16
green_green_f3a9f1d66842,6.0,0.0759493670886076,80,3.43,0.0023042651345432,0.0017731609781485,1.1103585416259206e-16,7.439062748567479e-34,1.2107431059959695e-28,3.001132109371328e-31,5.333040326371662e-16
green_green_f3a9f1d66842,6.0,0.0759493670886076,80,3.4399999999999995,0.0022635470478596,0.0017501728770235,1.734723475976807e-18,4.980841397323729e-34,8.106558027125565e-29,2.009414835500981e-31,4.407071581495983e-16
green_green_f3a9f1d66842,6.0,0.0759493670886076,80,3.4499999999999997,0.0022240223173025,0.0017276806531046,1.6658991298631902e-16,3.344346076523074e-34,5.443083481174716e-29,1.3492055026738664e-31,4.789514740815638e-16
green_green_f3a9f1d66842,6.0,0.0759493670886076,80,3.460000000000001,0.0021856421690563,0.0017056688410906,8.673617379884035e-19,2.251762248266858e-34,3.664850950418564e-29,9.084257270507871e-32,6.382342707610117e-16
green_green_f3a9f1d66842,6.0,0.0759493670886076,80,3.4700000000000006,0.0021483603717032,0.0016841226166222,5.557210413939996e-17,1.5202538035159336e-34,2.4742859069518065e-29,6.133141577551747e-32,5.237530556506976e-16
green_green_f3a9f1d66842,6.0,0.0759493670886076,80,3.4800000000000004,0.0021121330758551,0.0016630277629492,1.6654248846680028e-16,1.029133967059951e-34,1.6749648415105277e-29,4.151822746733883e-32,4.249946728115759e-16
green_green_f3a9f1d66842,6.0,0.0759493670886076,80,3.49,0.0020769186656137,0.0016423706396873,5.553824967135427e-17,6.98506644308903e-35,1.1368530319928287e-29,2.817976927601999e-32,6.612600819198532e-16
green_green_f3a9f1d66842,6.0,0.0759493670886076,80,3.5,0.0020426776208622,0.0016221381535073,8.673617379884035e-19,4.7532766367310783e-35,7.736185475679838e-30,1.9176086586936248e-32,4.368663184185064e-16
green_green_f3a9f1d66842,6.0,0.0759493670886076,80,3.51,0.0020093723894873,0.0016023177306207,8.673617379884035e-19,3.2428076026459315e-35,5.277824749805946e-30,1.3082419586645169e-32,4.1793750771139416e-16
green_green_f3a9f1d66842,6.0,0.0759493670886076,80,3.52,0.0019769672687138,0.0015828972909307,1.1105279146216472e-16,2.2178743498772327e-35,3.6096967720782455e-30,8.947543730894563e-33,4.309293156793051e-16
green_green_f3a9f1d66842,6.0,0.0759493670886076,80,3.53,0.0019454282948102,0.0015638652237321,1.1105279146216472e-16,1.5206279118656918e-35,2.474894786216137e-30,6.1346508383535325e-33,3.49502341774768e-16
green_green_f3a9f1d66842,6.0,0.0759493670886076,80,3.540000000000001,0.0019147231404907,0.0015452103648509,1.1102569054260746e-16,1.0451107212383486e-35,1.7009677744491056e-30,4.216277573355092e-33,4.27724478424156e-16
green_green_f3a9f1d66842,6.0,0.0759493670886076,80,3.5500000000000007,0.0018848210194006,0.0015269219751245,5.561946577567962e-17,7.20009918427278e-36,1.1718506409324458e-30,2.904727326939194e-33,4.0927515388623273e-16
green_green_f3a9f1d66842,6.0,0.0759493670886076,80,3.5600000000000005,0.0018556925971262,0.0015089897201304,5.551115123125783e-17,4.972049226466296e-36,8.092248347785349e-31,2.005867820619785e-33,4.786807424735719e-16
green_green_f3a9f1d66842,6.0,0.0759493670886076,80,3.5700000000000003,0.0018273099082201,0.0014914036510785,8.673617379884035e-19,3.44141835854909e-36,5.601073271311833e-31,1.3883672562932081e-33,4.130064959228953e-16
green_green_f3a9f1d66842,6.0,0.0759493670886076,80,3.58,0.0017996462787779,0.00147415418679,8.673617379884035e-19,2.387423018390065e-36,3.885645353869998e-31,9.63155187865888e-34,5.759848474746755e-16
green_green_f3a9f1d66842,6.0,0.0759493670886076,80,3.59,0.0017726762541411,0.001457232096689,5.551792708129603e-17,1.6599548052408573e-36,2.701655980919464e-31,6.696735643307872e-34,4.202411973859872e-16
green_green_f3a9f1d66842,6.0,0.0759493670886076,80,3.6,0.0017463755313396,0.0014406284847416,1.1102569054260746e-16,1.1567077078228889e-36,1.8825972171946666e-31,4.6664919499073535e-34,4.102666917920319e-16
green_green_f3a9f1d66842,6.0,0.0759493670886076,80,3.61,0.0017207208959166,0.0014243347742811,8.673617379884035e-19,8.077878714397638e-37,1.3147134652697874e-31,3.258848863730085e-34,4.830997450864905e-16
green_green_f3a9f1d66842,6.0,0.0759493670886076,80,3.620000000000001,0.0016956901628138,0.0014083426936601,5.551792708129603e-17,5.653319869431868e-37,9.20104896174284e-32,2.280712014153405e-34,4.0650633219192363e-16
green_green_f3a9f1d66842,6.0,0.0759493670886076,80,3.630000000000001,0.001671262121016,0.0013926442626801,5.551792708129603e-17,3.964869103637332e-37,6.453014439661408e-32,1.5995423588370307e-34,5.489893710494089e-16
green_green_f3a9f1d66842,6.0,0.0759493670886076,80,3.640000000000001,0.0016474164816835,0.0013772317797455,5.551792708129603e-17,2.7865065475968337e-37,4.535172919418066e-32,1.1241569745565972e-34,4.796770661151089e-16
green_green_f3a9f1d66842,6.0,0.0759493670886076,80,3.65,0.0016241338295199,0.0013620978097009,1.1105279146216472e-16,1.962385677855549e-37,3.193876716830173e-32,7.916828863846875e-35,4.603068790311656e-16
green_green_f3a9f1d66842,6.0,0.0759493670886076,80,3.66,0.0016013955771461,0.0013472351723053,8.673617379884035e-19,1.384806882385742e-37,2.2538395529829058e-32,5.586709697813158e-35,3.617539590338003e-16
green_green_f3a9f1d66842,6.0,0.0759493670886076,80,3.67,0.0015791839222655,0.0013326369313076,0.0,9.791796250422535e-38,1.5936617563548899e-32,3.950292547434652e-35,5.202596634920279e-16
green_green_f3a9f1d66842,6.0,0.0759493670886076,80,3.68,0.0015574818074279,0.0013182963840843,5.551792708129603e-17,6.937322244364743e-38,1.1290824348879888e-32,2.7987155431143814e-35,4.944186075357774e-16
green_green_f3a9f1d66842,6.0,0.0759493670886076,80,3.69,0.0015362728822099,0.0013042070518068,5.551792708129603e-17,4.924544033920332e-38,8.014931370743959e-33,1.9867028581063264e-35,4.735997075033549e-16
green_green_f3a9f1d66842,6.0,0.0759493670886076,80,3.700000000000001,0.0015155414676463,0.0012903626701066,0.0,3.502461848101938e-38,5.7004244754084404e-33,1.4129939576341004e-35,3.908697072030775e-16
green_green_f3a9f1d66842,6.0,0.0759493670886076,80,3.710000000000001,0.0014952725227591,0.0012767571802082,2.220598509946676e-16,2.495760246677968e-38,4.0619693837991065e-33,1.006861545164424e-35,4.69815033995102e-16
green_green_f3a9f1d66842,6.0,0.0759493670886076,80,3.7200000000000006,0.0014754516130437,0.0012633847205036,5.551115123125783e-17,1.7817363958120342e-38,2.899861354640326e-33,7.188037644845434e-36,6.529306761573299e-16
green_green_f3a9f1d66842,6.0,0.0759493670886076,80,3.73,0.0014560648807791,0.0012502396185411,5.553824967135427e-17,1.2743375976712546e-38,2.074045499063776e-33,5.1410447953094483e-36,4.816028353257034e-16
green_green_f3a9f1d66842,6.0,0.0759493670886076,80,3.74,0.0014370990170436,0.0012373163834061,1.665695898455916e-16,9.130941238666716e-39,1.4861044367583696e-33,3.683684607368374e-36,4.194703025334616e-16
green_green_f3a9f1d66842,6.0,0.0759493670886076,80,3.75,0.0014185412353224,0.0012246096984707,5.553824967135427e-17,6.55430097819544e-39,1.0667438886035627e-33,2.6441937358216397e-36,5.438396808841479e-16
green_green_f3a9f1d66842,6.0,0.0759493670886076,80,3.76,0.0014003792466037,0.0012121144144908,1.734723475976807e-18,4.713103622681233e-39,7.6708019704562845e-34,1.9014017081045292e-36,4.863009867651816e-16
green_green_f3a9f1d66842,6.0,0.0759493670886076,80,3.77,0.0013826012358686,0.0011998255430326,5.551792708129603e-17,3.3950609595016724e-39,5.525624383184925e-34,1.3696653467260472e-36,3.930039832713622e-16
green_green_f3a9f1d66842,6.0,0.0759493670886076,80,3.78,0.0013651958398825,0.001187738250209,0.0,2.4498447129423308e-39,3.98723965263875e-34,9.883378967868803e-37,3.713372202272722e-16
green_green_f3a9f1d66842,6.0,0.0759493670886076,80,3.790000000000001,0.0013481521262092,0.0011758478507087,5.551792708129603e-17,1.7708041862362196e-39,2.88206865974772e-34,7.143933963651627e-37,4.61800742419704e-16
green_green_f3a9f1d66842,6.0,0.0759493670886076,80,3.8000000000000007,0.0013314595733674,0.0011641498021034,2.6020852139652106e-18,1.2821366977400835e-39,2.08673890811336e-34,5.172508610620416e-37,5.232056205377908e-16
green_green_f3a9f1d66842,6.0,0.0759493670886076,80,3.810000000000001,0.0013151080520609,0.0011526396994164,1.1102569054260746e-16,9.298671867321727e-40,1.5134034002396926e-34,3.751351972518443e-37,5.363325506691186e-16
green_green_f3a9f1d66842,6.0,0.0759493670886076,80,3.82,0.0012990878074139,0.0011413132699391,8.673617379884035e-19,6.754939922934487e-40,1.099398838205095e-34,2.725137263225369e-37,4.497445503640604e-16
green_green_f3a9f1d66842,6.0,0.0759493670886076,80,3.83,0.0012833894421512,0.0011301663682828,5.557210413939996e-17,4.915043765357378e-40,7.999469228460077e-35,1.982870176222117e-37,3.948930295386272e-16
green_green_f3a9f1d66842,6.0,0.0759493670886076,80,3.84,0.0012680039006655,0.0011191949716528,5.551115123125783e-17,3.582037631343841e-40,5.829937875443836e-35,1.4450971198586203e-37,3.415778584008484e-16
green_green_f3a9f1d66842,6.0,0.0759493670886076,80,3.85,0.0012529224539174,0.0011083951753324,8.673617379884035e-19,2.6146974842170516e-40,4.2555454366753657e-35,1.0548442514061748e-37,3.795484154135103e-16
green_green_f3a9f1d66842,6.0,0.0759493670886076,80,3.86,0.0012381366851193,0.0010977631883679,5.553824967135427e-17,1.9115830074584497e-40,3.1111929365900935e-35,7.711876263601766e-38,4.101493232435084e-16
green_green_f3a9f1d66842,6.0,0.0759493670886076,80,3.870000000000001,0.0012236384761558,0.0010872953294416,8.673617379884035e-19,1.399707522555611e-40,2.2780910588114688e-35,5.646823170673154e-38,4.2925135665879243e-16
green_green_f3a9f1d66842,6.0,0.0759493670886076,80,3.880000000000001,0.0012094199946979,0.0010769880229255,5.552639573108236e-17,1.0264694425284543e-40,1.670628200166982e-35,4.141073287564148e-38,5.806939400815517e-16
green_green_f3a9f1d66842,6.0,0.0759493670886076,80,3.890000000000001,0.0011954736819696,0.0010668377951051,1.6654757031124616e-16,7.538963957911989e-41,1.2270025064853407e-35,3.041435133725648e-38,5.38245702599975e-16
green_green_f3a9f1d66842,6.0,0.0759493670886076,80,3.9,0.0011817922411293,0.0010568412705653,1.1102569054260746e-16,5.545320969324019e-41,9.025275577137512e-36,2.237142148184353e-38,4.495810382094731e-16
green_green_f3a9f1d66842,6.0,0.0759493670886076,80,3.91,0.0011683686262316,0.0010469951687299,5.551284527130373e-17,4.084921344431876e-41,6.648405213760402e-36,1.647974889496873e-38,4.3402431675418996e-16
green_green_f3a9f1d66842,6.0,0.0759493670886076,80,3.92,0.0011551960317345,0.0010372963005476,8.673617379884035e-19,3.0135294763911727e-41,4.904663613650601e-36,1.2157445608152843e-38,4.470615921701656e-16
green_green_f3a9f1d66842,6.0,0.0759493670886076,80,3.93,0.0011422678825225,0.0010277415653165,4.336808689942019e-19,2.2263570043604308e-41,3.623502698689168e-36,8.981765201532285e-39,6.013547021502813e-16
green_green_f3a9f1d66842,6.0,0.0759493670886076,80,3.94,0.0011295778244159,0.0010183279476412,5.552639573108236e-17,1.6471562523483363e-41,2.680825722854595e-36,6.645102595789045e-39,5.330248953788056e-16
green_green_f3a9f1d66842,6.0,0.0759493670886076,80,3.950000000000001,0.0011171197151395,0.0010090525145157,5.551792708129603e-17,1.2203616838470776e-41,1.9861971131027372e-36,4.923290417391892e-39,4.415374827220795e-16
green_green_f3a9f1d66842,6.0,0.0759493670886076,80,3.960000000000001,0.0011048876157247,0.0009999124125253,5.551115123125783e-17,9.054185023256212e-42,1.4736119949291199e-36,3.6527189399922445e-39,4.3092736939538936e-16
green_green_f3a9f1d66842,6.0,0.0759493670886076,80,3.9700000000000006,0.0010928757823219,0.0009909048651631,5.552639573108236e-17,6.726832150913315e-42,1.0948241636325351e-36,2.713797778671099e-39,4.1592730653844036e-16
green_green_f3a9f1d66842,6.0,0.0759493670886076,80,3.98,0.0010810786583998,0.000982027170255,0.0,5.004558237717573e-42,8.145158321239737e-37,2.0189828918065287e-39,3.915294793875921e-16
green_green_f3a9f1d66842,6.0,0.0759493670886076,80,3.99,0.001069490867312,0.0009732766974874,5.551115123125783e-17,3.7282794313525916e-42,6.067953412015474e-37,1.5040952727943568e-39,4.463129589489871e-16
green_green_f3a9f1d66842,6.0,0.0759493670886076,80,4.0,0.0010581072052091,0.0009646508860344,1.1102569054260746e-16,2.781201449977964e-42,4.526538618853906e-37,1.1220167454248552e-39,5.160726115888286e-16
green_green_f3a9f1d66842,6.0,0.0759493670886076,80,4.01,0.00104692263428,0.0009561472422783,5.553824967135427e-17,2.0774547240101518e-42,3.381157102886935e-37,8.381050528431988e-40,4.39462347183592e-16
green_green_f3a9f1d66842,6.0,0.0759493670886076,80,4.02,0.0010359322763035,0.00094776333762,1.1102569054260746e-16,1.5538166349961188e-42,2.5289110233216974e-37,6.268543703654258e-40,3.807632597232375e-16
green_green_f3a9f1d66842,6.0,0.0759493670886076,80,4.029999999999999,0.0010251314064944,0.0009394968063746,5.551115123125783e-17,1.1636733793610625e-42,1.8939341813775547e-37,4.694593474552473e-40,5.154978192862848e-16
green_green_f3a9f1d66842,6.0,0.0759493670886076,80,4.040000000000001,0.0010145154476283,0.0009313453437492,4.336808689942019e-19,8.726090695126081e-43,1.4202130709885441e-37,3.520356241042897e-40,4.367452814435511e-16
green_green_f3a9f1d66842,6.0,0.0759493670886076,80,4.050000000000001,0.0010040799644308,0.000923306703898,1.1103585416259206e-16,6.551788850026352e-43,1.0663350277073849e-37,2.6431802709852856e-40,3.4303800306366973e-16
green_green_f3a9f1d66842,6.0,0.0759493670886076,80,4.0600000000000005,0.0009938206582184,0.0009153786980523,5.552639573108236e-17,4.9254505477853025e-43,8.016406765494078e-38,1.9870685719011555e-40,3.420048945131129e-16
green_green_f3a9f1d66842,6.0,0.0759493670886076,80,4.07,0.0009837333617759,0.0009075591927209,0.0,3.707425068610102e-43,6.034011937432176e-38,1.495682022394094e-40,3.1847427869239027e-16
green_green_f3a9f1d66842,6.0,0.0759493670886076,80,4.08,0.0009738140344606,0.0008998461079594,1.1102569054260746e-16,2.7940468946324355e-43,4.5474451955081325e-38,1.1271989676636867e-40,3.9990197581421326e-16
green_green_f3a9f1d66842,6.0,0.0759493670886076,80,4.09,0.0009640587575209,0.0008922374157036,1.1102569054260746e-16,2.1082617070858584e-43,3.431296943934289e-38,8.505334768565818e-41,4.856130952008299e-16
green_green_f3a9f1d66842,6.0,0.0759493670886076,80,4.1,0.0009544637296178,0.0008847311381654,5.551115123125783e-17,1.5927205769714304e-43,2.5922290529373835e-38,6.42549340738637e-41,5.087636323601218e-16
green_green_f3a9f1d66842,6.0,0.0759493670886076,80,4.109999999999999,0.0009450252625407,0.0008773253462882,5.551284527130373e-17,1.204685568523914e-43,1.960683484305921e-38,4.860048454477123e-41,3.733744123149656e-16
green_green_f3a9f1d66842,6.0,0.0759493670886076,80,4.120000000000001,0.0009357397771066,0.0008700181582586,5.551284527130373e-17,9.122665720908895e-44,1.484757556591809e-38,3.680346025223808e-41,5.653362787106451e-16
green_green_f3a9f1d66842,6.0,0.0759493670886076,80,4.130000000000001,0.0009266037992343,0.0008628077380734,5.551284527130373e-17,6.916378062104563e-44,1.125673668872792e-38,2.7902660569344645e-41,4.192201199054074e-16
green_green_f3a9f1d66842,6.0,0.0759493670886076,80,4.140000000000001,0.0009176139561845,0.0008556922941574,0.0,5.249762429223385e-44,8.544239891675681e-39,2.1179053229450804e-41,3.4628273152231846e-16
green_green_f3a9f1d66842,6.0,0.0759493670886076,80,4.15,0.0009087669729589,0.0008486700780323,5.551284527130373e-17,3.989327317849237e-44,6.492821355186813e-39,1.6094095066875268e-41,3.9786182446444523e-16
green_green_f3a9f1d66842,6.0,0.0759493670886076,80,4.16,0.0009000596688488,0.000841739383033,5.551115123125783e-17,3.034967151655311e-44,4.939554457311842e-39,1.224393136282385e-41,4.673591236486493e-16
green_green_f3a9f1d66842,6.0,0.0759493670886076,80,4.17,0.0008914889541281,0.000834898543069,1.1102569054260746e-16,2.3115213370377065e-44,3.762111730701449e-39,9.32534264133836e-42,3.526869776699248e-16
green_green_f3a9f1d66842,6.0,0.0759493670886076,80,4.18,0.0008830518268817,0.0008281459314305,4.336808689942019e-19,1.7624904150435025e-44,2.8685375987839604e-39,7.110393816835102e-42,4.515229541425318e-16
green_green_f3a9f1d66842,6.0,0.0759493670886076,80,4.19,0.0008747453699651,0.0008214799596362,5.551115123125783e-17,1.3453522094718477e-44,2.1896251823768453e-39,5.427538186900128e-42,3.859268619696333e-16
green_green_f3a9f1d66842,6.0,0.0759493670886076,80,4.200000000000001,0.0008665667480868,0.0008148990763216,1.1102314949223176e-16,1.0280662551693097e-44,1.6732270892499585e-39,4.147515289535489e-42,3.9801900206983054e-16
green_green_f3a9f1d66842,6.0,0.0759493670886076,80,4.210000000000001,0.0008585132050096,0.0008084017661656,1.1102569054260746e-16,7.86461843363394e-45,1.2800043327561332e-39,3.172813525961665e-42,3.642784535417008e-16
green_green_f3a9f1d66842,6.0,0.0759493670886076,80,4.220000000000001,0.0008505820608641,0.0008019865488548,4.336808689942019e-19,6.022839509610054e-45,9.802459881367113e-40,2.4297868767623602e-42,3.5315110449692213e-16
green_green_f3a9f1d66842,6.0,0.0759493670886076,80,4.23,0.0008427707095699,0.0007956519780826,1.1102569054260746e-16,4.617295911124668e-45,7.514870329349078e-40,1.862750118623964e-42,4.479438597463021e-16
green_green_f3a9f1d66842,6.0,0.0759493670886076,80,4.24,0.0008350766163591,0.0007893966405836,1.1102569054260746e-16,3.543501956555458e-45,5.7672192183200965e-40,1.4295507190723149e-42,3.7042736222025214e-16
green_green_f3a9f1d66842,6.0,0.0759493670886076,80,4.25,0.0008274973153976,0.0007832191551995,5.551115123125783e-17,2.7222752008496198e-45,4.430633324994032e-40,1.0982441998339549e-42,4.396327048270499e-16
green_green_f3a9f1d66842,6.0,0.0759493670886076,80,4.26,0.0008200304074998,0.0007771181719778,5.551115123125783e-17,2.0935418679583032e-45,3.4073397004650227e-40,8.445950699169452e-43,3.399121122115964e-16
green_green_f3a9f1d66842,6.0,0.0759493670886076,80,4.27,0.000812673557933,0.0007710923712999,4.336808689942019e-19,1.611675117907348e-45,2.6230784765020613e-40,6.501961483196231e-43,3.862856064269945e-16
green_green_f3a9f1d66842,6.0,0.0759493670886076,80,4.279999999999999,0.0008054244943057,0.0007651404630387,5.551115123125783e-17,1.2419828260835556e-45,2.021386558052123e-40,5.010516330655862e-43,4.541563530386745e-16
green_green_f3a9f1d66842,6.0,0.0759493670886076,80,4.290000000000001,0.0007982810045388,0.0007592611857441,8.673617379884035e-19,9.580584145211237e-46,1.5592859742260582e-40,3.865083502658196e-43,4.108423673840658e-16
green_green_f3a9f1d66842,6.0,0.0759493670886076,80,4.300000000000001,0.0007912409349134,0.0007534533058551,4.336808689942019e-19,7.39780408343705e-46,1.2040280605584427e-40,2.9844871758766383e-43,4.9841662278530815e-16
green_green_f3a9f1d66842,6.0,0.0759493670886076,80,4.3100000000000005,0.0007843021881936,0.0007477156169384,1.665357124329815e-16,5.7180017256565015e-46,9.30632178192719e-41,2.30680653737098e-43,4.081588239606212e-16
green_green_f3a9f1d66842,6.0,0.0759493670886076,80,4.32,0.0007774627218203,0.0007420469389513,5.551792708129603e-17,4.423974314373364e-46,7.200230167788612e-41,1.7847586200904964e-43,3.2639368833257883e-16
green_green_f3a9f1d66842,6.0,0.0759493670886076,80,4.33,0.0007707205461725,0.0007364461175285,4.336808689942019e-19,3.4261317644161023e-46,5.57619360691561e-41,1.3822002040655238e-43,4.109238220104832e-16
green_green_f3a9f1d66842,6.0,0.0759493670886076,80,4.34,0.0007640737228946,0.0007309120232925,1.110299254973338e-16,2.655920186283381e-46,4.3226373594407017e-41,1.0714746763653049e-43,3.437389162438196e-16
green_green_f3a9f1d66842,6.0,0.0759493670886076,80,4.35,0.0007575203632853,0.0007254435511852,1.1102314949223176e-16,2.060828575922352e-46,3.3540972502456207e-41,8.313975859797059e-44,4.90065280799436e-16
green_green_f3a9f1d66842,6.0,0.0759493670886076,80,4.359999999999999,0.0007510586267461,0.0007200396198219,5.551115123125783e-17,1.6005935084680371e-46,2.605042626173247e-41,6.457255079935641e-44,3.9563916133584405e-16
green_green_f3a9f1d66842,6.0,0.0759493670886076,80,4.370000000000001,0.000744686719287,0.0007146991708651,4.336808689942019e-19,1.2443113587605214e-46,2.025176356553641e-41,5.01991030194063e-44,5.250000921916579e-16
green_green_f3a9f1d66842,6.0,0.0759493670886076,80,4.380000000000001,0.0007384028920872,0.000709421168418,5.551115123125783e-17,9.682387398173779e-47,1.5758549414277504e-41,3.9061538661745115e-44,3.34505318381744e-16
green_green_f3a9f1d66842,6.0,0.0759493670886076,80,4.390000000000001,0.0007322054401079,0.0007042045984377,4.336808689942019e-19,7.541154022215838e-47,1.2273589499443104e-41,3.042318668725423e-44,4.280503784351992e-16
green_green_f3a9f1d66842,6.0,0.0759493670886076,80,4.4,0.0007260927007547,0.0006990484681662,0.0,5.878841776915319e-47,9.568096671871703e-42,2.371694045195634e-44,5.0360730626564e-16
green_green_f3a9f1d66842,6.0,0.0759493670886076,80,4.41,0.0007200630525891,0.000693951805579,5.551115123125783e-17,4.5871297144240525e-47,7.465773398829949e-42,1.85058020628477e-44,4.989300026662866e-16
green_green_f3a9f1d66842,6.0,0.0759493670886076,80,4.42,0.0007141149140858,0.0006889136588512,5.551115123125783e-17,3.5824677406229113e-47,5.830637898903862e-42,1.445270638326146e-44,3.888097501173152e-16
green_green_f3a9f1d66842,6.0,0.0759493670886076,80,4.43,0.0007082467424335,0.0006839330958398,4.336808689942019e-19,2.800350201326662e-47,4.557704129170822e-42,1.1297419030783533e-44,4.879451041608807e-16
green_green_f3a9f1d66842,6.0,0.0759493670886076,80,4.44,0.0007024570323791,0.0006790092035816,4.336808689942019e-19,2.190927518540325e-47,3.565839512941832e-42,8.838832454347553e-45,4.104089398371145e-16
green_green_f3a9f1d66842,6.0,0.0759493670886076,80,4.450000000000001,0.0006967443151118,0.0006741410878069,0.0,1.7156399066863354e-47,2.7922861516285118e-42,6.921385376224571e-45,3.926861377612137e-16
green_green_f3a9f1d66842,6.0,0.0759493670886076,80,4.460000000000001,0.000691107157187,0.0006693278724671,0.0,1.3446325934565206e-47,2.188453972832084e-42,5.424635048691716e-45,3.907283502958181e-16
green_green_f3a9f1d66842,6.0,0.0759493670886076,80,4.470000000000001,0.0006855441594868,0.0006645686992777,8.673617379884035e-19,1.054769188758348e-47,1.7166873931155532e-42,4.2552426123409133e-45,4.611483440528002e-16
green_green_f3a9f1d66842,6.0,0.0759493670886076,80,4.48,0.0006800539562172,0.0006598627272739,5.551792708129603e-17,8.281033145405915e-48,1.3477778223143868e-42,3.3408072107244574e-45,3.658306787665855e-16
green_green_f3a9f1d66842,6.0,0.0759493670886076,80,4.49,0.0006746352139392,0.0006552091323798,5.551115123125783e-17,6.507016657021898e-48,1.0590481387735726e-42,2.6251178791794744e-45,3.307137429738698e-16
green_green_f3a9f1d66842,6.0,0.0759493670886076,80,4.5,0.000669286630634,0.0006506071069908,0.0,5.1173683710287096e-48,8.32876221840978e-43,2.0644937477819952e-45,3.8958879806716975e-16
green_green_f3a9f1d66842,6.0,0.0759493670886076,80,4.51,0.0006640069347987,0.0006460558595678,0.0,4.027874274875329e-48,6.555558374692999e-43,1.6249604590533794e-45,3.096433237994945e-16
green_green_f3a9f1d66842,6.0,0.0759493670886076,80,4.52,0.000658794884574,0.0006415546142433,5.551115123125783e-17,3.1729755776528306e-48,5.16416978318476e-43,1.2800697090743956e-45,3.532690517422749e-16
green_green_f3a9f1d66842,6.0,0.0759493670886076,80,4.529999999999999,0.0006536492669004,0.0006371026104398,5.551115123125783e-17,2.501591087610136e-48,4.071459356796237e-43,1.009213874286736e-45,5.208024219827516e-16
green_green_f3a9f1d66842,6.0,0.0759493670886076,80,4.540000000000001,0.0006485688967031,0.0006326991024979,0.0,1.9738851859806452e-48,3.212592717293387e-43,7.963221190733548e-46,3.0714737081705253e-16
green_green_f3a9f1d66842,6.0,0.0759493670886076,80,4.550000000000001,0.000643552616104,0.0006283433593167,8.673617379884035e-19,1.5587650920708956e-48,2.5369648743122075e-43,6.288507204327536e-46,3.538838654235682e-16
green_green_f3a9f1d66842,6.0,0.0759493670886076,80,4.5600000000000005,0.0006385992936596,0.0006240346640033,5.551115123125783e-17,1.2319411122298488e-48,2.0050431876146306e-43,4.9700051656098616e-46,3.984535714495923e-16
green_green_f3a9f1d66842,6.0,0.0759493670886076,80,4.57,0.0006337078236247,0.0006197723135331,0.0,9.744218869836287e-49,1.585918309701312e-43,3.931098462187196e-46,4.497057911316834e-16
green_green_f3a9f1d66842,6.0,0.0759493670886076,80,4.58,0.0006288771252397,0.0006155556184195,1.6653853581391122e-16,7.713460507619336e-49,1.255402656036299e-43,3.1118320662427283e-46,3.3391699950502036e-16
green_green_f3a9f1d66842,6.0,0.0759493670886076,80,4.59,0.000624106142041,0.0006113839023932,0.0,6.110742954150882e-49,9.94552694917966e-44,2.4652496573373222e-46,4.0188874325474256e-16
green_green_f3a9f1d66842,6.0,0.0759493670886076,80,4.6,0.0006193938411948,0.0006072565020899,5.55149627486669e-17,4.844831818635728e-49,7.885195921022035e-44,1.9545446552674253e-46,4.928176861545243e-16
green_green_f3a9f1d66842,6.0,0.0759493670886076,80,4.609999999999999,0.0006147392128517,0.0006031727667478,1.6653472423834763e-16,3.844153946524833e-49,6.256544737491845e-44,1.5508423886468498e-46,3.872659139571839e-16
green_green_f3a9f1d66842,6.0,0.0759493670886076,80,4.620000000000001,0.0006101412695217,0.0005991320579127,5.55149627486669e-17,3.0525141458240293e-49,4.968113031071444e-44,1.2314720989692951e-46,3.7068794570435836e-16
green_green_f3a9f1d66842,6.0,0.0759493670886076,80,4.630000000000001,0.0006055990454703,0.0005951337491517,5.551115123125783e-17,2.425755081263922e-49,3.9480326228469465e-44,9.786194457431756e-47,4.0038590671210134e-16
green_green_f3a9f1d66842,6.0,0.0759493670886076,80,4.640000000000001,0.0006011115961334,0.0005911772257747,4.336808689942019e-19,1.929150448542019e-49,3.1397847886833097e-44,7.782748379212755e-47,3.8168559643759497e-16
green_green_f3a9f1d66842,6.0,0.0759493670886076,80,4.65,0.0005966779975498,0.0005872618845639,0.0,1.5353687372216604e-49,2.4988861857776864e-44,6.194119572237987e-47,4.187616244349499e-16
green_green_f3a9f1d66842,6.0,0.0759493670886076,80,4.66,0.0005922973458134,0.0005833871335103,5.551157474611588e-17,1.2228813648158726e-49,1.9902980146079246e-44,4.933455535924166e-47,4.567467358779139e-16
green_green_f3a9f1d66842,6.0,0.0759493670886076,80,4.67,0.0005879687565411,0.0005795523915573,4.336808689942019e-19,9.747171769407784e-50,1.586398908255151e-44,3.9322897468986303e-47,4.388257322505047e-16
green_green_f3a9f1d66842,6.0,0.0759493670886076,80,4.68,0.000583691364358,0.0005757570883523,4.336808689942019e-19,7.774871495598737e-50,1.2653975885757213e-44,3.1366070270304554e-47,4.616604416182064e-16
green_green_f3a9f1d66842,6.0,0.0759493670886076,80,4.69,0.0005794643223985,0.0005720006640034,0.0,6.20620052743425e-50,1.0100888723470643e-44,2.5037599909567757e-47,4.6009120113194295e-16
green_green_f3a9f1d66842,6.0,0.0759493670886076,80,4.700000000000001,0.0005752868018229,0.0005682825688443,5.55149627486669e-17,4.9576295959560675e-50,8.068779708225024e-45,2.000050526480432e-47,4.81572847466401e-16
green_green_f3a9f1d66842,6.0,0.0759493670886076,80,4.710000000000001,0.0005711579913485,0.0005646022632041,1.1102314949223176e-16,3.963106706349851e-50,6.450146053632193e-45,1.5988313570256876e-47,3.906395163654055e-16
green_green_f3a9f1d66842,6.0,0.0759493670886076,80,4.720000000000001,0.0005670770967958,0.0005609592171847,2.1684043449710093e-19,3.17036037175655e-50,5.1599134102830853e-45,1.279014659714924e-47,5.466671516155534e-16
green_green_f3a9f1d66842,6.0,0.0759493670886076,80,4.73,0.0005630433406481,0.0005573529104423,1.1102420827028943e-16,2.5379931967321935e-50,4.1307055335699535e-45,1.0238995332504387e-47,3.4642817305061724e-16
green_green_f3a9f1d66842,6.0,0.0759493670886076,80,4.74,0.0005590559616239,0.0005537828319768,5.551115123125783e-17,2.0331950438415352e-50,3.3091223527457904e-45,8.202494234723991e-48,5.359275769291567e-16
green_green_f3a9f1d66842,6.0,0.0759493670886076,80,4.75,0.0005551142142638,0.0005502484799248,1.1102314949223176e-16,1.6299422998773361e-50,2.6528091904154475e-45,6.575656555022875e-48,4.384006570387219e-16
green_green_f3a9f1d66842,6.0,0.0759493670886076,80,4.76,0.0005512173685279,0.0005467493613594,0.0,1.3075788171861954e-50,2.1281471765504505e-45,5.2751494461408435e-48,4.099277030727508e-16
green_green_f3a9f1d66842,6.0,0.0759493670886076,80,4.77,0.0005473647094068,0.0005432849920946,0.0,1.0496967731402615e-50,1.7084317936564313e-45,4.2347790272119285e-48,5.035584466238684e-16
green_green_f3a9f1d66842,6.0,0.0759493670886076,80,4.779999999999999,0.0005435555365435,0.0005398548964947,5.551115123125783e-17,8.43253387028401e-51,1.372435291191747e-45,3.401926965375302e-48,3.1308843871337547e-16
green_green_f3a9f1d66842,6.0,0.0759493670886076,80,4.790000000000001,0.0005397891638663,0.0005364586072894,5.551284527130373e-17,6.778732599533108e-51,1.103271210322203e-45,2.734735914039513e-48,3.622494768976725e-16
green_green_f3a9f1d66842,6.0,0.0759493670886076,80,4.800000000000001,0.0005360649192333,0.0005330956653926,5.551157474611588e-17,5.452969146407382e-51,8.87496856037789e-46,2.1998847636882398e-48,3.738949299846868e-16
green_green_f3a9f1d66842,6.0,0.0759493670886076,80,4.8100000000000005,0.0005323821440867,0.0005297656197265,2.1684043449710093e-19,4.389445725536107e-51,7.14403323504662e-46,1.7708287931548752e-48,5.1400198497297955e-16
green_green_f3a9f1d66842,6.0,0.0759493670886076,80,4.82,0.0005287401931172,0.0005264680270505,0.0,3.535708317419124e-51,5.7545346971998156e-46,1.4264065406386256e-48,4.516885853210577e-16
green_green_f3a9f1d66842,6.0,0.0759493670886076,80,4.83,0.0005251384339386,0.0005232024517934,4.336808689942019e-19,2.8499110225805665e-51,4.6383667404281615e-46,1.1497361654013247e-48,3.305711975886817e-16
green_green_f3a9f1d66842,6.0,0.0759493670886076,80,4.84,0.0005215762467717,0.0005199684658911,5.551792708129603e-17,2.298647296454029e-51,3.741158612802292e-46,9.273405054737862e-49,3.900744063894956e-16
green_green_f3a9f1d66842,6.0,0.0759493670886076,80,4.85,0.0005180530241372,0.0005167656486273,5.55149627486669e-17,1.855229348424826e-51,3.0194746563729446e-46,7.484529376873407e-49,4.157757626571862e-16
green_green_f3a9f1d66842,6.0,0.0759493670886076,80,4.859999999999999,0.0005145681705572,0.0005135935864792,5.551157474611588e-17,1.4983221106581313e-51,2.4385910259864326e-46,6.044662813662982e-49,3.73509090431306e-16
green_green_f3a9f1d66842,6.0,0.0759493670886076,80,4.870000000000001,0.0005111211022658,0.000510451872966,5.55149627486669e-17,1.2108579333489291e-51,1.97072930380249e-46,4.884949551420651e-49,3.845476497321281e-16
green_green_f3a9f1d66842,6.0,0.0759493670886076,80,4.880000000000001,0.0005077112469277,0.0005073401085023,5.551157474611588e-17,9.791737029335582e-52,1.5936521178392351e-46,3.950268655942992e-49,3.967525713055816e-16
green_green_f3a9f1d66842,6.0,0.0759493670886076,80,4.890000000000001,0.0005043380433642,0.0005042579002544,5.551157474611588e-17,7.923243156103321e-52,1.2895457872336343e-46,3.196464427016333e-49,3.6837481525807765e-16
green_green_f3a9f1d66842,6.0,0.0759493670886076,80,4.9,0.0005010009412883,0.000501204862,2.1684043449710093e-19,6.415360799172215e-52,1.0441307087469183e-46,2.5881412670306355e-49,4.1070835690315807e-16
green_green_f3a9f1d66842,6.0,0.0759493670886076,80,4.91,0.0004976994010455,0.0004981806139924,1.1102569054260746e-16,5.197712248183982e-52,8.459525728091784e-47,2.096906781207276e-49,5.399203614748424e-16
green_green_f3a9f1d66842,6.0,0.0759493670886076,80,4.92,0.0004944328933636,0.0004951847828267,5.551284527130373e-17,4.213806892500618e-52,6.858172618688915e-47,1.699971030652896e-49,4.3933657775599294e-16
green_green_f3a9f1d66842,6.0,0.0759493670886076,80,4.93,0.000491200899108,0.0004922170013103,0.0,3.4182710688921205e-52,5.563399948311474e-47,1.37902897315427e-49,3.719750402102666e-16
green_green_f3a9f1d66842,6.0,0.0759493670886076,80,4.94,0.0004880029090446,0.0004892769083359,2.1684043449710093e-19,2.774636440763496e-52,4.515853751800257e-47,1.1193682316781938e-49,4.348792157022157e-16
green_green_f3a9f1d66842,6.0,0.0759493670886076,80,4.950000000000001,0.0004848384236091,0.0004863641487579,2.1684043449710093e-19,2.2535730986554816e-52,3.667798196191483e-47,9.091562762382657e-50,4.471763712093793e-16
green_green_f3a9f1d66842,6.0,0.0759493670886076,80,4.960000000000001,0.0004817069526828,0.0004834783732721,4.336808689942019e-19,1.8314770056211312e-52,2.980816580385662e-47,7.388705586874201e-50,4.774009301308467e-16
green_green_f3a9f1d66842,6.0,0.0759493670886076,80,4.970000000000001,0.0004786080153739,0.0004806192382972,5.551284527130373e-17,1.4893399699332124e-52,2.4239721615846327e-47,6.008426271706623e-50,3.848637570262328e-16
green_green_f3a9f1d66842,6.0,0.0759493670886076,80,4.98,0.0004755411398057,0.0004777864058604,5.551284527130373e-17,1.2118450359380028e-52,1.9723358605624304e-47,4.888931807486287e-50,3.6155718370714525e-16
green_green_f3a9f1d66842,6.0,0.0759493670886076,80,4.99,0.0004725058629096,0.0004749795434852,5.551157474611588e-17,9.866418487656956e-53,1.6058068830111976e-47,3.9803973065698635e-50,4.056087534751807e-16
green_green_f3a9f1d66842,6.0,0.0759493670886076,80,5.0,0.0004695017302244,0.0004721983240815,2.1684043449710093e-19,8.037658062316138e-53,1.308167361429527e-47,3.242622694587354e-50,4.817569145009369e-16
