run_id,kind,L,U,filling,g,target_g,lambda,chi,status,message,accepted,s_min,metric_violation
generalization_branch_trial_004287ebfc66,branch_trial,40,1.0,0.8,0.1,0.1,0.010161187012357312,0.5547820130155211,SUCCESS,SUCCESS,True,0.9999930553289711,0.07167711049721798
generalization_branch_trial_0088aafdbfcd,branch_trial,40,1.0,0.8,0.05,0.05,0.09677022494562498,0.7150406208293613,FAILED,NO_SCF_CONVERGENCE,False,0.999999920686955,0.09797269782105364
generalization_branch_trial_00be93b70569,branch_trial,40,1.0,0.8,0.05,0.05,0.1,0.7389056098930651,FAILED,NO_SCF_CONVERGENCE,False,0.9990401462652336,0.10401073435390888
generalization_branch_trial_00ebd45ca27f,branch_trial,40,1.0,0.8,0.05,0.05,0.096317867602654,0.7116981270453854,FAILED,NO_SCF_CONVERGENCE,False,0.9999999999999243,0.09723436435397408
generalization_branch_trial_01acaa5e17cb,branch_trial,40,1.0,0.8,0.05,0.05,0.1,0.7389056098930651,FAILED,NO_SCF_CONVERGENCE,False,0.9999923132458378,0.10328203409943243
generalization_branch_trial_01d78066e51f,branch_trial,20,3.0,0.8,0.1,0.1,0.0007262917501736235,0.0053666104862234295,SUCCESS,SUCCESS,True,0.9999999925860902,1.3019491375071786e-05
generalization_branch_trial_0236ab628fcd,branch_trial,40,1.0,0.8,0.05,0.05,0.09632022555408883,0.7117155500808159,FAILED,NO_SCF_CONVERGENCE,False,0.9999999999806839,0.09723828489710311
generalization_branch_trial_028ba263cd2a,branch_trial,20,3.0,0.8,0.1,0.1,0.00035938136638046403,0.002655489077095598,SUCCESS,SUCCESS,True,0.9999999939180699,3.1066612335484912e-06
generalization_branch_trial_029e2800c09d,branch_trial,40,1.0,0.8,0.05,0.05,0.09638155252882402,0.712168698537512,FAILED,NO_SCF_CONVERGENCE,False,0.9999999783633949,0.09733825532338652
generalization_branch_trial_02a4442dc6b6,branch_trial,40,1.0,0.8,0.05,0.05,0.09631745132884988,0.7116950511748943,FAILED,NO_SCF_CONVERGENCE,False,0.9999999999999993,0.09723370312082442
generalization_branch_trial_02ea0d4e3252,branch_trial,40,1.5,0.8,0.05,0.05,0.00035938136638046403,0.002655489077095598,SUCCESS,SUCCESS,True,0.99999997623774,6.706917354839492e-05
generalization_branch_trial_02ecc439f645,branch_trial,20,2.0,1.0,0.1,0.1,0.005994842503189421,0.04429622756032048,SUCCESS,SUCCESS,True,0.9999949946428477,0.0005356014184902547
generalization_branch_trial_02f944be56db,branch_trial,40,1.0,0.8,0.05,0.05,0.1,0.7389056098930651,FAILED,NO_SCF_CONVERGENCE,False,0.9999922830079243,0.10328203409935051
generalization_branch_trial_0412ed6efcda,branch_trial,48,2.0,1.0,0.05,0.05,0.005994842503189421,0.06608220628682401,SUCCESS,SUCCESS,True,0.999960068506599,0.005243145001591765
generalization_branch_trial_048b25bdab1b,branch_trial,40,1.0,0.8,0.05,0.05,0.09631742828713262,0.7116948809183529,FAILED,NO_SCF_CONVERGENCE,False,0.9999999999999994,0.09723372588317089
generalization_branch_trial_04a9fe0f223f,branch_trial,20,1.5,0.8,0.1,0.1,0.00035938136638046403,0.002655489077095598,SUCCESS,SUCCESS,True,0.9999999077867437,0.00018521088173758873
generalization_branch_trial_050e94ea717c,branch_trial,40,1.0,0.8,0.05,0.05,0.09631753318340432,0.711695656002789,FAILED,NO_SCF_CONVERGENCE,False,0.9999999999999959,0.09723386905408138
generalization_branch_trial_05498256352e,branch_trial,40,1.0,0.8,0.05,0.05,0.09637390794023441,0.7121122122435701,FAILED,NO_SCF_CONVERGENCE,False,0.999999998765972,0.09732578541207029
generalization_branch_trial_05fd0fbbd0f1,branch_trial,40,1.0,0.8,0.05,0.05,0.09814144071925841,0.7251726111044773,FAILED,NO_SCF_CONVERGENCE,False,0.9999987123490441,0.1002190388264389
generalization_branch_trial_060be070ca25,branch_trial,40,1.0,0.8,0.05,0.05,0.09637391048621544,0.7121122310559668,FAILED,NO_SCF_CONVERGENCE,False,0.9999999987659741,0.09732581043285465
generalization_branch_trial_062728848474,branch_trial,24,2.0,1.0,0.1,0.1,4.641588833612792e-09,5.116505239933034e-08,SUCCESS,SUCCESS,True,0.9999999999999997,2.440231435773374e-10
generalization_branch_trial_06501b1299ca,branch_trial,40,1.0,0.8,0.05,0.05,0.09722515554769258,0.718402128569159,FAILED,NO_SCF_CONVERGENCE,False,0.9999996812072038,0.0987165956183735
generalization_branch_trial_07998f1c484f,branch_trial,48,2.0,1.0,0.05,0.05,0.0029663488391777374,0.032698586460767676,SUCCESS,SUCCESS,True,0.9999973789646398,0.001329592915837162
generalization_branch_trial_07f9360d46d0,branch_trial,40,1.0,0.8,0.05,0.05,0.09631830887228905,0.7117013876114736,FAILED,NO_SCF_CONVERGENCE,False,0.9999999999996988,0.09723513310306524
generalization_branch_trial_087ab4694cdb,branch_trial,40,2.0,1.2,0.05,0.05,0.012115276586285901,0.08952045835012755,SUCCESS,SUCCESS,True,0.999986269524771,0.004282769970750316
generalization_branch_trial_0887f299fd72,branch_trial,80,1.5,0.8,0.025,0.025,4.641588833612792e-09,3.4296960279735006e-08,SUCCESS,SUCCESS,True,0.9999999999999996,6.801238276222412e-12
generalization_branch_trial_08d95b2616d0,branch_trial,40,1.0,0.8,0.05,0.05,0.0963174297881975,0.7116948920098055,FAILED,NO_SCF_CONVERGENCE,False,0.9999999999999997,0.09723372943165867
generalization_branch_trial_08e5b9b0ab6c,branch_trial,24,1.0,0.8,0.1,0.1,2.782559402207126e-10,3.0672643080141817e-09,SUCCESS,SUCCESS,True,0.9999999999999993,6.497013513123308e-10
generalization_branch_trial_09153324c938,branch_trial,40,2.0,1.0,0.1,0.1,0.00017782794100389284,0.009709076603015662,SUCCESS,SUCCESS,True,0.9999999936833666,5.025063178415684e-05
generalization_branch_trial_091581128983,branch_trial,24,1.0,0.8,0.1,0.1,0.1,1.1023176380641606,FAILED,COMPLEX_DENSITY: unprojected density imaginary part 1.157161e-02 exceeds tolerance 1.000000e-10,False,0.0,0.6086040059686576
generalization_branch_trial_09a57bfd68c2,branch_trial,40,1.0,0.8,0.05,0.05,0.09631753685199078,0.7116956831101802,FAILED,NO_SCF_CONVERGENCE,False,0.9999999999999962,0.0972338630553585
generalization_branch_trial_09b5df2c7723,branch_trial,20,1.0,0.8,0.1,0.1,1e-12,7.38905609893065e-12,SUCCESS,SUCCESS,True,0.9999999999999997,5.922719117382697e-07
generalization_branch_trial_09c56856d6fe,branch_trial,40,1.0,0.8,0.05,0.05,0.09636273359430382,0.7120296443746201,FAILED,NO_SCF_CONVERGENCE,False,0.9999999987585112,0.09730755317615904
generalization_branch_trial_09e4a12ef26b,branch_trial,20,2.5,0.8,0.1,0.1,0.04948168092155145,0.36562291619873016,SUCCESS,SUCCESS,True,0.9991794663878033,0.04155511117300724
generalization_branch_trial_0a1420ab101f,branch_trial,96,1.5,0.8,0.025,0.025,0.00035938136638046403,0.003961524189527838,SUCCESS,SUCCESS,True,0.9999999839184786,8.820961992029493e-06
generalization_branch_trial_0a26a833ee8c,branch_trial,40,1.0,0.8,0.05,0.05,0.09643042775836631,0.7125298403504481,FAILED,NO_SCF_CONVERGENCE,False,0.9999999950609075,0.09741798159062127
generalization_branch_trial_0a3b5340d2a9,branch_trial,40,1.0,0.8,0.05,0.05,1e-12,7.38905609893065e-12,SUCCESS,SUCCESS,True,0.9999999999999994,8.14208731847415e-07
generalization_branch_trial_0a8cdadf9d5d,branch_trial,40,2.0,1.0,0.1,0.1,8.799225435691092e-05,0.004804214305133212,SUCCESS,SUCCESS,True,0.9999999996687555,1.129109769453653e-05
generalization_branch_trial_0a9da5fd497b,branch_trial,40,1.5,0.8,0.05,0.05,0.1,0.7389056098930651,SUCCESS,SUCCESS,True,0.9982650256231647,0.09809181864993848
generalization_branch_trial_0aceba9245b9,branch_trial,20,2.5,0.8,0.1,0.1,2.782559402207126e-10,2.056048752151539e-09,SUCCESS,SUCCESS,True,0.9999999999999993,2.287536130474518e-13
generalization_branch_trial_0b2490a035d3,branch_trial,20,3.0,0.8,0.1,0.1,7.742636826811277e-08,5.721077786695493e-07,SUCCESS,SUCCESS,True,0.9999999999999994,4.257686343050667e-12
generalization_branch_trial_0c1d34f77e08,branch_trial,40,1.0,0.8,0.05,0.05,0.09631742828040117,0.7116948808686138,FAILED,NO_SCF_CONVERGENCE,False,0.9999999999999994,0.09723366477172724
generalization_branch_trial_0c9e44419c5a,branch_trial,40,1.0,0.8,0.05,0.05,0.1,0.7389056098930651,FAILED,NO_SCF_CONVERGENCE,False,0.9999923130598802,0.10328203409931082
generalization_branch_trial_0cc5003c3d28,branch_trial,96,1.5,0.8,0.025,0.025,0.012115276586285901,0.133548830710887,SUCCESS,SUCCESS,True,0.9999235502221617,0.009345030221088235
generalization_branch_trial_0d1406352fc8,branch_trial,24,3.0,0.8,0.1,0.1,0.0014677992676220735,0.016179810218374686,SUCCESS,SUCCESS,True,0.999999908361659,0.00012168070312920948
generalization_branch_trial_0d7b25c56871,branch_trial,40,1.0,0.8,0.05,0.05,0.1,0.7389056098930651,FAILED,NO_SCF_CONVERGENCE,False,0.9999923132432589,0.10328203409948156
generalization_branch_trial_0de7493dd4ce,branch_trial,24,2.0,1.0,0.05,0.05,0.1,0.33201169227365485,SUCCESS,SUCCESS,True,0.9982850202610882,0.08205037373651577
generalization_branch_trial_0e53b266e689,branch_trial,24,1.0,0.8,0.1,0.1,0.1,1.1023176380641606,FAILED,COMPLEX_DENSITY: unprojected density imaginary part 1.992730e-02 exceeds tolerance 1.000000e-10,False,0.0,0.6086040059686576
generalization_branch_trial_0ef43f1fdaf8,branch_trial,40,1.0,0.8,0.05,0.05,0.09631742699511528,0.7116948713715642,FAILED,NO_SCF_CONVERGENCE,False,0.9999999999999993,0.09723372949352711
generalization_branch_trial_0f60fcedc157,branch_trial,24,1.0,0.8,0.1,0.1,0.00035938136638046403,0.003961524189527838,SUCCESS,SUCCESS,True,0.9999997177246511,0.000841178285008078
generalization_branch_trial_0f770066572d,branch_trial,40,1.0,0.8,0.05,0.05,0.09654356142018276,0.7133657913242873,FAILED,NO_SCF_CONVERGENCE,False,0.9999999802197094,0.09760257651859008
generalization_branch_trial_105fbadaa335,branch_trial,40,1.0,0.8,0.05,0.05,0.09637383909157256,0.7121117035169453,FAILED,NO_SCF_CONVERGENCE,False,0.9999999987659263,0.0973256898405577
generalization_branch_trial_106a2b2ac00c,branch_trial,40,1.0,0.8,0.05,0.05,0.09654356193255226,0.7133657951102143,FAILED,NO_SCF_CONVERGENCE,False,0.9999999802197155,0.09760258780665575
generalization_branch_trial_108caa0bd9c7,branch_trial,40,1.0,0.8,0.05,0.05,0.09631742661100202,0.7116948685333299,FAILED,NO_SCF_CONVERGENCE,False,0.9999999999999988,0.0972337412199858
generalization_branch_trial_1109a7bb61d9,branch_trial,40,1.0,0.8,0.05,0.05,0.09632095314917727,0.7117209263217418,FAILED,NO_SCF_CONVERGENCE,False,0.9999999999951817,0.09723945007625553
generalization_branch_trial_11258e8d5437,branch_trial,24,2.0,1.0,0.1,0.1,0.00035938136638046403,0.003961524189527838,SUCCESS,SUCCESS,True,0.9999999812403271,2.9475990347349072e-05
generalization_branch_trial_1186978c4164,branch_trial,24,3.0,0.8,0.05,0.05,0.010161187012357312,0.03373632895481834,SUCCESS,SUCCESS,True,0.9999998759145451,0.0008664760409899941
generalization_branch_trial_118c57e0a8f3,branch_trial,40,1.0,0.8,0.05,0.05,0.09631742704854614,0.7116948717663678,FAILED,NO_SCF_CONVERGENCE,False,0.9999999999999994,0.09723373439374182
generalization_branch_trial_11963fea20af,branch_trial,40,2.0,1.2,0.05,0.05,1.2915496650148854e-06,9.543332929350077e-06,SUCCESS,SUCCESS,True,0.9999999999998681,2.4667048405198386e-09
generalization_branch_trial_11abd85cf2d8,branch_trial,20,2.0,1.2,0.1,0.1,0.1,0.7389056098930651,SUCCESS,SUCCESS,True,0.9976257152506758,0.09500731430798431
generalization_branch_trial_11ea596b1869,branch_trial,24,1.0,0.8,0.1,0.1,0.1,1.1023176380641606,SUCCESS,SUCCESS,True,0.9985060873296023,0.16443604758995137
generalization_branch_trial_12167c06b8d1,branch_trial,24,3.0,0.8,0.05,0.05,0.05370584649044065,0.17830968978280326,FAILED,NO_SCF_CONVERGENCE,False,0.9999743108493144,0.022094037768787236
generalization_branch_trial_123775bcca43,branch_trial,40,1.0,0.8,0.1,0.1,0.005994842503189421,0.32730731041420597,SUCCESS,SUCCESS,True,0.9999749665764668,0.03346774624631356
generalization_branch_trial_125f4eb8f9f4,branch_trial,24,3.0,0.8,0.05,0.05,0.1,0.33201169227365485,FAILED,NO_SCF_CONVERGENCE,False,0.997977671390605,0.06393216937466427
generalization_branch_trial_126c94a7d5fa,branch_trial,20,2.5,0.8,0.1,0.1,1.6681005372000556e-11,1.2325688448027565e-10,SUCCESS,SUCCESS,True,0.9999999999999996,1.3736894872445269e-14
generalization_branch_trial_129a0c818a59,branch_trial,24,2.0,0.6,0.1,0.1,0.005994842503189421,0.06608220628682401,SUCCESS,SUCCESS,True,0.9999952272795068,0.0011508804487036894
generalization_branch_trial_12fcc9fc11f4,branch_trial,40,1.0,0.8,0.05,0.05,0.09631786491033698,0.7116981071517039,FAILED,NO_SCF_CONVERGENCE,False,0.9999999999999246,0.09723437480015282
generalization_branch_trial_13460f86556b,branch_trial,96,1.5,0.8,0.025,0.025,0.0007262917501736235,0.00800604206596874,SUCCESS,SUCCESS,True,0.9999999802823948,3.603499304999969e-05
generalization_branch_trial_135ab552e208,branch_trial,24,3.0,0.8,0.05,0.05,0.039536673119671864,0.13126637749332576,FAILED,NO_SCF_CONVERGENCE,False,0.9999831859671046,0.01248240042819283
generalization_branch_trial_136ec59bd66b,branch_trial,24,1.0,0.8,0.1,0.1,0.0007262917501736235,0.00800604206596874,SUCCESS,SUCCESS,True,0.9999996669075238,0.001701126838503164
generalization_branch_trial_13ba9447447b,branch_trial,20,2.0,0.6,0.1,0.1,0.02448436746822229,0.18091636476952713,SUCCESS,SUCCESS,True,0.9999617345012207,0.007870429926927948
generalization_branch_trial_13c0c3be14dd,branch_trial,40,1.0,0.8,0.05,0.05,0.09632448519697913,0.7117470248210938,FAILED,NO_SCF_CONVERGENCE,False,0.9999999999807282,0.09724521990676069
generalization_branch_trial_13c793f6759d,branch_trial,24,2.0,1.0,0.1,0.1,0.1,1.1023176380641606,SUCCESS,SUCCESS,True,0.9864436036976507,0.15688195664430832
generalization_branch_trial_13c8f0dafb00,branch_trial,24,2.0,0.6,0.1,0.1,0.005994842503189421,0.06608220628682401,SUCCESS,SUCCESS,True,0.9999980629694506,0.0011508804609854668
generalization_branch_trial_13d8fb04af02,branch_trial,24,3.0,0.8,0.05,0.05,0.0029663488391777374,0.009848624979693922,SUCCESS,SUCCESS,True,0.9999999188205416,7.392118221828191e-05
generalization_branch_trial_1495f0524f9d,branch_trial,20,2.0,0.4,0.1,0.1,0.0029663488391777374,0.021918517981682116,SUCCESS,SUCCESS,True,0.9999999001539127,9.87560730431415e-05
generalization_branch_trial_14cc6bbaf023,branch_trial,40,1.0,0.8,0.05,0.05,0.1,0.7389056098930651,FAILED,NO_SCF_CONVERGENCE,False,0.9989410530204095,0.10401073435418086
generalization_branch_trial_14fd3a32796b,branch_trial,40,1.0,0.8,0.05,0.05,0.09631748170792055,0.7116952756475518,FAILED,NO_SCF_CONVERGENCE,False,0.9999999999999991,0.0972337834261331
generalization_branch_trial_14ffd7622681,branch_trial,20,1.5,0.8,0.1,0.1,4.641588833612792e-09,3.4296960279735006e-08,SUCCESS,SUCCESS,True,0.9999999999999997,2.4052538293853565e-09
generalization_branch_trial_14ffda041513,branch_trial,40,2.0,1.0,0.1,0.1,0.0007262917501736235,0.03965418594381441,SUCCESS,SUCCESS,True,0.9999981134552386,0.0008779541459222837
generalization_branch_trial_16299de7af92,branch_trial,24,3.0,0.8,0.1,0.1,1.2915496650148854e-06,1.4236979761817662e-05,SUCCESS,SUCCESS,True,0.9999999999999146,1.2358086911165391e-11
generalization_branch_trial_1640cfb3ada4,branch_trial,24,1.5,0.8,0.05,0.05,0.0014677992676220735,0.004873265187612358,SUCCESS,SUCCESS,True,0.9999999352359228,0.00025349115057410787
generalization_branch_trial_16532b3bd516,branch_trial,24,2.0,1.0,0.05,0.05,0.0007262917501736235,0.002411373530595393,SUCCESS,SUCCESS,True,0.999999983508542,3.4021160088766535e-05
generalization_branch_trial_168f52f0aec5,branch_trial,24,1.0,0.8,0.1,0.1,4.354004653656653e-05,0.0004799496125939165,SUCCESS,SUCCESS,True,0.9999999988036755,0.00010185078292634814
generalization_branch_trial_16dc36566353,branch_trial,24,1.5,0.8,0.1,0.1,2.782559402207126e-10,3.0672643080141817e-09,SUCCESS,SUCCESS,True,0.9999999999999996,6.788563778235538e-11
generalization_branch_trial_16e10add08c0,branch_trial,40,1.0,0.8,0.05,0.05,0.09661865552290691,0.7139206658620149,FAILED,NO_SCF_CONVERGENCE,False,0.9999999132337515,0.09772517401178715
generalization_branch_trial_16f2207c6c57,branch_trial,24,1.5,0.8,0.05,0.05,2.1544346900318867e-05,7.152975073305536e-05,SUCCESS,SUCCESS,True,0.9999999999517011,3.7712018208362564e-06
generalization_branch_trial_17371591cd44,branch_trial,20,1.0,0.8,0.1,0.1,0.012115276586285901,0.08952045835012755,SUCCESS,SUCCESS,True,0.9999856360972708,0.011925320428317378
generalization_branch_trial_176335299fa9,branch_trial,40,1.0,0.8,0.05,0.05,0.09631744028930578,0.7116949696030836,FAILED,NO_SCF_CONVERGENCE,False,0.9999999999999996,0.09723370942211663
generalization_branch_trial_1798562b68f9,branch_trial,40,1.0,0.8,0.05,0.05,0.09813566059879482,0.7251299014701131,FAILED,NO_SCF_CONVERGENCE,False,0.9999987044886992,0.10020954393126302
generalization_branch_trial_17ce5975a2db,branch_trial,40,1.0,0.8,0.05,0.05,0.09631742688025996,0.7116948705228918,FAILED,NO_SCF_CONVERGENCE,False,0.9999999999999992,0.09723369926960343
generalization_branch_trial_180d88060a88,branch_trial,40,1.0,0.8,0.05,0.05,0.09634566432853456,0.7119035186122835,FAILED,NO_SCF_CONVERGENCE,False,0.9999999996915865,0.09727972843856027
generalization_branch_trial_1871c2bd04b7,branch_trial,40,1.0,0.8,0.05,0.05,0.1,0.7389056098930651,FAILED,NO_SCF_CONVERGENCE,False,0.9999923132530188,0.10328203409936385
generalization_branch_trial_18730efd26fa,branch_trial,40,1.0,0.8,0.05,0.05,0.0965435615277171,0.7133657921188646,FAILED,NO_SCF_CONVERGENCE,False,0.9999999802197111,0.09760258902914239
generalization_branch_trial_189d4d496af1,branch_trial,80,1.5,0.8,0.025,0.025,0.005994842503189421,0.04429622756032048,SUCCESS,SUCCESS,True,0.9999985509954887,0.0009862640763684293
generalization_branch_trial_19d645ecb2e4,branch_trial,48,1.5,0.8,0.05,0.05,7.742636826811277e-08,8.534845139319194e-07,SUCCESS,SUCCESS,True,0.9999999999999993,8.962929461808968e-09
generalization_branch_trial_19ec2271b5f4,branch_trial,40,1.0,0.8,0.05,0.05,0.09633154435425952,0.7117991853302498,FAILED,NO_SCF_CONVERGENCE,False,0.9999999999229078,0.09725670058592102
generalization_branch_trial_1a4c91e2b7d3,branch_trial,24,1.0,0.8,0.05,0.05,0.0029663488391777374,0.009848624979693922,SUCCESS,SUCCESS,True,0.9999996323254146,0.0018997134120046638
generalization_branch_trial_1a8e95ad4408,branch_trial,24,3.0,0.8,0.05,0.05,0.07281125348399549,0.24174187485787388,FAILED,NO_SCF_CONVERGENCE,False,0.9998638364119381,0.03792173317314305
generalization_branch_trial_1a962d0e4681,branch_trial,40,1.0,0.8,0.05,0.05,0.0938100460082637,0.6931676925983258,SUCCESS,SUCCESS,True,0.9999870100075089,0.09316736101192323
generalization_branch_trial_1b2412dfdf79,branch_trial,20,1.0,0.8,0.1,0.1,0.0029663488391777374,0.021918517981682116,SUCCESS,SUCCESS,True,0.9999991530630786,0.002921634252150306
generalization_branch_trial_1b4d5999a317,branch_trial,24,3.0,0.8,0.05,0.05,0.1,0.33201169227365485,FAILED,NO_SCF_CONVERGENCE,False,0.9984834694821929,0.06393171709738053
generalization_branch_trial_1ba49d38a254,branch_trial,40,2.0,1.2,0.05,0.05,0.0007262917501736235,0.0053666104862234295,SUCCESS,SUCCESS,True,0.9999999876146928,1.3697125435275845e-05
generalization_branch_trial_1baba6316f3a,branch_trial,40,1.0,0.8,0.05,0.05,0.09633081279703394,0.7117937798128704,FAILED,NO_SCF_CONVERGENCE,False,0.9999999999228782,0.09725555092489835
generalization_branch_trial_1c5cd535b9ae,branch_trial,40,1.0,0.8,0.05,0.05,0.0963174264502361,0.7116948673454214,FAILED,NO_SCF_CONVERGENCE,False,0.9999999999999993,0.09723371568950939
generalization_branch_trial_1c7e13761587,branch_trial,24,1.0,0.8,0.1,0.1,0.1,1.1023176380641606,FAILED,COMPLEX_DENSITY: unprojected density imaginary part 1.146283e-10 exceeds tolerance 1.000000e-10,False,0.0,1.0
generalization_branch_trial_1cd5b4cea013,branch_trial,40,1.0,0.8,0.05,0.05,0.09631918838302976,0.7117078863656763,FAILED,NO_SCF_CONVERGENCE,False,0.9999999999987955,0.09723656742599977
generalization_branch_trial_1da8e7a85be7,branch_trial,20,3.0,0.8,0.1,0.1,2.1544346900318867e-05,0.00015919238786127877,SUCCESS,SUCCESS,True,0.9999999999784572,5.595958606278479e-09
generalization_branch_trial_1e3cc9cde8d6,branch_trial,40,1.0,0.8,0.05,0.05,0.09631753728279081,0.7116956862933858,FAILED,NO_SCF_CONVERGENCE,False,0.9999999999999959,0.09723387376047517
generalization_branch_trial_1e732773b2e7,branch_trial,40,1.0,0.8,0.05,0.05,0.09677022504030837,0.7150406215289821,FAILED,NO_SCF_CONVERGENCE,False,0.9999999206869598,0.09797269811376445
generalization_branch_trial_1e77d46b5530,branch_trial,40,1.0,0.8,0.05,0.05,0.09631785026436093,0.7116979989317653,FAILED,NO_SCF_CONVERGENCE,False,0.9999999999999247,0.09723437402929236
generalization_branch_trial_1eff50bb4895,branch_trial,40,1.0,0.8,0.05,0.05,0.096317864048812,0.7116981007858475,FAILED,NO_SCF_CONVERGENCE,False,0.9999999999999243,0.09723443204624785
generalization_branch_trial_1f8e7adf3806,branch_trial,24,2.0,1.0,0.1,0.1,1.2915496650148854e-06,1.4236979761817662e-05,SUCCESS,SUCCESS,True,0.9999999999997543,1.3331046849430204e-07
generalization_branch_trial_1f9f46d6f6ec,branch_trial,24,3.0,0.8,0.05,0.05,0.1,0.33201169227365485,FAILED,NO_SCF_CONVERGENCE,False,0.9989463504738477,0.06393116310813775
generalization_branch_trial_1fc70a00e19b,branch_trial,40,1.0,0.8,0.05,0.05,0.09722515685231166,0.7184021382090626,FAILED,NO_SCF_CONVERGENCE,False,0.9999996812074976,0.09871659652029253
generalization_branch_trial_1fdbbf92398c,branch_trial,40,1.0,0.8,0.05,0.05,0.09654349330553998,0.7133652880213706,FAILED,NO_SCF_CONVERGENCE,False,0.999999980218946,0.0976024697099846
generalization_branch_trial_1feca59bd6a7,branch_trial,40,1.0,0.8,0.05,0.05,0.09720580429794291,0.7182591410991743,FAILED,NO_SCF_CONVERGENCE,False,0.9999996768361291,0.09868492475133508
generalization_branch_trial_2002847c9c8a,branch_trial,40,1.0,0.8,0.05,0.05,0.09631911862302832,0.7117073709051122,FAILED,NO_SCF_CONVERGENCE,False,0.9999999999987952,0.09723644972966705
generalization_branch_trial_202567d9b616,branch_trial,40,1.0,0.8,0.05,0.05,0.09631742994980039,0.7116948932038982,FAILED,NO_SCF_CONVERGENCE,False,0.9999999999999997,0.09723371832272709
generalization_branch_trial_2077f90de5e9,branch_trial,40,1.0,0.8,0.05,0.05,0.09631743334239799,0.7116949182719923,FAILED,NO_SCF_CONVERGENCE,False,0.9999999999999992,0.09723367642214621
generalization_branch_trial_208749d08a4a,branch_trial,40,1.0,0.8,0.05,0.05,0.09631742461843988,0.7116948538101764,FAILED,NO_SCF_CONVERGENCE,False,0.9999999999999993,0.09723369362535947
generalization_branch_trial_20d426e91301,branch_trial,40,1.0,0.8,0.05,0.05,0.09634537345395557,0.7119013693237015,FAILED,NO_SCF_CONVERGENCE,False,0.9999999996915384,0.09727923282539594
generalization_branch_trial_213328a04f70,branch_trial,40,1.0,0.8,0.05,0.05,0.09631742647632047,0.7116948675381602,FAILED,NO_SCF_CONVERGENCE,False,0.9999999999999997,0.09723367640873164
generalization_branch_trial_2158968f2759,branch_trial,24,3.0,0.8,0.05,0.05,0.06958451110299624,0.23102871287340704,FAILED,NO_SCF_CONVERGENCE,False,0.999855533452618,0.03506564162293446
generalization_branch_trial_221ef57423f4,branch_trial,48,2.0,1.0,0.05,0.05,0.0014677992676220735,0.016179810218374686,SUCCESS,SUCCESS,True,0.9999998385644766,0.00032682328295555966
generalization_branch_trial_223a4c1c3b99,branch_trial,40,1.0,0.8,0.1,0.1,1.6681005372000556e-11,9.107520340041714e-10,SUCCESS,SUCCESS,True,0.9999999999999997,4.490219902776814e-06
generalization_branch_trial_22c05e854552,branch_trial,40,1.0,0.8,0.05,0.05,0.09637391059234972,0.7121122318401989,FAILED,NO_SCF_CONVERGENCE,False,0.9999999987659742,0.0973258061331072
generalization_branch_trial_22d7a19e30d6,branch_trial,40,1.0,0.8,0.05,0.05,2.782559402207126e-10,2.056048752151539e-09,SUCCESS,SUCCESS,True,0.9999999999999992,1.2471982105399733e-06
generalization_branch_trial_22ec1a42f43d,branch_trial,48,2.0,1.0,0.05,0.05,0.1,1.1023176380641606,SUCCESS,SUCCESS,True,0.9813526986784903,0.2175312567768584
generalization_branch_trial_232830607c13,branch_trial,40,2.0,1.2,0.05,0.05,0.0029663488391777374,0.021918517981682116,SUCCESS,SUCCESS,True,0.9999997573337517,0.0002565455641444005
generalization_branch_trial_232b83adbb1a,branch_trial,40,1.5,0.8,0.05,0.05,0.012115276586285901,0.08952045835012755,SUCCESS,SUCCESS,True,0.9999938440178188,0.0012080927673011651
generalization_branch_trial_235491975b26,branch_trial,40,1.0,0.8,0.05,0.05,0.09631747987020875,0.7116952620685961,FAILED,NO_SCF_CONVERGENCE,False,0.9999999999999993,0.09723380068836628
generalization_branch_trial_2366ab6fdbeb,branch_trial,24,3.0,0.8,0.05,0.05,0.024316717417522078,0.08073434500331762,SUCCESS,SUCCESS,True,0.9999982786826785,0.004879341497228164
generalization_branch_trial_23af4e7aa0d7,branch_trial,40,1.0,0.8,0.05,0.05,0.09631748164733839,0.7116952751999067,FAILED,NO_SCF_CONVERGENCE,False,0.9999999999999994,0.09723381570794522
generalization_branch_trial_23afd48d0e7c,branch_trial,48,1.5,0.8,0.05,0.05,0.1,1.1023176380641606,SUCCESS,SUCCESS,True,0.9933953988686306,0.1484987485744872
generalization_branch_trial_23cf8fb945a1,branch_trial,24,2.0,0.6,0.1,0.1,0.02448436746822229,0.26989550117065764,SUCCESS,SUCCESS,True,0.9997301941928383,0.017157230450767422
generalization_branch_trial_23ee590db145,branch_trial,80,1.5,0.8,0.025,0.025,0.00035938136638046403,0.002655489077095598,SUCCESS,SUCCESS,True,0.9999999856138141,2.9566751407041156e-06
generalization_branch_trial_23fa62b6418e,branch_trial,20,1.5,0.8,0.1,0.1,1.2915496650148854e-06,9.543332929350077e-06,SUCCESS,SUCCESS,True,0.9999999999958636,6.693767918725628e-07
generalization_branch_trial_23fac6979bc8,branch_trial,20,1.5,0.8,0.1,0.1,4.354004653656653e-05,0.00032171984640874126,SUCCESS,SUCCESS,True,0.9999999986464396,2.2550709424548802e-05
generalization_branch_trial_240b608f8ba9,branch_trial,40,1.0,0.8,0.05,0.05,0.09631742558776908,0.7116948609726043,FAILED,NO_SCF_CONVERGENCE,False,0.9999999999999994,0.09723365469952786
generalization_branch_trial_243dd3642929,branch_trial,20,2.0,0.6,0.1,0.1,0.0007262917501736235,0.0053666104862234295,SUCCESS,SUCCESS,True,0.9999999896437507,1.8418938946459092e-05
generalization_branch_trial_249e11825c48,branch_trial,40,1.0,0.8,0.05,0.05,0.0963183093030005,0.7117013907940247,FAILED,NO_SCF_CONVERGENCE,False,0.9999999999996981,0.0972351456382945
generalization_branch_trial_24b9e168b159,branch_trial,40,1.0,0.8,0.05,0.05,0.09677022740743864,0.7150406390198405,FAILED,NO_SCF_CONVERGENCE,False,0.9999999206870738,0.09797271365453121
generalization_branch_trial_24bf379be2fa,branch_trial,24,1.5,0.8,0.05,0.05,0.1,0.33201169227365485,SUCCESS,SUCCESS,True,0.9988723769811167,0.02667082700608153
generalization_branch_trial_24e2eb082558,branch_trial,40,2.0,0.6,0.05,0.05,1e-12,7.38905609893065e-12,SUCCESS,SUCCESS,True,0.9999999999999993,2.236258245472961e-16
generalization_branch_trial_24fd5976c380,branch_trial,80,1.5,0.8,0.025,0.025,0.1,0.7389056098930651,SUCCESS,SUCCESS,True,0.9842324698891184,0.1314111880921649
generalization_branch_trial_2522b630b47e,branch_trial,24,3.0,0.8,0.1,0.1,0.012115276586285901,0.133548830710887,FAILED,NO_SCF_CONVERGENCE,False,0.9999672339842416,0.007838197514440813
generalization_branch_trial_25af140a424f,branch_trial,40,1.0,0.8,0.05,0.05,0.09631830617355859,0.7117013676704028,FAILED,NO_SCF_CONVERGENCE,False,0.9999999999996987,0.09723516260279733
generalization_branch_trial_25f0316ded5c,branch_trial,40,1.0,0.8,0.05,0.05,0.09632448256315827,0.7117470053596437,FAILED,NO_SCF_CONVERGENCE,False,0.9999999999807283,0.09724522960695264
generalization_branch_trial_26266ffbefaf,branch_trial,20,2.0,1.0,0.1,0.1,0.00017782794100389284,0.0013139806320350944,SUCCESS,SUCCESS,True,0.999999998628404,2.5430394813022718e-05
generalization_branch_trial_2664322d1ad8,branch_trial,40,1.0,0.8,0.05,0.05,0.09631889813313256,0.7117057416929032,FAILED,NO_SCF_CONVERGENCE,False,0.9999999999987952,0.09723607628196358
generalization_branch_trial_269068f55999,branch_trial,40,1.0,0.8,0.05,0.05,0.09814144022541531,0.7251726074554429,FAILED,NO_SCF_CONVERGENCE,False,0.9999987123483732,0.10021903808176907
generalization_branch_trial_26b53e35489b,branch_trial,24,1.0,0.8,0.05,0.05,1.6681005372000556e-11,5.538288822383832e-11,SUCCESS,SUCCESS,True,0.9999999999999997,4.863190898205665e-12
generalization_branch_trial_26caaed96da6,branch_trial,80,1.5,0.8,0.025,0.025,0.012115276586285901,0.08952045835012755,SUCCESS,SUCCESS,True,0.9999888460533674,0.004157359355293679
generalization_branch_trial_270144b0a773,branch_trial,40,1.0,0.8,0.05,0.05,0.0963183070349821,0.7117013740355095,FAILED,NO_SCF_CONVERGENCE,False,0.9999999999996986,0.09723514177985022
generalization_branch_trial_271cff66f281,branch_trial,24,2.0,1.0,0.1,0.1,0.0029663488391777374,0.032698586460767676,SUCCESS,SUCCESS,True,0.9999996064207691,0.00037108051867870787
generalization_branch_trial_273f98f06209,branch_trial,80,1.5,0.8,0.025,0.025,0.02448436746822229,0.18091636476952713,SUCCESS,SUCCESS,True,0.9998615811555841,0.016128520699762724
generalization_branch_trial_27f60090cbc3,branch_trial,24,2.0,0.6,0.1,0.1,0.1,1.1023176380641606,SUCCESS,SUCCESS,True,0.9926835207976843,0.1240131786169064
generalization_branch_trial_286d87438fa5,branch_trial,40,1.0,0.8,0.05,0.05,0.09631751939773844,0.7116955541397305,FAILED,NO_SCF_CONVERGENCE,False,0.999999999999996,0.09723383258127201
generalization_branch_trial_28be64896bb8,branch_trial,40,1.0,0.8,0.05,0.05,0.09632095627641249,0.7117209494290582,FAILED,NO_SCF_CONVERGENCE,False,0.9999999999951821,0.09723944676552994
generalization_branch_trial_294382572250,branch_trial,40,1.0,0.8,0.05,0.05,0.09632448342316441,0.7117470117142773,FAILED,NO_SCF_CONVERGENCE,False,0.9999999999807281,0.09724520944065754
generalization_branch_trial_29a88a248275,branch_trial,40,1.0,0.8,0.05,0.05,0.09631742658407623,0.7116948683343737,FAILED,NO_SCF_CONVERGENCE,False,0.9999999999999994,0.09723370583776787
generalization_branch_trial_29bf7059d9ed,branch_trial,40,1.0,0.8,0.05,0.05,0.09631743345015356,0.7116949190682043,FAILED,NO_SCF_CONVERGENCE,False,0.9999999999999994,0.09723370713358784
generalization_branch_trial_2a45c35a742b,branch_trial,40,2.0,1.2,0.05,0.05,0.00035938136638046403,0.002655489077095598,SUCCESS,SUCCESS,True,0.9999999897185807,2.7991762505526113e-06
generalization_branch_trial_2a57014b6949,branch_trial,24,2.0,1.0,0.1,0.1,0.00035938136638046403,0.003961524189527838,SUCCESS,SUCCESS,True,0.999999994604365,2.947599091843655e-05
generalization_branch_trial_2a8d2ae70271,branch_trial,96,1.5,0.8,0.025,0.025,0.0029663488391777374,0.032698586460767676,SUCCESS,SUCCESS,True,0.9999994789204062,0.0005992175913582319
generalization_branch_trial_2b636c43e3e0,branch_trial,40,1.0,0.8,0.05,0.05,0.09631742671870519,0.7116948693291546,FAILED,NO_SCF_CONVERGENCE,False,0.9999999999999994,0.09723369274700555
generalization_branch_trial_2b81b903d8b0,branch_trial,40,1.0,0.8,0.05,0.05,0.005994842503189421,0.04429622756032048,SUCCESS,SUCCESS,True,0.9999892731252711,0.004804876279330228
generalization_branch_trial_2bc9339806a4,branch_trial,40,1.5,0.8,0.1,0.1,0.0007262917501736235,0.03965418594381441,SUCCESS,SUCCESS,True,0.999999473926057,0.000310962739487663
generalization_branch_trial_2c34814ad586,branch_trial,40,1.0,0.8,0.05,0.05,0.09631743044119566,0.7116948968348454,FAILED,NO_SCF_CONVERGENCE,False,0.9999999999999993,0.09723371113310819
generalization_branch_trial_2c4bb525007c,branch_trial,24,2.0,1.0,0.05,0.05,2.782559402207126e-10,9.238422559787572e-10,SUCCESS,SUCCESS,True,0.9999999999999996,1.6631146794350028e-12
generalization_branch_trial_2c554c73b884,branch_trial,24,3.0,0.8,0.1,0.1,0.009305720409297004,0.10257859742061727,FAILED,NO_SCF_CONVERGENCE,False,0.9999952783869175,0.004732915482650425
generalization_branch_trial_2c596495fcf7,branch_trial,40,1.0,0.8,0.05,0.05,0.09722510197592306,0.7184017327243487,FAILED,NO_SCF_CONVERGENCE,False,0.9999996811951426,0.09871650642795451
generalization_branch_trial_2d02207b818c,branch_trial,24,3.0,0.8,0.05,0.05,0.1,0.33201169227365485,FAILED,NO_SCF_CONVERGENCE,False,0.9986346879924712,0.0639315533674888
generalization_branch_trial_2d0235958547,branch_trial,40,2.0,0.6,0.05,0.05,4.641588833612792e-09,3.4296960279735006e-08,SUCCESS,SUCCESS,True,0.9999999999999997,1.9990233503975276e-13
generalization_branch_trial_2d44d2e90ec5,branch_trial,40,1.0,0.8,0.05,0.05,0.09814144209450047,0.725172621266218,FAILED,NO_SCF_CONVERGENCE,False,0.9999987123509115,0.1002190411024493
generalization_branch_trial_2d51281a88d7,branch_trial,40,1.0,0.8,0.05,0.05,0.0964304276473267,0.7125298395299702,FAILED,NO_SCF_CONVERGENCE,False,0.9999999950609076,0.09741799606064284
generalization_branch_trial_2d686a29ff40,branch_trial,24,2.0,0.6,0.1,0.1,1.2915496650148854e-06,1.4236979761817662e-05,SUCCESS,SUCCESS,True,0.9999999999998729,1.533412258417891e-08
generalization_branch_trial_2db88980d938,branch_trial,40,1.0,0.8,0.05,0.05,0.09631742656388188,0.7116948681851565,SUCCESS,SUCCESS,True,0.9999999999999994,0.09723366343422754
generalization_branch_trial_2e373cb0587b,branch_trial,20,2.0,1.2,0.1,0.1,0.04948168092155145,0.36562291619873016,SUCCESS,SUCCESS,True,0.9996975097312691,0.03172381022990127
generalization_branch_trial_2e587d5fee6a,branch_trial,40,2.0,0.6,0.05,0.05,0.1,0.7389056098930651,SUCCESS,SUCCESS,True,0.9932701151263192,0.12046644539743316
generalization_branch_trial_2e8cc38a4453,branch_trial,20,1.0,0.8,0.1,0.1,0.005994842503189421,0.04429622756032048,SUCCESS,SUCCESS,True,0.9999965217451313,0.005897020580781471
generalization_branch_trial_2f645a79ca7c,branch_trial,24,1.5,0.8,0.05,0.05,0.00035938136638046403,0.0011931881562359623,SUCCESS,SUCCESS,True,0.9999999865628236,6.270801199378517e-05
generalization_branch_trial_2f780b1fda04,branch_trial,20,1.0,0.8,0.1,0.1,0.02448436746822229,0.18091636476952713,SUCCESS,SUCCESS,True,0.9999400423951664,0.024476920180356652
generalization_branch_trial_2fd14aa5904e,branch_trial,40,1.0,0.8,0.1,0.1,0.005994842503189421,0.32730731041420597,SUCCESS,SUCCESS,True,0.9999128324679248,0.03346716023431912
generalization_branch_trial_3107329cda38,branch_trial,40,1.0,0.8,0.05,0.05,0.09631742817264628,0.7116948800724069,FAILED,NO_SCF_CONVERGENCE,False,0.9999999999999992,0.09723370983629637
generalization_branch_trial_317054803e50,branch_trial,40,1.0,0.8,0.05,0.05,0.09631742657061333,0.7116948682348955,FAILED,NO_SCF_CONVERGENCE,False,0.9999999999999997,0.09723370749021674
generalization_branch_trial_31a8b3d53f2f,branch_trial,24,1.5,0.8,0.05,0.05,1.2915496650148854e-06,4.288095899370641e-06,SUCCESS,SUCCESS,True,0.9999999999998271,2.2612076205913386e-07
generalization_branch_trial_31d459f94d7b,branch_trial,40,1.0,0.8,0.05,0.05,0.0963174780392802,0.7116952485397624,FAILED,NO_SCF_CONVERGENCE,False,0.9999999999999992,0.09723376664530502
generalization_branch_trial_31e8b7e06c3d,branch_trial,24,3.0,0.8,0.05,0.05,0.1,0.33201169227365485,SUCCESS,SUCCESS,True,0.9994890012425726,0.06392742851163884
generalization_branch_trial_31eef2737949,branch_trial,20,3.0,0.8,0.1,0.1,0.02448436746822229,0.18091636476952713,SUCCESS,SUCCESS,True,0.999892417700988,0.013923462378341873
generalization_branch_trial_320a61f641b2,branch_trial,40,1.0,0.8,0.05,0.05,0.09631743161914957,0.711694905538813,FAILED,NO_SCF_CONVERGENCE,False,0.9999999999999996,0.09723370037427295
generalization_branch_trial_3215f78cc54c,branch_trial,40,1.5,0.8,0.1,0.1,0.0029663488391777374,0.16195715897206936,SUCCESS,SUCCESS,True,0.9999989960385872,0.004107652189280657
generalization_branch_trial_3245d0f5b9a4,branch_trial,48,2.0,1.0,0.05,0.05,1.6681005372000556e-11,1.8387766442199225e-10,SUCCESS,SUCCESS,True,0.9999999999999998,4.400441214292834e-15
generalization_branch_trial_3262bb6f8abc,branch_trial,40,1.5,0.8,0.1,0.1,4.354004653656653e-05,0.0023772059932535413,SUCCESS,SUCCESS,True,0.999999996375689,2.806550493070029e-05
generalization_branch_trial_329f092d4f5f,branch_trial,40,1.0,0.8,0.05,0.05,0.09631742386451712,0.7116948482393989,SUCCESS,SUCCESS,True,0.9999999999999996,0.0972336864371627
generalization_branch_trial_32cae4617c6d,branch_trial,24,1.5,0.8,0.05,0.05,1e-12,3.320116922736548e-12,SUCCESS,SUCCESS,True,0.9999999999999993,1.2938735695093662e-13
generalization_branch_trial_33079e236bee,branch_trial,40,2.0,0.6,0.05,0.05,0.00035938136638046403,0.002655489077095598,SUCCESS,SUCCESS,True,0.9999999926704662,3.65262995270474e-06
generalization_branch_trial_330bb08bf5b9,branch_trial,40,1.0,0.8,0.1,0.1,0.0029663488391777374,0.16195715897206936,SUCCESS,SUCCESS,True,0.999993800660759,0.013804152285899679
generalization_branch_trial_331da087fa38,branch_trial,24,3.0,0.8,0.05,0.05,0.1,0.33201169227365485,FAILED,NO_SCF_CONVERGENCE,False,0.9982206073548751,0.0639319698914161
generalization_branch_trial_3386ce29abf1,branch_trial,24,2.0,0.6,0.1,0.1,1e-12,1.1023176380641605e-11,SUCCESS,SUCCESS,True,0.9999999999999994,3.5853271001634425e-15
generalization_branch_trial_339b563f088e,branch_trial,48,2.0,1.0,0.05,0.05,1.2915496650148854e-06,1.4236979761817662e-05,SUCCESS,SUCCESS,True,0.9999999999998029,1.588587148554601e-09
generalization_branch_trial_339c8fc2bae1,branch_trial,24,3.0,0.8,0.05,0.05,0.03877968626926378,0.12875309264099682,SUCCESS,SUCCESS,True,0.9999997031306995,0.012032346472532488
generalization_branch_trial_33a7515269df,branch_trial,24,3.0,0.8,0.1,0.1,0.02448436746822229,0.26989550117065764,FAILED,NO_SCF_CONVERGENCE,False,0.9994747163900376,0.027593271595467487
generalization_branch_trial_33aa8cd16ab9,branch_trial,24,1.0,0.8,0.05,0.05,0.00035938136638046403,0.0011931881562359623,SUCCESS,SUCCESS,True,0.9999999946294466,0.00023008349436935907
generalization_branch_trial_33b0b3952ad5,branch_trial,40,1.0,0.8,0.05,0.05,0.09634566261819244,0.7119035059744696,FAILED,NO_SCF_CONVERGENCE,False,0.9999999996915863,0.09727973813568136
generalization_branch_trial_33c18c92846e,branch_trial,40,1.0,0.8,0.05,0.05,0.09631742699637742,0.7116948713808903,FAILED,NO_SCF_CONVERGENCE,False,0.9999999999999997,0.09723371033816668
generalization_branch_trial_33d544725718,branch_trial,40,1.0,0.8,0.05,0.05,0.09637389340686936,0.7121121048557204,FAILED,NO_SCF_CONVERGENCE,False,0.9999999987659624,0.09732575396131996
generalization_branch_trial_340592094707,branch_trial,40,1.0,0.8,0.05,0.05,0.09633152707918541,0.7117990576837581,FAILED,NO_SCF_CONVERGENCE,False,0.9999999999229072,0.09725665953868434
generalization_branch_trial_341ed61a7e34,branch_trial,40,1.0,0.8,0.05,0.05,0.09722460092259487,0.7183980304131982,FAILED,NO_SCF_CONVERGENCE,False,0.9999996810823205,0.09871568739975911
generalization_branch_trial_345b7f35c0fc,branch_trial,48,1.5,0.8,0.05,0.05,0.0029663488391777374,0.032698586460767676,SUCCESS,SUCCESS,True,0.9999994691504344,0.0006635626489685904
generalization_branch_trial_346720424b3b,branch_trial,20,1.0,0.8,0.1,0.1,0.00035938136638046403,0.002655489077095598,SUCCESS,SUCCESS,True,0.9999999571685231,0.0003554950366763077
generalization_branch_trial_348046858ff9,branch_trial,40,1.0,0.8,0.05,0.05,0.09634566444210846,0.7119035194514874,FAILED,NO_SCF_CONVERGENCE,False,0.9999999996915863,0.09727975016229982
generalization_branch_trial_352eb19b2ab7,branch_trial,24,3.0,0.8,0.1,0.1,0.00035938136638046403,0.003961524189527838,SUCCESS,SUCCESS,True,0.9999999930785519,7.2538324954021405e-06
generalization_branch_trial_3567c6b02cc4,branch_trial,40,1.0,0.8,0.05,0.05,0.09631757454462095,0.711695961623139,FAILED,NO_SCF_CONVERGENCE,False,0.9999999999999848,0.09723396327079736
generalization_branch_trial_3577938349df,branch_trial,24,1.5,0.8,0.1,0.1,4.354004653656653e-05,0.0004799496125939165,SUCCESS,SUCCESS,True,0.9999999998138129,2.7085467634424042e-05
generalization_branch_trial_35a8c2b8adfe,branch_trial,20,1.5,0.8,0.1,0.1,0.005994842503189421,0.04429622756032048,SUCCESS,SUCCESS,True,0.999911530716303,0.0028172255419421075
generalization_branch_trial_35e102139891,branch_trial,20,2.5,0.8,0.1,0.1,0.1,0.7389056098930651,SUCCESS,SUCCESS,True,0.9883822996375818,0.11154541027952579
generalization_branch_trial_35e47d754505,branch_trial,24,3.0,0.8,0.05,0.05,1.6681005372000556e-11,5.538288822383832e-11,SUCCESS,SUCCESS,True,0.9999999999999996,3.2921020555048e-16
generalization_branch_trial_3635110ea59f,branch_trial,40,1.0,0.8,0.05,0.05,0.09631742688020738,0.7116948705225032,FAILED,NO_SCF_CONVERGENCE,False,0.9999999999999993,0.09723372356493248
generalization_branch_trial_369578665801,branch_trial,20,2.5,0.8,0.1,0.1,0.012115276586285901,0.08952045835012755,SUCCESS,SUCCESS,True,0.9999932505514172,0.0030660062875368186
generalization_branch_trial_36a0e6871392,branch_trial,40,1.0,0.8,0.05,0.05,0.09631742989589627,0.7116948928055977,FAILED,NO_SCF_CONVERGENCE,False,0.9999999999999991,0.09723374079984418
generalization_branch_trial_36c8be50e0e5,branch_trial,40,1.0,0.8,0.05,0.05,0.09631786771034452,0.7116981278411167,FAILED,NO_SCF_CONVERGENCE,False,0.9999999999999243,0.09723441451542662
generalization_branch_trial_37637ee083f1,branch_trial,20,2.0,1.0,0.1,0.1,4.354004653656653e-05,0.00032171984640874126,SUCCESS,SUCCESS,True,0.9999999999173036,6.388253810813496e-06
generalization_branch_trial_379b968078b8,branch_trial,24,3.0,0.8,0.1,0.1,0.005994842503189421,0.06608220628682401,SUCCESS,SUCCESS,True,0.9999986448814447,0.0020043971422661574
generalization_branch_trial_37e858b7e82b,branch_trial,20,2.0,1.2,0.1,0.1,1.2915496650148854e-06,9.543332929350077e-06,SUCCESS,SUCCESS,True,0.9999999999998178,1.2032442644674418e-07
generalization_branch_trial_37ee369c0867,branch_trial,24,1.0,0.8,0.05,0.05,0.04948168092155145,0.16428496619309318,SUCCESS,SUCCESS,True,0.9998881261851601,0.03175805094252103
generalization_branch_trial_3819437cf0cf,branch_trial,24,3.0,0.8,0.05,0.05,0.04439919610423026,0.1474105223415535,FAILED,NO_SCF_CONVERGENCE,False,0.9999793976847635,0.015535021531257924
generalization_branch_trial_38433949788a,branch_trial,40,1.0,0.8,0.05,0.05,0.09632448514317629,0.7117470244235417,FAILED,NO_SCF_CONVERGENCE,False,0.9999999999807285,0.09724517870231508
generalization_branch_trial_384c32d6f3b9,branch_trial,40,1.0,0.8,0.05,0.05,0.09811382130764536,0.7249685297226489,FAILED,NO_SCF_CONVERGENCE,False,0.9999986745824487,0.10017367102091676
generalization_branch_trial_38579ed6613c,branch_trial,40,1.0,0.8,0.05,0.05,0.09632022210341708,0.7117155245836088,FAILED,NO_SCF_CONVERGENCE,False,0.9999999999951803,0.09723826085369904
generalization_branch_trial_38adf09ecfbc,branch_trial,40,1.0,0.8,0.05,0.05,0.09632088331437551,0.7117204103084739,FAILED,NO_SCF_CONVERGENCE,False,0.9999999999951825,0.0972393412912605
generalization_branch_trial_38b8c80532cb,branch_trial,24,3.0,0.8,0.1,0.1,1.6681005372000556e-11,1.8387766442199225e-10,SUCCESS,SUCCESS,True,0.9999999999999994,6.914789023543119e-16
generalization_branch_trial_38bd8a92261d,branch_trial,48,2.0,1.0,0.05,0.05,2.782559402207126e-10,3.0672643080141817e-09,SUCCESS,SUCCESS,True,0.9999999999999998,7.125697183483206e-14
generalization_branch_trial_38e8fba1826d,branch_trial,20,1.0,0.8,0.1,0.1,2.782559402207126e-10,2.056048752151539e-09,SUCCESS,SUCCESS,True,0.9999999999999996,7.97634098086943e-07
generalization_branch_trial_39166005ddf1,branch_trial,40,1.0,0.8,0.05,0.05,0.0972251569389863,0.7184021388495063,FAILED,NO_SCF_CONVERGENCE,False,0.9999996812075169,0.0987165958943046
generalization_branch_trial_399ee2c3d0b2,branch_trial,40,1.0,0.8,0.05,0.05,0.0964304250358288,0.7125298202334657,FAILED,NO_SCF_CONVERGENCE,False,0.9999999950609008,0.09741798954420014
generalization_branch_trial_39abab9c8c69,branch_trial,48,1.5,0.8,0.05,0.05,0.0014677992676220735,0.016179810218374686,SUCCESS,SUCCESS,True,0.9999998883289875,0.0002469588004961036
generalization_branch_trial_3a63480b3710,branch_trial,20,2.5,0.8,0.1,0.1,0.0014677992676220735,0.010845651130428824,SUCCESS,SUCCESS,True,0.999999959351647,3.673469375134408e-05
generalization_branch_trial_3a6852d32f3f,branch_trial,20,1.5,0.8,0.1,0.1,8.799225435691092e-05,0.0006501797037145897,SUCCESS,SUCCESS,True,0.9999999944711555,4.554202194676186e-05
generalization_branch_trial_3ac7ea6a8d2c,branch_trial,40,1.0,0.8,0.05,0.05,0.09631830520445692,0.7117013605096562,FAILED,NO_SCF_CONVERGENCE,False,0.9999999999996984,0.09723514110345262
generalization_branch_trial_3b0c67789ade,branch_trial,40,1.5,0.8,0.05,0.05,2.782559402207126e-10,2.056048752151539e-09,SUCCESS,SUCCESS,True,0.9999999999999994,1.35157828368304e-11
generalization_branch_trial_3bbf4393384c,branch_trial,48,1.5,0.8,0.05,0.05,2.1544346900318867e-05,0.0002374871358879441,SUCCESS,SUCCESS,True,0.9999999999244747,2.561563424138212e-06
generalization_branch_trial_3bc391383d45,branch_trial,24,3.0,0.8,0.1,0.1,0.0014677992676220735,0.016179810218374686,SUCCESS,SUCCESS,True,0.9999999840901012,0.00012168099892824347
generalization_branch_trial_3bc8a4b25aca,branch_trial,40,1.0,0.8,0.05,0.05,0.09643014339398003,0.7125277391660453,FAILED,NO_SCF_CONVERGENCE,False,0.9999999950601373,0.09741752939161116
generalization_branch_trial_3bf1a45cdbe3,branch_trial,20,2.0,0.4,0.1,0.1,0.0014677992676220735,0.010845651130428824,SUCCESS,SUCCESS,True,0.9999999767695477,2.8510958217783714e-05
generalization_branch_trial_3bf25a244190,branch_trial,40,1.0,0.8,0.05,0.05,0.09631742645612612,0.711694867388943,FAILED,NO_SCF_CONVERGENCE,False,0.9999999999999994,0.09723367109033788
generalization_branch_trial_3bf9012a6e22,branch_trial,40,1.0,0.8,0.05,0.05,0.09642971544166826,0.7125245770024059,FAILED,NO_SCF_CONVERGENCE,False,0.9999999950589765,0.09741683154502571
generalization_branch_trial_3c6279d4d1cc,branch_trial,40,2.0,1.0,0.1,0.1,0.00035938136638046403,0.019621557760756952,SUCCESS,SUCCESS,True,0.9999998876978774,0.0002132146021205006
generalization_branch_trial_3c7661aff825,branch_trial,40,1.0,0.8,0.05,0.05,0.09632095218075895,0.7117209191660444,FAILED,NO_SCF_CONVERGENCE,False,0.9999999999951821,0.09723945996230915
generalization_branch_trial_3c82a3d787dc,branch_trial,40,1.0,0.8,0.05,0.05,0.09631753679140952,0.7116956826625418,FAILED,NO_SCF_CONVERGENCE,False,0.9999999999999962,0.09723386934456477
generalization_branch_trial_3cc5aa4d8b30,branch_trial,40,1.5,0.8,0.05,0.05,1.6681005372000556e-11,1.2325688448027565e-10,SUCCESS,SUCCESS,True,0.9999999999999996,5.238605729178235e-13
generalization_branch_trial_3d0e4d1f4945,branch_trial,40,1.0,0.8,0.05,0.05,0.0965328979934957,0.7132869986662898,FAILED,NO_SCF_CONVERGENCE,False,0.9999999800999761,0.0975851685668426
generalization_branch_trial_3d91e0b41804,branch_trial,40,1.0,0.8,0.05,0.05,0.09631786587955232,0.7116981143132904,FAILED,NO_SCF_CONVERGENCE,False,0.9999999999999238,0.09723442560737203
generalization_branch_trial_3e1006129e27,branch_trial,20,2.0,0.6,0.1,0.1,2.782559402207126e-10,2.056048752151539e-09,SUCCESS,SUCCESS,True,0.9999999999999997,1.6709075167070876e-12
generalization_branch_trial_3ee0cb2bd6b0,branch_trial,24,1.0,0.8,0.1,0.1,0.008522275225393883,0.09394254297388896,SUCCESS,SUCCESS,True,0.999984104692512,0.020182387244475807
generalization_branch_trial_3f0894d98f0e,branch_trial,24,3.0,0.8,0.05,0.05,0.034807005884284134,0.11556332926620236,FAILED,NO_SCF_CONVERGENCE,False,0.9999526973344377,0.009787954039814587
generalization_branch_trial_3f7883357e4a,branch_trial,20,2.0,1.0,0.1,0.1,0.0029663488391777374,0.021918517981682116,SUCCESS,SUCCESS,True,0.9999996442398128,0.00023144474908263688
generalization_branch_trial_3fa89171e04f,branch_trial,24,2.0,1.0,0.05,0.05,0.005994842503189421,0.019903578043979527,SUCCESS,SUCCESS,True,0.9999961385501387,0.00016750492764227377
generalization_branch_trial_3fec458e528f,branch_trial,24,3.0,0.8,0.1,0.1,0.01634681545406965,0.18019383001200776,FAILED,NO_SCF_CONVERGENCE,False,0.9999881549853513,0.013660012415282545
generalization_branch_trial_40038b83cd4e,branch_trial,40,1.0,0.8,0.05,0.05,0.09637391048626723,0.7121122310563495,FAILED,NO_SCF_CONVERGENCE,False,0.999999998765974,0.09732582228518122
generalization_branch_trial_4043c6a9b7f1,branch_trial,24,3.0,0.8,0.05,0.05,0.0350369408223508,0.11632674014520589,SUCCESS,SUCCESS,True,0.9999997923437366,0.009912322909471211
generalization_branch_trial_4082a511bb3e,branch_trial,40,2.0,1.0,0.1,0.1,4.354004653656653e-05,0.0023772059932535413,SUCCESS,SUCCESS,True,0.9999999999197828,2.28870257818477e-06
generalization_branch_trial_40ef13dbae61,branch_trial,24,3.0,0.8,0.05,0.05,0.005994842503189421,0.019903578043979527,SUCCESS,SUCCESS,True,0.9999988242149849,0.000302127509292613
generalization_branch_trial_410c7580b5e4,branch_trial,80,1.5,0.8,0.025,0.025,0.1,0.7389056098930651,SUCCESS,SUCCESS,True,0.9943024893352662,0.13141118800170082
generalization_branch_trial_4154e559bc1e,branch_trial,24,3.0,0.8,0.1,0.1,0.007147705767941868,0.07879042139695257,SUCCESS,SUCCESS,True,0.9999990991166339,0.0028320727583655966
generalization_branch_trial_41598f59d646,branch_trial,20,3.0,0.8,0.1,0.1,1.6681005372000556e-11,1.2325688448027565e-10,SUCCESS,SUCCESS,True,0.9999999999999996,7.980314082719683e-16
generalization_branch_trial_42551527c7c5,branch_trial,40,1.0,0.8,0.05,0.05,0.09631742644981538,0.7116948673423127,FAILED,NO_SCF_CONVERGENCE,False,0.9999999999999992,0.09723369315503404
generalization_branch_trial_427bd16dd484,branch_trial,40,1.0,0.8,0.05,0.05,0.09631742742550725,0.7116948745517546,FAILED,NO_SCF_CONVERGENCE,False,0.9999999999999996,0.0972337076083334
generalization_branch_trial_42e5a2276038,branch_trial,24,2.0,0.6,0.1,0.1,0.04948168092155145,0.5454452964088903,SUCCESS,SUCCESS,True,0.9979277726222043,0.05290495187632186
generalization_branch_trial_42ef32ed32e3,branch_trial,40,1.0,0.8,0.05,0.05,0.09631764702574548,0.7116964971902343,FAILED,NO_SCF_CONVERGENCE,False,0.9999999999999877,0.09723403151570312
generalization_branch_trial_4347f51861da,branch_trial,24,3.0,0.8,0.05,0.05,0.05386831793709709,0.1788491139823088,FAILED,NO_SCF_CONVERGENCE,False,0.9998766049496035,0.022216312085602586
generalization_branch_trial_43791d6bdc30,branch_trial,24,3.0,0.8,0.05,0.05,0.05301478633910645,0.1760152892797297,SUCCESS,SUCCESS,True,0.9999943500285684,0.02157718850654906
generalization_branch_trial_43d7a8be3c6a,branch_trial,40,1.0,0.8,0.05,0.05,0.09631742677255678,0.711694869727067,FAILED,NO_SCF_CONVERGENCE,False,0.9999999999999993,0.09723369950145716
generalization_branch_trial_4528dccaa6bf,branch_trial,24,1.0,0.8,0.05,0.05,0.1,0.33201169227365485,FAILED,NO_SCF_CONVERGENCE,False,0.7988100744924745,0.06155645393231685
generalization_branch_trial_459ff70c2b55,branch_trial,24,3.0,0.8,0.05,0.05,0.0198690491158089,0.06596756620808078,SUCCESS,SUCCESS,True,0.9999988258134643,0.003280043896419028
generalization_branch_trial_460efa543667,branch_trial,40,1.0,0.8,0.1,0.1,0.00035938136638046403,0.019621557760756952,SUCCESS,SUCCESS,True,0.9999996838922336,0.001530209582513581
generalization_branch_trial_46a48b1a45f2,branch_trial,40,1.0,0.8,0.05,0.05,0.09631919107434513,0.7117079062519566,FAILED,NO_SCF_CONVERGENCE,False,0.9999999999987955,0.0972365193910554
generalization_branch_trial_46ae38f3527e,branch_trial,24,3.0,0.8,0.1,0.1,0.0005108969774506945,0.005631707494775683,SUCCESS,SUCCESS,True,0.9999999985182094,1.4697152148151955e-05
generalization_branch_trial_46caa1f8717f,branch_trial,40,2.0,1.0,0.05,0.05,0.005994842503189421,0.04429622756032048,SUCCESS,SUCCESS,True,0.9999942437527436,0.002384071015860355
generalization_branch_trial_473828e05bad,branch_trial,40,1.0,0.8,0.05,0.05,0.09631830606588065,0.7117013668747645,FAILED,NO_SCF_CONVERGENCE,False,0.9999999999996986,0.09723512565625292
generalization_branch_trial_4770cfc155e1,branch_trial,20,2.0,1.2,0.1,0.1,4.641588833612792e-09,3.4296960279735006e-08,SUCCESS,SUCCESS,True,0.9999999999999998,1.7057460151375622e-10
generalization_branch_trial_477589fee897,branch_trial,40,1.0,0.8,0.05,0.05,0.09654356142013336,0.7133657913239222,FAILED,NO_SCF_CONVERGENCE,False,0.9999999802197105,0.09760258881032773
generalization_branch_trial_4786cbc70bf6,branch_trial,40,1.0,0.8,0.1,0.1,7.742636826811277e-08,4.2273364712239e-06,SUCCESS,SUCCESS,True,0.9999999999999896,2.970460220872337e-06
generalization_branch_trial_47899b80d65a,branch_trial,40,1.0,0.8,0.05,0.05,0.09676996966300115,0.7150387345317327,FAILED,NO_SCF_CONVERGENCE,False,0.999999920674671,0.09797228733906543
generalization_branch_trial_47d2fd11321a,branch_trial,40,1.0,0.8,0.05,0.05,0.09631830881172024,0.7117013871639273,FAILED,NO_SCF_CONVERGENCE,False,0.9999999999996988,0.09723513913471751
generalization_branch_trial_480ab8600ceb,branch_trial,24,3.0,0.8,0.05,0.05,0.025028654311746102,0.0830980587337513,FAILED,NO_SCF_CONVERGENCE,False,0.9999931764876726,0.00516294157336784
generalization_branch_trial_48fe455a0daf,branch_trial,20,2.5,0.8,0.1,0.1,0.005994842503189421,0.04429622756032048,SUCCESS,SUCCESS,True,0.9999990921571775,0.0007393530632886962
generalization_branch_trial_491d29df339b,branch_trial,24,3.0,0.8,0.05,0.05,0.03877968626926378,0.12875309264099682,SUCCESS,SUCCESS,True,0.9999960094911954,0.012032346008474623
generalization_branch_trial_491fa22117dc,branch_trial,40,1.0,0.8,0.05,0.05,0.04948168092155146,0.3656229161987302,SUCCESS,SUCCESS,True,0.999775761370782,0.04191144173576482
generalization_branch_trial_493052d37aa2,branch_trial,20,2.0,1.0,0.1,0.1,4.641588833612792e-09,3.4296960279735006e-08,SUCCESS,SUCCESS,True,0.9999999999999997,3.863994176575208e-10
generalization_branch_trial_4973d630392a,branch_trial,24,3.0,0.8,0.05,0.05,0.06593796526084965,0.21892175431336156,SUCCESS,SUCCESS,True,0.9999751887448196,0.03191788803422261
generalization_branch_trial_49c77ec1402b,branch_trial,20,2.0,1.2,0.1,0.1,1e-12,7.38905609893065e-12,SUCCESS,SUCCESS,True,0.9999999999999998,3.09279491418718e-14
generalization_branch_trial_49f331c3e8ce,branch_trial,40,1.0,0.8,0.05,0.05,0.09631747900859543,0.7116952557020869,FAILED,NO_SCF_CONVERGENCE,False,0.9999999999999987,0.09723381172532415
generalization_branch_trial_49f50fd83c73,branch_trial,24,2.0,1.0,0.05,0.05,1e-12,3.320116922736548e-12,SUCCESS,SUCCESS,True,0.9999999999999998,5.562049893948109e-15
generalization_branch_trial_49fcc0076a17,branch_trial,40,1.0,0.8,0.05,0.05,1.2915496650148854e-06,9.543332929350077e-06,SUCCESS,SUCCESS,True,0.9999999999995047,1.6599179293556066e-06
generalization_branch_trial_4a5d7eb93067,branch_trial,40,2.0,1.0,0.05,0.05,0.012115276586285901,0.08952045835012755,SUCCESS,SUCCESS,True,0.9999167150016888,0.0092950124301958
generalization_branch_trial_4a799e1d6767,branch_trial,20,2.5,0.8,0.1,0.1,7.742636826811277e-08,5.721077786695493e-07,SUCCESS,SUCCESS,True,0.9999999999999997,1.9309248281548038e-10
generalization_branch_trial_4aa567e800a7,branch_trial,24,1.0,0.8,0.1,0.1,0.05899746255923566,0.6503394358007539,SUCCESS,SUCCESS,True,0.99994665296329,0.1264537780869164
generalization_branch_trial_4b0798be35c4,branch_trial,40,1.0,0.8,0.05,0.05,0.09631742700815746,0.7116948714679336,FAILED,NO_SCF_CONVERGENCE,False,0.9999999999999996,0.09723369323244987
generalization_branch_trial_4b486237b985,branch_trial,24,3.0,0.8,0.1,0.1,0.02448436746822229,0.26989550117065764,FAILED,NO_SCF_CONVERGENCE,False,0.9998615504710802,0.027592836639323617
generalization_branch_trial_4b51d5135c1a,branch_trial,40,2.0,0.6,0.05,0.05,1.2915496650148854e-06,9.543332929350077e-06,SUCCESS,SUCCESS,True,0.9999999999999071,7.637540760479157e-11
generalization_branch_trial_4b782d1ff394,branch_trial,40,1.0,0.8,0.05,0.05,0.09631745413589728,0.711695071916325,FAILED,NO_SCF_CONVERGENCE,False,0.9999999999999993,0.09723372360934865
generalization_branch_trial_4b92262fa9dd,branch_trial,40,1.0,0.8,0.05,0.05,0.00035938136638046403,0.002655489077095598,SUCCESS,SUCCESS,True,0.9999999616654549,0.000296874826985021
generalization_branch_trial_4b9ed0c713aa,branch_trial,40,2.0,1.0,0.05,0.05,1e-12,7.38905609893065e-12,SUCCESS,SUCCESS,True,0.9999999999999996,8.080655020238337e-16
generalization_branch_trial_4c02a208d87c,branch_trial,24,3.0,0.8,0.05,0.05,0.034628103821070365,0.11496935349861384,FAILED,NO_SCF_CONVERGENCE,False,0.999986975926564,0.00969161170650305
generalization_branch_trial_4c7b9561183d,branch_trial,20,2.0,1.0,0.1,0.1,0.00035938136638046403,0.002655489077095598,SUCCESS,SUCCESS,True,0.9999999944390122,4.96003474330399e-05
generalization_branch_trial_4c8a72eb2c3f,branch_trial,24,1.5,0.8,0.1,0.1,0.02448436746822229,0.26989550117065764,SUCCESS,SUCCESS,True,0.9999544257631019,0.01578622067184434
generalization_branch_trial_4c923fd17897,branch_trial,20,2.0,0.4,0.1,0.1,1.2915496650148854e-06,9.543332929350077e-06,SUCCESS,SUCCESS,True,0.9999999999999414,8.810577121454323e-09
generalization_branch_trial_4caec3c48e16,branch_trial,24,2.0,0.6,0.1,0.1,0.0007262917501736235,0.00800604206596874,SUCCESS,SUCCESS,True,0.9999999877804755,1.6464359616796825e-05
generalization_branch_trial_4d12c0698147,branch_trial,40,1.5,0.8,0.05,0.05,0.1,0.7389056098930651,SUCCESS,SUCCESS,True,0.9967425696642139,0.0980918187811626
generalization_branch_trial_4d183ca3a43a,branch_trial,40,1.0,0.8,0.05,0.05,0.09632095304157526,0.7117209255266644,FAILED,NO_SCF_CONVERGENCE,False,0.9999999999951821,0.0972394878091465
generalization_branch_trial_4d95b01cd669,branch_trial,24,2.0,0.6,0.1,0.1,0.1,1.1023176380641606,SUCCESS,SUCCESS,True,0.9772687614941548,0.12401317888216058
generalization_branch_trial_4dd2d45ddd40,branch_trial,40,1.0,0.8,0.05,0.05,0.09677022741335635,0.7150406390635667,FAILED,NO_SCF_CONVERGENCE,False,0.9999999206870736,0.0979727102005793
generalization_branch_trial_4e15ae49bfc2,branch_trial,40,1.0,0.8,0.05,0.05,0.0963739110233098,0.7121122350245872,FAILED,NO_SCF_CONVERGENCE,False,0.9999999987659746,0.0973258011947197
generalization_branch_trial_4e525c127a10,branch_trial,24,3.0,0.8,0.1,0.1,0.01124881490884852,0.12399767081342815,SUCCESS,SUCCESS,True,0.9999989408532143,0.006809324895988837
generalization_branch_trial_4e79fa017802,branch_trial,20,1.0,0.8,0.1,0.1,1.6681005372000556e-11,1.2325688448027565e-10,SUCCESS,SUCCESS,True,0.9999999999999998,7.946766730078466e-07
generalization_branch_trial_4ee5eb124e63,branch_trial,40,1.0,0.8,0.05,0.05,0.09630607881161848,0.7116110190070855,SUCCESS,SUCCESS,True,0.9999999999218556,0.09721518025255743
generalization_branch_trial_4f695ba3902e,branch_trial,20,1.0,0.8,0.1,0.1,0.0014677992676220735,0.010845651130428824,SUCCESS,SUCCESS,True,0.9999997932014809,0.0014464548486223692
generalization_branch_trial_4f93d25f9639,branch_trial,40,1.0,0.8,0.05,0.05,0.0964304276473777,0.7125298395303471,FAILED,NO_SCF_CONVERGENCE,False,0.9999999950609074,0.09741796845044924
generalization_branch_trial_4f9f0ad8dc95,branch_trial,48,1.5,0.8,0.05,0.05,0.005994842503189421,0.06608220628682401,SUCCESS,SUCCESS,True,0.999996742119663,0.002029974148628114
generalization_branch_trial_4fdd27b0b37f,branch_trial,40,1.0,0.8,0.05,0.05,0.0963244127940648,0.711746489831898,FAILED,NO_SCF_CONVERGENCE,False,0.9999999999807272,0.09724508028598813
generalization_branch_trial_4fea830bc951,branch_trial,40,2.0,1.0,0.05,0.05,0.0029663488391777374,0.021918517981682116,SUCCESS,SUCCESS,True,0.9999995716381384,0.0005815136345335257
generalization_branch_trial_4fffa83de95e,branch_trial,40,1.0,0.8,0.05,0.05,0.09631744078069969,0.7116949732340208,FAILED,NO_SCF_CONVERGENCE,False,0.9999999999999996,0.09723370287603608
generalization_branch_trial_502908c258f9,branch_trial,40,1.0,0.8,0.05,0.05,0.09631918935190344,0.7117078935247383,FAILED,NO_SCF_CONVERGENCE,False,0.9999999999987954,0.09723655965984901
generalization_branch_trial_507355f208b4,branch_trial,24,2.0,1.0,0.1,0.1,0.02448436746822229,0.26989550117065764,SUCCESS,SUCCESS,True,0.9988919083317506,0.029602267713328502
generalization_branch_trial_509144661dbe,branch_trial,24,3.0,0.8,0.05,0.05,0.02975999216254133,0.09880665359936051,FAILED,NO_SCF_CONVERGENCE,False,0.9999903079671205,0.007234562277624146
generalization_branch_trial_5093dd3e5736,branch_trial,40,1.0,0.8,0.05,0.05,0.09631743668120783,0.7116949429426455,FAILED,NO_SCF_CONVERGENCE,False,0.9999999999999992,0.0972337039646122
generalization_branch_trial_50a6895a1a77,branch_trial,40,1.0,0.8,0.05,0.05,0.09634559238830663,0.7119029870419036,FAILED,NO_SCF_CONVERGENCE,False,0.9999999996915744,0.09727959526956301
generalization_branch_trial_50dc8f0689a0,branch_trial,24,3.0,0.8,0.05,0.05,4.641588833612792e-09,1.5410617634862826e-08,SUCCESS,SUCCESS,True,0.9999999999999996,1.46893780534428e-14
generalization_branch_trial_5121f2f5cef9,branch_trial,40,1.5,0.8,0.1,0.1,2.1544346900318867e-05,0.0011762814844297155,SUCCESS,SUCCESS,True,0.9999999968572794,1.4111543770247255e-05
generalization_branch_trial_513649e0add0,branch_trial,20,2.0,1.0,0.1,0.1,0.02448436746822229,0.18091636476952713,SUCCESS,SUCCESS,True,0.9998199489471552,0.014041000909915781
generalization_branch_trial_520bf1eb73b5,branch_trial,24,3.0,0.8,0.1,0.1,0.004604626880380038,0.050757614269472666,SUCCESS,SUCCESS,True,0.9999999502674205,0.0011896018718926564
generalization_branch_trial_52758a1adecf,branch_trial,24,3.0,0.8,0.1,0.1,0.012115276586285901,0.133548830710887,FAILED,NO_SCF_CONVERGENCE,False,0.9999848984303129,0.007838181738414909
generalization_branch_trial_52a3792b6aab,branch_trial,40,1.0,0.8,0.05,0.05,0.09631830886555919,0.7117013875617463,FAILED,NO_SCF_CONVERGENCE,False,0.9999999999996987,0.09723513770647399
generalization_branch_trial_52a8e80a3674,branch_trial,40,1.0,0.8,0.05,0.05,0.0963174247261431,0.7116948546060016,SUCCESS,SUCCESS,True,0.9999999999999994,0.097233659505804
generalization_branch_trial_52c1f8608b09,branch_trial,96,1.5,0.8,0.025,0.025,2.1544346900318867e-05,0.0002374871358879441,SUCCESS,SUCCESS,True,0.9999999999429293,4.84612729827067e-08
generalization_branch_trial_52c6e0b62a47,branch_trial,20,2.0,1.0,0.1,0.1,0.1,0.7389056098930651,SUCCESS,SUCCESS,True,0.9928813386977077,0.11865815714333429
generalization_branch_trial_52d6832913cd,branch_trial,40,1.0,0.8,0.05,0.05,0.09633154489750895,0.7117991893443503,FAILED,NO_SCF_CONVERGENCE,False,0.9999999999229079,0.09725670990306158
generalization_branch_trial_52ded8cf9673,branch_trial,40,1.0,0.8,0.05,0.05,0.08764120362459517,0.6475857701599379,FAILED,NO_SCF_CONVERGENCE,False,0.9958657206508124,0.0922580965761721
generalization_branch_trial_534e94fce6ac,branch_trial,24,1.5,0.8,0.1,0.1,2.1544346900318867e-05,0.0002374871358879441,SUCCESS,SUCCESS,True,0.999999999842049,1.3406575431337384e-05
generalization_branch_trial_5354f6824fa1,branch_trial,48,2.0,1.0,0.05,0.05,0.012115276586285901,0.133548830710887,SUCCESS,SUCCESS,True,0.9995187153645719,0.018807717278047142
generalization_branch_trial_53c89640f72a,branch_trial,24,2.0,1.0,0.05,0.05,4.641588833612792e-09,1.5410617634862826e-08,SUCCESS,SUCCESS,True,0.9999999999999996,4.485433429455358e-11
generalization_branch_trial_53f6ba93a2a0,branch_trial,20,1.5,0.8,0.1,0.1,7.742636826811277e-08,5.721077786695493e-07,SUCCESS,SUCCESS,True,0.9999999999999905,4.0128845360735776e-08
generalization_branch_trial_53f6f57dd329,branch_trial,20,2.0,1.0,0.1,0.1,0.1,0.7389056098930651,SUCCESS,SUCCESS,True,0.9798061334444986,0.11865815714645964
generalization_branch_trial_542314d40eb5,branch_trial,40,1.0,0.8,0.05,0.05,0.09634566443542764,0.7119035194021225,FAILED,NO_SCF_CONVERGENCE,False,0.9999999996915868,0.09727973476341734
generalization_branch_trial_542fdcebeffe,branch_trial,24,2.0,0.6,0.1,0.1,1.6681005372000556e-11,1.8387766442199225e-10,SUCCESS,SUCCESS,True,0.9999999999999991,6.227523865170576e-14
generalization_branch_trial_543fb9f83afe,branch_trial,40,2.0,1.0,0.1,0.1,0.0029663488391777374,0.16195715897206936,SUCCESS,SUCCESS,True,0.999660571963761,0.012184963330083709
generalization_branch_trial_545be51b9cf4,branch_trial,40,1.0,0.8,0.05,0.05,0.09637390783415185,0.7121122114597201,FAILED,NO_SCF_CONVERGENCE,False,0.999999998765972,0.09732577149504772
generalization_branch_trial_54721a3af751,branch_trial,40,1.0,0.8,0.1,0.1,0.012115276586285901,0.6614716887510772,SUCCESS,SUCCESS,True,0.9999030771518931,0.0723107214608449
generalization_branch_trial_547fe576d3bc,branch_trial,40,1.0,0.8,0.05,0.05,7.742636826811277e-08,5.721077786695493e-07,SUCCESS,SUCCESS,True,0.9999999999999989,7.862570983549176e-07
generalization_branch_trial_54c5712f9e79,branch_trial,20,3.0,0.8,0.1,0.1,0.012115276586285901,0.08952045835012755,SUCCESS,SUCCESS,True,0.9999914369322824,0.003627345458223812
generalization_branch_trial_55a23b53d45e,branch_trial,40,1.0,0.8,0.05,0.05,0.09631764757101334,0.7116965012192491,FAILED,NO_SCF_CONVERGENCE,False,0.9999999999999855,0.09723408478751876
generalization_branch_trial_55b0ebf8cfbf,branch_trial,24,2.0,1.0,0.1,0.1,2.782559402207126e-10,3.0672643080141817e-09,SUCCESS,SUCCESS,True,0.9999999999999996,5.214323821296897e-12
generalization_branch_trial_55b804f8bb36,branch_trial,40,1.0,0.8,0.05,0.05,0.09634566432848238,0.7119035186118979,FAILED,NO_SCF_CONVERGENCE,False,0.999999999691587,0.09727968943211455
generalization_branch_trial_5620545d5a21,branch_trial,40,2.0,0.6,0.05,0.05,2.1544346900318867e-05,0.00015919238786127877,SUCCESS,SUCCESS,True,0.9999999999741164,1.1866966201645701e-08
generalization_branch_trial_5677a8b1c21e,branch_trial,20,1.5,0.8,0.1,0.1,2.782559402207126e-10,2.056048752151539e-09,SUCCESS,SUCCESS,True,0.9999999999999996,1.138027586499962e-10
generalization_branch_trial_56b3bea79b05,branch_trial,20,2.0,0.4,0.1,0.1,4.641588833612792e-09,3.4296960279735006e-08,SUCCESS,SUCCESS,True,0.9999999999999996,7.928775196568466e-12
generalization_branch_trial_56bd5d0e316f,branch_trial,24,3.0,0.8,0.1,0.1,0.02448436746822229,0.26989550117065764,FAILED,NO_SCF_CONVERGENCE,False,0.9996742586813109,0.027593088972084113
generalization_branch_trial_56be11cdb3e4,branch_trial,40,1.0,0.8,0.05,0.05,0.1,0.7389056098930651,FAILED,NO_SCF_CONVERGENCE,False,0.9984082557766897,0.10401073435414761
generalization_branch_trial_56cf868980d1,branch_trial,40,1.0,0.8,0.1,0.1,0.00035938136638046403,0.019621557760756952,SUCCESS,SUCCESS,True,0.9999999087098,0.0015307516209743135
generalization_branch_trial_5721447376e1,branch_trial,40,1.0,0.8,0.05,0.05,0.09631742731102007,0.7116948737058024,FAILED,NO_SCF_CONVERGENCE,False,0.9999999999999996,0.09723371011009928
generalization_branch_trial_5725e22b958a,branch_trial,40,1.0,0.8,0.05,0.05,0.1,0.7389056098930651,FAILED,NO_SCF_CONVERGENCE,False,0.997288090618789,0.10401073435411284
generalization_branch_trial_57fc1aad8e72,branch_trial,20,1.5,0.8,0.1,0.1,1e-12,7.38905609893065e-12,SUCCESS,SUCCESS,True,0.9999999999999994,1.4771018539052307e-13
generalization_branch_trial_57fda881bfeb,branch_trial,40,1.0,0.8,0.05,0.05,0.09631823628947883,0.7117008512930171,FAILED,NO_SCF_CONVERGENCE,False,0.999999999999699,0.09723500670949733
generalization_branch_trial_584cc22ed382,branch_trial,40,1.0,0.8,0.05,0.05,0.09637318721756305,0.7121068867833197,FAILED,NO_SCF_CONVERGENCE,False,0.9999999987654913,0.09732463024877028
generalization_branch_trial_58503a44a87e,branch_trial,24,3.0,0.8,0.05,0.05,0.1,0.33201169227365485,FAILED,NO_SCF_CONVERGENCE,False,0.9987910435134969,0.06393136752300005
generalization_branch_trial_5870df3138a5,branch_trial,40,1.0,0.8,0.05,0.05,0.0963191910743977,0.7117079062523449,FAILED,NO_SCF_CONVERGENCE,False,0.9999999999987955,0.09723656690822405
generalization_branch_trial_58749027716a,branch_trial,24,1.5,0.8,0.05,0.05,4.641588833612792e-09,1.5410617634862826e-08,SUCCESS,SUCCESS,True,0.9999999999999997,7.444188317690434e-10
generalization_branch_trial_58b0aa77a132,branch_trial,24,1.0,0.8,0.1,0.1,0.0029663488391777374,0.032698586460767676,SUCCESS,SUCCESS,True,0.9999944331658919,0.0069744175621748545
generalization_branch_trial_58e7d6da35c6,branch_trial,20,2.0,1.0,0.1,0.1,0.00035938136638046403,0.002655489077095598,SUCCESS,SUCCESS,True,0.9999999806639457,4.960034729022584e-05
generalization_branch_trial_5929fd8ee848,branch_trial,20,2.0,1.0,0.1,0.1,0.00017782794100389284,0.0013139806320350944,SUCCESS,SUCCESS,True,0.9999999986284039,2.543039481307588e-05
generalization_branch_trial_5930d0287908,branch_trial,40,1.0,0.8,0.05,0.05,0.09641942170577214,0.7124485160104019,FAILED,NO_SCF_CONVERGENCE,False,0.9999999950310294,0.09740003331861491
generalization_branch_trial_5960d2399280,branch_trial,40,1.0,0.8,0.05,0.05,0.09633154446161009,0.7117991861234692,FAILED,NO_SCF_CONVERGENCE,False,0.9999999999229079,0.09725676189609832
generalization_branch_trial_596dbe0511de,branch_trial,48,2.0,1.0,0.05,0.05,0.00017782794100389284,0.00196022875909224,SUCCESS,SUCCESS,True,0.9999999989170609,4.409416601712548e-06
generalization_branch_trial_59a46ed154a8,branch_trial,20,2.0,0.6,0.1,0.1,7.742636826811277e-08,5.721077786695493e-07,SUCCESS,SUCCESS,True,0.9999999999999993,2.118999680182138e-09
generalization_branch_trial_5a1b161d2c14,branch_trial,24,2.0,1.0,0.05,0.05,0.00035938136638046403,0.0011931881562359623,SUCCESS,SUCCESS,True,0.9999999859821167,1.8450086012061193e-05
generalization_branch_trial_5a76ec43b3b1,branch_trial,40,1.0,0.8,0.05,0.05,0.1,0.7389056098930651,FAILED,NO_SCF_CONVERGENCE,False,0.9999923132527141,0.10328203409945468
generalization_branch_trial_5ab598da46ea,branch_trial,24,1.5,0.8,0.05,0.05,0.02448436746822229,0.08129096277374503,SUCCESS,SUCCESS,True,0.9999816989623038,0.0036813370235344745
generalization_branch_trial_5ab726cda152,branch_trial,20,2.0,1.0,0.1,0.1,0.00035938136638046403,0.002655489077095598,SUCCESS,SUCCESS,True,0.999999994439012,4.96003474332545e-05
generalization_branch_trial_5ac4cba3a208,branch_trial,40,1.0,0.8,0.05,0.05,0.09631742644939467,0.7116948673392041,SUCCESS,SUCCESS,True,0.9999999999999996,0.09723370816522717
generalization_branch_trial_5ae1ce8a8197,branch_trial,24,1.5,0.8,0.1,0.1,4.641588833612792e-09,5.116505239933034e-08,SUCCESS,SUCCESS,True,0.9999999999999997,2.884962921425946e-09
generalization_branch_trial_5b21d94d5910,branch_trial,40,1.0,0.8,0.05,0.05,0.1,0.7389056098930651,FAILED,NO_SCF_CONVERGENCE,False,0.9999918414612181,0.10328203409824781
generalization_branch_trial_5bae8a598694,branch_trial,40,1.0,0.8,0.05,0.05,0.09643035734472788,0.7125293200601236,FAILED,NO_SCF_CONVERGENCE,False,0.9999999950607166,0.09741786706915893
generalization_branch_trial_5bdd83a94f82,branch_trial,40,1.0,0.8,0.05,0.05,0.09654355899112115,0.7133657733758147,FAILED,NO_SCF_CONVERGENCE,False,0.9999999802196823,0.09760257198214126
generalization_branch_trial_5bdfbad0dfe1,branch_trial,40,1.0,0.8,0.05,0.05,0.09722515693389013,0.7184021388118504,FAILED,NO_SCF_CONVERGENCE,False,0.9999996812075163,0.09871659685708173
generalization_branch_trial_5c16d5a62be6,branch_trial,24,1.5,0.8,0.1,0.1,0.0014677992676220735,0.016179810218374686,SUCCESS,SUCCESS,True,0.999999794117305,0.0008954274189306173
generalization_branch_trial_5c3ecdb183ab,branch_trial,40,1.0,0.8,0.1,0.1,2.1544346900318867e-05,0.0011762814844297155,SUCCESS,SUCCESS,True,0.999999998863949,9.072886694739792e-05
generalization_branch_trial_5ceaf61c6f0d,branch_trial,24,3.0,0.8,0.1,0.1,0.1,1.1023176380641606,SUCCESS,SUCCESS,True,0.9607568457257561,0.16405400247090546
generalization_branch_trial_5cf8584bb755,branch_trial,40,1.0,0.8,0.05,0.05,0.09637391053930847,0.7121122314482741,FAILED,NO_SCF_CONVERGENCE,False,0.999999998765974,0.09732580272898739
generalization_branch_trial_5d1d884e1925,branch_trial,40,1.0,0.8,0.05,0.05,0.09632448525744827,0.7117470252679037,FAILED,NO_SCF_CONVERGENCE,False,0.9999999999807283,0.09724524667543837
generalization_branch_trial_5d21af6b86ec,branch_trial,24,2.0,1.0,0.1,0.1,0.005994842503189421,0.06608220628682401,SUCCESS,SUCCESS,True,0.9999942317215782,0.0019527996433681895
generalization_branch_trial_5d3c7be522f8,branch_trial,24,3.0,0.8,0.05,0.05,0.03624256141485912,0.12032954147679241,SUCCESS,SUCCESS,True,0.9999997659907731,0.010575845613448981
generalization_branch_trial_5d51e5d8a516,branch_trial,24,1.5,0.8,0.05,0.05,0.005994842503189421,0.019903578043979527,SUCCESS,SUCCESS,True,0.9999989173723611,0.000994967040008078
generalization_branch_trial_5db957104da4,branch_trial,40,1.0,0.8,0.05,0.05,0.09589338189234041,0.7085615783186839,SUCCESS,SUCCESS,True,0.9999998731894174,0.09654288475185553
generalization_branch_trial_5dfaf66f48ff,branch_trial,24,1.0,0.8,0.05,0.05,0.1,0.33201169227365485,SUCCESS,SUCCESS,True,0.9983475461356838,0.06386619172758026
generalization_branch_trial_5dfb66793052,branch_trial,24,1.0,0.8,0.1,0.1,7.742636826811277e-08,8.534845139319194e-07,SUCCESS,SUCCESS,True,0.999999999999992,1.8110425964102113e-07
generalization_branch_trial_5dfeb7239cdb,branch_trial,20,2.0,1.0,0.1,0.1,2.1544346900318867e-05,0.00015919238786127877,SUCCESS,SUCCESS,True,0.9999999999298036,3.173984427533575e-06
generalization_branch_trial_5e05e5fb16e3,branch_trial,40,1.0,0.8,0.05,0.05,0.09814144206363531,0.7251726210381536,FAILED,NO_SCF_CONVERGENCE,False,0.9999987123508698,0.10021904097710414
generalization_branch_trial_5e4275971dff,branch_trial,40,1.0,0.8,0.05,0.05,0.0963174402354018,0.711694969204784,FAILED,NO_SCF_CONVERGENCE,False,0.9999999999999993,0.09723368537470321
generalization_branch_trial_5e75d7b59ad6,branch_trial,40,1.0,0.8,0.05,0.05,0.09631742655709785,0.7116948681350289,FAILED,NO_SCF_CONVERGENCE,False,0.9999999999999997,0.09723370357719403
generalization_branch_trial_5e816a53c2cc,branch_trial,40,1.0,0.8,0.05,0.05,0.09631786760260143,0.711698127044997,FAILED,NO_SCF_CONVERGENCE,False,0.999999999999925,0.09723443091150272
generalization_branch_trial_5ea4e42a91d3,branch_trial,24,1.5,0.8,0.1,0.1,1.6681005372000556e-11,1.8387766442199225e-10,SUCCESS,SUCCESS,True,0.9999999999999996,4.239203094507087e-12
generalization_branch_trial_5ee6bf3e4c50,branch_trial,20,2.0,1.0,0.1,0.1,0.04948168092155145,0.36562291619873016,SUCCESS,SUCCESS,True,0.9982560432808685,0.047896787984717235
generalization_branch_trial_5ef54b36e55a,branch_trial,24,3.0,0.8,0.1,0.1,4.641588833612792e-09,5.116505239933034e-08,SUCCESS,SUCCESS,True,0.9999999999999993,5.150300629535578e-14
generalization_branch_trial_5efc4900bcdf,branch_trial,24,1.5,0.8,0.05,0.05,0.0029663488391777374,0.009848624979693922,SUCCESS,SUCCESS,True,0.9999997353141555,0.0005053748870022481
generalization_branch_trial_5f198bcf9c46,branch_trial,40,1.0,0.8,0.05,0.05,0.09631744034315717,0.7116949700009946,FAILED,NO_SCF_CONVERGENCE,False,0.9999999999999996,0.09723372538622654
generalization_branch_trial_5f2fe43c8784,branch_trial,80,1.5,0.8,0.025,0.025,0.0014677992676220735,0.010845651130428824,SUCCESS,SUCCESS,True,0.9999999300670166,4.070372298163094e-05
generalization_branch_trial_5f5ac7d62771,branch_trial,40,1.0,0.8,0.05,0.05,0.09632095573162515,0.711720945403594,FAILED,NO_SCF_CONVERGENCE,False,0.9999999999951822,0.09723943589915632
generalization_branch_trial_5f5c11777faa,branch_trial,40,2.0,1.0,0.1,0.1,0.005994842503189421,0.32730731041420597,SUCCESS,SUCCESS,True,0.9977014969701339,0.03403213774101857
generalization_branch_trial_5fcc3a77d741,branch_trial,40,1.0,0.8,0.05,0.05,0.09814140510712692,0.7251723479644399,FAILED,NO_SCF_CONVERGENCE,False,0.9999987123006853,0.10021898037587555
generalization_branch_trial_5fde5071aa61,branch_trial,40,1.0,0.8,0.05,0.05,0.09631742418762687,0.7116948506268749,FAILED,NO_SCF_CONVERGENCE,False,0.9999999999999994,0.09723367419443796
generalization_branch_trial_602d577061ab,branch_trial,20,2.0,0.6,0.1,0.1,0.005994842503189421,0.04429622756032048,SUCCESS,SUCCESS,True,0.9999992154381558,0.0004020583259409495
generalization_branch_trial_606d01b5fd14,branch_trial,24,3.0,0.8,0.05,0.05,0.00035938136638046403,0.0011931881562359623,SUCCESS,SUCCESS,True,0.9999999960329438,1.0528983843287764e-06
generalization_branch_trial_60c21550d8ab,branch_trial,24,1.0,0.8,0.1,0.1,1e-12,1.1023176380641605e-11,SUCCESS,SUCCESS,True,0.9999999999999997,2.305638687790936e-12
generalization_branch_trial_60dce7b74464,branch_trial,20,2.0,1.2,0.1,0.1,0.00035938136638046403,0.002655489077095598,SUCCESS,SUCCESS,True,0.999999985932175,3.150938433064516e-05
generalization_branch_trial_60eed2fa1c8f,branch_trial,24,3.0,0.8,0.1,0.1,2.782559402207126e-10,3.0672643080141817e-09,SUCCESS,SUCCESS,True,0.9999999999999997,3.4092361137004294e-15
generalization_branch_trial_610d4051c073,branch_trial,96,1.5,0.8,0.025,0.025,0.1,1.1023176380641606,SUCCESS,SUCCESS,True,0.9555263417122519,0.17582743298932638
generalization_branch_trial_612b1d5406f2,branch_trial,40,1.0,0.8,0.05,0.05,0.09722493497145258,0.7184004987189476,FAILED,NO_SCF_CONVERGENCE,False,0.9999996811575407,0.09871623366517303
generalization_branch_trial_6142394bcd62,branch_trial,40,2.0,0.6,0.05,0.05,0.04948168092155145,0.36562291619873016,SUCCESS,SUCCESS,True,0.9985331660677559,0.0486729110342965
generalization_branch_trial_6146f276656d,branch_trial,24,3.0,0.8,0.1,0.1,0.010444320932529694,0.11512959181530202,SUCCESS,SUCCESS,True,0.9999971784514577,0.005909787040974558
generalization_branch_trial_6187ba180404,branch_trial,40,2.0,1.2,0.05,0.05,0.04948168092155145,0.36562291619873016,SUCCESS,SUCCESS,True,0.9984923156371033,0.05254062484604412
generalization_branch_trial_61980a5846ad,branch_trial,24,2.0,1.0,0.05,0.05,0.0014677992676220735,0.004873265187612358,SUCCESS,SUCCESS,True,0.999999932868495,5.5659365156492924e-05
generalization_branch_trial_61adfce4ae4c,branch_trial,20,2.0,1.0,0.1,0.1,0.005994842503189421,0.04429622756032048,SUCCESS,SUCCESS,True,0.9999949946428476,0.000535601418490145
generalization_branch_trial_61f18709c985,branch_trial,24,3.0,0.8,0.05,0.05,2.782559402207126e-10,9.238422559787572e-10,SUCCESS,SUCCESS,True,0.9999999999999994,9.436722426781412e-16
generalization_branch_trial_61f8119b3117,branch_trial,20,2.0,0.6,0.1,0.1,0.005994842503189421,0.04429622756032048,SUCCESS,SUCCESS,True,0.9999974506917958,0.00040205817915038334
generalization_branch_trial_62638bab0845,branch_trial,20,2.5,0.8,0.1,0.1,0.005994842503189421,0.04429622756032048,SUCCESS,SUCCESS,True,0.9999972507362718,0.0007393530910416587
generalization_branch_trial_62c057202442,branch_trial,24,1.0,0.8,0.05,0.05,1.2915496650148854e-06,4.288095899370641e-06,SUCCESS,SUCCESS,True,0.9999999999997554,8.268403567079457e-07
generalization_branch_trial_62ed7fe22fa0,branch_trial,24,2.0,1.0,0.05,0.05,0.02448436746822229,0.08129096277374503,SUCCESS,SUCCESS,True,0.9999738151651419,0.006218742003433872
generalization_branch_trial_62f637f8f303,branch_trial,40,2.0,1.2,0.05,0.05,0.1,0.7389056098930651,SUCCESS,SUCCESS,True,0.9815534157561452,0.1302313699112126
generalization_branch_trial_634aaef4b754,branch_trial,20,2.0,1.0,0.1,0.1,0.005994842503189421,0.04429622756032048,SUCCESS,SUCCESS,True,0.9999985237889822,0.0005356014166951131
generalization_branch_trial_635dc5d73365,branch_trial,40,2.0,1.0,0.05,0.05,0.0007262917501736235,0.0053666104862234295,SUCCESS,SUCCESS,True,0.9999999820750447,3.1088876297381613e-05
generalization_branch_trial_637f482f1e00,branch_trial,24,1.0,0.8,0.1,0.1,0.00035938136638046403,0.003961524189527838,SUCCESS,SUCCESS,True,0.9999999184718196,0.0008411782845743737
generalization_branch_trial_63ee86f3b9dd,branch_trial,24,3.0,0.8,0.1,0.1,0.008522275225393882,0.09394254297388895,FAILED,NO_SCF_CONVERGENCE,False,0.9999948269020246,0.003991534657833288
generalization_branch_trial_63ffd252387e,branch_trial,40,1.0,0.8,0.05,0.05,0.09631764702579806,0.7116964971906228,FAILED,NO_SCF_CONVERGENCE,False,0.9999999999999868,0.09723408766689137
generalization_branch_trial_644707d27e40,branch_trial,96,1.5,0.8,0.025,0.025,2.782559402207126e-10,3.0672643080141817e-09,SUCCESS,SUCCESS,True,0.999999999999999,2.0866383312159222e-13
generalization_branch_trial_645b9015ee3a,branch_trial,24,1.0,0.8,0.05,0.05,0.005994842503189421,0.019903578043979527,SUCCESS,SUCCESS,True,0.9999984899471148,0.003840525312553681
generalization_branch_trial_6464dc053a7e,branch_trial,40,1.0,0.8,0.05,0.05,0.1,0.7389056098930651,FAILED,NO_SCF_CONVERGENCE,False,0.9999422506652051,0.10328203404343783
generalization_branch_trial_6479f3ab2fb4,branch_trial,24,2.0,1.0,0.05,0.05,1.6681005372000556e-11,5.538288822383832e-11,SUCCESS,SUCCESS,True,0.9999999999999996,9.932185194764367e-14
generalization_branch_trial_64b9aa9e0b6d,branch_trial,40,1.0,0.8,0.05,0.05,0.0963244678354979,0.7117468965361351,FAILED,NO_SCF_CONVERGENCE,False,0.9999999999807283,0.0972451784429299
generalization_branch_trial_64f8e30134b1,branch_trial,48,2.0,1.0,0.05,0.05,4.641588833612792e-09,5.116505239933034e-08,SUCCESS,SUCCESS,True,0.9999999999999996,1.1890042105233454e-12
generalization_branch_trial_652e14760af7,branch_trial,40,1.5,0.8,0.1,0.1,1e-12,5.459815003314424e-11,SUCCESS,SUCCESS,True,0.9999999999999996,3.4669862790632457e-13
generalization_branch_trial_6555616dc950,branch_trial,20,2.0,1.2,0.1,0.1,1.6681005372000556e-11,1.2325688448027565e-10,SUCCESS,SUCCESS,True,0.9999999999999996,2.30607665953863e-13
generalization_branch_trial_65660bae0f3d,branch_trial,24,2.0,1.0,0.1,0.1,0.04948168092155145,0.5454452964088903,SUCCESS,SUCCESS,True,0.9942871795920138,0.07771970780166827
generalization_branch_trial_6569372b66c4,branch_trial,48,2.0,1.0,0.05,0.05,0.02448436746822229,0.26989550117065764,SUCCESS,SUCCESS,True,0.9966692291709506,0.05456948695227038
generalization_branch_trial_656e7d5d2238,branch_trial,40,1.0,0.8,0.05,0.05,0.09631742699479974,0.7116948713692327,FAILED,NO_SCF_CONVERGENCE,False,0.9999999999999994,0.09723368497073338
generalization_branch_trial_6653d503fcbc,branch_trial,20,2.5,0.8,0.1,0.1,4.641588833612792e-09,3.4296960279735006e-08,SUCCESS,SUCCESS,True,0.9999999999999998,3.8146302913245395e-12
generalization_branch_trial_668328ba2100,branch_trial,20,2.0,0.6,0.1,0.1,1e-12,7.38905609893065e-12,SUCCESS,SUCCESS,True,0.9999999999999998,5.819666986005599e-15
generalization_branch_trial_67013bd7e698,branch_trial,40,1.0,0.8,0.05,0.05,0.0963174815934876,0.7116952748020002,FAILED,NO_SCF_CONVERGENCE,False,0.999999999999999,0.09723380783769349
generalization_branch_trial_67e23a3c3e28,branch_trial,40,2.0,1.0,0.1,0.1,7.742636826811277e-08,4.2273364712239e-06,SUCCESS,SUCCESS,True,0.9999999999999996,1.6055793149378708e-09
generalization_branch_trial_67ffbf2aa67e,branch_trial,40,2.0,1.0,0.05,0.05,1.2915496650148854e-06,9.543332929350077e-06,SUCCESS,SUCCESS,True,0.9999999999998063,7.821983737587187e-09
generalization_branch_trial_688f1657d1c4,branch_trial,40,1.0,0.8,0.05,0.05,0.09637390698549116,0.7121122051889186,FAILED,NO_SCF_CONVERGENCE,False,0.9999999987659713,0.09732577630957616
generalization_branch_trial_689cc8c0a481,branch_trial,24,3.0,0.8,0.05,0.05,0.04457471157036117,0.14799325421085674,FAILED,NO_SCF_CONVERGENCE,False,0.999916807884796,0.01565034254191547
generalization_branch_trial_69773b0e5088,branch_trial,40,1.0,0.8,0.05,0.05,0.09677016358982836,0.715040167467938,FAILED,NO_SCF_CONVERGENCE,False,0.9999999206840027,0.0979725989811169
generalization_branch_trial_69f419a8bfd9,branch_trial,40,1.0,0.8,0.05,0.05,0.09634566176304728,0.7119034996557541,FAILED,NO_SCF_CONVERGENCE,False,0.9999999996915859,0.09727973350094243
generalization_branch_trial_6a0fdd16a43c,branch_trial,24,3.0,0.8,0.1,0.1,0.020517621192774636,0.226169357319145,FAILED,NO_SCF_CONVERGENCE,False,0.9999595110234574,0.020448620149061784
generalization_branch_trial_6a12f63955d5,branch_trial,40,1.0,0.8,0.05,0.05,0.09631743765053374,0.711694950105049,FAILED,NO_SCF_CONVERGENCE,False,0.9999999999999993,0.09723370379117695
generalization_branch_trial_6a52d6de59fa,branch_trial,40,1.0,0.8,0.05,0.05,0.0965432860135034,0.7133637563288835,FAILED,NO_SCF_CONVERGENCE,False,0.9999999802166214,0.09760213749616173
generalization_branch_trial_6a974859aa09,branch_trial,40,1.0,0.8,0.05,0.05,0.09631742461844008,0.7116948538101778,FAILED,NO_SCF_CONVERGENCE,False,0.9999999999999994,0.09723366658865946
generalization_branch_trial_6a9cbc591dec,branch_trial,24,1.0,0.8,0.1,0.1,0.0014677992676220735,0.016179810218374686,SUCCESS,SUCCESS,True,0.9999986386287887,0.003442440824083063
generalization_branch_trial_6ac2bcd86c3f,branch_trial,40,1.0,0.8,0.05,0.05,0.09632066292815561,0.7117187818623316,FAILED,NO_SCF_CONVERGENCE,False,0.9999999999951806,0.09723896395423318
generalization_branch_trial_6b710d4bb92a,branch_trial,40,1.0,0.8,0.05,0.05,0.09632095584600475,0.7117209462487513,FAILED,NO_SCF_CONVERGENCE,False,0.9999999999951822,0.0972394133246106
generalization_branch_trial_6b894f7a23cd,branch_trial,40,1.0,0.8,0.1,0.1,1e-12,5.459815003314424e-11,SUCCESS,SUCCESS,True,0.9999999999999992,4.2609488165291815e-06
generalization_branch_trial_6b9073cd8ff2,branch_trial,80,1.5,0.8,0.025,0.025,7.742636826811277e-08,5.721077786695493e-07,SUCCESS,SUCCESS,True,0.9999999999999992,4.848360130703739e-10
generalization_branch_trial_6bb9539facdc,branch_trial,40,1.0,0.8,0.05,0.05,0.09634493553328896,0.7118981335033291,FAILED,NO_SCF_CONVERGENCE,False,0.9999999996914658,0.09727854622148001
generalization_branch_trial_6bd0b91f488e,branch_trial,40,1.0,0.8,0.05,0.05,0.09637390878889489,0.71211221851437,FAILED,NO_SCF_CONVERGENCE,False,0.9999999987659728,0.0973257847403154
generalization_branch_trial_6bdc069af8f0,branch_trial,40,1.0,0.8,0.05,0.05,0.09631713337044422,0.7116927017623977,SUCCESS,SUCCESS,True,0.9999999999999241,0.09723322315382026
generalization_branch_trial_6c2aae720c3f,branch_trial,40,1.0,0.8,0.05,0.05,0.09633440203808824,0.7118203009163732,FAILED,NO_SCF_CONVERGENCE,False,0.9999999996897206,0.09726137568238305
generalization_branch_trial_6c8757bb5b6b,branch_trial,40,1.0,0.8,0.05,0.05,0.09814144209107101,0.7251726212408774,FAILED,NO_SCF_CONVERGENCE,False,0.9999987123509069,0.10021904106759841
generalization_branch_trial_6ca3cd36e44d,branch_trial,40,1.0,0.8,0.05,0.05,0.09676025137780232,0.7149669255772131,FAILED,NO_SCF_CONVERGENCE,False,0.9999999202063636,0.09795640705443183
generalization_branch_trial_6cfef44681e9,branch_trial,24,1.5,0.8,0.1,0.1,1e-12,1.1023176380641605e-11,SUCCESS,SUCCESS,True,0.9999999999999997,5.333831833795885e-13
generalization_branch_trial_6d6b649787c7,branch_trial,20,1.0,0.8,0.1,0.1,3.1622776601683796e-14,2.336624703137931e-13,SUCCESS,SUCCESS,True,0.9999999999999996,7.055842014259388e-17
generalization_branch_trial_6ded5de0e5d0,branch_trial,40,1.0,0.8,0.05,0.05,0.09632375220524414,0.7117416087040439,FAILED,NO_SCF_CONVERGENCE,False,0.9999999999807203,0.09724398477460328
generalization_branch_trial_6e943c806ae1,branch_trial,24,1.0,0.8,0.1,0.1,4.641588833612792e-09,5.116505239933034e-08,SUCCESS,SUCCESS,True,0.9999999999999992,1.08569140519492e-08
generalization_branch_trial_6e9b6b9d6653,branch_trial,40,1.0,0.8,0.05,0.05,0.0963174264527604,0.7116948673640736,FAILED,NO_SCF_CONVERGENCE,False,0.9999999999999994,0.09723368802696676
generalization_branch_trial_6ece82b6117e,branch_trial,40,1.0,0.8,0.05,0.05,0.0972251541615343,0.7184021183267577,FAILED,NO_SCF_CONVERGENCE,False,0.9999996812068915,0.09871659341931546
generalization_branch_trial_709b01c19fe8,branch_trial,24,1.0,0.8,0.05,0.05,0.02448436746822229,0.08129096277374503,SUCCESS,SUCCESS,True,0.9999739181417275,0.015708753980261007
generalization_branch_trial_70a681bc9c35,branch_trial,40,1.0,0.8,0.1,0.1,0.1,5.459815003314424,FAILED,COMPLEX_DENSITY: unprojected density imaginary part 1.516192e-02 exceeds tolerance 1.000000e-10,False,0.0,0.2154978915729241
generalization_branch_trial_70d38dee47fc,branch_trial,40,1.0,0.8,0.1,0.1,0.0014677992676220735,0.0801391246321692,SUCCESS,SUCCESS,True,0.9999984782657373,0.006415095582479913
generalization_branch_trial_70f9d9306e79,branch_trial,40,2.0,1.2,0.05,0.05,2.782559402207126e-10,2.056048752151539e-09,SUCCESS,SUCCESS,True,0.9999999999999996,7.772075024312518e-14
generalization_branch_trial_71116cff4a05,branch_trial,20,1.5,0.8,0.1,0.1,0.00017782794100389284,0.0013139806320350944,SUCCESS,SUCCESS,True,0.9999999774168091,9.190814775507708e-05
generalization_branch_trial_714dabdf2a71,branch_trial,40,1.0,0.8,0.05,0.05,0.09792516627115852,0.7235745470747019,FAILED,NO_SCF_CONVERGENCE,False,0.9999984026744273,0.09986391685952731
generalization_branch_trial_7166f6a04a64,branch_trial,40,1.0,0.8,0.05,0.05,0.09631742644949985,0.7116948673399812,FAILED,NO_SCF_CONVERGENCE,False,0.9999999999999994,0.09723368165040559
generalization_branch_trial_71743cd8bf1d,branch_trial,40,1.0,0.8,0.05,0.05,0.09677022418815776,0.7150406152323934,FAILED,NO_SCF_CONVERGENCE,False,0.9999999206869181,0.09797270201216872
generalization_branch_trial_7190d195bd74,branch_trial,40,2.0,1.2,0.05,0.05,0.0014677992676220735,0.010845651130428824,SUCCESS,SUCCESS,True,0.9999999472346204,6.05774428695893e-05
generalization_branch_trial_71f7957c481d,branch_trial,24,3.0,0.8,0.05,0.05,0.05819916287280437,0.1932280255430984,FAILED,NO_SCF_CONVERGENCE,False,0.9998622969747671,0.02555961085521968
generalization_branch_trial_720144347713,branch_trial,40,1.0,0.8,0.05,0.05,0.09631845710101843,0.7117024828818704,FAILED,NO_SCF_CONVERGENCE,False,0.9999999999987947,0.09723536872467145
generalization_branch_trial_7230a4ccdc77,branch_trial,96,1.5,0.8,0.025,0.025,1.2915496650148854e-06,1.4236979761817662e-05,SUCCESS,SUCCESS,True,0.999999999999795,2.2673667903670616e-09
generalization_branch_trial_7311ee986a1a,branch_trial,20,2.0,1.2,0.1,0.1,0.02448436746822229,0.18091636476952713,SUCCESS,SUCCESS,True,0.9999743127226172,0.007882729057455452
generalization_branch_trial_733450b40ba5,branch_trial,20,2.0,1.2,0.1,0.1,0.012115276586285901,0.08952045835012755,SUCCESS,SUCCESS,True,0.9999958931839734,0.0015340152621616952
generalization_branch_trial_734ed398bf9a,branch_trial,20,2.0,1.0,0.1,0.1,2.782559402207126e-10,2.056048752151539e-09,SUCCESS,SUCCESS,True,0.9999999999999997,7.527819726110742e-12
generalization_branch_trial_73ea68faf519,branch_trial,40,1.0,0.8,0.05,0.05,0.0972219259608199,0.7183782649705804,FAILED,NO_SCF_CONVERGENCE,False,0.9999996804796841,0.09871130766533942
generalization_branch_trial_73fc36f46223,branch_trial,40,1.0,0.8,0.05,0.05,0.09763229672121371,0.7214105175404911,FAILED,NO_SCF_CONVERGENCE,False,0.9999979329487206,0.0993835103288906
generalization_branch_trial_73ff24bf1a25,branch_trial,20,2.0,1.2,0.1,0.1,0.0029663488391777374,0.021918517981682116,SUCCESS,SUCCESS,True,0.9999997412900831,0.00015166834697420654
generalization_branch_trial_7477d84f8712,branch_trial,40,1.5,0.8,0.1,0.1,2.782559402207126e-10,1.519225957178408e-08,SUCCESS,SUCCESS,True,0.9999999999999996,1.3608787321407576e-10
generalization_branch_trial_7513e98e28e7,branch_trial,96,1.5,0.8,0.025,0.025,0.005994842503189421,0.06608220628682401,SUCCESS,SUCCESS,True,0.999994493872601,0.0024138987181913617
generalization_branch_trial_7523e36b2e8e,branch_trial,40,2.0,0.6,0.05,0.05,0.0014677992676220735,0.010845651130428824,SUCCESS,SUCCESS,True,0.9999999606526275,6.075835387525975e-05
generalization_branch_trial_752cbcba7ac0,branch_trial,24,3.0,0.8,0.1,0.1,0.02448436746822229,0.26989550117065764,FAILED,NO_SCF_CONVERGENCE,False,0.9997832369779127,0.027592957739297028
generalization_branch_trial_7544efe6748a,branch_trial,24,2.0,1.0,0.1,0.1,7.742636826811277e-08,8.534845139319194e-07,SUCCESS,SUCCESS,True,0.9999999999999996,7.57072928095449e-09
generalization_branch_trial_75a38b1b2d63,branch_trial,24,2.0,1.0,0.1,0.1,4.354004653656653e-05,0.0004799496125939165,SUCCESS,SUCCESS,True,0.9999999999196881,4.394544190203908e-06
generalization_branch_trial_75fbb46515b6,branch_trial,24,3.0,0.8,0.1,0.1,0.005490138914342148,0.060518769607017714,SUCCESS,SUCCESS,True,0.9999999033057719,0.0016850528417462131
generalization_branch_trial_7629c541eca9,branch_trial,40,1.0,0.8,0.05,0.05,0.09631917374221671,0.7117077781838873,FAILED,NO_SCF_CONVERGENCE,False,0.9999999999987959,0.09723654640839219
generalization_branch_trial_763e10fc9f6b,branch_trial,40,1.0,0.8,0.05,0.05,0.09631743075752518,0.7116948991722221,FAILED,NO_SCF_CONVERGENCE,False,0.9999999999999992,0.09723366834355894
generalization_branch_trial_76429347ee41,branch_trial,40,2.0,1.0,0.05,0.05,0.04948168092155145,0.36562291619873016,SUCCESS,SUCCESS,True,0.9952239485924596,0.085617028446749
generalization_branch_trial_7675c0669532,branch_trial,40,1.0,0.8,0.05,0.05,0.09643042817620574,0.7125298434378871,FAILED,NO_SCF_CONVERGENCE,False,0.9999999950609095,0.09741799037674245
generalization_branch_trial_768fb0a764d2,branch_trial,40,1.5,0.8,0.1,0.1,4.641588833612792e-09,2.534221635297582e-07,SUCCESS,SUCCESS,True,0.9999999999999997,2.987857218129509e-09
generalization_branch_trial_76ba772a1dbd,branch_trial,24,1.0,0.8,0.05,0.05,8.799225435691092e-05,0.0002921445727601187,SUCCESS,SUCCESS,True,0.9999999996781287,5.633258759612991e-05
generalization_branch_trial_76d7289d198b,branch_trial,40,1.5,0.8,0.1,0.1,8.799225435691092e-05,0.004804214305133212,SUCCESS,SUCCESS,True,0.9999999857206645,5.4901190596987223e-05
generalization_branch_trial_76dbf7014d00,branch_trial,24,2.0,1.0,0.05,0.05,7.742636826811277e-08,2.570645955529933e-07,SUCCESS,SUCCESS,True,0.9999999999999993,3.018067349221592e-09
generalization_branch_trial_77250e3065d1,branch_trial,48,2.0,1.0,0.05,0.05,0.0007262917501736235,0.00800604206596874,SUCCESS,SUCCESS,True,0.9999999805822245,7.926896318361891e-05
generalization_branch_trial_77a9c871f501,branch_trial,48,1.5,0.8,0.05,0.05,1.2915496650148854e-06,1.4236979761817662e-05,SUCCESS,SUCCESS,True,0.9999999999997302,1.5265279075820597e-07
generalization_branch_trial_77f8ce646868,branch_trial,24,3.0,0.8,0.1,0.1,0.005994842503189421,0.06608220628682401,FAILED,NO_SCF_CONVERGENCE,False,0.9999949244964466,0.0020043985597937306
generalization_branch_trial_78aa10fd164c,branch_trial,40,1.0,0.8,0.05,0.05,0.09633154263748779,0.7117991726449272,FAILED,NO_SCF_CONVERGENCE,False,0.9999999999229084,0.09725672127849953
generalization_branch_trial_78d3b8c3a8f5,branch_trial,40,1.0,0.8,0.05,0.05,0.09643042775183758,0.7125298403022069,FAILED,NO_SCF_CONVERGENCE,False,0.9999999950609085,0.09741798832758373
generalization_branch_trial_7911931cb928,branch_trial,96,1.5,0.8,0.025,0.025,1e-12,1.1023176380641605e-11,SUCCESS,SUCCESS,True,0.9999999999999992,8.959907223621987e-16
generalization_branch_trial_791ff17f1f99,branch_trial,40,1.0,0.8,0.05,0.05,0.09637785241501502,0.7121413581890048,FAILED,NO_SCF_CONVERGENCE,False,0.9999999949174028,0.09733224818611216
generalization_branch_trial_794b3aab5327,branch_trial,40,1.0,0.8,0.05,0.05,0.09631742644944725,0.7116948673395925,SUCCESS,SUCCESS,True,0.9999999999999994,0.09723375218311973
generalization_branch_trial_799177424c50,branch_trial,48,1.5,0.8,0.05,0.05,0.012115276586285901,0.133548830710887,SUCCESS,SUCCESS,True,0.9999723097270824,0.0068178748380415734
generalization_branch_trial_79dc2d665253,branch_trial,40,1.0,0.8,0.05,0.05,0.09631742699469456,0.7116948713684556,SUCCESS,SUCCESS,True,0.999999999999999,0.09723367164783157
generalization_branch_trial_79f4944c55f0,branch_trial,24,2.0,1.0,0.05,0.05,0.012115276586285901,0.0402241348177617,SUCCESS,SUCCESS,True,0.9999951672187029,0.0012459525081172636
generalization_branch_trial_7a29c448c131,branch_trial,20,2.0,1.2,0.1,0.1,0.005994842503189421,0.04429622756032048,SUCCESS,SUCCESS,True,0.9999964344681377,0.0002477785730003851
generalization_branch_trial_7a45a4e3e20a,branch_trial,40,1.0,0.8,0.05,0.05,0.09632095583927963,0.711720946199059,FAILED,NO_SCF_CONVERGENCE,False,0.9999999999951822,0.09723948992671522
generalization_branch_trial_7a63a7bff661,branch_trial,40,1.0,0.8,0.05,0.05,0.09631743064982214,0.7116948983763982,FAILED,NO_SCF_CONVERGENCE,False,0.9999999999999994,0.09723371585096971
generalization_branch_trial_7a78e13c41d7,branch_trial,40,2.0,0.6,0.05,0.05,0.02448436746822229,0.18091636476952713,SUCCESS,SUCCESS,True,0.9998320926149419,0.015150903350526811
generalization_branch_trial_7a7aeabfa7ad,branch_trial,24,3.0,0.8,0.1,0.1,2.1544346900318867e-05,0.0002374871358879441,SUCCESS,SUCCESS,True,0.999999999976118,2.0341944133917834e-08
generalization_branch_trial_7a7db2f79a9f,branch_trial,40,1.0,0.8,0.05,0.05,0.0963315408134172,0.7117991591667673,FAILED,NO_SCF_CONVERGENCE,False,0.9999999999229079,0.0972567164210799
generalization_branch_trial_7af9118cc93c,branch_trial,40,1.0,0.8,0.05,0.05,0.09722515481384417,0.7184021231467119,FAILED,NO_SCF_CONVERGENCE,False,0.9999996812070384,0.0987165936665151
generalization_branch_trial_7b12bae18925,branch_trial,24,2.0,1.0,0.1,0.1,1e-12,1.1023176380641605e-11,SUCCESS,SUCCESS,True,0.9999999999999996,1.793833036474837e-14
generalization_branch_trial_7b5b52c68f4f,branch_trial,24,1.0,0.8,0.1,0.1,0.012115276586285901,0.133548830710887,SUCCESS,SUCCESS,True,0.9999904888536593,0.028773932279623715
generalization_branch_trial_7ba668963af9,branch_trial,24,3.0,0.8,0.05,0.05,0.029017956773721758,0.09634300934767126,SUCCESS,SUCCESS,True,0.9999976023769054,0.006888549362873224
generalization_branch_trial_7c11e9c3fb74,branch_trial,40,1.0,0.8,0.05,0.05,0.09631745229817198,0.7116950583372696,FAILED,NO_SCF_CONVERGENCE,False,0.9999999999999996,0.09723374943595826
generalization_branch_trial_7c55a8c8f09f,branch_trial,24,2.0,1.0,0.1,0.1,2.1544346900318867e-05,0.0002374871358879441,SUCCESS,SUCCESS,True,0.9999999999318097,2.2036942648588276e-06
generalization_branch_trial_7cfc214dd0f2,branch_trial,40,2.0,1.2,0.05,0.05,4.641588833612792e-09,3.4296960279735006e-08,SUCCESS,SUCCESS,True,0.9999999999999996,1.2987152507163213e-12
generalization_branch_trial_7d1b2806f559,branch_trial,40,1.0,0.8,0.05,0.05,0.09631742817269805,0.7116948800727894,FAILED,NO_SCF_CONVERGENCE,False,0.9999999999999997,0.09723369983567033
generalization_branch_trial_7d2d240e6754,branch_trial,40,1.0,0.8,0.05,0.05,0.09814144203617281,0.7251726208352316,FAILED,NO_SCF_CONVERGENCE,False,0.9999987123508326,0.10021904098438826
generalization_branch_trial_7d648f94516f,branch_trial,40,1.0,0.8,0.05,0.05,0.09632095573167769,0.7117209454039822,FAILED,NO_SCF_CONVERGENCE,False,0.9999999999951821,0.09723946702211723
generalization_branch_trial_7d90bdb3070b,branch_trial,40,2.0,1.0,0.1,0.1,1.2915496650148854e-06,7.05162223857399e-05,SUCCESS,SUCCESS,True,0.9999999999997566,3.1430726110383425e-08
generalization_branch_trial_7db24c89b734,branch_trial,20,2.0,0.6,0.1,0.1,4.641588833612792e-09,3.4296960279735006e-08,SUCCESS,SUCCESS,True,0.9999999999999997,3.7576574921823065e-11
generalization_branch_trial_7dc1088cff85,branch_trial,40,1.0,0.8,0.05,0.05,0.09636970709068024,0.7120811719305512,FAILED,NO_SCF_CONVERGENCE,False,0.9999999987631696,0.09731895243835395
generalization_branch_trial_7dc4fbfd3ccf,branch_trial,24,1.5,0.8,0.1,0.1,0.012115276586285901,0.133548830710887,SUCCESS,SUCCESS,True,0.9999882882887366,0.006931678309762064
generalization_branch_trial_7dfc5d649f9d,branch_trial,40,1.0,0.8,0.05,0.05,0.09631742700142601,0.7116948714181945,FAILED,NO_SCF_CONVERGENCE,False,0.9999999999999996,0.09723367023862371
generalization_branch_trial_7e42b05f44a3,branch_trial,48,2.0,1.0,0.05,0.05,1e-12,1.1023176380641605e-11,SUCCESS,SUCCESS,True,0.9999999999999996,4.577266587144144e-16
generalization_branch_trial_7f0c18f9c4c3,branch_trial,40,1.0,0.8,0.05,0.05,0.09634142881514585,0.7118722221662466,FAILED,NO_SCF_CONVERGENCE,False,0.9999999996908858,0.09727282841033476
generalization_branch_trial_7fa66d96ccc5,branch_trial,24,3.0,0.8,0.05,0.05,0.03748966739333335,0.12447007914037063,SUCCESS,SUCCESS,True,0.9999997363768867,0.011281709492425566
generalization_branch_trial_801e64d3f3c2,branch_trial,48,1.5,0.8,0.05,0.05,0.0007262917501736235,0.00800604206596874,SUCCESS,SUCCESS,True,0.9999999741391522,0.00010321386437339548
generalization_branch_trial_8062e8a2d4c6,branch_trial,24,1.5,0.8,0.1,0.1,0.005994842503189421,0.06608220628682401,SUCCESS,SUCCESS,True,0.9999968397732958,0.003488305702869117
generalization_branch_trial_807653b20c49,branch_trial,24,1.5,0.8,0.05,0.05,0.012115276586285901,0.0402241348177617,SUCCESS,SUCCESS,True,0.999995562482464,0.001920404604141163
generalization_branch_trial_80a5a6fd7092,branch_trial,40,1.0,0.8,0.05,0.05,0.09631743339630207,0.7116949186702926,FAILED,NO_SCF_CONVERGENCE,False,0.9999999999999992,0.09723370514850357
generalization_branch_trial_80d7b850ce94,branch_trial,20,2.0,0.4,0.1,0.1,0.1,0.7389056098930651,SUCCESS,SUCCESS,True,0.9984507453516899,0.06496256581801574
generalization_branch_trial_80fb525998a1,branch_trial,40,1.0,0.8,0.05,0.05,0.09637391059897987,0.7121122318891895,FAILED,NO_SCF_CONVERGENCE,False,0.9999999987659739,0.09732579247047635
generalization_branch_trial_810b15e89f02,branch_trial,20,2.0,1.0,0.1,0.1,2.782559402207126e-10,2.056048752151539e-09,SUCCESS,SUCCESS,True,0.9999999999999997,4.2772121926302245e-10
generalization_branch_trial_81b1b94bd434,branch_trial,40,2.0,1.0,0.05,0.05,2.782559402207126e-10,2.056048752151539e-09,SUCCESS,SUCCESS,True,0.9999999999999996,2.020439000806316e-13
generalization_branch_trial_81d63f142a81,branch_trial,20,2.0,0.4,0.1,0.1,0.012115276586285901,0.08952045835012755,SUCCESS,SUCCESS,True,0.9999975393707039,0.0014354351980344344
generalization_branch_trial_8269917db6d7,branch_trial,40,1.0,0.8,0.05,0.05,0.09631742655715043,0.7116948681354174,SUCCESS,SUCCESS,True,0.9999999999999996,0.09723366622018653
generalization_branch_trial_827061a4933d,branch_trial,24,3.0,0.8,0.1,0.1,0.001032497215000989,0.01138139891347714,SUCCESS,SUCCESS,True,0.9999999930845356,6.0185675015973524e-05
generalization_branch_trial_828dba14a30b,branch_trial,40,1.0,0.8,0.05,0.05,0.09672257141381416,0.7146885062094989,FAILED,NO_SCF_CONVERGENCE,False,0.9999999183781635,0.09789486767271503
generalization_branch_trial_82d16d8ecdaf,branch_trial,40,1.0,0.8,0.05,0.05,0.09633154167180348,0.7117991655094316,FAILED,NO_SCF_CONVERGENCE,False,0.9999999999229079,0.09725670580620599
generalization_branch_trial_82f526770324,branch_trial,24,2.0,0.6,0.1,0.1,7.742636826811277e-08,8.534845139319194e-07,SUCCESS,SUCCESS,True,0.9999999999999997,9.150205893361879e-10
generalization_branch_trial_832488ec5d52,branch_trial,20,2.0,1.0,0.1,0.1,4.354004653656653e-05,0.00032171984640874126,SUCCESS,SUCCESS,True,0.999999999917303,6.388253810898677e-06
generalization_branch_trial_834efe933bcd,branch_trial,40,2.0,1.0,0.05,0.05,7.742636826811277e-08,5.721077786695493e-07,SUCCESS,SUCCESS,True,0.9999999999999997,1.2984469374985244e-10
generalization_branch_trial_83ba0095b6af,branch_trial,24,3.0,0.8,0.05,0.05,0.007147705767941868,0.02373121887888543,SUCCESS,SUCCESS,True,0.9999999451207724,0.0004293845876024382
generalization_branch_trial_83fcc74d03af,branch_trial,24,3.0,0.8,0.1,0.1,0.012115276586285901,0.133548830710887,FAILED,NO_SCF_CONVERGENCE,False,0.9999554891129511,0.007838205426654822
generalization_branch_trial_841327b044ff,branch_trial,40,1.0,0.8,0.05,0.05,0.09631743001038338,0.7116948936515494,FAILED,NO_SCF_CONVERGENCE,False,0.9999999999999992,0.09723371552897797
generalization_branch_trial_841c093a4a4c,branch_trial,40,2.0,1.0,0.05,0.05,0.02448436746822229,0.18091636476952713,SUCCESS,SUCCESS,True,0.9991220823946746,0.03185364465791106
generalization_branch_trial_8485d4883446,branch_trial,20,2.0,1.0,0.1,0.1,7.742636826811277e-08,5.721077786695493e-07,SUCCESS,SUCCESS,True,0.9999999999999993,1.1014214794342984e-08
generalization_branch_trial_857580a87d16,branch_trial,24,1.0,0.8,0.1,0.1,0.012115276586285901,0.133548830710887,FAILED,NO_SCF_CONVERGENCE,False,0.8187454283952958,0.029403733606826545
generalization_branch_trial_858556ad5b21,branch_trial,40,1.0,0.8,0.05,0.05,0.09633154440796099,0.7117991857270529,FAILED,NO_SCF_CONVERGENCE,False,0.9999999999229076,0.09725673139629074
generalization_branch_trial_85971a5bce54,branch_trial,40,1.0,0.8,0.05,0.05,0.09631764444101977,0.711696478091551,FAILED,NO_SCF_CONVERGENCE,False,0.9999999999999872,0.09723402973213582
generalization_branch_trial_859c9fc8d1f3,branch_trial,40,2.0,1.0,0.1,0.1,2.1544346900318867e-05,0.0011762814844297155,SUCCESS,SUCCESS,True,0.9999999999321348,3.8512543366829016e-07
generalization_branch_trial_860f0881ce71,branch_trial,20,1.0,0.8,0.1,0.1,8.799225435691092e-05,0.0006501797037145897,SUCCESS,SUCCESS,True,0.9999999992586864,8.719884643695297e-05
generalization_branch_trial_866c687e79f8,branch_trial,24,3.0,0.8,0.1,0.1,0.04948168092155145,0.5454452964088903,SUCCESS,SUCCESS,True,0.9963794968922408,0.07729527620260614
generalization_branch_trial_86a58a24fda4,branch_trial,40,2.0,0.6,0.05,0.05,0.012115276586285901,0.08952045835012755,SUCCESS,SUCCESS,True,0.9999864747419703,0.004019689884700487
generalization_branch_trial_86cb415de6a0,branch_trial,40,1.0,0.8,0.05,0.05,0.09631742736492423,0.7116948741041033,FAILED,NO_SCF_CONVERGENCE,False,0.9999999999999994,0.09723370331661399
generalization_branch_trial_86ff9a04ed43,branch_trial,40,1.0,0.8,0.05,0.05,0.09631742661100202,0.7116948685333299,FAILED,NO_SCF_CONVERGENCE,False,0.9999999999999994,0.09723370699774436
generalization_branch_trial_879493435e41,branch_trial,40,1.0,0.8,0.05,0.05,0.09631919161938875,0.7117079102793145,FAILED,NO_SCF_CONVERGENCE,False,0.9999999999987954,0.0972365405840068
generalization_branch_trial_87ba45699fa6,branch_trial,40,1.0,0.8,0.05,0.05,0.1,0.7389056098930651,FAILED,NO_SCF_CONVERGENCE,False,0.9999923132455513,0.10328203409942208
generalization_branch_trial_87ca20dd6362,branch_trial,24,1.0,0.8,0.1,0.1,0.04948168092155146,0.5454452964088904,SUCCESS,SUCCESS,True,0.9985182974189322,0.11060657136190596
generalization_branch_trial_883ed870ebb9,branch_trial,24,1.5,0.8,0.1,0.1,7.742636826811277e-08,8.534845139319194e-07,SUCCESS,SUCCESS,True,0.9999999999999989,4.819406979369862e-08
generalization_branch_trial_884e98105327,branch_trial,40,2.0,1.0,0.05,0.05,0.1,0.7389056098930651,SUCCESS,SUCCESS,True,0.9878874806021822,0.17763347673440205
generalization_branch_trial_88bbfe1d6152,branch_trial,24,1.0,0.8,0.1,0.1,0.07034321639046047,0.7754056814536853,SUCCESS,SUCCESS,True,0.999088740621622,0.1416472599857958
generalization_branch_trial_88be7dc84813,branch_trial,40,1.0,0.8,0.1,0.1,0.0007262917501736235,0.03965418594381441,SUCCESS,SUCCESS,True,0.9999996271971482,0.0031131129125295666
generalization_branch_trial_88c9a7963421,branch_trial,40,1.0,0.8,0.05,0.05,0.0981410679231494,0.7251698564931143,FAILED,NO_SCF_CONVERGENCE,False,0.9999987118427734,0.1002184263971986
generalization_branch_trial_88ea912cf6c0,branch_trial,24,3.0,0.8,0.1,0.1,0.015282363949530597,0.1684601933288344,SUCCESS,SUCCESS,True,0.9999973681226443,0.012081256638847206
generalization_branch_trial_89360bc205e8,branch_trial,40,1.0,0.8,0.05,0.05,0.09654287138015123,0.7133606925797839,FAILED,NO_SCF_CONVERGENCE,False,0.9999999802119722,0.09760145599181969
generalization_branch_trial_894a338bfc45,branch_trial,40,1.0,0.8,0.05,0.05,0.09631742666485361,0.7116948689312422,FAILED,NO_SCF_CONVERGENCE,False,0.9999999999999993,0.09723369364016544
generalization_branch_trial_8978059d8609,branch_trial,20,2.0,1.0,0.1,0.1,7.742636826811277e-08,5.721077786695493e-07,SUCCESS,SUCCESS,True,0.9999999999999993,1.1014347041884204e-08
generalization_branch_trial_89861764602a,branch_trial,24,3.0,0.8,0.05,0.05,0.05804554194791475,0.19271798611068594,FAILED,NO_SCF_CONVERGENCE,False,0.9999734834409502,0.025438028064538334
generalization_branch_trial_89926cb9182e,branch_trial,20,1.0,0.8,0.1,0.1,2.1544346900318867e-05,0.00015919238786127877,SUCCESS,SUCCESS,True,0.9999999998461393,2.1355401784515202e-05
generalization_branch_trial_89b13ea667d4,branch_trial,48,1.5,0.8,0.05,0.05,0.02448436746822229,0.26989550117065764,SUCCESS,SUCCESS,True,0.9997402715420783,0.022937419306191642
generalization_branch_trial_89b24cc295ef,branch_trial,96,1.5,0.8,0.025,0.025,7.742636826811277e-08,8.534845139319194e-07,SUCCESS,SUCCESS,True,0.9999999999999994,5.811228578951138e-11
generalization_branch_trial_89c75d96aeb7,branch_trial,20,2.0,0.4,0.1,0.1,0.0007262917501736235,0.0053666104862234295,SUCCESS,SUCCESS,True,0.9999999944451722,9.282525877532821e-06
generalization_branch_trial_8a4a7931e848,branch_trial,40,1.0,0.8,0.05,0.05,0.09814129272148611,0.7251715175406352,FAILED,NO_SCF_CONVERGENCE,False,0.9999987121480691,0.10021879572574105
generalization_branch_trial_8a752408d264,branch_trial,40,1.5,0.8,0.1,0.1,0.00017782794100389284,0.009709076603015662,SUCCESS,SUCCESS,True,0.9999999458967332,0.00010384025222063913
generalization_branch_trial_8a940d7fdcd7,branch_trial,24,2.0,1.0,0.1,0.1,0.012115276586285901,0.133548830710887,SUCCESS,SUCCESS,True,0.9998984402462792,0.008451345749705491
generalization_branch_trial_8adc5c1ad03b,branch_trial,40,1.5,0.8,0.05,0.05,0.005994842503189421,0.04429622756032048,SUCCESS,SUCCESS,True,0.9999983390059094,0.0006404847491794909
generalization_branch_trial_8adfdbe7a1bf,branch_trial,40,1.0,0.8,0.05,0.05,0.08800324732072554,0.6502609313409095,SUCCESS,SUCCESS,True,0.9999573764061247,0.08393816640611905
generalization_branch_trial_8b3df4f20d54,branch_trial,40,1.0,0.8,0.05,0.05,0.09631742650329884,0.711694867737505,SUCCESS,SUCCESS,True,0.9999999999999996,0.0972336793474714
generalization_branch_trial_8b9d2f033494,branch_trial,40,2.0,0.6,0.05,0.05,2.782559402207126e-10,2.056048752151539e-09,SUCCESS,SUCCESS,True,0.9999999999999993,1.2106481608186162e-14
generalization_branch_trial_8bd65d5cb25f,branch_trial,20,1.5,0.8,0.1,0.1,0.005994842503189421,0.04429622756032048,SUCCESS,SUCCESS,True,0.9999745126068911,0.0028172254755441913
generalization_branch_trial_8c9cf6f6343e,branch_trial,40,1.0,0.8,0.05,0.05,0.09631753673755952,0.7116956822646412,FAILED,NO_SCF_CONVERGENCE,False,0.9999999999999957,0.09723383600726286
generalization_branch_trial_8cc56bf9a256,branch_trial,24,1.5,0.8,0.1,0.1,1.2915496650148854e-06,1.4236979761817662e-05,SUCCESS,SUCCESS,True,0.9999999999994331,8.039369678865944e-07
generalization_branch_trial_8cecc41bcab4,branch_trial,24,3.0,0.8,0.05,0.05,0.005994842503189421,0.019903578043979527,SUCCESS,SUCCESS,True,0.9999996473929488,0.0003021284020683582
generalization_branch_trial_8d14176a78fb,branch_trial,40,1.0,0.8,0.05,0.05,0.09631745456670679,0.7116950750996006,FAILED,NO_SCF_CONVERGENCE,False,0.9999999999999996,0.09723371929408031
generalization_branch_trial_8d542611dee7,branch_trial,24,1.5,0.8,0.05,0.05,7.742636826811277e-08,2.570645955529933e-07,SUCCESS,SUCCESS,True,0.9999999999999996,1.3553958122987452e-08
generalization_branch_trial_8da15143e8c8,branch_trial,40,1.0,0.8,0.05,0.05,0.09631753673750693,0.7116956822642525,FAILED,NO_SCF_CONVERGENCE,False,0.9999999999999959,0.09723387242261598
generalization_branch_trial_8da340355a1a,branch_trial,40,1.0,0.8,0.05,0.05,0.09631742646285757,0.7116948674386822,FAILED,NO_SCF_CONVERGENCE,False,0.9999999999999992,0.09723363311582232
generalization_branch_trial_8dba2eaf7b7e,branch_trial,48,2.0,1.0,0.05,0.05,8.799225435691092e-05,0.0009699541399065088,SUCCESS,SUCCESS,True,0.9999999997355971,9.6512556670648e-07
generalization_branch_trial_8e1ff1b63d0d,branch_trial,40,1.0,0.8,0.05,0.05,0.09631742634169252,0.7116948665433868,FAILED,NO_SCF_CONVERGENCE,False,0.9999999999999993,0.09723370549425753
generalization_branch_trial_8e60e14d2577,branch_trial,40,1.0,0.8,0.05,0.05,0.0965435588899123,0.7133657726279768,FAILED,NO_SCF_CONVERGENCE,False,0.9999999802196813,0.09760259771843707
generalization_branch_trial_8eef110044c3,branch_trial,40,1.0,0.8,0.05,0.05,0.0963312523773562,0.7117970278965315,FAILED,NO_SCF_CONVERGENCE,False,0.9999999999228956,0.09725622436559686
generalization_branch_trial_8f7f0cd8b5e8,branch_trial,20,2.0,0.4,0.1,0.1,0.005994842503189421,0.04429622756032048,SUCCESS,SUCCESS,True,0.9999995423320306,0.0003693886342566897
generalization_branch_trial_8f8c6fbbf513,branch_trial,40,2.0,1.2,0.05,0.05,2.1544346900318867e-05,0.00015919238786127877,SUCCESS,SUCCESS,True,0.9999999999631711,5.578265009835451e-08
generalization_branch_trial_8f9a6e8a243a,branch_trial,24,1.0,0.8,0.05,0.05,0.1,0.33201169227365485,SUCCESS,SUCCESS,True,0.9999456010283274,0.06386619177827567
generalization_branch_trial_8fac722d0d1b,branch_trial,40,1.0,0.8,0.05,0.05,0.09631764347174726,0.711696470929542,FAILED,NO_SCF_CONVERGENCE,False,0.999999999999988,0.09723405289317116
generalization_branch_trial_8ffb5d517e82,branch_trial,40,1.0,0.8,0.1,0.1,4.641588833612792e-09,2.534221635297582e-07,SUCCESS,SUCCESS,True,0.9999999999999996,3.129027372735053e-06
generalization_branch_trial_901f173df862,branch_trial,20,3.0,0.8,0.1,0.1,0.0029663488391777374,0.021918517981682116,SUCCESS,SUCCESS,True,0.9999998481828049,0.00022100289121518608
generalization_branch_trial_9026d3aab027,branch_trial,24,2.0,1.0,0.05,0.05,0.04948168092155145,0.16428496619309318,SUCCESS,SUCCESS,True,0.9997751340318586,0.025425812884144246
generalization_branch_trial_9136a1d4804f,branch_trial,40,1.0,0.8,0.05,0.05,0.09631743334245058,0.7116949182723808,FAILED,NO_SCF_CONVERGENCE,False,0.9999999999999994,0.09723367764460018
generalization_branch_trial_91491ae00df6,branch_trial,20,2.5,0.8,0.1,0.1,0.02448436746822229,0.18091636476952713,SUCCESS,SUCCESS,True,0.9999217921787427,0.012044866551772834
generalization_branch_trial_917641220f30,branch_trial,48,1.5,0.8,0.05,0.05,2.782559402207126e-10,3.0672643080141817e-09,SUCCESS,SUCCESS,True,0.9999999999999997,7.673738475728848e-12
generalization_branch_trial_9196237cd4a0,branch_trial,40,1.0,0.8,0.05,0.05,0.1,0.7389056098930651,FAILED,NO_SCF_CONVERGENCE,False,0.999992313253001,0.10328203409939962
generalization_branch_trial_9197c30698b1,branch_trial,20,2.0,0.4,0.1,0.1,0.1,0.7389056098930651,SUCCESS,SUCCESS,True,0.9965831333678907,0.06496256663503067
generalization_branch_trial_91a1baaba3bb,branch_trial,40,2.0,0.6,0.05,0.05,0.005994842503189421,0.04429622756032048,SUCCESS,SUCCESS,True,0.9999967274355837,0.0010059503192823935
generalization_branch_trial_91e096230aed,branch_trial,80,1.5,0.8,0.025,0.025,1e-12,7.38905609893065e-12,SUCCESS,SUCCESS,True,0.9999999999999992,2.810532644665606e-15
generalization_branch_trial_9231b49a0f64,branch_trial,40,1.0,0.8,0.05,0.05,0.09631742699472086,0.7116948713686498,FAILED,NO_SCF_CONVERGENCE,False,0.9999999999999994,0.09723370457197168
generalization_branch_trial_929ee7107b69,branch_trial,24,3.0,0.8,0.05,0.05,0.012115276586285901,0.0402241348177617,SUCCESS,SUCCESS,True,0.9999982914348046,0.0012300347433706197
generalization_branch_trial_92f436365bbb,branch_trial,20,2.5,0.8,0.1,0.1,1.2915496650148854e-06,9.543332929350077e-06,SUCCESS,SUCCESS,True,0.9999999999998949,9.290016369721768e-09
generalization_branch_trial_9350503544d9,branch_trial,20,2.0,1.2,0.1,0.1,0.0007262917501736235,0.0053666104862234295,SUCCESS,SUCCESS,True,0.9999999836212098,5.960163519179545e-05
generalization_branch_trial_936f19563ef3,branch_trial,20,1.5,0.8,0.1,0.1,0.0007262917501736235,0.0053666104862234295,SUCCESS,SUCCESS,True,0.9999996234184386,0.00037213445186832204
generalization_branch_trial_9375ee4d0707,branch_trial,40,1.0,0.8,0.05,0.05,0.0963174817011892,0.7116952755978134,FAILED,NO_SCF_CONVERGENCE,False,0.9999999999999994,0.09723377016684959
generalization_branch_trial_93e092420418,branch_trial,40,2.0,0.6,0.05,0.05,0.0007262917501736235,0.0053666104862234295,SUCCESS,SUCCESS,True,0.9999999910200431,1.4893533850169611e-05
generalization_branch_trial_94259f024019,branch_trial,40,1.0,0.8,0.05,0.05,0.09631786771707518,0.71169812789085,FAILED,NO_SCF_CONVERGENCE,False,0.9999999999999241,0.0972344073307308
generalization_branch_trial_94477305b9a7,branch_trial,24,1.0,0.8,0.1,0.1,0.00017782794100389284,0.00196022875909224,SUCCESS,SUCCESS,True,0.9999999800412968,0.00041608809636978374
generalization_branch_trial_94787bba558b,branch_trial,40,1.0,0.8,0.05,0.05,0.07744571538992787,0.5722507356379938,SUCCESS,SUCCESS,True,0.9999998462489907,0.0797120278248257
generalization_branch_trial_94adc159b758,branch_trial,24,2.0,1.0,0.05,0.05,0.1,0.33201169227365485,SUCCESS,SUCCESS,True,0.996145522679024,0.08205037373974386
generalization_branch_trial_94ce25f330f4,branch_trial,20,2.0,0.6,0.1,0.1,2.1544346900318867e-05,0.00015919238786127877,SUCCESS,SUCCESS,True,0.9999999999677489,6.96587331703412e-07
generalization_branch_trial_94e9eb58296c,branch_trial,24,3.0,0.8,0.1,0.1,0.0007262917501736235,0.00800604206596874,SUCCESS,SUCCESS,True,0.9999999968454547,2.975089263917996e-05
generalization_branch_trial_950c590ed769,branch_trial,96,1.5,0.8,0.025,0.025,1.6681005372000556e-11,1.8387766442199225e-10,SUCCESS,SUCCESS,True,0.9999999999999993,1.2454628032543914e-14
generalization_branch_trial_95732fbe6d8a,branch_trial,40,1.0,0.8,0.05,0.05,0.0963174274187758,0.7116948745020156,FAILED,NO_SCF_CONVERGENCE,False,0.9999999999999994,0.09723368812069205
generalization_branch_trial_9577baefc4d4,branch_trial,24,2.0,1.0,0.05,0.05,0.0029663488391777374,0.009848624979693922,SUCCESS,SUCCESS,True,0.9999997268752596,6.408958923860024e-05
generalization_branch_trial_9590b78f9567,branch_trial,20,3.0,0.8,0.1,0.1,0.005994842503189421,0.04429622756032048,SUCCESS,SUCCESS,True,0.9999990944520898,0.0009016325068663815
generalization_branch_trial_95c6a44940b1,branch_trial,40,2.0,0.6,0.05,0.05,0.0029663488391777374,0.021918517981682116,SUCCESS,SUCCESS,True,0.9999998077997525,0.00024770695961349033
generalization_branch_trial_961ffb5c8ce1,branch_trial,20,2.0,0.6,0.1,0.1,0.00035938136638046403,0.002655489077095598,SUCCESS,SUCCESS,True,0.9999999910958476,1.032591700027646e-05
generalization_branch_trial_962522331ada,branch_trial,40,1.0,0.8,0.05,0.05,0.0963456643819811,0.711903519007203,FAILED,NO_SCF_CONVERGENCE,False,0.9999999996915869,0.09727974764710849
generalization_branch_trial_96c59c4eaa8f,branch_trial,40,1.0,0.8,0.05,0.05,0.0963175341527053,0.7116956631650083,FAILED,NO_SCF_CONVERGENCE,False,0.9999999999999969,0.0972338709830908
generalization_branch_trial_9767bd6e7754,branch_trial,40,1.0,0.8,0.05,0.05,0.09631742289518766,0.711694841076969,SUCCESS,SUCCESS,True,0.9999999999999997,0.09723368474606586
generalization_branch_trial_979caf011641,branch_trial,40,1.0,0.8,0.05,0.05,0.09631743000365194,0.7116948936018104,FAILED,NO_SCF_CONVERGENCE,False,0.9999999999999993,0.09723369243474815
generalization_branch_trial_97ddddc06d2c,branch_trial,40,1.0,0.8,0.05,0.05,0.09631743668126042,0.711694942943034,FAILED,NO_SCF_CONVERGENCE,False,0.9999999999999993,0.09723371028932663
generalization_branch_trial_9888d3a9a02c,branch_trial,40,1.0,0.8,0.05,0.05,0.09631742397222037,0.7116948490352242,FAILED,NO_SCF_CONVERGENCE,False,0.9999999999999993,0.0972336731189522
generalization_branch_trial_98a760fed8d2,branch_trial,40,1.0,0.8,0.1,0.1,3.162277660168379e-13,1.726545101363335e-11,SUCCESS,SUCCESS,True,0.9999999999999997,4.244314387508341e-06
generalization_branch_trial_98fcc37efdd6,branch_trial,20,2.0,0.4,0.1,0.1,2.1544346900318867e-05,0.00015919238786127877,SUCCESS,SUCCESS,True,0.9999999999834336,1.5355297171461655e-07
generalization_branch_trial_990048ccc5d9,branch_trial,40,1.0,0.8,0.05,0.05,0.09677021206863679,0.7150405256805731,FAILED,NO_SCF_CONVERGENCE,False,0.9999999206863356,0.09797268949809032
generalization_branch_trial_994c4fe1f320,branch_trial,24,3.0,0.8,0.1,0.1,0.018782182954176368,0.2070393155173663,SUCCESS,SUCCESS,True,0.9999912527617797,0.01751778098222969
generalization_branch_trial_995b7e23ab85,branch_trial,24,2.0,0.6,0.1,0.1,0.012115276586285901,0.133548830710887,SUCCESS,SUCCESS,True,0.9999776485153682,0.004617141395565091
generalization_branch_trial_9a38ea063825,branch_trial,40,1.5,0.8,0.1,0.1,1.6681005372000556e-11,9.107520340041714e-10,SUCCESS,SUCCESS,True,0.9999999999999996,3.860328405571908e-12
generalization_branch_trial_9a5913b975e2,branch_trial,24,3.0,0.8,0.05,0.05,0.015773085833909743,0.05236848920093985,SUCCESS,SUCCESS,True,0.9999992317414511,0.002077632731354775
generalization_branch_trial_9a62542a8091,branch_trial,40,1.0,0.8,0.05,0.05,0.09646955135648716,0.7128189268117551,FAILED,NO_SCF_CONVERGENCE,False,0.9999994896068329,0.09748179630673268
generalization_branch_trial_9abd235695d1,branch_trial,40,1.0,0.8,0.05,0.05,0.09631742742550718,0.7116948745517542,FAILED,NO_SCF_CONVERGENCE,False,0.9999999999999994,0.09723370303747404
generalization_branch_trial_9b1213634601,branch_trial,48,2.0,1.0,0.05,0.05,2.1544346900318867e-05,0.0002374871358879441,SUCCESS,SUCCESS,True,0.9999999999451561,1.9947115686062654e-08
generalization_branch_trial_9b2c6df97a05,branch_trial,20,2.0,1.0,0.1,0.1,1.2915496650148854e-06,9.543332929350077e-06,SUCCESS,SUCCESS,True,0.9999999999997474,1.9058964994255e-07
generalization_branch_trial_9bb167ea8e55,branch_trial,40,1.0,0.8,0.05,0.05,0.09643042514028873,0.7125298210053259,FAILED,NO_SCF_CONVERGENCE,False,0.999999995060901,0.09741799306229304
generalization_branch_trial_9c3a17bef1e7,branch_trial,40,2.0,1.2,0.05,0.05,1e-12,7.38905609893065e-12,SUCCESS,SUCCESS,True,0.9999999999999994,5.808999092785488e-16
generalization_branch_trial_9c3c9022e76a,branch_trial,40,1.0,0.8,0.05,0.05,0.07034321639046047,0.5197699720883304,SUCCESS,SUCCESS,True,0.999838144361603,0.06897887537488162
generalization_branch_trial_9c8505bc46e5,branch_trial,40,1.0,0.8,0.05,0.05,0.09812841831084358,0.7250763877981569,FAILED,NO_SCF_CONVERGENCE,False,0.9999986946075637,0.10019764758153656
generalization_branch_trial_9d2b5f71c188,branch_trial,40,1.0,0.8,0.05,0.05,0.0963131588374562,0.7116633337151822,SUCCESS,SUCCESS,True,0.9999999999806114,0.09722676432701807
generalization_branch_trial_9d727093a270,branch_trial,40,2.0,1.0,0.05,0.05,0.1,0.7389056098930651,SUCCESS,SUCCESS,True,0.9537676593983411,0.17763347673867289
generalization_branch_trial_9d7b65a50e27,branch_trial,24,1.5,0.8,0.1,0.1,0.1,1.1023176380641606,SUCCESS,SUCCESS,True,0.9976352490368052,0.11380807409023623
generalization_branch_trial_9dcaabdeec83,branch_trial,40,1.0,0.8,0.05,0.05,0.09814144115822995,0.7251726143480626,FAILED,NO_SCF_CONVERGENCE,False,0.9999987123496401,0.10021903961276163
generalization_branch_trial_9dcd7db12fd3,branch_trial,40,1.0,0.8,0.05,0.05,0.09722515489538287,0.718402123749206,FAILED,NO_SCF_CONVERGENCE,False,0.9999996812070571,0.09871659319176211
generalization_branch_trial_9e03420f655f,branch_trial,40,2.0,1.2,0.05,0.05,0.1,0.7389056098930651,SUCCESS,SUCCESS,True,0.9934055247081875,0.13023137025235765
generalization_branch_trial_9e3343359bab,branch_trial,40,1.0,0.8,0.05,0.05,0.09631742731102108,0.7116948737058099,FAILED,NO_SCF_CONVERGENCE,False,0.9999999999999994,0.09723369611290782
generalization_branch_trial_9e477379e4d1,branch_trial,24,3.0,0.8,0.1,0.1,0.005994842503189421,0.06608220628682401,FAILED,NO_SCF_CONVERGENCE,False,0.9999938819631442,0.002004398604706639
generalization_branch_trial_9e829631bc75,branch_trial,40,2.0,0.6,0.05,0.05,1.6681005372000556e-11,1.2325688448027565e-10,SUCCESS,SUCCESS,True,0.9999999999999996,8.453967625089183e-16
generalization_branch_trial_9eb9a0e02c41,branch_trial,24,2.0,1.0,0.1,0.1,0.1,1.1023176380641606,SUCCESS,SUCCESS,True,0.9459502495186872,0.1568819566432859
generalization_branch_trial_9eece44ff360,branch_trial,24,3.0,0.8,0.1,0.1,1e-12,1.1023176380641605e-11,SUCCESS,SUCCESS,True,0.9999999999999997,5.329384537284063e-16
generalization_branch_trial_9f04e004782e,branch_trial,40,1.0,0.8,0.05,0.05,0.09631748159343502,0.7116952748016117,FAILED,NO_SCF_CONVERGENCE,False,0.9999999999999992,0.09723375780041839
generalization_branch_trial_9f47896357be,branch_trial,40,1.0,0.8,0.05,0.05,0.096317433456885,0.7116949191179431,FAILED,NO_SCF_CONVERGENCE,False,0.9999999999999993,0.09723369667493655
generalization_branch_trial_9f6657af68fe,branch_trial,24,1.0,0.8,0.1,0.1,0.06442104683480705,0.7101245618856518,SUCCESS,SUCCESS,True,0.9999386610369183,0.13422670313002422
generalization_branch_trial_9f8ac7a8ae2a,branch_trial,40,1.0,0.8,0.05,0.05,0.096317426995536,0.7116948713746729,FAILED,NO_SCF_CONVERGENCE,False,0.9999999999999993,0.09723369467498548
generalization_branch_trial_9faffcb8f8bb,branch_trial,40,1.0,0.8,0.05,0.05,0.09649262202264172,0.7129893972582108,FAILED,NO_SCF_CONVERGENCE,False,0.9999999796446206,0.09751945209027454
generalization_branch_trial_9fb4ed2adf4f,branch_trial,40,1.0,0.8,0.05,0.05,0.09631742699470772,0.7116948713685527,FAILED,NO_SCF_CONVERGENCE,False,0.9999999999999996,0.09723371769054276
generalization_branch_trial_9ff59bd1d898,branch_trial,40,2.0,1.0,0.1,0.1,4.641588833612792e-09,2.534221635297582e-07,SUCCESS,SUCCESS,True,0.9999999999999996,2.195138405282755e-11
generalization_branch_trial_a01da138aec7,branch_trial,40,1.5,0.8,0.1,0.1,0.00035938136638046403,0.019621557760756952,SUCCESS,SUCCESS,True,0.9999998120543312,0.00018413666028271557
generalization_branch_trial_a0b6985ec33c,branch_trial,40,2.0,1.0,0.05,0.05,2.1544346900318867e-05,0.00015919238786127877,SUCCESS,SUCCESS,True,0.9999999999460892,1.2793001599249652e-07
generalization_branch_trial_a0f14c63ecec,branch_trial,40,1.0,0.8,0.05,0.05,0.08387086287290746,0.6197265108336331,FAILED,NO_SCF_CONVERGENCE,False,0.9948449683636192,0.08900752525261543
generalization_branch_trial_a121ad0e7580,branch_trial,48,2.0,1.0,0.05,0.05,0.04948168092155145,0.5454452964088903,SUCCESS,SUCCESS,True,0.9892785563145388,0.12077525451102154
generalization_branch_trial_a1254618ba13,branch_trial,24,1.0,0.8,0.05,0.05,7.742636826811277e-08,2.570645955529933e-07,SUCCESS,SUCCESS,True,0.9999999999999993,4.956776998124518e-08
generalization_branch_trial_a13f5f58b7e5,branch_trial,20,2.0,1.2,0.1,0.1,0.1,0.7389056098930651,SUCCESS,SUCCESS,True,0.9949786726729907,0.09500731422808777
generalization_branch_trial_a16a943d8c8d,branch_trial,20,2.5,0.8,0.1,0.1,2.1544346900318867e-05,0.00015919238786127877,SUCCESS,SUCCESS,True,0.9999999999704245,1.592977029566731e-07
generalization_branch_trial_a16c1392822d,branch_trial,20,2.0,0.4,0.1,0.1,0.005994842503189421,0.04429622756032048,SUCCESS,SUCCESS,True,0.9999985203067221,0.0003693885792589386
generalization_branch_trial_a1967c215e15,branch_trial,40,1.0,0.8,0.05,0.05,0.0963315443543119,0.7117991853306368,FAILED,NO_SCF_CONVERGENCE,False,0.9999999999229072,0.09725673276857727
generalization_branch_trial_a1a3631c4c46,branch_trial,40,1.0,0.8,0.05,0.05,0.09634873343118126,0.7119261963839134,FAILED,NO_SCF_CONVERGENCE,False,0.9999999987491328,0.09728473986137766
generalization_branch_trial_a27c97de38f2,branch_trial,40,1.0,0.8,0.1,0.1,0.1,5.459815003314424,SUCCESS,SUCCESS,True,0.9519090871582558,0.21551566330711322
generalization_branch_trial_a2bdd0b4f373,branch_trial,20,2.0,1.2,0.1,0.1,2.1544346900318867e-05,0.00015919238786127877,SUCCESS,SUCCESS,True,0.999999999949091,2.0018092148367663e-06
generalization_branch_trial_a3110f0e1313,branch_trial,24,3.0,0.8,0.05,0.05,0.020535250264571484,0.06817943191603396,FAILED,NO_SCF_CONVERGENCE,False,0.9999954164878809,0.0035003961489729033
generalization_branch_trial_a386e08ea465,branch_trial,40,2.0,1.0,0.1,0.1,2.782559402207126e-10,1.519225957178408e-08,SUCCESS,SUCCESS,True,0.9999999999999991,1.3156304256778666e-12
generalization_branch_trial_a3b7654de3cb,branch_trial,40,1.0,0.8,0.05,0.05,0.0963174821387269,0.711695278830804,FAILED,NO_SCF_CONVERGENCE,False,0.9999999999999993,0.0972337692292181
generalization_branch_trial_a3d8cb477eeb,branch_trial,20,2.0,0.6,0.1,0.1,0.04948168092155145,0.36562291619873016,SUCCESS,SUCCESS,True,0.9995963870300606,0.029069055408291664
generalization_branch_trial_a3d92fcc5362,branch_trial,40,1.0,0.8,0.05,0.05,0.09632448514322879,0.7117470244239296,FAILED,NO_SCF_CONVERGENCE,False,0.999999999980728,0.0972451766859877
generalization_branch_trial_a40a589b4d29,branch_trial,40,1.0,0.8,0.1,0.1,0.012115276586285901,0.6614716887510772,SUCCESS,SUCCESS,True,0.9999904452991485,0.07231085329148712
generalization_branch_trial_a40baece82f8,branch_trial,20,2.0,1.0,0.1,0.1,0.0014677992676220735,0.010845651130428824,SUCCESS,SUCCESS,True,0.9999999105070118,0.00016005484025955838
generalization_branch_trial_a41962a9214a,branch_trial,20,1.5,0.8,0.1,0.1,0.0014677992676220735,0.010845651130428824,SUCCESS,SUCCESS,True,0.9999984627755715,0.0007432210422229435
generalization_branch_trial_a43bba9bee1a,branch_trial,40,1.5,0.8,0.1,0.1,0.0014677992676220735,0.0801391246321692,SUCCESS,SUCCESS,True,0.999999288805687,0.0008671563522323553
generalization_branch_trial_a451a12cabe4,branch_trial,40,1.0,0.8,0.05,0.05,0.09631753684525952,0.7116956830604425,FAILED,NO_SCF_CONVERGENCE,False,0.9999999999999967,0.09723387712353321
generalization_branch_trial_a4c3760c2cd1,branch_trial,24,1.5,0.8,0.1,0.1,0.1,1.1023176380641606,SUCCESS,SUCCESS,True,0.9945837304273745,0.11380807399764103
generalization_branch_trial_a521955b6da0,branch_trial,20,1.0,0.8,0.1,0.1,7.742636826811277e-08,5.721077786695493e-07,SUCCESS,SUCCESS,True,0.999999999999998,8.899424474499048e-07
generalization_branch_trial_a560a9f0b9fd,branch_trial,20,1.0,0.8,0.1,0.1,1.2915496650148854e-06,9.543332929350077e-06,SUCCESS,SUCCESS,True,0.9999999999994467,1.2073721505202485e-06
generalization_branch_trial_a5646400e165,branch_trial,40,1.0,0.8,0.05,0.05,0.09643041082922438,0.7125297152600686,FAILED,NO_SCF_CONVERGENCE,False,0.9999999950608621,0.09741795905705322
generalization_branch_trial_a59a3f757b9a,branch_trial,20,1.0,0.8,0.1,0.1,0.00017782794100389284,0.0013139806320350944,SUCCESS,SUCCESS,True,0.9999999969717976,0.0001754834890161657
generalization_branch_trial_a5a09b314e61,branch_trial,40,2.0,1.2,0.05,0.05,0.005994842503189421,0.04429622756032048,SUCCESS,SUCCESS,True,0.9999985779866911,0.0010613599625398636
generalization_branch_trial_a5bc82b83292,branch_trial,40,1.0,0.8,0.05,0.05,0.09814143320184236,0.7251725555578683,FAILED,NO_SCF_CONVERGENCE,False,0.9999987123388361,0.10021902651547948
generalization_branch_trial_a6336a84b13a,branch_trial,24,3.0,0.8,0.05,0.05,2.1544346900318867e-05,7.152975073305536e-05,SUCCESS,SUCCESS,True,0.9999999999857809,1.9486783425521942e-10
generalization_branch_trial_a64b4aedb0dd,branch_trial,20,2.0,1.0,0.1,0.1,8.799225435691092e-05,0.0006501797037145897,SUCCESS,SUCCESS,True,0.9999999996628967,1.280209322252092e-05
generalization_branch_trial_a6641883069e,branch_trial,20,2.0,1.0,0.1,0.1,0.005994842503189421,0.04429622756032048,SUCCESS,SUCCESS,True,0.9999985237889824,0.0005356014166951486
generalization_branch_trial_a685a15df94a,branch_trial,40,1.0,0.8,0.1,0.1,1.2915496650148854e-06,7.05162223857399e-05,SUCCESS,SUCCESS,True,0.999999999995917,5.001215334396096e-06
generalization_branch_trial_a694d52f609f,branch_trial,24,1.0,0.8,0.05,0.05,4.641588833612792e-09,1.5410617634862826e-08,SUCCESS,SUCCESS,True,0.9999999999999996,2.971501021854574e-09
generalization_branch_trial_a71f184a78ae,branch_trial,40,1.0,0.8,0.05,0.05,2.1544346900318867e-05,0.00015919238786127877,SUCCESS,SUCCESS,True,0.9999999998622789,1.8116884515442963e-05
generalization_branch_trial_a78ed6b74301,branch_trial,40,1.0,0.8,0.05,0.05,0.1,0.7389056098930651,FAILED,NO_SCF_CONVERGENCE,False,0.9999923112989825,0.10328203409939879
generalization_branch_trial_a7e6b0e1ad02,branch_trial,24,1.0,0.8,0.1,0.1,0.010161187012357312,0.11200855667389935,SUCCESS,SUCCESS,True,0.9999933111236855,0.024099514737049667
generalization_branch_trial_a7f4df032808,branch_trial,40,1.0,0.8,0.05,0.05,0.09631757461194757,0.7116959621206191,FAILED,NO_SCF_CONVERGENCE,False,0.9999999999996982,0.09723392561965484
generalization_branch_trial_a7f53bf7cdb6,branch_trial,40,1.0,0.8,0.05,0.05,0.09722515726514092,0.7184021412594811,FAILED,NO_SCF_CONVERGENCE,False,0.9999996812075905,0.09871659755533738
generalization_branch_trial_a8364ac15bd2,branch_trial,40,1.0,0.8,0.05,0.05,0.0963174540214109,0.7116950710703787,FAILED,NO_SCF_CONVERGENCE,False,0.9999999999999994,0.09723377423275265
generalization_branch_trial_a8553a0cb2b7,branch_trial,40,1.0,0.8,0.1,0.1,0.008522275225393883,0.46530046137980335,SUCCESS,SUCCESS,True,0.999995005802042,0.05533118081589301
generalization_branch_trial_a8a2dc470cd2,branch_trial,24,3.0,0.8,0.05,0.05,0.049142044228678884,0.16315733266150467,FAILED,NO_SCF_CONVERGENCE,False,0.9999763270077927,0.01876692256288246
generalization_branch_trial_a8e49359f46d,branch_trial,40,1.0,0.8,0.05,0.05,0.09637362181743007,0.7121100980661177,FAILED,NO_SCF_CONVERGENCE,False,0.9999999987657808,0.09732531753898713
generalization_branch_trial_a92b22f715c1,branch_trial,20,1.0,0.8,0.1,0.1,1e-12,7.38905609893065e-12,SUCCESS,SUCCESS,True,0.9999999999999994,6.877587492032204e-07
generalization_branch_trial_a95db2d92f51,branch_trial,40,1.0,0.8,0.05,0.05,0.09631745046722998,0.7116950448083365,FAILED,NO_SCF_CONVERGENCE,False,0.9999999999999994,0.09723372401626347
generalization_branch_trial_a99090a3957d,branch_trial,24,3.0,0.8,0.1,0.1,0.017223091590007112,0.18985317641659347,FAILED,NO_SCF_CONVERGENCE,False,0.9999319023273854,0.015010748190073517
generalization_branch_trial_a9a670ebe200,branch_trial,24,3.0,0.8,0.1,0.1,0.017193532973909412,0.18952734657778084,SUCCESS,SUCCESS,True,0.9999889313289754,0.014964304239581224
generalization_branch_trial_aa2818ac2341,branch_trial,40,1.0,0.8,0.05,0.05,0.09814144231398608,0.7251726228880094,FAILED,NO_SCF_CONVERGENCE,False,0.9999987123512092,0.10021904143564252
generalization_branch_trial_aa66da7d0c87,branch_trial,40,1.0,0.8,0.05,0.05,0.09631745412916587,0.7116950718665862,FAILED,NO_SCF_CONVERGENCE,False,0.9999999999999993,0.09723371281309907
generalization_branch_trial_aa9c52e436b2,branch_trial,40,1.0,0.8,0.05,0.05,0.09631735396401198,0.7116943317406449,SUCCESS,SUCCESS,True,0.9999999999999843,0.0972336118929671
generalization_branch_trial_aac0ade3ad4c,branch_trial,40,2.0,0.6,0.05,0.05,0.005994842503189421,0.04429622756032048,SUCCESS,SUCCESS,True,0.9999987365017908,0.0010059503221652496
generalization_branch_trial_ab6e116e0707,branch_trial,40,1.0,0.8,0.05,0.05,0.1,0.7389056098930651,FAILED,NO_SCF_CONVERGENCE,False,0.9999923132541645,0.1032820340994067
generalization_branch_trial_ab798687ac0a,branch_trial,24,3.0,0.8,0.05,0.05,1e-12,3.320116922736548e-12,SUCCESS,SUCCESS,True,0.9999999999999996,2.688248421094664e-16
generalization_branch_trial_ab86fef3c4cd,branch_trial,48,2.0,1.0,0.05,0.05,0.1,1.1023176380641606,SUCCESS,SUCCESS,True,0.9035874185105464,0.21753125677652457
generalization_branch_trial_ab8b83ea97fe,branch_trial,20,2.0,1.0,0.1,0.1,0.0014677992676220735,0.010845651130428824,SUCCESS,SUCCESS,True,0.9999999105070121,0.0001600548402601034
generalization_branch_trial_abc4196ec178,branch_trial,24,3.0,0.8,0.1,0.1,0.013229023190584433,0.14582585597341036,SUCCESS,SUCCESS,True,0.9999973889787258,0.009247361116362394
generalization_branch_trial_ac0aca16dacf,branch_trial,24,3.0,0.8,0.1,0.1,0.021444576687485232,0.2363873512343448,SUCCESS,SUCCESS,True,0.9999719633058392,0.022067069917325887
generalization_branch_trial_ac53001ba07a,branch_trial,24,3.0,0.8,0.1,0.1,0.009940216266726152,0.10957275716984519,FAILED,NO_SCF_CONVERGENCE,False,0.9999961804294807,0.005374530677583205
generalization_branch_trial_ac5a39c9fc4a,branch_trial,40,1.0,0.8,0.1,0.1,3.1622776601683796e-14,1.726545101363335e-12,SUCCESS,SUCCESS,True,0.9999999999999997,2.7498718852217017e-06
generalization_branch_trial_ac6d4ecbaf7d,branch_trial,40,1.0,0.8,0.05,0.05,0.09654356147078716,0.713365791698206,FAILED,NO_SCF_CONVERGENCE,False,0.9999999802197105,0.09760259127645378
generalization_branch_trial_ac6f65e89d2a,branch_trial,24,2.0,1.0,0.1,0.1,0.005994842503189421,0.06608220628682401,SUCCESS,SUCCESS,True,0.9999914157911867,0.0019527996458927853
generalization_branch_trial_acfe724b6737,branch_trial,24,1.5,0.8,0.1,0.1,0.00035938136638046403,0.003961524189527838,SUCCESS,SUCCESS,True,0.9999999873925118,0.000222563553228221
generalization_branch_trial_ad77d45bf2fd,branch_trial,24,3.0,0.8,0.1,0.1,0.02448436746822229,0.26989550117065764,FAILED,NO_SCF_CONVERGENCE,False,0.9996131016445449,0.027593151041302784
generalization_branch_trial_ad8f61b705f6,branch_trial,24,1.5,0.8,0.05,0.05,0.0007262917501736235,0.002411373530595393,SUCCESS,SUCCESS,True,0.9999999841476013,0.0001262959162938903
generalization_branch_trial_ada3711c6015,branch_trial,24,3.0,0.8,0.05,0.05,0.1,0.33201169227365485,FAILED,NO_SCF_CONVERGENCE,False,0.998343642265688,0.06393185628306351
generalization_branch_trial_ae071bd31602,branch_trial,40,1.0,0.8,0.05,0.05,0.09632448568745103,0.7117470284452182,FAILED,NO_SCF_CONVERGENCE,False,0.9999999999807283,0.09724517924080153
generalization_branch_trial_ae15e2f8b823,branch_trial,40,1.5,0.8,0.1,0.1,0.005994842503189421,0.32730731041420597,SUCCESS,SUCCESS,True,0.9998799537617137,0.017063094504947477
generalization_branch_trial_ae27d2d1eaca,branch_trial,40,1.0,0.8,0.05,0.05,0.09631757455808496,0.7116959617226253,FAILED,NO_SCF_CONVERGENCE,False,0.9999999999999245,0.09723392625307169
generalization_branch_trial_ae513a36acbd,branch_trial,40,1.0,0.8,0.05,0.05,0.09631753404500522,0.7116956623692063,FAILED,NO_SCF_CONVERGENCE,False,0.9999999999999961,0.09723387005826087
generalization_branch_trial_ae6a76f885b9,branch_trial,80,1.5,0.8,0.025,0.025,0.0029663488391777374,0.021918517981682116,SUCCESS,SUCCESS,True,0.9999997016184758,0.00021684410788158694
generalization_branch_trial_ae85fb650f88,branch_trial,24,2.0,1.0,0.1,0.1,1.6681005372000556e-11,1.8387766442199225e-10,SUCCESS,SUCCESS,True,0.9999999999999997,3.1217185723257675e-13
generalization_branch_trial_ae8f0afda66f,branch_trial,96,1.5,0.8,0.025,0.025,0.005994842503189421,0.06608220628682401,SUCCESS,SUCCESS,True,0.9999889296813625,0.0024138988354718187
generalization_branch_trial_aed476d7c852,branch_trial,24,1.0,0.8,0.05,0.05,2.782559402207126e-10,9.238422559787572e-10,SUCCESS,SUCCESS,True,0.9999999999999997,1.2282949724830157e-10
generalization_branch_trial_aede2a229b9a,branch_trial,40,2.0,0.6,0.05,0.05,0.1,0.7389056098930651,SUCCESS,SUCCESS,True,0.9817747783533951,0.1204664442210013
generalization_branch_trial_af02b7d32d8f,branch_trial,20,2.5,0.8,0.1,0.1,1e-12,7.38905609893065e-12,SUCCESS,SUCCESS,True,0.9999999999999998,7.484539935831721e-16
generalization_branch_trial_afa698c212c1,branch_trial,20,2.0,1.0,0.1,0.1,0.0029663488391777374,0.021918517981682116,SUCCESS,SUCCESS,True,0.9999996442398124,0.0002314447490825684
generalization_branch_trial_aff546d363a6,branch_trial,24,2.0,0.6,0.1,0.1,0.0029663488391777374,0.032698586460767676,SUCCESS,SUCCESS,True,0.9999997286136486,0.00027894919701182717
generalization_branch_trial_b03019b8a79f,branch_trial,40,1.0,0.8,0.05,0.05,0.09631742731107265,0.711694873706191,FAILED,NO_SCF_CONVERGENCE,False,0.9999999999999994,0.09723369153993319
generalization_branch_trial_b054392e3172,branch_trial,24,3.0,0.8,0.05,0.05,0.04365447351438856,0.14493795626827588,SUCCESS,SUCCESS,True,0.9999952440450846,0.015049746587655843
generalization_branch_trial_b05fc4c18f14,branch_trial,40,1.0,0.8,0.05,0.05,0.09634564711863144,0.7119033914473439,FAILED,NO_SCF_CONVERGENCE,False,0.9999999996915837,0.09727972910258477
generalization_branch_trial_b081d348df25,branch_trial,40,1.5,0.8,0.05,0.05,0.0007262917501736235,0.0053666104862234295,SUCCESS,SUCCESS,True,0.9999999723353457,0.0001312892002355595
generalization_branch_trial_b0b453f34f21,branch_trial,40,1.0,0.8,0.05,0.05,0.09721656578926133,0.7183386583622342,FAILED,NO_SCF_CONVERGENCE,False,0.9999996792704606,0.09870253681958174
generalization_branch_trial_b0dcf71af15d,branch_trial,20,2.5,0.8,0.1,0.1,0.0007262917501736235,0.0053666104862234295,SUCCESS,SUCCESS,True,0.999999990343021,6.644816126095257e-06
generalization_branch_trial_b0f022c83838,branch_trial,40,1.0,0.8,0.05,0.05,0.09651954091334611,0.7131883024517465,FAILED,NO_SCF_CONVERGENCE,False,0.9999999799495086,0.09756339712953302
generalization_branch_trial_b0fd549f53eb,branch_trial,20,3.0,0.8,0.1,0.1,0.1,0.7389056098930651,SUCCESS,SUCCESS,True,0.9851472955948777,0.12046108616012462
generalization_branch_trial_b0ffcc83029b,branch_trial,40,1.0,0.8,0.05,0.05,0.09631742699474716,0.7116948713688441,FAILED,NO_SCF_CONVERGENCE,False,0.9999999999999997,0.09723365653180789
generalization_branch_trial_b155ecce2b0d,branch_trial,20,2.0,0.6,0.1,0.1,0.012115276586285901,0.08952045835012755,SUCCESS,SUCCESS,True,0.9999956426900012,0.0018654700852117792
generalization_branch_trial_b164ee67292b,branch_trial,20,1.0,0.8,0.1,0.1,3.162277660168379e-13,2.3366247031379307e-12,SUCCESS,SUCCESS,True,0.9999999999999994,4.613536037854707e-07
generalization_branch_trial_b17fdf0f46bc,branch_trial,40,1.0,0.8,0.05,0.05,0.0963180157477466,0.7116992216977854,FAILED,NO_SCF_CONVERGENCE,False,0.999999999999698,0.09723466978674274
generalization_branch_trial_b19c76524511,branch_trial,40,1.0,0.8,0.05,0.05,0.0967695817631617,0.7150358683180582,FAILED,NO_SCF_CONVERGENCE,False,0.9999999206560038,0.09797165339229391
generalization_branch_trial_b1acd1690cae,branch_trial,40,1.0,0.8,0.1,0.1,0.00017782794100389284,0.009709076603015662,SUCCESS,SUCCESS,True,0.9999999776475833,0.000753758531403976
generalization_branch_trial_b1beea037bf5,branch_trial,40,1.0,0.8,0.05,0.05,0.09631742375681387,0.7116948474435735,SUCCESS,SUCCESS,True,0.9999999999999994,0.09723369964649446
generalization_branch_trial_b1c93927394e,branch_trial,24,3.0,0.8,0.05,0.05,0.07575716154878562,0.25152263407660963,FAILED,NO_SCF_CONVERGENCE,False,0.9998753775630913,0.04058266887777898
generalization_branch_trial_b1dfb8c96827,branch_trial,40,1.0,0.8,0.05,0.05,0.09631753501430598,0.711695669531424,FAILED,NO_SCF_CONVERGENCE,False,0.9999999999999962,0.09723382308708843
generalization_branch_trial_b1efc286274f,branch_trial,40,1.0,0.8,0.05,0.05,0.09631743754283088,0.7116949493092265,FAILED,NO_SCF_CONVERGENCE,False,0.9999999999999992,0.09723368376319134
generalization_branch_trial_b205d2e3684d,branch_trial,24,1.5,0.8,0.1,0.1,0.00035938136638046403,0.003961524189527838,SUCCESS,SUCCESS,True,0.9999999562566231,0.00022256355302322138
generalization_branch_trial_b216480ab0f8,branch_trial,20,1.5,0.8,0.1,0.1,0.1,0.7389056098930651,SUCCESS,SUCCESS,True,0.988773475711052,0.06711383085646225
generalization_branch_trial_b2e8f300c431,branch_trial,40,1.0,0.8,0.05,0.05,0.09532065363059117,0.7043296570631757,SUCCESS,SUCCESS,True,0.9999991184481617,0.09561185627799755
generalization_branch_trial_b305a34da24f,branch_trial,40,1.0,0.8,0.05,0.05,0.09631742666480102,0.7116948689308537,FAILED,NO_SCF_CONVERGENCE,False,0.9999999999999996,0.09723371927054593
generalization_branch_trial_b35a732ba9b6,branch_trial,40,1.0,0.8,0.05,0.05,0.0963182914216256,0.7117012586675423,FAILED,NO_SCF_CONVERGENCE,False,0.9999999999996984,0.0972350578493602
generalization_branch_trial_b39721c4c444,branch_trial,40,1.0,0.8,0.05,0.05,0.1,0.7389056098930651,FAILED,NO_SCF_CONVERGENCE,False,0.9999923132527143,0.10328203409947083
generalization_branch_trial_b3d5763901b5,branch_trial,40,1.0,0.8,0.05,0.05,0.09631742702162036,0.7116948715674117,FAILED,NO_SCF_CONVERGENCE,False,0.9999999999999993,0.09723373782946532
generalization_branch_trial_b3f56a911aee,branch_trial,40,1.0,0.8,0.05,0.05,0.09632729278922263,0.7117677702776839,FAILED,NO_SCF_CONVERGENCE,False,0.9999999999227333,0.09724973832023005
generalization_branch_trial_b3f951cee9db,branch_trial,40,1.0,0.8,0.05,0.05,0.09631830875788132,0.7117013867661084,FAILED,NO_SCF_CONVERGENCE,False,0.9999999999996987,0.09723512880508983
generalization_branch_trial_b40e566966f4,branch_trial,20,2.0,1.0,0.1,0.1,0.1,0.7389056098930651,SUCCESS,SUCCESS,True,0.9798061334444986,0.11865815714645946
generalization_branch_trial_b414522a2b16,branch_trial,24,3.0,0.8,0.05,0.05,0.048420041854430065,0.1607602003605052,SUCCESS,SUCCESS,True,0.9999946727799786,0.018259480834878376
generalization_branch_trial_b440cefc66b4,branch_trial,40,2.0,1.0,0.1,0.1,1e-12,5.459815003314424e-11,SUCCESS,SUCCESS,True,0.9999999999999993,4.403011415740083e-15
generalization_branch_trial_b4447a01508c,branch_trial,24,3.0,0.8,0.1,0.1,0.002966348839177737,0.032698586460767676,SUCCESS,SUCCESS,True,0.9999997190090747,0.0004960866364411129
generalization_branch_trial_b49a534cdeb2,branch_trial,40,1.0,0.8,0.05,0.05,0.09631743388769688,0.7116949223012363,FAILED,NO_SCF_CONVERGENCE,False,0.9999999999999997,0.09723371741850234
generalization_branch_trial_b4e5836ff254,branch_trial,40,1.0,0.8,0.05,0.05,0.1,0.7389056098930651,FAILED,NO_SCF_CONVERGENCE,False,0.9999922449618238,0.1032820340992279
generalization_branch_trial_b50d4776b3b1,branch_trial,24,3.0,0.8,0.05,0.05,0.06227333801014988,0.20675476336279172,FAILED,NO_SCF_CONVERGENCE,False,0.9998539320510273,0.02884969892751931
generalization_branch_trial_b5c34c1a86af,branch_trial,20,1.0,0.8,0.1,0.1,0.04948168092155145,0.36562291619873016,SUCCESS,SUCCESS,True,0.9997448993047664,0.05403960760428978
generalization_branch_trial_b5f062eb6699,branch_trial,40,1.0,0.8,0.05,0.05,0.09643042597596818,0.7125298271802083,FAILED,NO_SCF_CONVERGENCE,False,0.999999995060903,0.09741799317023832
generalization_branch_trial_b60a5202e8fa,branch_trial,40,1.0,0.8,0.05,0.05,0.09632095400999337,0.7117209326823601,FAILED,NO_SCF_CONVERGENCE,False,0.9999999999951825,0.09723944753098716
generalization_branch_trial_b696b364945c,branch_trial,40,1.5,0.8,0.05,0.05,0.0014677992676220735,0.010845651130428824,SUCCESS,SUCCESS,True,0.9999998892479618,0.0002481802049799893
generalization_branch_trial_b6dceac88968,branch_trial,20,1.0,0.8,0.1,0.1,0.00035938136638046403,0.002655489077095598,SUCCESS,SUCCESS,True,0.9999999876279697,0.000354425849994684
generalization_branch_trial_b6f851ccc930,branch_trial,48,1.5,0.8,0.05,0.05,1.6681005372000556e-11,1.8387766442199225e-10,SUCCESS,SUCCESS,True,0.9999999999999997,4.748359246111705e-13
generalization_branch_trial_b716695c3ed8,branch_trial,40,1.5,0.8,0.05,0.05,4.641588833612792e-09,3.4296960279735006e-08,SUCCESS,SUCCESS,True,0.9999999999999993,6.428994532432363e-10
generalization_branch_trial_b7a82a12a143,branch_trial,20,1.5,0.8,0.1,0.1,0.0029663488391777374,0.021918517981682116,SUCCESS,SUCCESS,True,0.9999937305796803,0.001465999956916993
generalization_branch_trial_b7b301a60434,branch_trial,40,1.0,0.8,0.05,0.05,0.1,0.7389056098930651,FAILED,NO_SCF_CONVERGENCE,False,0.9961651621551147,0.10401073435409126
generalization_branch_trial_b80084b3ba15,branch_trial,40,1.0,0.8,0.05,0.05,0.09631743851215656,0.7116949564716283,FAILED,NO_SCF_CONVERGENCE,False,0.9999999999999997,0.09723372394318779
generalization_branch_trial_b80837838753,branch_trial,20,2.0,1.0,0.1,0.1,0.04948168092155145,0.36562291619873016,SUCCESS,SUCCESS,True,0.998256043280869,0.04789678798471732
generalization_branch_trial_b810bb93a783,branch_trial,20,2.0,0.4,0.1,0.1,1.6681005372000556e-11,1.2325688448027565e-10,SUCCESS,SUCCESS,True,0.9999999999999994,2.869975256282976e-14
generalization_branch_trial_b81c593a629b,branch_trial,40,1.0,0.8,0.05,0.05,0.096766475587095,0.7150129166088482,FAILED,NO_SCF_CONVERGENCE,False,0.9999999205064497,0.09796657317540032
generalization_branch_trial_b83a974c49e0,branch_trial,20,2.0,1.0,0.1,0.1,4.641588833612792e-09,3.4296960279735006e-08,SUCCESS,SUCCESS,True,0.9999999999999997,3.438594225252861e-10
generalization_branch_trial_b8ce8b70f8c3,branch_trial,20,2.0,1.2,0.1,0.1,2.782559402207126e-10,2.056048752151539e-09,SUCCESS,SUCCESS,True,0.9999999999999991,3.651788473640714e-12
generalization_branch_trial_ba604aafae97,branch_trial,40,1.0,0.8,0.05,0.05,0.09633147214143957,0.7117986517456721,FAILED,NO_SCF_CONVERGENCE,False,0.9999999999229049,0.09725661318173583
generalization_branch_trial_bab870deb1ed,branch_trial,48,2.0,1.0,0.05,0.05,0.005994842503189421,0.06608220628682401,SUCCESS,SUCCESS,True,0.999928846178531,0.005243145000418787
generalization_branch_trial_bacce5958101,branch_trial,24,1.0,0.8,0.05,0.05,1e-12,3.320116922736548e-12,SUCCESS,SUCCESS,True,0.9999999999999994,3.684108747061892e-13
generalization_branch_trial_bacd67f4f848,branch_trial,40,1.0,0.8,0.05,0.05,0.0972251568931208,0.7184021385106036,FAILED,NO_SCF_CONVERGENCE,False,0.9999996812075069,0.09871659590768427
generalization_branch_trial_bad919db7f83,branch_trial,40,1.0,0.8,0.05,0.05,0.09631745407531467,0.7116950714686767,FAILED,NO_SCF_CONVERGENCE,False,0.9999999999999996,0.09723377147258094
generalization_branch_trial_bb5058692367,branch_trial,40,2.0,1.0,0.05,0.05,1.6681005372000556e-11,1.2325688448027565e-10,SUCCESS,SUCCESS,True,0.9999999999999996,1.2160983326584936e-14
generalization_branch_trial_bb5f2356aa25,branch_trial,40,1.0,0.8,0.05,0.05,0.09631742720331794,0.7116948729099853,FAILED,NO_SCF_CONVERGENCE,False,0.9999999999999992,0.0972336451087554
generalization_branch_trial_bb63ca16885a,branch_trial,24,1.5,0.8,0.1,0.1,0.00017782794100389284,0.00196022875909224,SUCCESS,SUCCESS,True,0.9999999969022249,0.00011041151155448583
generalization_branch_trial_bc06851425f9,branch_trial,40,1.0,0.8,0.05,0.05,0.09814144066438697,0.725172610699029,FAILED,NO_SCF_CONVERGENCE,False,0.9999987123489698,0.10021903875473885
generalization_branch_trial_bc0a1d1cedd7,branch_trial,24,3.0,0.8,0.05,0.05,0.06607153208030563,0.21936521177095344,FAILED,NO_SCF_CONVERGENCE,False,0.99985185630437,0.032032087686089714
generalization_branch_trial_bc69c2f7263d,branch_trial,40,1.5,0.8,0.1,0.1,0.005994842503189421,0.32730731041420597,SUCCESS,SUCCESS,True,0.9998944719984023,0.017063094419163184
generalization_branch_trial_bc7179a11f14,branch_trial,40,1.0,0.8,0.05,0.05,0.09643042420014912,0.7125298140585816,FAILED,NO_SCF_CONVERGENCE,False,0.999999995060898,0.09741799169477498
generalization_branch_trial_bc769a9f16d5,branch_trial,24,3.0,0.8,0.1,0.1,0.004216965034285831,0.04648434936393108,SUCCESS,SUCCESS,True,0.9999996335383518,0.0009990943993027517
generalization_branch_trial_bc92f6dec04d,branch_trial,48,2.0,1.0,0.05,0.05,7.742636826811277e-08,8.534845139319194e-07,SUCCESS,SUCCESS,True,0.9999999999999996,1.9828396018018914e-11
generalization_branch_trial_bca17fdc4c0f,branch_trial,24,1.5,0.8,0.1,0.1,0.005994842503189421,0.06608220628682401,SUCCESS,SUCCESS,True,0.9999887133782871,0.003488305725896798
generalization_branch_trial_bcd75927b941,branch_trial,24,3.0,0.8,0.1,0.1,0.014445155529930122,0.1592314972522202,FAILED,NO_SCF_CONVERGENCE,False,0.9999877299856034,0.010890739648174035
generalization_branch_trial_bcf3c5ee343a,branch_trial,40,1.0,0.8,0.05,0.05,0.09654354512545563,0.7133656709216344,FAILED,NO_SCF_CONVERGENCE,False,0.9999999802195274,0.09760254774028489
generalization_branch_trial_bd3aa6d80fff,branch_trial,24,3.0,0.8,0.1,0.1,7.742636826811277e-08,8.534845139319194e-07,SUCCESS,SUCCESS,True,0.9999999999999994,8.498002227975584e-13
generalization_branch_trial_bdc4ed27a777,branch_trial,24,1.0,0.8,0.05,0.05,4.354004653656653e-05,0.00014455804532279137,SUCCESS,SUCCESS,True,0.999999999921296,2.7874156586951573e-05
generalization_branch_trial_bdda7d4e0fd0,branch_trial,24,3.0,0.8,0.05,0.05,0.1,0.33201169227365485,FAILED,NO_SCF_CONVERGENCE,False,0.998037367720116,0.06393212387729652
generalization_branch_trial_bddc22ee5fbb,branch_trial,24,1.0,0.8,0.05,0.05,0.012115276586285901,0.0402241348177617,SUCCESS,SUCCESS,True,0.9999937619426306,0.007766174562301916
generalization_branch_trial_bddeaaaaf546,branch_trial,20,2.0,0.4,0.1,0.1,0.04948168092155145,0.36562291619873016,SUCCESS,SUCCESS,True,0.9998058927015266,0.02070780350793307
generalization_branch_trial_bdf7850888a0,branch_trial,40,1.0,0.8,0.05,0.05,0.09631742645107753,0.7116948673516388,FAILED,NO_SCF_CONVERGENCE,False,0.9999999999999992,0.0972337261436364
generalization_branch_trial_be2b95db72bf,branch_trial,40,1.0,0.8,0.05,0.05,4.641588833612792e-09,3.4296960279735006e-08,SUCCESS,SUCCESS,True,0.9999999999999993,9.537784734088167e-07
generalization_branch_trial_be4120994420,branch_trial,40,1.0,0.8,0.05,0.05,0.09813926779707305,0.725156555260551,FAILED,NO_SCF_CONVERGENCE,False,0.9999987093967964,0.10021546939738779
generalization_branch_trial_be4f116c32ec,branch_trial,40,1.0,0.8,0.05,0.05,0.09631742785631982,0.7116948777350529,FAILED,NO_SCF_CONVERGENCE,False,0.9999999999999996,0.09723376320792386
generalization_branch_trial_be798011160b,branch_trial,20,2.0,0.6,0.1,0.1,1.6681005372000556e-11,1.2325688448027565e-10,SUCCESS,SUCCESS,True,0.9999999999999998,9.997530123448606e-14
generalization_branch_trial_bed61d4a928a,branch_trial,24,3.0,0.8,0.05,0.05,0.062129486128057916,0.2062771582946907,FAILED,NO_SCF_CONVERGENCE,False,0.999973788505317,0.028731044376324427
generalization_branch_trial_bf01fabb70ac,branch_trial,40,1.0,0.8,0.05,0.05,0.1,0.7389056098930651,FAILED,NO_SCF_CONVERGENCE,False,0.999991105901386,0.10328203409650187
generalization_branch_trial_bf530e9c8ed6,branch_trial,40,1.0,0.8,0.05,0.05,0.09631742655715043,0.7116948681354174,FAILED,NO_SCF_CONVERGENCE,False,0.9999999999999993,0.09723371990244734
generalization_branch_trial_bf5cd60f7942,branch_trial,48,2.0,1.0,0.05,0.05,0.00035938136638046403,0.003961524189527838,SUCCESS,SUCCESS,True,0.9999999955215062,1.895216072629429e-05
generalization_branch_trial_bf86daae187f,branch_trial,40,2.0,1.0,0.1,0.1,0.00035938136638046403,0.019621557760756952,SUCCESS,SUCCESS,True,0.9999998095678899,0.0002132146033123119
generalization_branch_trial_bfcb8994fb6b,branch_trial,40,1.0,0.8,0.05,0.05,0.09632023938378821,0.7117156522692405,FAILED,NO_SCF_CONVERGENCE,False,0.9999999999224413,0.0972383332919953
generalization_branch_trial_bfe66502eda1,branch_trial,24,1.0,0.8,0.05,0.05,0.005994842503189421,0.019903578043979527,SUCCESS,SUCCESS,True,0.9999947879992552,0.0038405253224603427
generalization_branch_trial_bffb9eee10f8,branch_trial,40,1.0,0.8,0.05,0.05,0.09632095578547865,0.7117209458015206,FAILED,NO_SCF_CONVERGENCE,False,0.9999999999951822,0.09723942311268884
generalization_branch_trial_c0556f832192,branch_trial,40,1.0,0.8,0.05,0.05,0.0967477553507854,0.7148745917325714,FAILED,NO_SCF_CONVERGENCE,False,0.9999999196022631,0.09793598959889163
generalization_branch_trial_c0a5af280c40,branch_trial,40,1.0,0.8,0.05,0.05,0.09631746425425332,0.7116951466814254,FAILED,NO_SCF_CONVERGENCE,False,0.9999999999999963,0.09723376078795119
generalization_branch_trial_c0c98e77b204,branch_trial,48,1.5,0.8,0.05,0.05,0.00035938136638046403,0.003961524189527838,SUCCESS,SUCCESS,True,0.9999999787014833,4.6635199693704264e-05
generalization_branch_trial_c0edd7af5807,branch_trial,40,1.0,0.8,0.05,0.05,0.09633154446831622,0.7117991861730212,FAILED,NO_SCF_CONVERGENCE,False,0.9999999999229077,0.09725673098914737
generalization_branch_trial_c0f5dfa1ee2f,branch_trial,80,1.5,0.8,0.025,0.025,0.005994842503189421,0.04429622756032048,SUCCESS,SUCCESS,True,0.9999955265162507,0.0009862642604790515
generalization_branch_trial_c1643c16f275,branch_trial,40,1.0,0.8,0.05,0.05,0.09639734127719607,0.712285362484965,FAILED,NO_SCF_CONVERGENCE,False,0.9999999017785751,0.09736404198840048
generalization_branch_trial_c1665924d3cb,branch_trial,40,1.0,0.8,0.05,0.05,0.09631762968648631,0.7116963690694755,FAILED,NO_SCF_CONVERGENCE,False,0.9999999999999881,0.09723403109237887
generalization_branch_trial_c1b51d23ce14,branch_trial,24,3.0,0.8,0.05,0.05,0.03971534443248572,0.1318595871426066,FAILED,NO_SCF_CONVERGENCE,False,0.9999357175275311,0.012589669456899271
generalization_branch_trial_c1b6e25ab9ec,branch_trial,20,2.0,0.6,0.1,0.1,0.0014677992676220735,0.010845651130428824,SUCCESS,SUCCESS,True,0.999999958553003,3.128351973675967e-05
generalization_branch_trial_c20509171c21,branch_trial,48,2.0,1.0,0.05,0.05,4.354004653656653e-05,0.0004799496125939165,SUCCESS,SUCCESS,True,0.9999999999353024,1.801117267459613e-07
generalization_branch_trial_c2b739a9afc2,branch_trial,20,2.0,1.0,0.1,0.1,0.00035938136638046403,0.002655489077095598,SUCCESS,SUCCESS,True,0.9999999806639455,4.960034729025164e-05
generalization_branch_trial_c2dcc2520694,branch_trial,40,1.0,0.8,0.05,0.05,0.0963202949195422,0.7117160626260421,FAILED,NO_SCF_CONVERGENCE,False,0.999999999687378,0.09723833848622494
generalization_branch_trial_c2e1cc7ecf05,branch_trial,40,1.0,0.8,0.05,0.05,0.0963174403498886,0.7116949700507335,FAILED,NO_SCF_CONVERGENCE,False,0.9999999999999992,0.09723371949559233
generalization_branch_trial_c342c5774e32,branch_trial,24,1.5,0.8,0.05,0.05,2.782559402207126e-10,9.238422559787572e-10,SUCCESS,SUCCESS,True,0.9999999999999993,1.7748668296549507e-11
generalization_branch_trial_c3c00476039d,branch_trial,40,1.0,0.8,0.05,0.05,0.0963176471334949,0.7116964979864008,FAILED,NO_SCF_CONVERGENCE,False,0.9999999999999889,0.09723404005481963
generalization_branch_trial_c41e31ce0760,branch_trial,40,1.5,0.8,0.05,0.05,0.0029663488391777374,0.021918517981682116,SUCCESS,SUCCESS,True,0.9999995646810641,0.0004340523212912542
generalization_branch_trial_c44d6aa45fd9,branch_trial,40,1.5,0.8,0.1,0.1,0.1,5.459815003314424,SUCCESS,SUCCESS,True,0.8164564940954843,0.24237159287968177
generalization_branch_trial_c48d7faeebbd,branch_trial,40,1.0,0.8,0.05,0.05,0.09814144203619961,0.7251726208354297,FAILED,NO_SCF_CONVERGENCE,False,0.9999987123508319,0.10021904103007187
generalization_branch_trial_c4a7a88afce0,branch_trial,40,1.5,0.8,0.05,0.05,0.005994842503189421,0.04429622756032048,SUCCESS,SUCCESS,True,0.9999940299184099,0.0006404847503766142
generalization_branch_trial_c514eb11191f,branch_trial,40,1.0,0.8,0.05,0.05,0.09722515685235147,0.7184021382093568,FAILED,NO_SCF_CONVERGENCE,False,0.9999996812074979,0.09871659712175984
generalization_branch_trial_c51de0356b38,branch_trial,20,2.5,0.8,0.1,0.1,0.1,0.7389056098930651,SUCCESS,SUCCESS,True,0.9953475719809162,0.11154541001433882
generalization_branch_trial_c546a12fa5ae,branch_trial,24,3.0,0.8,0.05,0.05,7.742636826811277e-08,2.570645955529933e-07,SUCCESS,SUCCESS,True,0.9999999999999994,2.439852034327147e-13
generalization_branch_trial_c5a5ac3d68f7,branch_trial,40,2.0,1.0,0.05,0.05,0.0014677992676220735,0.010845651130428824,SUCCESS,SUCCESS,True,0.9999999229802873,0.00013757058377132325
generalization_branch_trial_c5f2c3a0a661,branch_trial,96,1.5,0.8,0.025,0.025,0.1,1.1023176380641606,SUCCESS,SUCCESS,True,0.9881005929849117,0.17582743282650706
generalization_branch_trial_c5fe8afa869f,branch_trial,40,1.0,0.8,0.05,0.05,0.09631742699806028,0.711694871393325,FAILED,NO_SCF_CONVERGENCE,False,0.9999999999999996,0.09723370030117089
generalization_branch_trial_c64a7c7eef53,branch_trial,40,1.0,0.8,0.05,0.05,0.0963244824556575,0.7117470045653145,FAILED,NO_SCF_CONVERGENCE,False,0.9999999999807286,0.09724522647908439
generalization_branch_trial_c655cb122532,branch_trial,40,2.0,1.0,0.05,0.05,4.641588833612792e-09,3.4296960279735006e-08,SUCCESS,SUCCESS,True,0.9999999999999996,3.3690860256242542e-12
generalization_branch_trial_c668dd33fa37,branch_trial,40,1.0,0.8,0.05,0.05,0.09632419261520825,0.7117448629179752,FAILED,NO_SCF_CONVERGENCE,False,0.9999999999807246,0.0972447497406161
generalization_branch_trial_c6fc8a5b4838,branch_trial,24,1.0,0.8,0.1,0.1,0.024484367468222294,0.2698955011706577,SUCCESS,SUCCESS,True,0.9998694090612668,0.05806753335608206
generalization_branch_trial_c71106705f36,branch_trial,24,3.0,0.8,0.05,0.05,0.04931198375397412,0.16372155175527922,FAILED,NO_SCF_CONVERGENCE,False,0.9998955057938378,0.018887213679521307
generalization_branch_trial_c73d73727104,branch_trial,24,3.0,0.8,0.05,0.05,0.05739147525928802,0.19054640822917807,SUCCESS,SUCCESS,True,0.999994284969644,0.02492327177594507
generalization_branch_trial_c78ca3e8da20,branch_trial,24,3.0,0.8,0.1,0.1,0.012115276586285901,0.133548830710887,FAILED,NO_SCF_CONVERGENCE,False,0.9999772204714468,0.00783818941240919
generalization_branch_trial_c7aa18c07c12,branch_trial,40,1.0,0.8,0.1,0.1,0.034807005884284134,1.9003981294746795,SUCCESS,SUCCESS,True,0.7729425597821721,0.1474138483983738
generalization_branch_trial_c7d5454c941d,branch_trial,40,1.0,0.8,0.05,0.05,0.09631830875782874,0.7117013867657199,FAILED,NO_SCF_CONVERGENCE,False,0.999999999999699,0.09723512461660462
generalization_branch_trial_c878d9d1835d,branch_trial,24,3.0,0.8,0.1,0.1,0.014287226068106642,0.15749061293884015,SUCCESS,SUCCESS,True,0.9999973246542276,0.010671394950429753
generalization_branch_trial_c88262b1af3a,branch_trial,40,1.5,0.8,0.05,0.05,2.1544346900318867e-05,0.00015919238786127877,SUCCESS,SUCCESS,True,0.9999999999139858,4.137699132398647e-06
generalization_branch_trial_c88940de1b98,branch_trial,20,3.0,0.8,0.1,0.1,4.641588833612792e-09,3.4296960279735006e-08,SUCCESS,SUCCESS,True,0.9999999999999996,2.5516480484760776e-13
generalization_branch_trial_c928df871e31,branch_trial,40,1.0,0.8,0.05,0.05,0.09631764433332285,0.7116964772957723,FAILED,NO_SCF_CONVERGENCE,False,0.9999999999999855,0.0972340310512435
generalization_branch_trial_c94288a9fbfd,branch_trial,24,3.0,0.8,0.1,0.1,0.012115276586285901,0.133548830710887,SUCCESS,SUCCESS,True,0.9999986120340741,0.007838146260896251
generalization_branch_trial_c9eb93bd38a3,branch_trial,24,1.5,0.8,0.05,0.05,0.005994842503189421,0.019903578043979527,SUCCESS,SUCCESS,True,0.9999962545399559,0.0009949670542843425
generalization_branch_trial_ca1398d2e244,branch_trial,40,1.0,0.8,0.05,0.05,0.09626321931588563,0.7112943277887436,SUCCESS,SUCCESS,True,0.9999999945977035,0.09714531775694196
generalization_branch_trial_ca693ec91c8a,branch_trial,20,2.0,1.0,0.1,0.1,1e-12,7.38905609893065e-12,SUCCESS,SUCCESS,True,0.9999999999999999,4.938341183487195e-10
generalization_branch_trial_cad383d9492e,branch_trial,48,1.5,0.8,0.05,0.05,0.005994842503189421,0.06608220628682401,SUCCESS,SUCCESS,True,0.9999911773507886,0.0020299745218940904
generalization_branch_trial_cb14359ac937,branch_trial,24,3.0,0.8,0.1,0.1,0.005994842503189421,0.06608220628682401,FAILED,NO_SCF_CONVERGENCE,False,0.9999968905836581,0.002004398374998819
generalization_branch_trial_cb6b6ff0f77f,branch_trial,24,1.0,0.8,0.1,0.1,1.2915496650148854e-06,1.4236979761817662e-05,SUCCESS,SUCCESS,True,0.9999999999963556,3.0210080623302854e-06
generalization_branch_trial_cbc3b9612c3a,branch_trial,40,1.0,0.8,0.05,0.05,0.09642628854502634,0.7124992554708736,FAILED,NO_SCF_CONVERGENCE,False,0.9999999950496811,0.09741125515595202
generalization_branch_trial_cbcdf74e561d,branch_trial,24,1.0,0.8,0.05,0.05,0.08387086287290746,0.27846107114885654,SUCCESS,SUCCESS,True,0.9999633599985454,0.05369253761843032
generalization_branch_trial_cbe5e6fc5911,branch_trial,20,2.0,1.0,0.1,0.1,1e-12,7.38905609893065e-12,SUCCESS,SUCCESS,True,0.9999999999999996,2.607887610186594e-14
generalization_branch_trial_cc4d78c2c711,branch_trial,40,1.0,0.8,0.05,0.05,0.09631742698796311,0.7116948713187164,FAILED,NO_SCF_CONVERGENCE,False,0.9999999999999996,0.0972337045251078
generalization_branch_trial_cc4f18ec0ce2,branch_trial,24,2.0,0.6,0.1,0.1,2.1544346900318867e-05,0.0002374871358879441,SUCCESS,SUCCESS,True,0.9999999999642569,2.521227168690818e-07
generalization_branch_trial_cc8eedf51239,branch_trial,40,1.0,0.8,0.05,0.05,0.09632051881204051,0.7117177169802724,FAILED,NO_SCF_CONVERGENCE,False,0.9999999987301307,0.09723874925342502
generalization_branch_trial_cc9520e10f4b,branch_trial,80,1.5,0.8,0.025,0.025,0.0007262917501736235,0.0053666104862234295,SUCCESS,SUCCESS,True,0.9999999830804127,4.94959908578208e-06
generalization_branch_trial_cd467c965fe1,branch_trial,40,1.0,0.8,0.05,0.05,0.09631779512573507,0.7116975915093656,FAILED,NO_SCF_CONVERGENCE,False,0.999999999999924,0.0972342681409131
generalization_branch_trial_cd618f4d9801,branch_trial,24,1.5,0.8,0.05,0.05,0.04948168092155145,0.16428496619309318,SUCCESS,SUCCESS,True,0.9999229790967259,0.00816573834962365
generalization_branch_trial_ce3a470c80f0,branch_trial,40,1.0,0.8,0.1,0.1,2.782559402207126e-10,1.519225957178408e-08,SUCCESS,SUCCESS,True,0.9999999999999997,3.2772109105817123e-06
generalization_branch_trial_ce9a3157d7dc,branch_trial,40,1.0,0.8,0.05,0.05,0.1,0.7389056098930651,FAILED,NO_SCF_CONVERGENCE,False,0.9999892288210711,0.10328203409244294
generalization_branch_trial_ced6deccf2a5,branch_trial,24,2.0,1.0,0.05,0.05,2.1544346900318867e-05,7.152975073305536e-05,SUCCESS,SUCCESS,True,0.9999999999495484,1.1947346556257553e-06
generalization_branch_trial_cefabf6fcbb8,branch_trial,24,1.5,0.8,0.1,0.1,0.04948168092155145,0.5454452964088903,SUCCESS,SUCCESS,True,0.9996750633087749,0.04485215447504005
generalization_branch_trial_cf09f4ca22c5,branch_trial,24,1.0,0.8,0.1,0.1,1.6681005372000556e-11,1.8387766442199225e-10,SUCCESS,SUCCESS,True,0.9999999999999994,1.839304184405243e-11
generalization_branch_trial_cfe16c196374,branch_trial,24,1.0,0.8,0.05,0.05,0.00017782794100389284,0.0005904095562624211,SUCCESS,SUCCESS,True,0.9999999986852882,0.00011384661361181007
generalization_branch_trial_d087af2fac81,branch_trial,48,2.0,1.0,0.05,0.05,0.00035938136638046403,0.003961524189527838,SUCCESS,SUCCESS,True,0.9999999846211921,1.8952161591270093e-05
generalization_branch_trial_d0e63aa4bc36,branch_trial,40,1.0,0.8,0.05,0.05,0.09631742817264546,0.7116948800724008,FAILED,NO_SCF_CONVERGENCE,False,0.9999999999999994,0.09723369728404471
generalization_branch_trial_d11c3fb432cf,branch_trial,20,3.0,0.8,0.1,0.1,2.782559402207126e-10,2.056048752151539e-09,SUCCESS,SUCCESS,True,0.9999999999999996,1.505006300348279e-14
generalization_branch_trial_d13b754957c9,branch_trial,40,1.0,0.8,0.05,0.05,0.09631919112822396,0.7117079066500702,FAILED,NO_SCF_CONVERGENCE,False,0.9999999999987946,0.09723656374552912
generalization_branch_trial_d1426be0acf1,branch_trial,20,1.5,0.8,0.1,0.1,0.012115276586285901,0.08952045835012755,SUCCESS,SUCCESS,True,0.9998976364877451,0.005126136944319247
generalization_branch_trial_d1a51eea46d2,branch_trial,40,1.0,0.8,0.1,0.1,8.799225435691092e-05,0.004804214305133212,SUCCESS,SUCCESS,True,0.9999999945271307,0.0003738678047460697
generalization_branch_trial_d1a5915e7633,branch_trial,80,1.5,0.8,0.025,0.025,0.04948168092155145,0.36562291619873016,SUCCESS,SUCCESS,True,0.9987276599723438,0.05276935333994214
generalization_branch_trial_d1ce4bf4d991,branch_trial,96,1.5,0.8,0.025,0.025,0.0014677992676220735,0.016179810218374686,SUCCESS,SUCCESS,True,0.9999999110347628,0.00014715660200138544
generalization_branch_trial_d1dad25911b1,branch_trial,40,2.0,1.0,0.1,0.1,0.1,5.459815003314424,SUCCESS,SUCCESS,True,0.7277495433217251,0.2696120748757662
generalization_branch_trial_d21b333f05f7,branch_trial,24,2.0,1.0,0.1,0.1,0.0014677992676220735,0.016179810218374686,SUCCESS,SUCCESS,True,0.9999999112138486,7.141761432676452e-05
generalization_branch_trial_d2493388787f,branch_trial,20,2.5,0.8,0.1,0.1,0.00035938136638046403,0.002655489077095598,SUCCESS,SUCCESS,True,0.9999999918422579,1.1070229561298548e-06
generalization_branch_trial_d254a422ebfc,branch_trial,24,1.5,0.8,0.1,0.1,0.0007262917501736235,0.00800604206596874,SUCCESS,SUCCESS,True,0.9999999488698048,0.00044749927311259506
generalization_branch_trial_d26933d2d649,branch_trial,40,1.5,0.8,0.05,0.05,0.02448436746822229,0.18091636476952713,SUCCESS,SUCCESS,True,0.9999758213929532,0.006886120308785439
generalization_branch_trial_d2810a522894,branch_trial,40,1.0,0.8,0.05,0.05,0.09631786501802757,0.7116981079474357,FAILED,NO_SCF_CONVERGENCE,False,0.9999999999999245,0.09723440780720169
generalization_branch_trial_d3226dc5af6b,branch_trial,40,1.0,0.8,0.05,0.05,0.09634566080100875,0.7119034925471973,FAILED,NO_SCF_CONVERGENCE,False,0.9999999996915857,0.09727975615310204
generalization_branch_trial_d36151cad314,branch_trial,40,1.0,0.8,0.05,0.05,0.09722514372453721,0.7184020412072007,FAILED,NO_SCF_CONVERGENCE,False,0.9999996812045417,0.0987165764827724
generalization_branch_trial_d39463bb2952,branch_trial,40,1.0,0.8,0.05,0.05,0.024484367468222294,0.18091636476952716,SUCCESS,SUCCESS,True,0.9998819234954601,0.018795387321182706
generalization_branch_trial_d3a3ed9e3d8e,branch_trial,24,1.0,0.8,0.05,0.05,2.1544346900318867e-05,7.152975073305536e-05,SUCCESS,SUCCESS,True,0.9999999999331447,1.3792563350404092e-05
generalization_branch_trial_d3eeff746da5,branch_trial,40,1.0,0.8,0.05,0.05,0.09805357279950833,0.7245233501161475,FAILED,NO_SCF_CONVERGENCE,False,0.9999985903844945,0.10007472352455116
generalization_branch_trial_d416574e2d72,branch_trial,24,3.0,0.8,0.05,0.05,0.1,0.33201169227365485,FAILED,NO_SCF_CONVERGENCE,False,0.9981180453727067,0.06393205842124973
generalization_branch_trial_d435faa05fa4,branch_trial,24,2.0,1.0,0.05,0.05,1.2915496650148854e-06,4.288095899370641e-06,SUCCESS,SUCCESS,True,0.9999999999998185,7.069438330303636e-08
generalization_branch_trial_d4d17d7ada25,branch_trial,40,1.0,0.8,0.05,0.05,0.09631919118205025,0.7117079070477957,FAILED,NO_SCF_CONVERGENCE,False,0.9999999999987954,0.09723658908694101
generalization_branch_trial_d5067adf7c0c,branch_trial,24,3.0,0.8,0.05,0.05,0.024484367468222294,0.08129096277374505,FAILED,NO_SCF_CONVERGENCE,False,0.9999791864861665,0.004945452542316043
generalization_branch_trial_d52dfce0ec86,branch_trial,40,1.0,0.8,0.05,0.05,0.1,0.7389056098930651,FAILED,NO_SCF_CONVERGENCE,False,0.9999923132481296,0.10328203409931344
generalization_branch_trial_d532be9aa4f2,branch_trial,80,1.5,0.8,0.025,0.025,2.782559402207126e-10,2.056048752151539e-09,SUCCESS,SUCCESS,True,0.9999999999999998,4.084400097249883e-13
generalization_branch_trial_d54ff23ea7b6,branch_trial,24,2.0,1.0,0.1,0.1,0.0007262917501736235,0.00800604206596874,SUCCESS,SUCCESS,True,0.9999999781916525,4.5590900108166945e-05
generalization_branch_trial_d55fbcba897c,branch_trial,24,3.0,0.8,0.1,0.1,0.005027926135296772,0.055423716618214006,SUCCESS,SUCCESS,True,0.9999999307415737,0.001416047496414797
generalization_branch_trial_d5c92e774969,branch_trial,40,2.0,1.2,0.05,0.05,0.02448436746822229,0.18091636476952713,SUCCESS,SUCCESS,True,0.9998337133656611,0.016253060314784903
generalization_branch_trial_d5d2166be93e,branch_trial,20,1.5,0.8,0.1,0.1,2.1544346900318867e-05,0.00015919238786127877,SUCCESS,SUCCESS,True,0.9999999988522388,1.1162326735232807e-05
generalization_branch_trial_d5d83a3840f7,branch_trial,40,1.0,0.8,0.05,0.05,0.09631745402146348,0.7116950710707672,FAILED,NO_SCF_CONVERGENCE,False,0.9999999999999993,0.0972337068893224
generalization_branch_trial_d6083419887b,branch_trial,40,1.5,0.8,0.1,0.1,7.742636826811277e-08,4.2273364712239e-06,SUCCESS,SUCCESS,True,0.9999999999999596,5.146540064220523e-08
generalization_branch_trial_d653fba7cf27,branch_trial,40,1.0,0.8,0.05,0.05,0.09640563564630104,0.7123466500435869,FAILED,NO_SCF_CONVERGENCE,False,0.9999999949934826,0.09737750383990677
generalization_branch_trial_d654bad48883,branch_trial,24,2.0,0.6,0.1,0.1,2.782559402207126e-10,3.0672643080141817e-09,SUCCESS,SUCCESS,True,0.9999999999999994,1.0362627623304957e-12
generalization_branch_trial_d65590bc1cd7,branch_trial,40,2.0,1.2,0.05,0.05,1.6681005372000556e-11,1.2325688448027565e-10,SUCCESS,SUCCESS,True,0.9999999999999996,4.6990001509624285e-15
generalization_branch_trial_d6625f1732f8,branch_trial,80,1.5,0.8,0.025,0.025,1.6681005372000556e-11,1.2325688448027565e-10,SUCCESS,SUCCESS,True,0.9999999999999996,2.5280199464375337e-14
generalization_branch_trial_d68ea754d15a,branch_trial,40,1.0,0.8,0.05,0.05,0.09690394917706469,0.7160287166772556,FAILED,NO_SCF_CONVERGENCE,False,0.9999996049808311,0.09819121711325261
generalization_branch_trial_d6cd0c168445,branch_trial,24,1.5,0.8,0.05,0.05,1.6681005372000556e-11,5.538288822383832e-11,SUCCESS,SUCCESS,True,0.9999999999999994,1.1026558944934792e-12
generalization_branch_trial_d74de8b9024b,branch_trial,96,1.5,0.8,0.025,0.025,0.02448436746822229,0.26989550117065764,SUCCESS,SUCCESS,True,0.9991878117137948,0.0320071058498229
generalization_branch_trial_d7b97f9f076c,branch_trial,40,1.0,0.8,0.05,0.05,0.09631786814783726,0.7116981310737751,FAILED,NO_SCF_CONVERGENCE,False,0.9999999999999242,0.09723440480864984
generalization_branch_trial_d7ec81cbe46e,branch_trial,24,2.0,0.6,0.1,0.1,4.641588833612792e-09,5.116505239933034e-08,SUCCESS,SUCCESS,True,0.9999999999999997,1.7282393341321177e-11
generalization_branch_trial_d7eda46bac16,branch_trial,40,1.0,0.8,0.05,0.05,0.09632448525072948,0.7117470252182582,FAILED,NO_SCF_CONVERGENCE,False,0.9999999999807285,0.09724520077070026
generalization_branch_trial_d7efc29fa564,branch_trial,24,1.5,0.8,0.1,0.1,8.799225435691092e-05,0.0009699541399065088,SUCCESS,SUCCESS,True,0.9999999992402222,5.470353632923627e-05
generalization_branch_trial_d8f6b3a50012,branch_trial,24,1.0,0.8,0.05,0.05,0.1,0.33201169227365485,FAILED,NO_SCF_CONVERGENCE,False,0.8250251234503069,0.06679946510439229
generalization_branch_trial_d906eb945c4d,branch_trial,24,2.0,1.0,0.05,0.05,0.005994842503189421,0.019903578043979527,SUCCESS,SUCCESS,True,0.9999988801512627,0.00016750492780777263
generalization_branch_trial_d98b22860742,branch_trial,40,1.0,0.8,0.05,0.05,0.09631745143655233,0.7116950519707138,FAILED,NO_SCF_CONVERGENCE,False,0.9999999999999996,0.09723370985020369
generalization_branch_trial_d9a38fb17a48,branch_trial,40,1.0,0.8,0.1,0.1,0.024484367468222294,1.3368011684966368,FAILED,COMPLEX_DENSITY: unprojected density imaginary part 4.745170e-03 exceeds tolerance 1.000000e-10,False,0.0,0.6892307341402518
generalization_branch_trial_d9c9dac70366,branch_trial,24,3.0,0.8,0.1,0.1,0.019343707367602003,0.2132290981685934,FAILED,NO_SCF_CONVERGENCE,False,0.9999457428243189,0.018451072205449892
generalization_branch_trial_d9e48b94042c,branch_trial,20,3.0,0.8,0.1,0.1,0.0014677992676220735,0.010845651130428824,SUCCESS,SUCCESS,True,0.9999999678713484,5.383392946491249e-05
generalization_branch_trial_da04da797ce3,branch_trial,24,1.0,0.8,0.05,0.05,0.00035938136638046403,0.0011931881562359623,SUCCESS,SUCCESS,True,0.9999999814067682,0.00023008349446759752
generalization_branch_trial_da04eaa0dd82,branch_trial,20,2.0,1.0,0.1,0.1,1.6681005372000556e-11,1.2325688448027565e-10,SUCCESS,SUCCESS,True,0.9999999999999997,4.808574571964487e-10
generalization_branch_trial_da5d818b0b56,branch_trial,20,1.5,0.8,0.1,0.1,0.00035938136638046403,0.002655489077095598,SUCCESS,SUCCESS,True,0.9999996806704117,0.00018521088317776199
generalization_branch_trial_da7bf897e8c2,branch_trial,20,2.0,1.0,0.1,0.1,8.799225435691092e-05,0.0006501797037145897,SUCCESS,SUCCESS,True,0.9999999996628964,1.280209322230833e-05
generalization_branch_trial_daba1e91e6f4,branch_trial,24,1.0,0.8,0.05,0.05,0.0007262917501736235,0.002411373530595393,SUCCESS,SUCCESS,True,0.9999999780501395,0.0004650082745746167
generalization_branch_trial_dacae9f871d7,branch_trial,20,2.0,0.4,0.1,0.1,0.02448436746822229,0.18091636476952713,SUCCESS,SUCCESS,True,0.9999812156017602,0.00559909557300818
generalization_branch_trial_daf48bbc01b7,branch_trial,40,1.0,0.8,0.05,0.05,1.6681005372000556e-11,1.2325688448027565e-10,SUCCESS,SUCCESS,True,0.9999999999999994,5.731295605841688e-07
generalization_branch_trial_dbedbd6f1116,branch_trial,24,3.0,0.8,0.05,0.05,0.0014677992676220735,0.004873265187612358,SUCCESS,SUCCESS,True,0.9999999805885788,1.8038255324333354e-05
generalization_branch_trial_dc3b3a71d882,branch_trial,20,3.0,0.8,0.1,0.1,1.2915496650148854e-06,9.543332929350077e-06,SUCCESS,SUCCESS,True,0.9999999999999228,1.39841754084948e-10
generalization_branch_trial_dc3c53c58050,branch_trial,24,3.0,0.8,0.1,0.1,0.1,1.1023176380641606,SUCCESS,SUCCESS,True,0.9879425626996281,0.16405400264177977
generalization_branch_trial_dd004811f40f,branch_trial,40,1.0,0.8,0.05,0.05,0.09631742644960502,0.7116948673407583,FAILED,NO_SCF_CONVERGENCE,False,0.9999999999999996,0.09723368318891268
generalization_branch_trial_dd57013116fd,branch_trial,40,1.0,0.8,0.05,0.05,0.0963174254800659,0.7116948601767794,FAILED,NO_SCF_CONVERGENCE,False,0.9999999999999996,0.097233713373155
generalization_branch_trial_dd9503686ddd,branch_trial,20,2.0,1.0,0.1,0.1,0.0007262917501736235,0.0053666104862234295,SUCCESS,SUCCESS,True,0.999999977592506,9.304221662657204e-05
generalization_branch_trial_dda2f9aeeb1e,branch_trial,24,1.0,0.8,0.1,0.1,2.1544346900318867e-05,0.0002374871358879441,SUCCESS,SUCCESS,True,0.9999999989858809,5.039538357622272e-05
generalization_branch_trial_ddaf38275fbc,branch_trial,40,1.5,0.8,0.05,0.05,0.04948168092155145,0.36562291619873016,SUCCESS,SUCCESS,True,0.9998268528239502,0.0313185899340108
generalization_branch_trial_de0180fa32ed,branch_trial,40,1.0,0.8,0.05,0.05,0.0971841154636779,0.7180988810860698,FAILED,NO_SCF_CONVERGENCE,False,0.9999996719031777,0.09864943189853524
generalization_branch_trial_de07c39991c5,branch_trial,40,1.5,0.8,0.1,0.1,1.2915496650148854e-06,7.05162223857399e-05,SUCCESS,SUCCESS,True,0.9999999999885755,8.584638349595404e-07
generalization_branch_trial_dec44f13c7ad,branch_trial,20,2.0,1.0,0.1,0.1,2.1544346900318867e-05,0.00015919238786127877,SUCCESS,SUCCESS,True,0.999999999929803,3.173984427479413e-06
generalization_branch_trial_df55c1850589,branch_trial,24,3.0,0.8,0.05,0.05,1.2915496650148854e-06,4.288095899370641e-06,SUCCESS,SUCCESS,True,0.9999999999999489,3.958523619642849e-12
generalization_branch_trial_df9122f186d7,branch_trial,40,2.0,1.0,0.1,0.1,0.005994842503189421,0.32730731041420597,SUCCESS,SUCCESS,True,0.9946716380288475,0.03403213774077702
generalization_branch_trial_dfbfcee6f16d,branch_trial,40,1.0,0.8,0.05,0.05,0.09631919118877853,0.7117079070975114,FAILED,NO_SCF_CONVERGENCE,False,0.9999999999987957,0.09723657021744533
generalization_branch_trial_dfc608cbb5d4,branch_trial,24,2.0,0.6,0.1,0.1,0.0014677992676220735,0.016179810218374686,SUCCESS,SUCCESS,True,0.999999945945414,6.684890622603881e-05
generalization_branch_trial_dfc8907c05f9,branch_trial,40,1.0,0.8,0.05,0.05,0.09634566486968073,0.7119035226108429,FAILED,NO_SCF_CONVERGENCE,False,0.999999999691587,0.09727977287074704
generalization_branch_trial_e021d3927740,branch_trial,20,1.5,0.8,0.1,0.1,0.02448436746822229,0.18091636476952713,SUCCESS,SUCCESS,True,0.9996088190735468,0.008561185251129795
generalization_branch_trial_e0619c60409f,branch_trial,24,3.0,0.8,0.1,0.1,0.017997340499193312,0.1983878587050723,FAILED,NO_SCF_CONVERGENCE,False,0.9999350559722696,0.01623990741916669
generalization_branch_trial_e071331367f3,branch_trial,40,1.0,0.8,0.05,0.05,0.1,0.7389056098930651,FAILED,NO_SCF_CONVERGENCE,False,0.9990327407855437,0.1040107343539124
generalization_branch_trial_e0a6b7d6d753,branch_trial,24,3.0,0.8,0.1,0.1,0.02448436746822229,0.26989550117065764,FAILED,NO_SCF_CONVERGENCE,False,0.9995461237836284,0.027593212331168168
generalization_branch_trial_e0b11578635e,branch_trial,48,1.5,0.8,0.05,0.05,1e-12,1.1023176380641605e-11,SUCCESS,SUCCESS,True,0.9999999999999994,5.26386116778697e-14
generalization_branch_trial_e1211c98f4ea,branch_trial,40,1.0,0.8,0.05,0.05,0.09631742650324626,0.7116948677371164,FAILED,NO_SCF_CONVERGENCE,False,0.9999999999999993,0.09723371400199997
generalization_branch_trial_e1447e239a6e,branch_trial,24,3.0,0.8,0.1,0.1,0.01870330701114345,0.206169852085125,FAILED,NO_SCF_CONVERGENCE,False,0.999939872791995,0.01738812825551469
generalization_branch_trial_e170ace36826,branch_trial,20,2.0,0.6,0.1,0.1,0.0029663488391777374,0.021918517981682116,SUCCESS,SUCCESS,True,0.9999998265499438,8.42419558557761e-05
generalization_branch_trial_e1e682dfe148,branch_trial,20,2.0,1.2,0.1,0.1,0.0014677992676220735,0.010845651130428824,SUCCESS,SUCCESS,True,0.9999999343924597,0.00010427405718380158
generalization_branch_trial_e1ff61c2019c,branch_trial,48,1.5,0.8,0.05,0.05,0.04948168092155145,0.5454452964088903,SUCCESS,SUCCESS,True,0.9981808664496777,0.06663527050767468
generalization_branch_trial_e230fb7e782b,branch_trial,20,1.5,0.8,0.1,0.1,1.6681005372000556e-11,1.2325688448027565e-10,SUCCESS,SUCCESS,True,0.9999999999999997,2.5470384289638312e-12
generalization_branch_trial_e27a5f06ac77,branch_trial,40,1.0,0.8,0.05,0.05,0.09631742989594885,0.7116948928059862,FAILED,NO_SCF_CONVERGENCE,False,0.9999999999999994,0.0972337098108407
generalization_branch_trial_e2881bbbb8ed,branch_trial,20,1.0,0.8,0.1,0.1,0.0007262917501736235,0.0053666104862234295,SUCCESS,SUCCESS,True,0.9999999494355851,0.0007166070519080876
generalization_branch_trial_e295e7ef8053,branch_trial,24,1.0,0.8,0.1,0.1,0.005994842503189421,0.06608220628682401,SUCCESS,SUCCESS,True,0.9999212151997867,0.014156233097640226
generalization_branch_trial_e2f06d5abe3c,branch_trial,24,2.0,0.6,0.1,0.1,0.00035938136638046403,0.003961524189527838,SUCCESS,SUCCESS,True,0.9999999900788402,4.861053695221312e-06
generalization_branch_trial_e33d26bf048b,branch_trial,40,2.0,1.0,0.1,0.1,0.0014677992676220735,0.0801391246321692,SUCCESS,SUCCESS,True,0.999971181201057,0.0034602639778351972
generalization_branch_trial_e389c35b6a23,branch_trial,24,1.5,0.8,0.05,0.05,0.1,0.33201169227365485,SUCCESS,SUCCESS,True,0.9996535536087252,0.026670828034096664
generalization_branch_trial_e39a2facb4d2,branch_trial,40,1.0,0.8,0.05,0.05,0.09631742693411154,0.7116948709208042,FAILED,NO_SCF_CONVERGENCE,False,0.9999999999999996,0.09723370312907297
generalization_branch_trial_e3a1c073d01c,branch_trial,20,1.0,0.8,0.1,0.1,0.005994842503189421,0.04429622756032048,SUCCESS,SUCCESS,True,0.9999879943950035,0.0058975886033068815
generalization_branch_trial_e3c2df82a164,branch_trial,40,1.0,0.8,0.1,0.1,0.007147705767941868,0.39025151191086055,SUCCESS,SUCCESS,True,0.9999964341786133,0.04286733636968393
generalization_branch_trial_e3c774699581,branch_trial,40,1.0,0.8,0.05,0.05,0.1,0.7389056098930651,FAILED,NO_SCF_CONVERGENCE,False,0.999992313252858,0.10328203409942885
generalization_branch_trial_e4e7e8f673d9,branch_trial,40,1.0,0.8,0.05,0.05,0.07808688975887433,0.5769884090193357,FAILED,NO_SCF_CONVERGENCE,False,0.9999993796703185,0.080713081033829
generalization_branch_trial_e5723d80567d,branch_trial,24,3.0,0.8,0.05,0.05,0.008522275225393883,0.028294950196048663,SUCCESS,SUCCESS,True,0.9999999180682494,0.0006100707210423871
generalization_branch_trial_e57e3ba63214,branch_trial,20,2.0,1.0,0.1,0.1,0.012115276586285901,0.08952045835012755,SUCCESS,SUCCESS,True,0.9999895776550494,0.0030714674115094845
generalization_branch_trial_e5871fe1dc44,branch_trial,20,2.5,0.8,0.1,0.1,0.0029663488391777374,0.021918517981682116,SUCCESS,SUCCESS,True,0.9999998207686305,0.0001709685396237185
generalization_branch_trial_e596086fb814,branch_trial,40,1.0,0.8,0.05,0.05,0.09631744023545438,0.7116949692051726,FAILED,NO_SCF_CONVERGENCE,False,0.9999999999999992,0.09723369527250991
generalization_branch_trial_e6349620300d,branch_trial,20,2.0,0.4,0.1,0.1,7.742636826811277e-08,5.721077786695493e-07,SUCCESS,SUCCESS,True,0.9999999999999996,4.908609598970673e-10
generalization_branch_trial_e70c9d094571,branch_trial,40,1.0,0.8,0.05,0.05,0.07680980572767754,0.5675519634697741,SUCCESS,SUCCESS,True,0.9999841656025544,0.07872428418327243
generalization_branch_trial_e73f2f69427a,branch_trial,80,1.5,0.8,0.025,0.025,2.1544346900318867e-05,0.00015919238786127877,SUCCESS,SUCCESS,True,0.9999999999481162,3.7786246803323924e-07
generalization_branch_trial_e743cb2b7c9b,branch_trial,24,1.0,0.8,0.1,0.1,8.799225435691092e-05,0.0009699541399065088,SUCCESS,SUCCESS,True,0.9999999951143945,0.00020585260320218476
generalization_branch_trial_e7b5c65a032c,branch_trial,20,2.0,0.6,0.1,0.1,0.1,0.7389056098930651,SUCCESS,SUCCESS,True,0.9972857681443721,0.08472798348282863
generalization_branch_trial_e853eeafe34f,branch_trial,40,1.0,0.8,0.05,0.05,0.09677022779208959,0.7150406418620479,FAILED,NO_SCF_CONVERGENCE,False,0.9999999206870919,0.09797270742575434
generalization_branch_trial_e8587d36b344,branch_trial,40,1.0,0.8,0.05,0.05,0.09631747890089376,0.7116952549062733,FAILED,NO_SCF_CONVERGENCE,False,0.9999999999999987,0.09723375107861176
generalization_branch_trial_e8589eab37f2,branch_trial,40,1.0,0.8,0.05,0.05,0.09631742721010086,0.7116948729601048,FAILED,NO_SCF_CONVERGENCE,False,0.9999999999999996,0.09723370357518238
generalization_branch_trial_e8754909da74,branch_trial,40,1.0,0.8,0.05,0.05,0.1,0.7389056098930651,FAILED,NO_SCF_CONVERGENCE,False,0.9999923124730046,0.10328203409932216
generalization_branch_trial_e8c9df4839aa,branch_trial,20,1.0,0.8,0.1,0.1,4.354004653656653e-05,0.00032171984640874126,SUCCESS,SUCCESS,True,0.9999999998185086,4.335930302743779e-05
generalization_branch_trial_e8fceebd471d,branch_trial,20,2.0,0.4,0.1,0.1,2.782559402207126e-10,2.056048752151539e-09,SUCCESS,SUCCESS,True,0.9999999999999996,4.755417788365741e-13
generalization_branch_trial_e9aec14c72d5,branch_trial,40,2.0,1.2,0.05,0.05,0.005994842503189421,0.04429622756032048,SUCCESS,SUCCESS,True,0.9999960752851346,0.0010613598759927425
generalization_branch_trial_ea03278475c8,branch_trial,40,1.0,0.8,0.05,0.05,0.09614503138748477,0.7104210305555732,SUCCESS,SUCCESS,True,0.9999999755110084,0.09695270913372189
generalization_branch_trial_ea23ca044f6a,branch_trial,40,1.0,0.8,0.05,0.05,0.09677022579777539,0.7150406271259484,FAILED,NO_SCF_CONVERGENCE,False,0.9999999206869961,0.09797271026201765
generalization_branch_trial_ea65f8458ce9,branch_trial,40,2.0,1.0,0.05,0.05,0.00035938136638046403,0.002655489077095598,SUCCESS,SUCCESS,True,0.9999999849869479,6.330911605293027e-06
generalization_branch_trial_ea7077c71c5f,branch_trial,40,1.0,0.8,0.05,0.05,0.09631669213096225,0.7116894414191124,SUCCESS,SUCCESS,True,0.9999999999951708,0.09723252334544348
generalization_branch_trial_ea82e06d3aee,branch_trial,48,1.5,0.8,0.05,0.05,0.1,1.1023176380641606,SUCCESS,SUCCESS,True,0.979085164089763,0.14849874856618275
generalization_branch_trial_eae4d1edb6a6,branch_trial,40,1.0,0.8,0.05,0.05,0.0967702273127091,0.7150406383198785,FAILED,NO_SCF_CONVERGENCE,False,0.9999999206870689,0.09797269513845926
generalization_branch_trial_eb1c6048c601,branch_trial,24,1.0,0.8,0.1,0.1,0.005994842503189421,0.06608220628682401,SUCCESS,SUCCESS,True,0.999977217683101,0.014156233107684565
generalization_branch_trial_eb6476015d5f,branch_trial,40,1.0,0.8,0.05,0.05,0.1,0.7389056098930651,FAILED,NO_SCF_CONVERGENCE,False,0.9999829760599089,0.10328203408220972
generalization_branch_trial_eb66203c95de,branch_trial,40,1.0,0.8,0.05,0.05,0.09631742666485361,0.7116948689312422,FAILED,NO_SCF_CONVERGENCE,False,0.9999999999999994,0.09723371858602507
generalization_branch_trial_eb900b1203e3,branch_trial,40,1.0,0.8,0.05,0.05,0.09653955113506955,0.713336159102613,FAILED,NO_SCF_CONVERGENCE,False,0.9999999801747211,0.09759603919837607
generalization_branch_trial_eb939961e7d2,branch_trial,24,1.5,0.8,0.1,0.1,0.0029663488391777374,0.032698586460767676,SUCCESS,SUCCESS,True,0.9999991825469433,0.001776647428491107
generalization_branch_trial_ebc92a07ba66,branch_trial,20,2.0,0.6,0.1,0.1,0.1,0.7389056098930651,SUCCESS,SUCCESS,True,0.9938363584481298,0.08472798343989263
generalization_branch_trial_ebcd69960278,branch_trial,96,1.5,0.8,0.025,0.025,0.04948168092155145,0.5454452964088903,SUCCESS,SUCCESS,True,0.9954570284563495,0.08588485812957102
generalization_branch_trial_ec1e952fa069,branch_trial,40,1.0,0.8,0.05,0.05,0.09634566165615413,0.7119034988659145,FAILED,NO_SCF_CONVERGENCE,False,0.999999999691586,0.09727973257582773
generalization_branch_trial_ec7a493dc430,branch_trial,40,1.0,0.8,0.05,0.05,0.09677022736009698,0.7150406386700303,FAILED,NO_SCF_CONVERGENCE,False,0.999999920687071,0.09797270050371734
generalization_branch_trial_ec80b9041cd8,branch_trial,24,1.0,0.8,0.1,0.1,0.024484367468222294,0.2698955011706577,SUCCESS,SUCCESS,True,0.9991515711477251,0.058067533254319834
generalization_branch_trial_ec9e8f14b25d,branch_trial,40,1.5,0.8,0.05,0.05,1.2915496650148854e-06,9.543332929350077e-06,SUCCESS,SUCCESS,True,0.9999999999996924,2.483754265402148e-07
generalization_branch_trial_eca7fdfe3386,branch_trial,40,1.0,0.8,0.05,0.05,0.09631742822654961,0.7116948804707016,FAILED,NO_SCF_CONVERGENCE,False,0.9999999999999993,0.0972337195935287
generalization_branch_trial_ed241958d195,branch_trial,40,1.0,0.8,0.1,0.1,1e-12,5.459815003314424e-11,SUCCESS,SUCCESS,True,0.9999999999999997,3.553751133592151e-06
generalization_branch_trial_ed370d960b6c,branch_trial,20,2.0,0.4,0.1,0.1,0.00035938136638046403,0.002655489077095598,SUCCESS,SUCCESS,True,0.9999999953581667,3.4794397770487377e-06
generalization_branch_trial_ed5f09ad0b90,branch_trial,40,1.0,0.8,0.05,0.05,0.09631742699490492,0.7116948713700099,FAILED,NO_SCF_CONVERGENCE,False,0.9999999999999996,0.09723365120291022
generalization_branch_trial_ed757a4d01ab,branch_trial,40,1.0,0.8,0.05,0.05,0.09643042769960763,0.7125298399162769,FAILED,NO_SCF_CONVERGENCE,False,0.9999999950609076,0.09741797415874218
generalization_branch_trial_ed8176037d00,branch_trial,24,3.0,0.8,0.05,0.05,0.1,0.33201169227365485,FAILED,NO_SCF_CONVERGENCE,False,0.9979060303730168,0.06393221839412509
generalization_branch_trial_edb05d93b322,branch_trial,40,2.0,1.0,0.05,0.05,0.005994842503189421,0.04429622756032048,SUCCESS,SUCCESS,True,0.9999896353444285,0.0023840710223053205
generalization_branch_trial_edb9d27ad8e8,branch_trial,40,1.5,0.8,0.05,0.05,1e-12,7.38905609893065e-12,SUCCESS,SUCCESS,True,0.9999999999999993,5.3988116275229206e-14
generalization_branch_trial_edce0a83142b,branch_trial,24,1.0,0.8,0.1,0.1,0.07034321639046047,0.7754056814536853,SUCCESS,SUCCESS,True,0.9999298734584776,0.14164725976949782
generalization_branch_trial_edd5859e6b31,branch_trial,40,2.0,0.6,0.05,0.05,7.742636826811277e-08,5.721077786695493e-07,SUCCESS,SUCCESS,True,0.9999999999999996,3.3357655139629318e-12
generalization_branch_trial_ee453fa0799f,branch_trial,40,1.0,0.8,0.05,0.05,0.09631740910911686,0.7116947392109185,SUCCESS,SUCCESS,True,0.9999999999999992,0.09723366736891424
generalization_branch_trial_ee937f484c1d,branch_trial,24,2.0,1.0,0.1,0.1,0.00017782794100389284,0.00196022875909224,SUCCESS,SUCCESS,True,0.9999999986690472,1.648804268090299e-05
generalization_branch_trial_ee9abf994d33,branch_trial,40,1.0,0.8,0.05,0.05,0.1,0.7389056098930651,FAILED,NO_SCF_CONVERGENCE,False,0.9999923132065841,0.10328203409938344
generalization_branch_trial_eea9afc6867e,branch_trial,24,3.0,0.8,0.1,0.1,0.02448436746822229,0.26989550117065764,SUCCESS,SUCCESS,True,0.9999580722041751,0.027592313421830297
generalization_branch_trial_eef52d0fce94,branch_trial,40,1.0,0.8,0.05,0.05,0.09632448159565114,0.7117469982106792,FAILED,NO_SCF_CONVERGENCE,False,0.9999999999807285,0.0972451956636452
generalization_branch_trial_ef615569e09c,branch_trial,40,1.0,0.8,0.05,0.05,0.1,0.7389056098930651,FAILED,NO_SCF_CONVERGENCE,False,0.9999921677421457,0.10328203409901802
generalization_branch_trial_ef97c42655a6,branch_trial,40,1.0,0.8,0.05,0.05,0.09633154177910175,0.7117991663022645,FAILED,NO_SCF_CONVERGENCE,False,0.9999999999229078,0.09725671543293336
generalization_branch_trial_efa91adde48d,branch_trial,40,2.0,1.0,0.1,0.1,1.6681005372000556e-11,9.107520340041714e-10,SUCCESS,SUCCESS,True,0.9999999999999996,7.837651504422438e-14
generalization_branch_trial_f0219347b0f4,branch_trial,24,3.0,0.8,0.05,0.05,0.012115276586285901,0.0402241348177617,SUCCESS,SUCCESS,True,0.9999998086580651,0.001230034352589962
generalization_branch_trial_f089683447fb,branch_trial,24,3.0,0.8,0.1,0.1,0.009003825786788665,0.09925075974834063,SUCCESS,SUCCESS,True,0.9999992130275965,0.004440472028385242
generalization_branch_trial_f09a7aead1a0,branch_trial,24,3.0,0.8,0.1,0.1,0.005994842503189421,0.06608220628682401,SUCCESS,SUCCESS,True,0.9999998648037008,0.002004397102921999
generalization_branch_trial_f116621c8fe4,branch_trial,20,1.5,0.8,0.1,0.1,0.04948168092155145,0.36562291619873016,SUCCESS,SUCCESS,True,0.9987892287853383,0.018429693504839053
generalization_branch_trial_f191a994d789,branch_trial,20,2.0,1.0,0.1,0.1,1.2915496650148854e-06,9.543332929350077e-06,SUCCESS,SUCCESS,True,0.9999999999997471,1.9058964927070264e-07
generalization_branch_trial_f1bcb4cdee84,branch_trial,24,3.0,0.8,0.1,0.1,0.015430075658682712,0.17008844555230423,FAILED,NO_SCF_CONVERGENCE,False,0.9999877177789789,0.012296140571582546
generalization_branch_trial_f2185584538f,branch_trial,20,3.0,0.8,0.1,0.1,0.1,0.7389056098930651,SUCCESS,SUCCESS,True,0.9942181606678138,0.12046108579602402
generalization_branch_trial_f272f4b06b83,branch_trial,24,1.0,0.8,0.05,0.05,0.07034321639046047,0.23354770313768672,SUCCESS,SUCCESS,True,0.9999170270695601,0.045096268738986665
generalization_branch_trial_f296f1988c94,branch_trial,20,2.0,0.6,0.1,0.1,1.2915496650148854e-06,9.543332929350077e-06,SUCCESS,SUCCESS,True,0.9999999999998881,4.189046536571861e-08
generalization_branch_trial_f2bd7c166b50,branch_trial,20,3.0,0.8,0.1,0.1,0.005994842503189421,0.04429622756032048,SUCCESS,SUCCESS,True,0.9999975099669529,0.0009016324971020418
generalization_branch_trial_f37130b34f33,branch_trial,40,1.0,0.8,0.1,0.1,1e-13,5.4598150033144234e-12,SUCCESS,SUCCESS,True,0.9999999999999997,3.927306839281692e-06
generalization_branch_trial_f395b15f7759,branch_trial,40,1.5,0.8,0.05,0.05,7.742636826811277e-08,5.721077786695493e-07,SUCCESS,SUCCESS,True,0.9999999999999993,1.45416679016234e-08
generalization_branch_trial_f3bda835874e,branch_trial,40,1.0,0.8,0.05,0.05,0.09631786765649926,0.7116981274432511,FAILED,NO_SCF_CONVERGENCE,False,0.9999999999999243,0.09723441310342627
generalization_branch_trial_f433b5f9170f,branch_trial,24,1.0,0.8,0.1,0.1,0.05403048785211251,0.5955875975259497,SUCCESS,SUCCESS,True,0.9999538866117899,0.11852406356531074
generalization_branch_trial_f4725074759d,branch_trial,40,1.0,0.8,0.05,0.05,0.09709461279836153,0.7174375408710433,FAILED,NO_SCF_CONVERGENCE,False,0.9999996511687127,0.09850299347897842
generalization_branch_trial_f4813779b2d2,branch_trial,20,3.0,0.8,0.1,0.1,1e-12,7.38905609893065e-12,SUCCESS,SUCCESS,True,0.9999999999999994,1.9493345761744338e-16
generalization_branch_trial_f496163328ab,branch_trial,40,1.0,0.8,0.05,0.05,0.09631764707964648,0.7116964975885117,FAILED,NO_SCF_CONVERGENCE,False,0.999999999999988,0.0972340702584336
generalization_branch_trial_f5c09bc16932,branch_trial,40,1.0,0.8,0.05,0.05,0.09631742710239771,0.7116948721642802,FAILED,NO_SCF_CONVERGENCE,False,0.9999999999999993,0.09723369037826991
generalization_branch_trial_f5f2ef7fd4f6,branch_trial,20,2.0,1.2,0.1,0.1,0.005994842503189421,0.04429622756032048,SUCCESS,SUCCESS,True,0.9999989990264682,0.00024777858492461285
generalization_branch_trial_f5f61960ee51,branch_trial,24,2.0,1.0,0.1,0.1,8.799225435691092e-05,0.0009699541399065088,SUCCESS,SUCCESS,True,0.9999999996727295,8.640105720414965e-06
generalization_branch_trial_f5faca1bb4cc,branch_trial,20,2.0,1.0,0.1,0.1,0.0007262917501736235,0.0053666104862234295,SUCCESS,SUCCESS,True,0.9999999775925059,9.30422166260183e-05
generalization_branch_trial_f6275b991a52,branch_trial,40,1.0,0.8,0.05,0.05,0.09631742871794509,0.7116948841016504,FAILED,NO_SCF_CONVERGENCE,False,0.9999999999999994,0.09723369528260292
generalization_branch_trial_f637117d4a9d,branch_trial,24,1.0,0.8,0.1,0.1,0.017223091590007112,0.18985317641659347,SUCCESS,SUCCESS,True,0.9999350656839195,0.04096961414988268
generalization_branch_trial_f67817fde1be,branch_trial,20,2.0,1.0,0.1,0.1,0.1,0.7389056098930651,SUCCESS,SUCCESS,True,0.992881338697707,0.1186581571433348
generalization_branch_trial_f73c22e0ce32,branch_trial,20,3.0,0.8,0.1,0.1,0.04948168092155145,0.36562291619873016,SUCCESS,SUCCESS,True,0.9989136525519797,0.04655754390534794
generalization_branch_trial_f74712c0069c,branch_trial,40,1.0,0.8,0.05,0.05,0.09631918849068238,0.7117078871611275,FAILED,NO_SCF_CONVERGENCE,False,0.9999999999987951,0.09723655726988044
generalization_branch_trial_f74afe3e8e67,branch_trial,20,2.0,1.0,0.1,0.1,0.012115276586285901,0.08952045835012755,SUCCESS,SUCCESS,True,0.9999895776550495,0.003071467411509691
generalization_branch_trial_f77db556dcda,branch_trial,80,1.5,0.8,0.025,0.025,1.2915496650148854e-06,9.543332929350077e-06,SUCCESS,SUCCESS,True,0.9999999999998149,2.2139010586566723e-08
generalization_branch_trial_f792ce741de1,branch_trial,20,1.0,0.8,0.1,0.1,1e-13,7.389056098930651e-13,SUCCESS,SUCCESS,True,0.9999999999999994,9.401381600931744e-17
generalization_branch_trial_f79c3ab01ca0,branch_trial,40,1.0,0.8,0.05,0.05,0.09631764530259515,0.7116964844577798,FAILED,NO_SCF_CONVERGENCE,False,0.9999999999999853,0.09723404980333421
generalization_branch_trial_f7af4314a488,branch_trial,40,1.0,0.8,0.05,0.05,0.09654355808024122,0.7133657666452718,FAILED,NO_SCF_CONVERGENCE,False,0.9999999802196723,0.09760256741089272
generalization_branch_trial_f7c61f87a599,branch_trial,40,1.0,0.8,0.05,0.05,0.09654356152139155,0.7133657920721247,FAILED,NO_SCF_CONVERGENCE,False,0.999999980219711,0.09760259524506557
generalization_branch_trial_f87bf320824c,branch_trial,40,1.0,0.8,0.05,0.05,0.08204696109024992,0.6062495982426369,FAILED,NO_SCF_CONVERGENCE,False,0.9997141571490887,0.08695360542937626
generalization_branch_trial_f8cd3ec59183,branch_trial,20,2.0,1.0,0.1,0.1,0.02448436746822229,0.18091636476952713,SUCCESS,SUCCESS,True,0.999819948947155,0.01404100090991588
generalization_branch_trial_f8dcfb4f4cd7,branch_trial,40,1.0,0.8,0.05,0.05,0.1,0.7389056098930651,FAILED,NO_SCF_CONVERGENCE,False,0.9999923018917138,0.10328203409933481
generalization_branch_trial_f8debbebcb2b,branch_trial,24,3.0,0.8,0.05,0.05,0.1,0.33201169227365485,FAILED,NO_SCF_CONVERGENCE,False,0.9992336111228838,0.0639307160614001
generalization_branch_trial_f8f7de8b40fa,branch_trial,40,1.5,0.8,0.1,0.1,0.00035938136638046403,0.019621557760756952,SUCCESS,SUCCESS,True,0.999999284584095,0.00018413666109301936
generalization_branch_trial_f9207ddc8065,branch_trial,40,1.0,0.8,0.1,0.1,0.1,5.459815003314424,FAILED,COMPLEX_DENSITY: unprojected density imaginary part 1.161301e-02 exceeds tolerance 1.000000e-10,False,0.0,0.21522760172468228
generalization_branch_trial_f93991c33f3f,branch_trial,48,1.5,0.8,0.05,0.05,4.641588833612792e-09,5.116505239933034e-08,SUCCESS,SUCCESS,True,0.9999999999999992,3.5357330287718886e-10
generalization_branch_trial_f9c47fead4e7,branch_trial,20,1.5,0.8,0.1,0.1,0.1,0.7389056098930651,SUCCESS,SUCCESS,True,0.9979062769402675,0.06711383042513946
generalization_branch_trial_fa1544c8b664,branch_trial,40,1.0,0.8,0.05,0.05,0.09631764714022596,0.711696498036137,FAILED,NO_SCF_CONVERGENCE,False,0.9999999999999821,0.09723407481735147
generalization_branch_trial_fa90bc3df9b4,branch_trial,24,1.0,0.8,0.05,0.05,0.0014677992676220735,0.004873265187612358,SUCCESS,SUCCESS,True,0.9999999102217734,0.0009398432907131164
generalization_branch_trial_fb1ec68105ee,branch_trial,20,1.0,0.8,0.1,0.1,0.1,0.7389056098930651,SUCCESS,SUCCESS,True,0.9988931411743097,0.1390187331202185
generalization_branch_trial_fb3621285b72,branch_trial,40,1.0,0.8,0.05,0.05,0.09631918752180849,0.711707880002064,FAILED,NO_SCF_CONVERGENCE,False,0.9999999999987949,0.09723656785553998
generalization_branch_trial_fb7cab74897b,branch_trial,40,1.0,0.8,0.05,0.05,0.09677022731275532,0.7150406383202201,FAILED,NO_SCF_CONVERGENCE,False,0.9999999206870687,0.09797270932407232
generalization_branch_trial_fb91fff8eeba,branch_trial,24,3.0,0.8,0.05,0.05,0.1,0.33201169227365485,FAILED,NO_SCF_CONVERGENCE,False,0.9990952395601199,0.06393094437713862
generalization_branch_trial_fbb5762fefa8,branch_trial,40,1.0,0.8,0.05,0.05,0.09632093840764644,0.7117208173957434,FAILED,NO_SCF_CONVERGENCE,False,0.9999999999951819,0.09723942395550922
generalization_branch_trial_fbe5918764bd,branch_trial,24,3.0,0.8,0.05,0.05,0.0338714255909521,0.11245709330173187,SUCCESS,SUCCESS,True,0.9999968510805388,0.009288815673644391
generalization_branch_trial_fc1d04e88dc8,branch_trial,40,1.0,0.8,0.05,0.05,0.096291864801879,0.7115059908917296,SUCCESS,SUCCESS,True,0.9999999996826299,0.09719200731178985
generalization_branch_trial_fc4c42ab1e2b,branch_trial,40,1.0,0.8,0.05,0.05,0.096543559800792,0.7133657793585181,FAILED,NO_SCF_CONVERGENCE,False,0.9999999802196918,0.09760256883090526
generalization_branch_trial_fca96e933af7,branch_trial,20,2.0,0.4,0.1,0.1,1e-12,7.38905609893065e-12,SUCCESS,SUCCESS,True,0.9999999999999999,1.7040813396393401e-15
generalization_branch_trial_fcaf37b7036e,branch_trial,20,1.0,0.8,0.1,0.1,4.641588833612792e-09,3.4296960279735006e-08,SUCCESS,SUCCESS,True,0.9999999999999997,5.375370529178368e-07
generalization_branch_trial_fced16cdda52,branch_trial,20,1.0,0.8,0.1,0.1,0.1,0.7389056098930651,SUCCESS,SUCCESS,True,0.9963090526389748,0.13901880155166388
generalization_branch_trial_fd7806eab26a,branch_trial,40,1.0,0.8,0.05,0.05,0.09631746425341187,0.7116951466752078,FAILED,NO_SCF_CONVERGENCE,False,0.9999999999999991,0.09723376369207243
generalization_branch_trial_fd82a0e09a71,branch_trial,40,1.0,0.8,0.05,0.05,0.09685558631708535,0.7156713607917635,FAILED,NO_SCF_CONVERGENCE,False,0.9999964148996912,0.09811217570964154
generalization_branch_trial_fd8980ab8fd6,branch_trial,24,3.0,0.8,0.1,0.1,0.012115276586285901,0.133548830710887,FAILED,NO_SCF_CONVERGENCE,False,0.999995130087772,0.007838166874858827
generalization_branch_trial_fdec37e3f60e,branch_trial,20,2.0,1.0,0.1,0.1,1.6681005372000556e-11,1.2325688448027565e-10,SUCCESS,SUCCESS,True,0.9999999999999997,4.5064491669954275e-13
generalization_branch_trial_fe53fd297a8c,branch_trial,96,1.5,0.8,0.025,0.025,4.641588833612792e-09,5.116505239933034e-08,SUCCESS,SUCCESS,True,0.9999999999999996,3.483483477420544e-12
generalization_branch_trial_fec6abdbdde1,branch_trial,40,1.0,0.8,0.1,0.1,4.354004653656653e-05,0.0023772059932535413,SUCCESS,SUCCESS,True,0.9999999986600029,0.0001855207019727166
generalization_branch_trial_fefaa4128d69,branch_trial,20,2.0,1.2,0.1,0.1,7.742636826811277e-08,5.721077786695493e-07,SUCCESS,SUCCESS,True,0.9999999999999993,6.76599055037041e-09
generalization_branch_trial_ff0afc486223,branch_trial,24,3.0,0.8,0.1,0.1,0.0081556453726475,0.08990111744065692,SUCCESS,SUCCESS,True,0.9999990934694747,0.0036643950103312033
generalization_branch_trial_ff83b812c2a3,branch_trial,40,2.0,1.2,0.05,0.05,7.742636826811277e-08,5.721077786695493e-07,SUCCESS,SUCCESS,True,0.9999999999999994,3.517644763338739e-11
generalization_branch_trial_ff8ef4b51853,branch_trial,40,1.0,0.8,0.05,0.05,0.07938520732408787,0.5865817503429256,FAILED,NO_SCF_CONVERGENCE,False,0.9999974743884282,0.08275530444165698
generalization_branch_trial_fff9e92dbf4a,branch_trial,24,3.0,0.8,0.05,0.05,0.0007262917501736235,0.002411373530595393,SUCCESS,SUCCESS,True,0.9999999952939546,4.382201957865217e-06
generalization_hermitian_seed_failed_2047de6e10a5,hermitian_seed_failed,48,4.0,0.8,0.0,0.05,0.0,0.0,FAILED,NO_SCF_CONVERGENCE,True,,0.0
generalization_hermitian_seed_failed_2438ac2f3ffa,hermitian_seed_failed,24,4.0,0.8,0.0,0.05,0.0,0.0,FAILED,NO_SCF_CONVERGENCE,True,,0.0
generalization_hermitian_seed_failed_5159a2ec6ada,hermitian_seed_failed,20,1.5,0.8,0.0,0.1,0.0,0.0,FAILED,NO_SCF_CONVERGENCE,True,,0.0
generalization_hermitian_seed_failed_5302303c17e9,hermitian_seed_failed,48,1.0,0.8,0.0,0.05,0.0,0.0,FAILED,NO_SCF_CONVERGENCE,True,,0.0
generalization_hermitian_seed_failed_56a9b41eca49,hermitian_seed_failed,40,3.0,0.8,0.0,0.1,0.0,0.0,FAILED,NO_SCF_CONVERGENCE,True,,0.0
generalization_hermitian_seed_failed_6f338f81cb4b,hermitian_seed_failed,20,4.0,0.8,0.0,0.1,0.0,0.0,FAILED,NO_SCF_CONVERGENCE,True,,0.0
generalization_hermitian_seed_failed_6ff2137c9785,hermitian_seed_failed,96,4.0,0.8,0.0,0.025,0.0,0.0,FAILED,NO_SCF_CONVERGENCE,True,,0.0
generalization_hermitian_seed_failed_8c88b2d806bd,hermitian_seed_failed,40,4.0,0.8,0.0,0.05,0.0,0.0,FAILED,NO_SCF_CONVERGENCE,True,,0.0
generalization_hermitian_seed_failed_a973eb81fdfc,hermitian_seed_failed,96,3.0,0.8,0.0,0.025,0.0,0.0,FAILED,NO_SCF_CONVERGENCE,True,,0.0
generalization_hermitian_seed_failed_aedec8d5b5dc,hermitian_seed_failed,80,4.0,0.8,0.0,0.025,0.0,0.0,FAILED,NO_SCF_CONVERGENCE,True,,0.0
generalization_hermitian_seed_failed_c034b8bcfd40,hermitian_seed_failed,48,3.0,0.8,0.0,0.05,0.0,0.0,FAILED,NO_SCF_CONVERGENCE,True,,0.0
generalization_hermitian_seed_failed_c0a07f4a942a,hermitian_seed_failed,40,3.0,0.8,0.0,0.05,0.0,0.0,FAILED,NO_SCF_CONVERGENCE,True,,0.0
generalization_hermitian_seed_failed_cb1c7dc2b645,hermitian_seed_failed,96,1.0,0.8,0.0,0.025,0.0,0.0,FAILED,NO_SCF_CONVERGENCE,True,,0.0
generalization_hermitian_seed_failed_d133f1c9d1ab,hermitian_seed_failed,24,4.0,0.8,0.0,0.1,0.0,0.0,FAILED,NO_SCF_CONVERGENCE,True,,0.0
generalization_hermitian_seed_failed_d83e34528580,hermitian_seed_failed,40,4.0,0.8,0.0,0.1,0.0,0.0,FAILED,NO_SCF_CONVERGENCE,True,,0.0
generalization_hermitian_seed_failed_fd19afbfeaf2,hermitian_seed_failed,80,3.0,0.8,0.0,0.025,0.0,0.0,FAILED,NO_SCF_CONVERGENCE,True,,0.0
generalization_obc_seed_0a04e5114ae8,obc_seed,24,2.0,0.6,0.1,0.1,0.0,0.0,SUCCESS,SUCCESS,True,,3.462128559300576e-17
generalization_obc_seed_139e87b4a191,obc_seed,24,1.5,0.8,0.1,0.1,0.0,0.0,SUCCESS,SUCCESS,True,,5.365823554021003e-17
generalization_obc_seed_14ab4c41714b,obc_seed,80,1.5,0.8,0.025,0.025,0.0,0.0,SUCCESS,SUCCESS,True,,4.8062013560154903e-17
generalization_obc_seed_1f028b4de22d,obc_seed,96,1.5,0.8,0.025,0.025,0.0,0.0,SUCCESS,SUCCESS,True,,1.191057454274811e-16
generalization_obc_seed_212fddc42d2e,obc_seed,40,1.5,0.8,0.05,0.05,0.0,0.0,SUCCESS,SUCCESS,True,,6.281885626451505e-17
generalization_obc_seed_21a9c753d560,obc_seed,48,2.0,1.0,0.05,0.05,0.0,0.0,SUCCESS,SUCCESS,True,,9.411305842230102e-17
generalization_obc_seed_23ead2b9c930,obc_seed,40,2.0,1.0,0.1,0.1,0.0,0.0,SUCCESS,SUCCESS,True,,6.196501894427101e-17
generalization_obc_seed_35518f0931a9,obc_seed,20,3.0,0.8,0.1,0.1,0.0,0.0,SUCCESS,SUCCESS,True,,3.9636411490497745e-17
generalization_obc_seed_4c0ef3327ef2,obc_seed,20,2.0,0.6,0.1,0.1,0.0,0.0,FAILED,NO_SCF_CONVERGENCE,True,,8.128810877167884e-17
generalization_obc_seed_5ed9db61c186,obc_seed,20,3.0,0.8,0.1,0.1,0.0,0.0,FAILED,NO_SCF_CONVERGENCE,True,,1.0244995622870128e-08
generalization_obc_seed_6a6b0150f805,obc_seed,20,2.5,0.8,0.1,0.1,0.0,0.0,SUCCESS,SUCCESS,True,,2.6978752493554738e-17
generalization_obc_seed_79f3f8b5d60c,obc_seed,40,1.5,0.8,0.1,0.1,0.0,0.0,SUCCESS,SUCCESS,True,,7.013182754263962e-17
generalization_obc_seed_80638ca25c02,obc_seed,24,2.0,1.0,0.05,0.05,0.0,0.0,SUCCESS,SUCCESS,True,,6.057246347359011e-17
generalization_obc_seed_8d464ea429fa,obc_seed,20,2.0,1.0,0.1,0.1,0.0,0.0,SUCCESS,SUCCESS,True,,4.5892643045231516e-17
generalization_obc_seed_8de28aa1f098,obc_seed,40,1.0,0.8,0.05,0.05,0.0,0.0,SUCCESS,SUCCESS,True,,7.921770961540582e-17
generalization_obc_seed_91f26df9d119,obc_seed,40,2.0,1.2,0.05,0.05,0.0,0.0,SUCCESS,SUCCESS,True,,9.211784984407567e-17
generalization_obc_seed_9208b7464563,obc_seed,40,2.0,0.6,0.05,0.05,0.0,0.0,FAILED,NO_SCF_CONVERGENCE,True,,3.5957270646318986e-07
generalization_obc_seed_9c416552f042,obc_seed,20,2.0,1.2,0.1,0.1,0.0,0.0,SUCCESS,SUCCESS,True,,1.1678335166745544e-16
generalization_obc_seed_a16fc266c268,obc_seed,24,1.5,0.8,0.05,0.05,0.0,0.0,SUCCESS,SUCCESS,True,,3.18218434926007e-17
generalization_obc_seed_a67a976d7ed0,obc_seed,20,2.0,0.6,0.1,0.1,0.0,0.0,SUCCESS,SUCCESS,True,,9.476244749635018e-17
generalization_obc_seed_b22c2b74579b,obc_seed,40,2.0,1.0,0.05,0.05,0.0,0.0,SUCCESS,SUCCESS,True,,7.945094284792851e-17
generalization_obc_seed_b2ba4139ce03,obc_seed,24,3.0,0.8,0.1,0.1,0.0,0.0,SUCCESS,SUCCESS,True,,8.156931107201617e-17
generalization_obc_seed_b43c47ac83fd,obc_seed,20,1.5,0.8,0.1,0.1,0.0,0.0,SUCCESS,SUCCESS,True,,6.997368001465301e-17
generalization_obc_seed_b6218817b2d3,obc_seed,24,2.0,1.0,0.1,0.1,0.0,0.0,SUCCESS,SUCCESS,True,,3.825377197101031e-17
generalization_obc_seed_b634c3c5376d,obc_seed,24,3.0,0.8,0.05,0.05,0.0,0.0,SUCCESS,SUCCESS,True,,4.7190480266471306e-17
generalization_obc_seed_b66305a53750,obc_seed,24,1.0,0.8,0.05,0.05,0.0,0.0,SUCCESS,SUCCESS,True,,4.565466978783109e-17
generalization_obc_seed_b6a442541a71,obc_seed,24,1.0,0.8,0.1,0.1,0.0,0.0,SUCCESS,SUCCESS,True,,5.0631563548328816e-18
generalization_obc_seed_bab63f86c53b,obc_seed,20,1.0,0.8,0.1,0.1,0.0,0.0,SUCCESS,SUCCESS,True,,3.445287402012232e-17
generalization_obc_seed_c2650e3a255f,obc_seed,40,3.0,0.8,0.05,0.05,0.0,0.0,FAILED,NO_SCF_CONVERGENCE,True,,0.0056393819364062
generalization_obc_seed_ce8a46ac105b,obc_seed,40,1.0,0.8,0.1,0.1,0.0,0.0,SUCCESS,SUCCESS,True,,1.6638580929776943e-16
generalization_obc_seed_cf091c4bfb86,obc_seed,40,2.0,0.6,0.05,0.05,0.0,0.0,SUCCESS,SUCCESS,True,,1.221115472821934e-16
generalization_obc_seed_e247435e6064,obc_seed,48,1.5,0.8,0.05,0.05,0.0,0.0,SUCCESS,SUCCESS,True,,6.69238739098005e-17
generalization_obc_seed_f13cc0a81076,obc_seed,20,2.0,0.4,0.1,0.1,0.0,0.0,SUCCESS,SUCCESS,True,,1.3279748596635189e-17
